ccn_str,ltcfocus_total_beds,ltcfocus_residents,ltcfocus_occupancy_pct,ltcfocus_rn_hprd,ltcfocus_directcare_hprd,baseline_medicaid_share,ltcfocus_medicare_share,baseline_support_years,sample_role,valid_pseudocohorts,analysis_state,facility_name_treatment,treat_year,treated_ever
075240,120.0,1.0,90.62416666666667,0.758113132402178,3.5320066406864314,59.192499999999995,23.934166666666666,12.0,treated,,CT,COMPLETE CARE AT GLENDALE,2021.0,1
085013,106.0,4.5,92.45583333333333,0.6519300202127398,3.554428352127965,75.12083333333334,14.279166666666667,12.0,treated,,DE,COMPLETE CARE AT HILLSIDE LLC,2021.0,1
085027,120.0,0.5,93.33416666666666,0.7170303193804121,3.562572466750623,66.40916666666666,19.919999999999998,12.0,treated,,DE,COMPLETE CARE AT SILVER LAKE LLC,2021.0,1
085042,104.0,4.0,87.82166666666667,0.813659240337941,3.9569646469012216,56.70666666666667,15.916666666666666,12.0,treated,,DE,COMPLETE CARE AT BRACKENVILLE LLC,2021.0,1
155495,60.0,6.5,81.665,0.3738888888888889,2.8901339285714287,64.24833333333333,13.63,6.0,treated,,IN,PADDOCK SPRINGS,2015.0,1
155680,68.0,2.5,78.92,0.5051742424242424,4.299801201671891,43.93833333333333,32.516666666666666,6.0,treated,,IN,HOMEWOOD HEALTH CAMPUS,2015.0,1
155712,73.66666666666667,2.5,75.25,0.6878919918844731,3.618256355173648,41.63333333333333,29.62833333333333,6.0,treated,,IN,COVERED BRIDGE HEALTH CAMPUS,2015.0,1
155727,68.0,2.0,70.09833333333333,0.34347742127153896,4.4030555555555555,45.61166666666667,36.178333333333335,6.0,treated,,IN,STONEBRIDGE HEALTH CAMPUS,2015.0,1
155735,68.0,4.5,78.43166666666666,0.3349016354016354,3.9221002886002885,39.47,26.753333333333334,6.0,treated,,IN,ASHFORD PLACE HEALTH CAMPUS,2015.0,1
155736,68.0,1.5,75.98,0.3598394691209817,4.4155624249699885,33.83833333333333,40.75,6.0,treated,,IN,MILL POND HEALTH CAMPUS,2015.0,1
155762,69.83333333333333,1.0,83.765,0.40487103174603173,4.021174603174603,33.96333333333333,40.94,6.0,treated,,IN,FOREST PARK HEALTH CAMPUS,2015.0,1
155772,60.0,,77.5,0.6788066860465115,4.849552083333333,4.19,67.46,6.0,treated,,IN,COBBLESTONE CROSSINGS HEALTH CAMPUS,2015.0,1
155775,60.5,1.5,92.45833333333333,0.6406126126126126,3.233184684684685,32.395,14.38,6.0,treated,,IN,CUMBERLAND POINTE HEALTH CAMPUS,2015.0,1
155777,69.0,,62.910000000000004,2.364,7.5572,5.81,39.13,5.0,treated,,IN,CREASY SPRINGS HEALTH CAMPUS,2015.0,1
155779,69.0,,69.728,1.965266666666667,7.6168,8.341999999999999,24.218,5.0,treated,,IN,PRAIRIE LAKES HEALTH CAMPUS,2015.0,1
155791,55.0,,79.39666666666666,0.5593333333333333,3.699333333333333,26.44666666666667,31.766666666666666,3.0,treated,,IN,BLAIR RIDGE HEALTH CAMPUS,2015.0,1
155795,61.0,,94.25999999999999,0.4525,4.0440000000000005,22.565,53.085,2.0,treated,,IN,AVALON SPRINGS HEALTH CAMPUS,2015.0,1
155797,64.0,,67.97,0.8780000000000001,5.1129999999999995,46.8,25.0,2.0,treated,,IN,ASPEN PLACE HEALTH CAMPUS,2015.0,1
185132,101.66666666666667,4.0,92.32333333333334,0.38884628237259816,3.779089390142022,34.985,40.78,6.0,treated,,KY,Franciscan Health Care Center,2015.0,1
185145,53.0,1.5,94.96833333333335,0.29707210401891254,3.4067433597552497,33.199999999999996,29.146666666666665,6.0,treated,,KY,Cedar Ridge Health Campus,2015.0,1
185210,34.0,4.5,97.06,0.07033333333333333,4.870300059417706,67.10833333333333,4.088333333333334,6.0,treated,,KY,The Willows at Harrodsburg,2015.0,1
215096,118.0,3.0,89.3690909090909,1.2087488531390476,4.300153232211212,61.703333333333326,23.373636363636365,11.0,treated,,MD,COMPLETE CARE AT MULTI MEDICAL CENTER LLC,2021.0,1
215143,138.5,2.0,92.91416666666667,0.5540939480921232,3.4071705688999074,59.44916666666666,26.829166666666666,12.0,treated,,MD,COMPLETE CARE AT SEVERNA PARK LLC,2021.0,1
235451,77.0,4.0,95.23666666666668,0.4107453560371517,3.202056501547988,51.593333333333334,28.258333333333336,6.0,treated,,MI,The Oaks at Battle Creek,2015.0,1
255145,145.0,5.5,91.929,0.2465051202074605,3.2537144861393004,74.809,9.642999999999999,10.0,treated,,MS,COURTYARD HEALTH AND REHABILITATION,2019.0,1
255171,120.0,1.0,90.5,0.2755015887025596,3.275063283318623,74.33,11.449000000000002,10.0,treated,,MS,MIDDLETON OAKS HEALTH AND REHABILITATION,2019.0,1
255172,119.0,4.5,89.664,0.32747479456053713,3.2818099011522777,73.59700000000001,10.862,10.0,treated,,MS,STARKVILLE MANOR HEALTH CARE AND REHABILITATION CE,2019.0,1
255173,96.0,0.5,83.79777777777777,0.21911031004629705,3.3730861268971553,73.57666666666667,15.878888888888888,10.0,treated,,MS,GRAND TRACE HEALTH AND REHABILITATION,2019.0,1
255260,60.0,3.5,95.18444444444444,0.36933026940408203,3.0207889048961594,77.70444444444445,12.076666666666666,10.0,treated,,MS,HILLTOP MANOR HEALTH AND REHABILITATION CENTER,2019.0,1
255261,82.0,5.0,92.436,0.35487671867864906,3.211806122618591,70.48400000000001,14.887,10.0,treated,,MS,THE OAKS REHABILITATION AND HEALTHCARE CENTER,2019.0,1
315015,183.0,3.5,83.07083333333334,0.6984884999220338,3.307219216736053,73.98166666666667,13.729999999999999,12.0,treated,,NJ,"COMPLETE CARE AT MADISON, LLC",2021.0,1
315050,219.0,5.0,82.98916666666666,0.38273485536997875,3.1351267293653677,82.92416666666666,10.0475,12.0,treated,,NJ,"COMPLETE CARE AT BURLINGTON WOODS, LLC",2021.0,1
315094,114.0,1.5,91.6675,0.6897592206273152,3.2551796495067395,65.49333333333333,17.620833333333334,12.0,treated,,NJ,COMPLETE CARE AT MERCERVILLE LLC,2021.0,1
315207,240.0,1.0,86.4225,0.3216416254174827,2.727259426200058,78.73583333333333,9.480833333333335,12.0,treated,,NJ,"COMPLETE CARE AT KRESSON VIEW, LLC",2021.0,1
315216,190.0,4.5,91.00999999999999,0.6387477097442229,3.585146641828397,75.13916666666667,12.758333333333333,12.0,treated,,NJ,COMPLETE CARE AT CEDAR GROVE,2021.0,1
315219,190.0,1.0,90.78916666666667,0.591223500577607,3.0737562760238784,74.75416666666666,11.738333333333335,12.0,treated,,NJ,"COMPLETE CARE AT VOORHEES, LLC",2021.0,1
315228,120.0,5.5,82.29166666666667,0.3897158216975157,3.3856555830785737,55.66833333333333,20.400833333333335,12.0,treated,,NJ,"COMPLETE CARE AT COURT HOUSE, LLC",2021.0,1
315316,120.0,2.0,95.83333333333333,0.6144114349419764,3.176650579003592,59.555,18.080000000000002,12.0,treated,,NJ,COMPLETE CARE AT BRAKELEY PARK LLC,2021.0,1
315349,62.0,2.5,90.1875,0.881102697935999,3.502061947833519,58.145833333333336,24.971666666666664,12.0,treated,,NJ,"COMPLETE CARE AT INGLEMOOR, LLC",2021.0,1
315362,95.33333333333333,3.5,82.14666666666666,0.7596428665031251,3.3517595501429693,70.3775,13.5025,12.0,treated,,NJ,COMPLETE CARE AT PARK PLACE LLC,2021.0,1
345089,90.0,0.5,92.111,0.24644704987960092,3.280234185758514,73.072,9.453999999999999,10.0,treated,,NC,Walnut Cove Health and Rehabilitation,2019.0,1
345258,107.0,1.0,87.103,0.3551497619429608,3.246125800982399,58.239,23.273,10.0,treated,,NC,Kannapolis Health and Rehabilitation,2019.0,1
345329,112.6,3.0,81.607,0.29721459015731494,3.2017814715678057,69.369,13.544999999999998,10.0,treated,,NC,Hibriten Mountain Nursing and Rehabilitation,2019.0,1
345426,76.0,0.5,83.814,0.3227853116223457,3.0073205859362213,70.762,14.564000000000002,10.0,treated,,NC,Valley View Care and Rehabilitation,2019.0,1
345436,80.0,2.5,95.0,0.2356910740869645,3.2934929475559613,65.312,10.387,10.0,treated,,NC,Wellington Rehabilitation and Healthcare,2019.0,1
345442,60.0,2.0,91.333,0.24046393187911058,3.4159247193273456,71.543,16.582,10.0,treated,,NC,Forrest Oakes Healthcare,2019.0,1
345447,100.0,4.5,94.1,0.3801752860641954,3.1597764517986398,62.629,14.317000000000002,10.0,treated,,NC,Emerald Ridge Health and Rehabilitation,2019.0,1
345450,68.0,4.0,91.03099999999999,0.205560386591632,3.348989136285784,70.50699999999999,12.709999999999999,10.0,treated,,NC,Westwood Health and Rehabilitation,2019.0,1
345464,60.0,1.5,92.499,0.2044142300194932,3.559307797270955,54.883,28.948,10.0,treated,,NC,Oak Grove Healthcare,2019.0,1
345466,76.0,6.0,92.36800000000001,0.2832223602484472,3.2031759834368527,72.83099999999999,10.344,10.0,treated,,NC,Willowbrook Rehabilitation and Care,2019.0,1
345473,70.0,3.5,93.856,0.416012431012972,3.4222377656647547,59.274,17.511000000000003,10.0,treated,,NC,Wilora Lake Healthcare,2019.0,1
345477,100.0,7.0,92.6,0.38181182795698926,3.1253655913978493,60.352999999999994,13.529,10.0,treated,,NC,Biltmore Haven Nursing and Rehabilitation,2019.0,1
366365,53.333333333333336,5.0,89.22166666666668,0.6104710144927536,4.181311594202898,18.290000000000003,38.155,6.0,treated,,OH,WILLOWS AT BELLEVUE,2015.0,1
395172,159.0,5.0,94.96900000000001,0.24789270727217882,3.087079269572271,68.978,8.765,10.0,treated,,PA,"MANOR AT PENN VILLAGE, THE",2019.0,1
395265,120.0,3.5,93.751,0.3180270114942529,3.1695129310344825,63.4,19.782999999999998,10.0,treated,,PA,"PAVILION AT ST LUKE VILLAGE, THE",2019.0,1
395350,104.0,5.0,89.23100000000001,0.3174258620689655,3.269907471264368,64.001,10.82,10.0,treated,,PA,LOCUST GROVE RETIREMENT VILLAGE,2019.0,1
395422,133.0,1.5,93.758,0.37542785722045174,3.077825849520579,70.224,10.324000000000002,10.0,treated,,PA,PENNKNOLL VILLAGE,2019.0,1
395636,104.0,2.0,92.885,0.3219472896440129,3.2338062095469255,71.269,15.780000000000001,10.0,treated,,PA,"MANOR AT ST LUKE VILLAGE,THE",2019.0,1
395791,120.0,1.5,92.15249999999999,0.8276428894000621,3.1824923528071243,80.79333333333334,8.159166666666666,12.0,treated,,PA,COMPLETE CARE AT HARSTON HALL LLC,2021.0,1
495273,222.0,4.5,93.54444444444444,0.13862393246101973,3.003697237431715,73.18444444444444,17.782222222222224,10.0,treated,,VA,Ghent Health and Rehabilitation,2019.0,1
495362,190.0,7.0,92.632,0.1002814915421657,3.007546919372762,70.401,7.898000000000001,10.0,treated,,VA,ASHLAND NURSING AND REHABILITATION,2019.0,1
515163,66.0,2.5,94.06333333333333,0.35698241522425,3.0561566083272638,78.5975,14.641666666666666,12.0,treated,,WV,COMPLETE CARE AT DAWNVIEW LLC,2021.0,1
075001,274.0,1.0,92.81284188034189,0.3385760272278159,3.9102313788052787,79.68372427983539,8.560662393162394,,control,3.0,CT,ST JOSEPH'S CENTER,,0
075011,109.57653457653458,1.0,86.29719502719503,0.4437100721831527,3.342635041414323,71.39872427983539,13.052075887075887,,control,3.0,CT,AUTUMN LAKE HEALTHCARE AT WINDSOR,,0
075028,60.0,2.5,80.40444638694639,0.6583500524097116,3.227687426145083,69.07197530864198,6.96168932918933,,control,3.0,CT,CHESTERFIELDS HEALTH CARE CENTER,,0
075034,229.0,4.5,81.63732905982907,0.6500450947904565,5.364378500589989,42.80308641975309,19.433012820512825,,control,3.0,CT,CAROLTON CHRONIC & CONVALESCENT HOSPITAL INC,,0
075044,169.52777777777777,4.0,68.96561965811966,0.4108500920064781,3.4289367461342835,62.474279835390945,17.750021367521366,,control,3.0,CT,APPLE REHAB FARMINGTON VALLEY,,0
075047,200.2008547008547,1.0,61.58715811965813,0.3353141949948676,3.5882203771906456,70.88199588477366,9.443910256410257,,control,3.0,CT,"HEWITT HEALTH & REHABILITATION CENTER, INC",,0
075056,98.0,2.0,90.2281339031339,0.32336256624697485,3.194950969580002,65.999231824417,13.998383190883192,,control,3.0,CT,BLAIR MANOR,,0
075059,120.0,0.5,91.73569088319088,0.3214273363263892,3.2533444334274346,70.1190672153635,9.168675213675215,,control,3.0,CT,BIRMINGHAM HEALTH CENTER,,0
075061,156.75641025641028,1.0,89.19183760683761,0.48725460048340263,3.987221417886655,76.52234567901235,13.17267094017094,,control,3.0,CT,STAMFORD CARE CENTER,,0
075063,199.0,2.0,87.69051282051284,0.39304774455088487,3.3603121447814885,61.7440329218107,10.466239316239317,,control,3.0,CT,AVERY NURSING HOME/NOBLE BUILDING,,0
075064,120.0,2.0,94.72348290598292,0.538252907031933,3.7283291807868815,58.060493827160485,15.994123931623932,,control,3.0,CT,MILFORD HEALTH AND REHABILITATION CENTER,,0
075069,75.0,2.0,93.80288461538463,0.5037439682235236,3.112952570476444,69.9898353909465,19.270534188034187,,control,3.0,CT,REGALCARE AT GREENWICH,,0
075070,120.0,3.0,80.36089937839938,0.38266688740876215,3.3926949091360807,65.75164609053498,14.580674695674698,,control,3.0,CT,APPLE REHAB SAYBROOK,,0
075078,103.00000000000001,2.0,96.34000000000002,0.7213151341798167,4.633379588891618,42.10139917695473,24.704914529914532,,control,3.0,CT,WESTVIEW HEALTH CARE CENTER,,0
075082,170.0,1.5,85.97234071484071,0.6647363412259719,4.394729110556892,67.3054732510288,10.236532634032635,,control,3.0,CT,HUGHES HEALTH AND REHABILITATION,,0
075085,256.0,1.0,92.76324786324787,0.5008191070202663,3.6203255826953367,58.30551440329218,18.24527777777778,,control,3.0,CT,SAINT MARY HOME,,0
075089,91.12147112147113,3.5,72.31408637658637,0.5280394407564062,3.2550194251603575,56.15843621399176,18.15170551670552,,control,3.0,CT,APPLE REHAB MIDDLETOWN,,0
075096,60.0,0.5,89.02777777777777,0.5747865837055735,3.402210253398528,89.38695473251029,6.790470085470086,,control,3.0,CT,"GROVE MANOR NURSING HOME, INC",,0
075102,94.0,3.5,77.5234188034188,0.7330315358778818,3.566246054865309,77.76683127572016,8.574380341880342,,control,3.0,CT,MERIDIAN MANOR,,0
075104,135.0,5.0,80.86663995726497,0.37801851085074767,3.6591076657260873,86.6641049382716,5.450779914529915,,control,3.0,CT,ASTORIA PARK,,0
075106,150.0,2.0,93.87369658119658,0.26636987577932525,3.4212763582111276,78.51629629629629,10.517927350427351,,control,3.0,CT,MIDDLESEX HEALTH CARE CENTER,,0
075111,87.0,3.5,70.9733695933696,0.42074076964088,3.2702362477146147,75.5127160493827,6.948275058275058,,control,3.0,CT,WOLCOTT HALL NURSING CENTER INC,,0
075113,90.0,2.0,88.9134188034188,0.7421422354642446,4.298757821843303,53.577469135802474,17.01173076923077,,control,3.0,CT,GREENTREE MANOR NURSING AND REHABILITATION CENTER,,0
075117,202.00000000000003,1.0,89.25925213675214,0.8488457439683538,3.9058433689620986,58.95860082304527,13.327564102564104,,control,3.0,CT,"NATHANIEL WITHERELL, THE",,0
075135,378.60470085470087,1.5,96.25036324786325,0.49596293789800044,4.217431753375831,59.898106995884774,28.379059829059827,,control,3.0,CT,MASONICARE HEALTH CENTER,,0
075138,120.0,2.0,88.49476495726495,0.4023816795983003,3.502394249977536,80.2417695473251,6.884423076923078,,control,3.0,CT,BLOOMFIELD CENTER FOR NURSING & REHABILITATION,,0
075144,90.0,0.0,86.13790598290599,0.5671553147211317,3.4789741547384603,65.54008230452675,11.682777777777778,,control,3.0,CT,Apple Rehab Guilford,,0
075159,150.0,0.5,88.09061965811966,0.4385202469451506,3.283286575508682,82.98818930041153,10.319102564102565,,control,3.0,CT,NORWALK CARE CENTER,,0
075163,120.0,2.5,90.99938034188035,0.7523018122657539,4.478158898768289,52.77588477366254,20.10491452991453,,control,3.0,CT,MASONICARE AT BISHOP WICKE HEALTH & REHABILITATION,,0
075181,110.0,6.5,92.0492845117845,0.38818990966419886,3.2848569169571693,60.275843621399176,20.978565786065786,,control,3.0,CT,APPLE REHAB WATERTOWN,,0
075182,180.0,3.5,71.31549145299145,0.36659404001531215,3.404383564160115,79.57584362139917,6.720000000000001,,control,3.0,CT,GRANDVIEW REHABILITATION AND HEALTHCARE CENTER,,0
075185,90.0,2.5,92.34399572649572,0.5534610775690165,3.294877497976626,76.01506172839507,11.19698717948718,,control,3.0,CT,CASSENA CARE AT NEW BRITAIN,,0
075198,120.0,1.5,76.08848290598291,0.373697641040036,3.8817434159503854,71.5835390946502,13.009358974358973,,control,3.0,CT,VILLAGE GREEN REHABILITATION AND HEALTHCARE CENTER,,0
075200,120.0,4.5,87.62944444444445,0.2800065881772791,3.955281317244583,79.31687242798353,13.187264957264958,,control,3.0,CT,Southport Center For Nursing & Rehabilitation Llc,,0
075201,98.0,9.5,92.0709188034188,0.4013367827767041,3.029491420362876,81.25345679012345,11.281346153846155,,control,3.0,CT,WEST HAVEN CENTER FOR NURSING & REHABILITATION,,0
075202,120.0,6.0,81.7354700854701,0.558489955758063,3.920446355057485,62.068148148148154,13.652649572649572,,control,3.0,CT,GEER NURSING AND REHABILITATION,,0
075204,126.0,7.5,86.88080484330484,0.32145100615646593,3.2125061973998754,70.50017832647463,17.123888888888892,,control,3.0,CT,TORRINGTON HEALTH & REHABILITATION CENTER,,0
075205,117.45920745920746,2.5,68.1573174048174,0.3692948668140976,3.3661076494730344,79.24873363262252,8.630881895881895,,control,3.0,CT,WESTFIELD CARE & REHAB CENTER,,0
075206,150.0,2.5,78.26561253561252,0.39366453202219626,3.5006648463455035,83.38068587105624,7.894650997150998,,control,3.0,CT,GREENSPRINGS HEALTHCARE AND REHABILITATION,,0
075207,120.0,7.0,95.02725783475785,0.5329958274068094,3.3049959886509734,77.22338820301783,12.767635327635329,,control,3.0,CT,REGALCARE AT PROSPECT,,0
075208,95.0,3.0,83.0675,0.3730014830505952,3.458505604193409,66.04158436213991,13.984337606837606,,control,3.0,CT,VILLAGE CREST CENTER FOR HEALTH & REHABILITATION,,0
075210,177.30769230769232,11.5,76.84004273504274,0.4577263851707701,4.321583139223922,79.84475308641976,12.142222222222223,,control,3.0,CT,WATERBURY GARDENS NURSING AND REHAB,,0
075211,120.0,3.5,76.36115384615385,0.3800675680522133,3.7332201092832054,54.232757201646095,15.823418803418804,,control,3.0,CT,APPLE REHAB ROCKY HILL,,0
075213,120.0,1.5,82.84596153846155,0.3521481045146635,3.4598132140512714,72.29788065843621,13.838269230769232,,control,3.0,CT,CIVITA CARE CENTER AT MILFORD,,0
075214,64.36965811965813,4.5,90.13252136752138,1.5016296261219146,5.609545634544102,53.163251028806584,15.361324786324786,,control,3.0,CT,"Portland Care & Rehab Centre, INC",,0
075216,144.83333333333334,3.5,81.1238888888889,0.7514751948483082,4.315507514156298,48.7675720164609,18.293696581196585,,control,3.0,CT,MCLEAN HEALTH CENTER,,0
075221,132.0,1.5,95.69239316239316,0.4413635996751171,3.537530214778756,67.68792181069959,12.232029914529916,,control,3.0,CT,"PINES AT BRISTOL FOR NURSING & REHABILITATION, THE",,0
075222,120.0,1.0,88.98,0.3896297709317091,3.3441797264237474,71.93975308641976,10.77232905982906,,control,3.0,CT,CIVITA CARE CENTER AT CHESHIRE,,0
075230,60.0,0.5,85.35910450660451,0.5975189495294364,3.197303908421928,69.12567901234569,7.52982905982906,,control,3.0,CT,LEDGECREST HEALTH CARE CENTER,,0
075231,60.0,0.5,90.46978632478633,0.8709590812130714,3.2716256836265782,61.93648148148148,15.088653846153846,,control,3.0,CT,APPLE REHAB COLCHESTER,,0
075232,60.0,0.5,87.60113053613054,0.4454318033568876,3.424992998988791,70.35135802469136,9.99245855995856,,control,3.0,CT,COBALT LODGE HEALTH CARE AND REHABILITATION CENTER,,0
075234,180.0,3.5,69.27673076923078,0.44500951135687083,3.5589946799813887,78.64666666666668,8.78224358974359,,control,3.0,CT,QUINNIPIAC VALLEY CENTER,,0
075235,71.9888888888889,0.5,91.20132692307693,0.43689793600534604,3.4430429819899944,41.67551440329218,33.748601495726504,,control,3.0,CT,"GUILFORD HOUSE, THE",,0
075236,105.89957264957266,7.5,79.17079059829061,0.4816164013258228,3.3656152440458724,45.81045267489712,12.82818376068376,,control,3.0,CT,NOBLE HORIZONS,,0
075237,180.0,1.0,60.491004273504274,0.5316145184043892,3.624752893507304,65.50390946502057,17.139017094017095,,control,3.0,CT,COMPLETE CARE AT KIMBERLY HALL-SOUTH,,0
075238,120.0,1.5,94.53715811965813,0.43084684308548354,3.359828456345594,64.66123456790123,12.735235042735043,,control,3.0,CT,MAPLE VIEW HEALTH & REHABILITATION CENTER,,0
075239,105.0,3.0,91.48190170940171,0.5441326369104147,3.3617634464301136,74.83319615912208,12.096759259259262,,control,3.0,CT,ELLIS MANOR,,0
075241,120.0,1.5,95.68923076923078,0.5129893325767951,3.5170497119191806,50.42053497942388,22.921452991452995,,control,3.0,CT,RIVER GLEN HEALTH CARE CENTER,,0
075243,72.0,1.0,94.2992094017094,0.7733529095574295,4.199323434574263,71.05292181069959,10.287692307692307,,control,3.0,CT,"PIERCE MEMORIAL BAPTIST HOME, INC.",,0
075244,120.0,1.0,93.82995726495727,0.60085202991444,3.7557255736137902,64.05288065843621,12.352542735042736,,control,3.0,CT,AVON HEALTH CENTER,,0
075246,150.0,1.5,88.7633547008547,0.4782222919650291,3.6550172800170544,61.88728395061729,14.66923076923077,,control,3.0,CT,WHITNEY REHABILITATION CARE CENTER,,0
075250,150.0,0.5,89.60008547008547,0.2035244012595886,3.2018088055419662,88.4262962962963,5.435876068376068,,control,3.0,CT,PARKVILLE CARE CENTER,,0
075251,119.42307692307693,2.0,79.1184188034188,0.30774205973476104,3.35285918150024,73.2095061728395,12.116794871794873,,control,3.0,CT,TOUCHPOINTS AT FARMINGTON,,0
075252,181.24358974358975,5.5,86.01636752136753,0.1549020251866511,2.8628941324909514,92.00559670781894,5.868119658119658,,control,3.0,CT,WESTSIDE CARE CENTER,,0
075253,130.0,2.0,89.47470085470086,0.42733600856475207,3.513250689290346,64.75615226337449,19.84145299145299,,control,3.0,CT,COMPLETE CARE AT HARRINGTON COURT,,0
075257,345.0,3.5,92.9406623931624,0.5427924035755384,3.6925601651949784,79.31786008230452,7.633867521367522,,control,3.0,CT,"Riverside Health Care Center, Inc.",,0
075258,90.0,1.0,92.21782051282052,0.480882813510495,3.8560786966832845,52.928909465020574,16.7841452991453,,control,3.0,CT,DOUGLAS MANOR,,0
075261,130.0,2.5,93.36222222222221,0.34547235389995007,3.6007856561245353,70.49831275720165,11.751068376068377,,control,3.0,CT,REGENCY HOUSE NURSING AND REHABILITATION CENTER,,0
075263,172.92735042735043,4.0,86.86235042735044,0.2751615548489963,3.4591324204454805,80.78584362139917,7.736388888888889,,control,3.0,CT,AUTUMN LAKE HEALTHCARE AT CROMWELL,,0
075264,150.0,1.5,94.48940170940172,0.28593055064214445,3.0551643544814118,89.71427983539094,7.481175213675215,,control,3.0,CT,TOUCHPOINTS AT BLOOMFIELD,,0
075265,90.0,2.0,93.64824786324786,1.058228606355712,4.5961175963570895,52.81716049382716,24.24132478632479,,control,3.0,CT,"ELIM PARK BAPTIST HOME, INC",,0
075267,66.0,2.0,84.20469373219373,0.5658449023773883,3.154956143065152,80.70427983539095,11.380676638176638,,control,3.0,CT,HARBOR VILLAGE SOUTH HEALTH AND REHABILITATION CEN,,0
075268,144.0,0.5,89.83767094017095,0.3108780350005639,3.0406813551662566,94.79744855967076,3.7111324786324786,,control,3.0,CT,TRINITY HILL CARE CENTER,,0
075271,100.0,0.5,86.26923076923077,0.7577221841509835,4.107335378782686,57.318518518518516,14.513418803418805,,control,3.0,CT,"MYSTIC HEALTHCARE & REHABILITATION CENTER, LLC",,0
075272,25.0,2.0,99.7948717948718,1.0063931623931626,5.300739316239317,95.67078189300412,2.128205128205128,,control,3.0,CT,ST JOSEPH'S RESIDENCE,,0
075274,180.0,1.5,80.51914529914531,0.3367112739467768,3.3391188188973024,78.5787242798354,11.049508547008548,,control,3.0,CT,CIVITA CARE CENTER AT DANBURY,,0
075275,120.87179487179489,2.5,90.2007905982906,0.6613057466801198,4.028510576172626,58.76818930041152,22.924636752136756,,control,3.0,CT,GRIMES CENTER,,0
075278,160.0,3.5,89.07081196581196,0.4047304844272513,3.682016525144242,64.51973251028807,8.787371794871795,,control,3.0,CT,WEST HARTFORD HEALTH & REHABILITATION CENTER,,0
075280,120.0,2.5,81.20070512820513,0.3567275025180309,3.8608456646838856,81.1188683127572,9.494059829059829,,control,3.0,CT,WESTPORT REHABILITATION COMPLEX,,0
075282,129.0,1.5,90.14064102564102,0.44681644537384396,3.6473620288623287,62.37808641975308,19.97899572649573,,control,3.0,CT,WOLCOTT VIEW MANOR,,0
075286,180.0,0.5,86.51628205128205,0.38638882913459793,3.4274824526463963,74.839670781893,12.277991452991454,,control,3.0,CT,CIVITA CARE CENTER AT NEWINGTON,,0
075288,120.0,1.5,93.85696581196581,0.6199882684121849,4.358719496875789,61.77592592592592,10.98758547008547,,control,3.0,CT,FAIRVIEW,,0
075290,59.0,1.5,85.72211538461539,0.9224366810776092,4.398362118202618,10.140987654320988,10.145128205128206,,control,3.0,CT,WHITNEY CENTER,,0
075291,120.0,6.0,89.50505341880343,0.401586483882391,3.4044889681360924,81.35170267489713,8.312029914529914,,control,3.0,CT,ALEXANDRIA MANOR,,0
075292,282.0,4.5,91.6848717948718,0.44691468627655273,3.864100847423633,72.92641975308642,11.625662393162393,,control,3.0,CT,AUTUMN LAKE HEALTHCARE AT NEW BRITAIN,,0
075293,104.0,6.0,91.39264957264957,1.1351030405677827,3.8439333014983497,60.120534979423866,16.770363247863248,,control,3.0,CT,JEFFERSON HOUSE,,0
075294,90.0,2.0,92.39460761460762,0.4156196489558096,3.6213627028712314,73.22452674897119,15.010469437969439,,control,3.0,CT,WHISPERING PINES REHABILITATION AND NURSING CENTER,,0
075299,233.6217948717949,4.5,92.0011111111111,0.22611268169331206,3.121865943567902,94.88736625514404,3.6180128205128206,,control,3.0,CT,CHELSEA PLACE CARE CENTER LLC,,0
075300,96.40941465941467,0.5,90.34079901579902,0.42881691111228654,3.8354916769428757,59.59967078189301,14.76048756798757,,control,3.0,CT,APPLE REHAB SHELTON LAKES,,0
075301,60.0,2.5,88.90394004144004,0.7416610928710459,4.719322841764219,0.0,20.736499611499614,,control,3.0,CT,CALEB HITCHCOCK HEALTH CENTER,,0
075306,60.0,1.5,87.1657905982906,0.4627313848607773,4.355218427369185,41.96139917695473,12.81596153846154,,control,3.0,CT,PILGRIM MANOR,,0
075307,76.0,0.0,90.79946581196583,0.5874518327843343,4.07593591848524,59.54765432098767,14.099935897435898,,control,3.0,CT,CHESTELM HEALTH AND REHABILITATION CENTER,,0
075309,217.0,1.0,84.06384615384616,0.5204966588591252,4.368575926244122,64.79465020576131,15.413867521367521,,control,3.0,CT,GREENWICH WOODS REHABILITATION,,0
075310,90.0,5.0,92.65767094017093,0.3870011640909352,3.598031085748493,69.30921810699589,17.0591452991453,,control,3.0,CT,"COLONIAL HEALTH & REHAB CENTER OF PLAINFIELD, LLC",,0
075312,102.0,3.5,94.68119658119659,0.4152735412237601,3.403271877709609,77.28393004115226,14.912350427350429,,control,3.0,CT,WADSWORTH GLEN HEALTH CARE AND REHABILITATION CENT,,0
075313,132.0,5.0,93.86202991452993,0.48538174120980077,3.208702127546464,63.21656378600822,12.517264957264958,,control,3.0,CT,GLADEVIEW HEALTH CARE CENTER,,0
075314,133.39529914529916,2.5,90.97955128205129,0.24702556526473035,2.936861031758207,83.32417695473251,11.672500000000001,,control,3.0,CT,TOUCHPOINTS AT MANCHESTER,,0
075317,148.0,1.5,90.72696581196581,0.43860270468334883,4.301248078879885,62.547325102880656,16.18985042735043,,control,3.0,CT,WILTON MEADOWS HEALTH CARE CENTER,,0
075318,37.0,7.0,90.61371794871795,1.199183573609617,4.521488106429741,0.0,14.194850427350428,,control,3.0,CT,POMPERAUG WOODS HEALTH CENTER,,0
075319,160.0,3.0,96.38455128205129,0.34192308878986377,3.324463383652988,68.92641975308642,16.449786324786327,,control,3.0,CT,HAVENCARE AT LITCHFIELD WOODS,,0
075321,120.0,3.5,91.11021367521369,0.931754326044716,4.150135320616819,60.49683127572017,13.712029914529916,,control,3.0,CT,"Saint Josephs Living Center, Inc.",,0
075323,160.0,0.5,94.47393162393163,0.5880695452788406,3.8483258494815296,66.35925925925926,10.146410256410256,,control,3.0,CT,CAMBRIDGE HEALTH AND REHABILITATION CENTER,,0
075324,127.00000000000001,3.0,95.81967948717949,0.3965495396636798,3.575376253689984,79.24115226337449,9.202863247863247,,control,3.0,CT,BAYVIEW HEALTH CARE,,0
075325,81.52777777777779,3.0,96.35429487179488,0.5321521037911477,3.9566211038772834,63.968148148148146,9.54596153846154,,control,3.0,CT,"MARY WADE HOME, THE INCORPORATED",,0
075327,60.0,1.5,82.54798951048951,0.6002469639244464,3.2669195993775304,61.7859670781893,13.638626003626005,,control,3.0,CT,APPLE REHAB MYSTIC,,0
075328,45.0,7.0,85.626993006993,0.5921331252114328,3.2441489643053236,63.1458024691358,5.500462962962963,,control,3.0,CT,WATROUS NURSING CENTER,,0
075329,128.0,2.5,92.62190170940171,0.4877340286154195,4.134353728694384,66.38576131687242,13.141388888888889,,control,3.0,CT,INGRAHAM MANOR REHAB AND NURSING,,0
075330,144.0,3.0,91.56608974358976,0.47147967836325355,3.9245318079958347,62.32477366255145,13.451410256410256,,control,3.0,CT,LUDLOWE CENTER FOR HEALTH & REHABILITATION,,0
075335,60.0,1.0,92.9484188034188,0.8909583073492582,4.542796449192427,42.47129629629629,31.558247863247868,,control,3.0,CT,BEECHWOOD HEALTH & REHABILITATION CENTER,,0
075336,130.0,3.0,94.90489316239317,0.6760727101123895,4.969443749877282,43.836008230452684,19.667115384615386,,control,3.0,CT,SOUTHINGTON CARE CENTER,,0
075337,159.0,1.5,95.3133547008547,0.20743271981429875,3.0134741138796173,88.4719341563786,2.700149572649573,,control,3.0,CT,SILVER SPRINGS CARE CENTER,,0
075339,190.0,1.5,93.9690811965812,0.46909363326849507,4.48124104774528,62.675267489711935,9.67292735042735,,control,3.0,CT,LORD CHAMBERLAIN NURSING & REHABILITATION CENTER,,0
075340,46.0,8.5,94.7799829059829,0.8212464862298196,3.576847815764483,80.97407407407408,7.064055555555556,,control,3.0,CT,TRINITY TERRACES,,0
075343,94.0,1.0,95.46683760683761,1.0575699348268788,4.979014341929404,49.57045267489711,12.118354700854702,,control,3.0,CT,JEROME HOME,,0
075345,100.0,1.5,89.03289303289304,0.2966871271546027,3.0976597860607598,68.44539094650206,11.89508547008547,,control,3.0,CT,APPLE REHAB COCCOMO,,0
075346,25.0,0.0,84.98005698005699,1.3197850297850298,4.290893615643616,0.0,49.43276353276354,,control,3.0,CT,"ROSE HAVEN, LTD",,0
075348,226.0,5.0,81.34034188034188,0.2220536269244927,3.7709236117752143,87.6879012345679,7.325641025641026,,control,3.0,CT,ADVANCED CENTER FOR NURSING & REHABILITATION,,0
075349,60.0,2.0,93.34108974358975,0.6964951662363408,3.6385244697071806,78.4809465020576,8.31861111111111,,control,3.0,CT,"COOK WILLOW HEALTH & REHABILITATION CENTER, INC.",,0
075350,146.0,4.0,93.91777972027973,0.22126892744366936,3.6294579485000833,78.96148148148148,10.325802900802902,,control,3.0,CT,SHERIDEN WOODS HEALTH CARE CENTER INC,,0
075351,205.0,2.5,96.08527777777779,0.2672621705096067,3.3882899131852673,80.279341563786,11.771923076923077,,control,3.0,CT,ABBOTT TERRACE HEALTH CENTER,,0
075352,60.0,2.0,97.63884615384616,0.7268729258491056,3.018760419136554,72.25604938271604,9.50948717948718,,control,3.0,CT,"Connecticut Baptist Homes, Inc",,0
075353,360.0,2.5,93.28989316239317,0.5896860920562514,4.197192891546614,68.97234567901235,8.56863247863248,,control,3.0,CT,MOZAIC SENIOR LIFE,,0
075356,60.0,1.0,97.17982905982906,0.5385378063089856,3.671775043144964,62.64798353909465,7.433333333333334,,control,3.0,CT,NOTRE DAME HEALTH AND REHABILITATION CENTER,,0
075358,48.0,2.0,92.98135780885782,0.6851370358184884,3.33057138178515,66.09942386831275,7.076462703962704,,control,3.0,CT,BICKFORD HEALTH CARE CENTER,,0
075359,162.33333333333334,4.5,80.61878205128205,0.2732634148058839,3.262260498914789,86.46831275720166,5.405042735042735,,control,3.0,CT,FRESH RIVER HEALTHCARE,,0
075361,76.0,3.0,93.44162393162394,0.7510478196476869,4.699315794901428,42.7082304526749,20.68679487179487,,control,3.0,CT,WAVENY CARE CENTER,,0
075362,50.0,0.0,83.72222222222223,0.8209313858787204,4.145360739870694,0.0,13.252435897435898,,control,3.0,CT,EVERGREEN WOODS,,0
075365,60.0,0.0,93.43416666666667,0.5150552466370357,3.3539314682210573,80.99736625514402,7.630299145299146,,control,3.0,CT,"CURTIS HOME ST ELIZABETH CENTER, THE",,0
075367,90.0,2.5,95.13440170940171,0.47272890502271564,3.6321857956301127,68.65794238683128,13.187564102564103,,control,3.0,CT,CIVITA CARE MEADOWBROOK,,0
075368,148.91841491841492,2.0,72.11113247863247,0.2427195573238657,3.2953326262014815,79.22736625514403,2.533302253302254,,control,3.0,CT,"GARDNER HEIGHTS HEALTH CARE CENTER, INC",,0
075369,240.0,2.5,85.35499145299147,0.37663928207368574,3.558855400036593,75.79743621399177,14.416713675213677,,control,3.0,CT,BRIDGEPORT MANOR,,0
075370,270.2564102564103,5.0,80.75807692307693,0.3309363362544133,4.075023712277013,81.65032921810699,14.587649572649575,,control,3.0,CT,BRIDGEPORT HEALTH CARE CENTER,,0
075371,120.0,1.5,94.70042735042735,0.4145956688496753,3.870432046277399,69.99820987654321,4.045448717948718,,control,3.0,CT,LUTHERAN HOME OF SOUTHBURY INC,,0
075373,66.44444444444444,6.0,96.86662393162393,0.6747716365792154,4.544487224191439,54.97827160493828,21.625170940170943,,control,3.0,CT,CHESHIRE HOUSE HEALTH CARE FACILITY & REHAB CENTER,,0
075374,60.0,0.5,90.09518712768713,0.7089693940219123,4.202887849492706,60.39716049382716,14.346842786842789,,control,3.0,CT,MONSIGNOR BOJNOWSKI MANOR,,0
075377,120.0,1.0,92.93106837606838,0.42895522193916913,3.6023023887884675,64.23600823045268,19.02294871794872,,control,3.0,CT,CIVITA CARE CENTER AT WEST RIVER,,0
075378,120.0,1.0,97.91579059829061,0.40704220866546376,4.789652310853895,59.77802469135803,1.4588034188034187,,control,3.0,CT,LIVEWELL CONNECTICUT,,0
075380,85.0,3.5,80.71955192955193,0.49078541315229585,3.2541073184232276,66.14971193415637,15.72315073815074,,control,3.0,CT,APPLE REHAB CROMWELL,,0
075381,150.0,1.0,87.47423076923077,0.3966927188469358,3.700165473482685,77.43851851851852,7.740341880341881,,control,3.0,CT,Water's Edge Center For Health & Rehab,,0
075383,83.74825174825176,0.0,70.92443667443668,0.6726974527722487,3.7210166557924302,22.169218106995885,12.926309246309245,,control,3.0,CT,SEABURY,,0
075384,120.0,2.0,82.54570512820513,0.5092277576254627,3.4114366178581177,69.04711934156379,9.263696581196582,,control,3.0,CT,MARLBOROUGH HEALTH & REHABILITATION CENTER,,0
075387,150.0,1.5,91.11014957264958,0.6590174381279188,3.588241050344663,67.2070781893004,21.884743589743593,,control,3.0,CT,AUTUMN LAKE HEALTHCARE AT NORWALK,,0
075388,60.0,16.5,83.25893162393163,0.6690620189464888,3.425027612827521,59.464650205761316,12.553824786324785,,control,3.0,CT,APPLE REHAB AVON,,0
075389,120.0,5.0,91.75694185444186,0.5216002855246127,3.7797161079109687,62.91094650205761,22.406857679357678,,control,3.0,CT,APPLE REHAB LAUREL WOODS,,0
075391,90.0,12.5,79.0163431013431,0.3576304358035128,3.581585064389552,73.13606701940034,11.25177960927961,,control,3.0,CT,"KENT, LTD, THE",,0
075393,71.0,2.0,85.55777777777777,0.9245683087694514,3.974531607198041,48.86086419753086,21.563076923076924,,control,3.0,CT,BEL-AIR MANOR NURSING & REHABILITATION CENTER,,0
075394,120.0,2.0,86.62457264957266,0.6779711729236891,3.870496010589446,66.71390946502058,16.948931623931625,,control,3.0,CT,CIVITA CARE CENTER AT LONG RIDGE,,0
075395,126.0,2.5,93.1907905982906,0.3790035650090091,3.664379533777564,75.99024691358025,12.3675,,control,3.0,CT,LAUREL RIDGE CENTER FOR HEALTH & REHABILITATION,,0
075396,100.0,2.0,98.5405982905983,0.3409975127891021,3.117581009393456,66.659670781893,11.949444444444445,,control,3.0,CT,CHERRY BROOK HEALTH CARE CENTER,,0
075399,82.0,2.5,80.47208547008547,0.39153015559938636,3.4945907845715545,91.54402057613169,7.659333333333334,,control,3.0,CT,"ROSEGARDEN HEALTH & REHAB CENTER, THE",,0
075400,161.0,3.0,90.15675213675215,1.5293590877489827,5.479728486646819,33.40555555555556,41.25273504273505,,control,3.0,CT,BETHEL HEALTH CARE CENTER,,0
075402,98.0,2.0,92.97044871794871,0.6801689466572765,3.974963171838224,55.572181069958845,16.5491452991453,,control,3.0,CT,MANSFIELD CENTER FOR NURSING AND REHABILITATION,,0
075403,90.0,2.5,89.31232970732971,0.4748422426406944,3.3253057441062706,69.90637860082303,17.537000129500132,,control,3.0,CT,APPLE REHAB WEST HAVEN,,0
075405,90.0,0.5,88.89955128205129,0.5148738955820937,3.4376537930952056,57.691769547325094,24.64707264957265,,control,3.0,CT,AUTUMN LAKE HEALTHCARE AT MADISON,,0
075408,36.568894068894075,2.0,92.14784188034187,1.3264695573984255,3.9028817010853705,96.0627572016461,3.601598679098679,,control,3.0,CT,"Leeway, Inc",,0
075409,22.0,7.0,99.34618055555556,1.1489594502719505,3.9092164432789436,100.0,0.0,,control,3.0,CT,HOLY SPIRIT HEALTH CARE INC,,0
075410,60.0,2.5,94.06104700854702,0.9047340387674853,3.653376366998569,44.77419753086419,17.655149572649574,,control,3.0,CT,AARON MANOR NURSING & REHABILITATION,,0
075411,119.0,1.0,90.0898076923077,0.6246564008122459,4.153273628642041,72.04707818930041,10.954508547008547,,control,3.0,CT,MATULAITIS REHABILITATION & SKILLED CARE,,0
075412,60.0,0.0,73.35104700854701,0.9038379200516237,6.337008076732688,0.0,53.42188034188034,,control,3.0,CT,LORD CHAMBERLAIN MANOR,,0
075413,145.0,2.0,96.13128205128206,0.3591808978653366,3.7033411572127295,85.82946502057614,7.085106837606839,,control,3.0,CT,Northbridge Health Care Center,,0
075415,90.0,1.5,94.86987179487178,0.405814041880449,3.6164459096531907,79.79111111111112,8.834764957264957,,control,3.0,CT,COUNTRYSIDE MANOR OF BRISTOL,,0
075417,115.26068376068378,3.0,85.8651282051282,0.3212160411042058,3.514103976476368,78.4075720164609,12.662478632478635,,control,3.0,CT,THREE RIVERS,,0
075418,90.0,0.5,93.49106837606838,0.48440446769573553,3.4525722258844196,76.49115226337449,14.322243589743591,,control,3.0,CT,AUTUMN LAKE HEALTHCARE AT BUCKS HILL,,0
075420,150.0,4.0,95.87053418803418,0.2616202762962007,3.3688473411095847,73.03415637860081,8.811495726495728,,control,3.0,CT,SUMMIT AT PLANTSVILLE CENTER FOR HEALTH & REHABILI,,0
075421,58.02564102564103,1.0,79.6969230769231,1.1421487459075998,4.558873563470925,0.0,55.85963675213676,,control,3.0,CT,EDGEHILL HEALTH CENTER,,0
075422,120.0,4.5,71.62968482905984,0.33804133759150207,3.452087593419008,75.6325720164609,13.726303418803418,,control,3.0,CT,PARADIGM HEALTHCARE CENTER OF SOUTH WINDSOR,,0
075423,190.0,4.5,90.97504273504275,0.3816747527343681,3.485673395575326,77.3627160493827,9.52241452991453,,control,3.0,CT,DAVIS PLACE,,0
075425,124.0,1.5,83.07538461538462,0.38544694704712423,3.7168711364585865,75.69092592592592,12.521367521367521,,control,3.0,CT,VANDERMAN PLACE,,0
075426,40.0,3.5,90.57983682983684,0.934285176525522,4.50266967872913,92.07334268612048,5.702886557886559,,control,3.0,CT,"LOURDES HEALTH CARE CENTER, IN",,0
075429,55.59615384615385,1.5,90.5448717948718,0.6594859130761341,4.815596921243399,0.0,24.857905982905983,,control,3.0,CT,RIDGE CREST AT MEADOW RIDGE,,0
075430,120.0,1.0,89.54261904761906,0.4089883607949646,1.980363809538338,87.82248677248678,0.0,,control,3.0,CT,MARSHALL LANE MANOR,,0
075431,44.0,0.0,94.13305555555556,0.5091320511254913,2.574478626031085,87.87358024691359,7.339829059829059,,control,3.0,CT,"TWIN MAPLES HEALTHCARE, INC",,0
075432,43.0,3.0,95.4967501942502,0.6583062470932729,2.1256075734836446,89.61683127572016,1.2250543900543902,,control,3.0,CT,"MATTATUCK HEALTH CARE FACILITY, INC.",,0
075434,60.0,0.0,95.02410256410256,0.5236724495166984,3.0781429231146213,82.89413580246914,8.722905982905983,,control,3.0,CT,ORANGE HEALTH CARE CENTER,,0
075436,60.0,4.5,86.43023504273505,0.5413114992998249,2.9862578550572616,82.42761316872426,10.659978632478634,,control,3.0,CT,TOUCHPOINTS AT CHESTNUT,,0
075437,40.0,3.0,88.6431623931624,0.8751983727052611,4.285365090275373,0.0,38.4974358974359,,control,3.0,CT,AVALON HEALTH CARE CENTER AT STONERIDGE,,0
075438,130.0,6.0,86.66785547785548,0.3529641846463809,3.29530271143714,74.41440329218108,11.09472286972287,,control,3.0,CT,APPLE REHAB UNCASVILLE,,0
075439,30.0,5.0,88.69788461538461,0.9488267252295031,4.57122323972324,76.74218106995886,6.856666666666667,,control,3.0,CT,BRADLEY HOME INFIRMARY/PAVILION,,0
075440,22.243589743589745,0.0,83.00128205128206,1.3230356673155468,5.34960375134328,0.0,58.13807692307693,,control,3.0,CT,"SPRINGS AT 3030 PARK, THE",,0
075441,35.03846153846154,0.0,76.3551923076923,1.3126696204935813,4.8856948822804345,0.0,26.163333333333334,,control,3.0,CT,"SPRINGS AT EAST HILL, THE",,0
075442,95.0,0.0,93.68,0.0676154806491885,3.897137034589117,94.38,2.25,,control,1.0,CT,60 WEST,,0
085001,106.00000000000001,1.0,93.21442307692308,0.7808862371613892,3.746887968593004,55.86246913580247,17.725021367521368,,control,3.0,DE,KENTMERE REHABILITATION AND HEALTHCARE CENTER,,0
085002,150.0,2.0,92.21795843045842,0.6105265767652259,3.6751688547545767,82.6946913580247,9.34577505827506,,control,3.0,DE,EXCELCARE AT WILMINGTON LLC,,0
085003,60.0,2.0,69.66976495726496,0.9316482135792014,3.843418119746162,0.0,6.305,,control,3.0,DE,WILLOWBROOKE COURT AT COUNTRY HOUSE,,0
085006,172.0,3.0,94.0775912975913,0.2241728768615827,3.5537772427365892,66.94470881656066,9.186167443667445,,control,3.0,DE,REGAL HEIGHTS HEALTHCARE & REHAB CENTER,,0
085009,60.0,2.5,84.06976495726497,0.8208750227216175,4.654398850969166,13.408621399176951,9.136923076923077,,control,3.0,DE,WILLOWBROOKE COURT SKILLED CENTER  AT MANOR HOUSE,,0
085010,136.0,3.5,93.60365384615385,0.806911673350466,3.8079413233624564,59.754032921810705,19.34431623931624,,control,3.0,DE,MILFORD CENTER,,0
085012,100.0,4.5,93.79700854700855,0.5436470150301163,3.857591535401778,81.04592592592593,7.934166666666668,,control,3.0,DE,REGENCY HEALTHCARE & REHAB CENTER,,0
085015,124.0,3.0,89.57980769230771,0.7557923469756134,3.734110637702778,67.05823045267489,19.08794871794872,,control,3.0,DE,SEAFORD CENTER,,0
085017,45.0,0.0,93.24542735042736,0.8982469253193871,3.859984903044744,0.0,7.160769230769231,,control,3.0,DE,WILLOWBROOKE COURT AT COKESBURY VILLAGE,,0
085022,92.5,8.0,69.51,1.2829242424242426,7.370686868686868,83.44999999999999,4.466666666666666,,control,3.0,DE,EMILY P. BISSELL HOSPITAL,,0
085026,49.0,0.5,80.43128205128205,0.575475835176092,3.927059702385762,0.0,4.954294871794872,,control,3.0,DE,STONEGATES,,0
085032,62.38461538461539,10.5,87.67019230769232,0.7978782940777657,4.354146490991365,43.6738683127572,20.737435897435898,,control,3.0,DE,WESTMINSTER VILLAGE HEALTH,,0
085034,179.0,1.5,87.6058547008547,0.6523741991744125,3.652741869175305,67.29897119341564,12.413034188034189,,control,3.0,DE,EXCELCARE AT LEWES LLC,,0
085035,299.32867132867136,9.0,57.57046620046621,0.9475171273526508,6.323265227528138,83.60835390946502,0.6268162393162394,,control,3.0,DE,DELAWARE HOSPITAL F/T CHRONICALLY ILL (DHCI),,0
085036,72.0,5.5,84.10570512820513,0.6044270812688537,3.884040785652715,23.30008230452675,41.646602564102565,,control,3.0,DE,FORWOOD MANOR,,0
085040,110.0,4.5,92.48711538461538,0.8079246291349356,4.202470702404137,65.62043209876543,18.047991452991454,,control,3.0,DE,LOFLAND PARK CENTER,,0
085041,109.0,0.5,84.51083333333334,0.4852520301357258,4.082570640508968,77.869670781893,14.160940170940172,,control,3.0,DE,DELMAR NURSING & REHABILITATION CENTER,,0
085043,90.0,1.0,94.38551282051282,0.43328788074457164,3.947758134757818,55.63123456790123,13.069807692307691,,control,3.0,DE,KUTZ REHABILITATION AND NURSING,,0
085047,96.0,1.0,97.26608974358976,0.47019103957042274,4.32066088028069,84.02971193415638,3.903675213675214,,control,3.0,DE,GILPIN HALL,,0
085050,120.0,3.5,91.54412393162393,0.5752748294109267,3.7937856872454376,58.10090534979423,24.08965811965812,,control,3.0,DE,CADIA REHABILITATION BROADMEADOW,,0
085051,138.65384615384616,0.5,81.28679487179488,0.9156100883962698,4.992825011624285,44.13481481481482,3.4908119658119663,,control,3.0,DE,DELAWARE VETERANS HOME,,0
085052,124.95726495726495,3.5,93.2775,0.6651716113327207,3.7376475310750097,58.631769547325106,26.07880341880342,,control,3.0,DE,CADIA REHABILITATION RENAISSANCE,,0
085053,40.0,5.0,89.36431623931625,0.8422029848760361,5.0098971342017045,18.106831275720165,39.513717948717954,,control,3.0,DE,THE MOORINGS AT LEWES,,0
085055,24.182336182336186,0.0,70.03234654234654,1.6584710033974739,6.132589981641452,20.028272353161242,17.703265993265994,,control,3.0,DE,WESTON SENIOR LIVING CENTER AT HIGHFIELD,,0
085056,121.30402930402931,0.0,83.49210622710623,0.7608046089256535,3.460872286712701,37.909897119341565,30.083736263736267,,control,3.0,DE,CADIA REHABILITATION SILVERSIDE,,0
085057,80.0,0.0,61.25,1.1179206652762703,4.594665692529816,0.0,94.765,,control,1.0,DE,"CENTER AT EDEN HILL, LLC",,0
155001,183.34615384615387,2.0,86.47732905982906,0.3636169537349057,4.004031681181425,64.19053497942386,7.85431623931624,,control,3.0,IN,HOOVERWOOD,,0
155003,115.0,5.5,76.62275641025641,0.6337956719950291,3.931522472847461,59.910205761316874,20.092094017094016,,control,3.0,IN,MASON HEALTH CARE CENTER,,0
155005,214.92307692307693,2.5,66.81438034188035,0.2518482157252355,3.320513704931697,76.02551440329218,12.249294871794872,,control,3.0,IN,BEAUMONT REHABILITATION AND HEALTHCARE CENTER,,0
155006,84.0,3.0,79.91636752136752,0.2555826776213468,3.353263032766173,79.62382716049382,5.75508547008547,,control,3.0,IN,WATERS OF WABASH SKILLED NURSING FACILITY EAST THE,,0
155019,224.0,4.5,78.54012820512821,0.41600254349954957,3.5343464998621976,69.99390946502056,9.80991452991453,,control,3.0,IN,MAJESTIC CARE OF BLOOMINGTON,,0
155022,141.0,3.0,57.28102564102564,0.23859808530929197,3.136522799466272,73.03851851851852,11.04121794871795,,control,3.0,IN,WILLOWS OF SHELBYVILLE,,0
155026,137.0,1.5,80.61288461538463,0.41566441101804347,4.137025394581148,34.95814814814815,15.86621794871795,,control,3.0,IN,GREENWOOD VILLAGE SOUTH,,0
155029,115.0,3.5,86.19589743589745,0.29262395955501525,3.2537396099598865,71.23255144032922,14.27224358974359,,control,3.0,IN,COMMUNITY NURSING AND REHABILITATION CENTER,,0
155038,78.41239316239317,3.0,80.56504273504274,0.3183416626953846,3.7401016628277963,81.94551440329218,11.588418803418804,,control,3.0,IN,WATERS EDGE VILLAGE,,0
155039,130.0,1.0,55.56833333333334,0.3991148096123375,3.3582344642895374,61.325308641975305,16.648141025641024,,control,3.0,IN,"WATERS OF PERU SKILLED NURSING FACILITY, THE",,0
155041,126.0,1.5,89.59044871794873,0.46626659287846445,3.5613369875346326,60.592839506172844,19.051517094017093,,control,3.0,IN,NORTHWEST MANOR HEALTH CARE CENTER,,0
155042,163.1923076923077,3.0,69.72876068376068,0.44282163694630133,3.1747162685111965,67.28378600823045,16.641709401709402,,control,3.0,IN,APERION CARE VINCENNES,,0
155049,137.0,2.0,68.97032051282052,0.6053731964278254,3.3739846864785643,59.31115226337448,15.494529914529915,,control,3.0,IN,MILLER'S MERRY MANOR,,0
155053,98.0,1.0,64.1299358974359,0.38681217535848395,2.7012781814763267,67.25707818930042,12.687521367521368,,control,3.0,IN,"WATERS OF RUSHVILLE SKILLED NURSING FACILITY, THE",,0
155059,85.0,1.5,71.9231623931624,0.4360891686771659,3.422108971712362,72.95378600823045,10.538803418803418,,control,3.0,IN,"WATERS OF HUNTINGTON SKILLED NURSING FACILITY, THE",,0
155062,87.0,6.5,77.11758547008549,0.4750226545873002,2.9685528874446936,75.93197530864197,12.420363247863248,,control,3.0,IN,BRICKYARD HEALTHCARE - LAPORTE CARE CENTER,,0
155064,105.0,1.0,55.65600427350428,0.29122276954178516,3.337394996873441,62.922572016460904,21.792521367521367,,control,3.0,IN,APERION CARE KOKOMO,,0
155066,97.64102564102565,1.0,76.67042735042736,0.3140906010087074,3.611628047853505,72.68205761316872,16.22474358974359,,control,3.0,IN,EDGEWATER WOODS,,0
155072,132.3696581196581,5.0,86.86677350427351,0.2669952219905416,3.4693770705687226,67.68271604938272,18.062393162393164,,control,3.0,IN,BEECH GROVE MEADOWS,,0
155076,136.0,3.5,80.50418803418803,0.3120669316786431,3.190993946956274,71.12646090534979,9.20861111111111,,control,3.0,IN,BRICKYARD HEALTHCARE - BROOKVIEW CARE CENTER,,0
155086,80.0,3.0,75.96153846153847,0.44116917434944003,3.0334895043708134,79.06510288065843,11.915641025641026,,control,3.0,IN,WOODLAND MANOR,,0
155089,95.0,2.5,61.89166666666667,0.48070380472727214,3.408166688018259,76.39234567901234,11.771196581196582,,control,3.0,IN,WILLOWS OF NEW CASTLE,,0
155093,45.0,2.0,86.42282905982907,0.866774674755444,3.3071669306477003,64.05750617283951,13.431072649572652,,control,3.0,IN,GIBSON GENERAL HOSPITAL-SNF,,0
155095,180.0,2.0,90.78692307692309,0.18860837783720252,3.1893497264913635,60.9727366255144,15.30698717948718,,control,3.0,IN,HERITAGE PARK,,0
155100,190.0,0.5,72.77126068376069,0.469600632090689,4.0443915649628925,83.04176954732509,7.61982905982906,,control,3.0,IN,MAJESTIC CARE OF BEDFORD,,0
155102,131.0,1.5,70.11181623931624,0.5678284993226862,3.5318925256121485,70.35181069958847,11.095235042735043,,control,3.0,IN,MILLER'S MERRY MANOR,,0
155103,190.56410256410257,1.5,64.6375,0.26035452320618063,3.3342350652546253,76.66366255144032,10.37491452991453,,control,3.0,IN,TRAILPOINT VILLAGE,,0
155106,170.89102564102564,3.5,86.65583333333333,0.2956636925045832,3.2200348409212056,73.69008230452675,9.536645299145299,,control,3.0,IN,RIVERWALK VILLAGE,,0
155109,87.0,0.0,66.11347189847191,0.20496873504297677,2.9546122679230162,74.22020576131688,9.834204221704221,,control,3.0,IN,BRICKYARD HEALTHCARE - TWELFTH STREET CARE CENTER,,0
155115,149.2948717948718,3.0,76.14529914529913,0.24738696007818312,2.888616005039968,77.67637860082303,10.146196581196582,,control,3.0,IN,CARDINAL NURSING AND REHABILITATION CENTER,,0
155118,100.0,6.0,83.73290598290598,0.29003193407464695,2.803178760536098,64.82090534979423,6.563269230769231,,control,3.0,IN,"WATERS OF LAGRANGE SKILLED NURSING FACILITY, THE",,0
155120,128.0,3.0,91.04155982905984,0.2097792593551968,2.8173825752352233,68.77526748971194,9.294038461538463,,control,3.0,IN,BRICKYARD HEALTHCARE - BRANDYWINE CARE CENTER,,0
155124,119.0,2.5,72.74138888888889,0.36752659232753476,3.5597743570078206,73.33390946502057,8.73309829059829,,control,3.0,IN,VERMILLION CONVALESCENT CENTER,,0
155126,73.4957264957265,4.0,90.973952991453,0.3379866982623513,3.24262383997377,73.26347736625516,12.572991452991452,,control,3.0,IN,SPRINGS VALLEY MEADOWS,,0
155128,82.0,1.5,62.51685897435898,0.49984547275014946,3.5477129685653903,55.967695473251034,9.953333333333333,,control,3.0,IN,MILLER'S AT OAK POINTE,,0
155131,225.00000000000003,4.5,81.00818376068375,0.1818506484800672,3.615888515192674,64.40938271604936,18.32188034188034,,control,3.0,IN,MUNSTER MED-INN,,0
155132,120.08547008547009,4.5,70.2792735042735,0.5314157840231883,4.077199997355873,67.5877366255144,18.675170940170943,,control,3.0,IN,DANVILLE REGIONAL REHABILITATION,,0
155133,212.00000000000003,7.0,70.52850427350427,0.32022294171381677,3.3296239335651867,72.32485596707818,12.548867521367521,,control,3.0,IN,"BELMONT HEALTH & REHABILITATION, THE",,0
155135,95.0,9.0,77.42301282051284,0.3002908826302182,3.133212510487026,68.72448559670781,15.565149572649574,,control,3.0,IN,WESTVIEW NURSING AND REHABILITATION CENTER,,0
155136,176.0,2.5,77.8525,0.43450577190002065,2.7348206923524363,77.0727160493827,12.039529914529915,,control,3.0,IN,BRICKYARD HEALTHCARE - TERRACE CARE CENTER,,0
155137,85.0,0.5,91.5031623931624,0.31469107336970825,2.7343069318856186,74.61905349794239,12.850534188034189,,control,3.0,IN,BRICKYARD HEALTHCARE - VALPARAISO CARE CENTER,,0
155138,115.0,1.5,68.52713675213676,0.5700451662352066,3.0717229220206392,75.04012345679013,12.572286324786326,,control,3.0,IN,BRICKYARD HEALTHCARE - CHURCHMAN CARE CENTER,,0
155139,164.0,2.0,92.86373931623933,0.3148927796005311,2.878819583180262,59.78942386831275,19.690021367521368,,control,3.0,IN,NORTH WOODS VILLAGE,,0
155143,104.0,0.5,71.61837606837607,0.5474072024121225,3.6743556795614847,62.50874485596708,15.010961538461538,,control,3.0,IN,MAJESTIC CARE OF TERRE HAUTE,,0
155148,107.91666666666667,5.0,85.0858547008547,0.43384541034948987,3.1256048025487027,72.94831275720165,15.18403846153846,,control,3.0,IN,NORTH PARK NURSING CENTER,,0
155149,111.00854700854701,1.5,69.84600427350428,0.2991202647692424,3.5977096862870264,81.42831275720164,9.682115384615386,,control,3.0,IN,HARCOURT TERRACE NURSING AND REHABILITATION,,0
155150,84.0,2.5,65.94797008547009,0.3856606981726615,2.824439154754674,65.13641975308641,10.772649572649573,,control,3.0,IN,WATERS OF COLUMBIA CITY SKILLED NURSING FACILITY,,0
155152,134.9102564102564,6.0,71.1747435897436,0.36930807760885315,3.087786185043095,67.25584362139918,12.81630341880342,,control,3.0,IN,MONTICELLO HEALTHCARE,,0
155154,134.53846153846155,4.5,80.63873931623931,0.41764724493147054,3.38602921147907,69.85790123456789,16.86576923076923,,control,3.0,IN,SPRING MILL MEADOWS,,0
155156,180.0,6.0,78.70666666666666,0.29139625189282686,2.909133450105295,67.11751028806584,21.091794871794875,,control,3.0,IN,APERION CARE ARBORS MICHIGAN CITY,,0
155157,122.00000000000001,1.5,69.06568376068375,0.5257929413300684,3.025695667412392,77.27286008230452,15.762735042735045,,control,3.0,IN,BRICKYARD HEALTHCARE - RICHMOND CARE CENTER,,0
155159,90.47863247863248,1.5,72.50061965811966,0.33793538647342997,3.522536070026715,73.8850205761317,10.299636752136752,,control,3.0,IN,SUMMIT CITY NURSING AND REHABILITATION,,0
155162,82.9423076923077,1.5,66.28320512820514,0.3501649718986101,3.1979242486850987,72.97008230452674,11.926111111111112,,control,3.0,IN,AUTUMN RIDGE REHABILITATION CENTRE,,0
155165,130.0,4.0,77.82946581196582,0.2043645009017735,3.1147163520677656,71.08835390946501,13.346132478632478,,control,3.0,IN,RIVERVIEW VILLAGE,,0
155166,165.51282051282053,5.0,82.49076923076925,0.2834104375419705,3.102343159362031,79.79497942386831,11.811794871794872,,control,3.0,IN,VALPARAISO CARE & REHABILITATION,,0
155167,129.97222222222223,0.0,82.24818376068376,0.4890197398834763,4.111842776961206,50.760123456790126,24.425576923076925,,control,3.0,IN,WESTMINSTER VILLAGE NORTH,,0
155170,76.0,3.5,72.69149572649573,0.4799126633930065,4.9342778096445885,0.0,27.00638888888889,,control,3.0,IN,WESTMINSTER VILLAGE MUNCIE INC,,0
155171,114.0,3.5,82.78042735042736,0.2895101182306653,3.207214260725145,78.73530864197531,8.130235042735043,,control,3.0,IN,FRANKLIN MEADOWS,,0
155173,176.0,1.0,65.26534188034188,0.2989812969013999,3.1882588429440557,74.05728395061728,15.422799145299146,,control,3.0,IN,MILLER'S MERRY MANOR,,0
155176,85.02564102564104,2.0,78.47181623931624,0.2269554818331042,3.1964916160339616,78.53378600823045,9.053141025641025,,control,3.0,IN,GLENBROOK REHABILITATION & SKILLED NURSING CENTER,,0
155177,65.57051282051283,0.0,80.06786324786324,0.6701980817677872,4.053857792709467,0.5322222222222222,26.94162393162393,,control,3.0,IN,WESTMINSTER VILLAGE - WEST LAFAYETTE,,0
155178,130.0,1.5,78.96899572649573,0.332707014176169,2.864047893543262,67.39983539094649,15.235491452991454,,control,3.0,IN,BRICKYARD HEALTHCARE - FOUNTAINVIEW CARE CENTER,,0
155181,193.16880341880344,5.0,73.29168803418804,0.4043493530794596,3.7056698737478126,64.74777777777777,18.125256410256412,,control,3.0,IN,CARMEL HEALTH & LIVING COMMUNITY,,0
155183,103.00000000000001,2.0,84.10861111111112,0.2780652543251935,2.7914727348990036,64.01255144032922,16.087136752136754,,control,3.0,IN,"WATERS OF MARTINSVILLE, THE",,0
155187,186.0,5.0,86.20363247863249,0.2634781394202885,3.049494287653676,76.6375514403292,13.41811965811966,,control,3.0,IN,BRICKYARD HEALTHCARE - PORTAGE CARE CENTER,,0
155188,196.3653846153846,2.0,77.45459401709402,0.33680053854543335,3.212384303226698,61.49781893004115,15.148675213675215,,control,3.0,IN,GREENFIELD HEALTHCARE CENTER,,0
155193,207.51923076923077,1.0,81.11818376068376,0.8798275226554425,3.8572572884555067,59.96670781893004,19.210641025641024,,control,3.0,IN,GREENWOOD HEALTHCARE CENTER,,0
155196,77.5448717948718,2.5,89.90326923076924,0.41725976934720954,4.038944323667213,44.72456790123458,19.948589743589746,,control,3.0,IN,ALTENHEIM HEALTH & LIVING COMMUNITY,,0
155197,78.0,1.5,90.76865384615385,0.6430023400612603,3.9490119865441464,53.84205761316872,19.334970085470086,,control,3.0,IN,SANCTUARY AT ST PAUL'S,,0
155198,99.7820512820513,4.0,77.50852564102564,0.24367811872746947,3.788143957363043,0.0,32.05634615384616,,control,3.0,IN,MARQUETTE,,0
155199,108.26923076923077,1.0,89.38036324786326,0.3240793653907416,2.9710162539484624,66.06362139917695,13.39655982905983,,control,3.0,IN,MAPLE PARK VILLAGE,,0
155200,75.0,0.0,77.88935897435897,0.4845604716241784,3.6174039083225153,71.12864197530862,10.801965811965813,,control,3.0,IN,UNIVERSITY NURSING CENTER,,0
155202,100.0,1.0,77.21794871794872,0.29560985905295956,3.05161278290346,63.3362962962963,9.57974358974359,,control,3.0,IN,"WATERS OF GREENCASTLE, THE",,0
155203,168.5405982905983,3.0,56.732606837606845,0.34911451614134137,3.7406843519188344,72.70415637860083,15.84025641025641,,control,3.0,IN,HILLCREST VILLAGE,,0
155205,227.20085470085473,4.5,87.47850427350427,0.4907853368279935,3.026814054091552,56.710102880658425,9.675726495726497,,control,3.0,IN,GREENCROFT HEALTHCARE,,0
155206,160.0,1.0,67.33057692307692,0.17850419496308165,3.0796135094184467,66.76333333333334,10.255320512820514,,control,3.0,IN,BROWNSBURG HEALTH CARE CENTER,,0
155207,120.0,0.5,77.36252136752137,0.35370603576767295,3.172587865601137,66.36518518518518,6.204380341880342,,control,3.0,IN,MAJESTIC CARE OF NEW HAVEN,,0
155209,138.0,1.0,68.56119658119658,0.3140466116394193,3.2495328299682416,72.4924279835391,18.803653846153846,,control,3.0,IN,"WATERS OF CLIFTY FALLS, THE",,0
155210,100.0,12.0,64.3311965811966,0.40453318202289656,3.1922845994093425,60.126769547325104,6.906709401709403,,control,3.0,IN,WILLOWS OF GREENSBURG,,0
155211,64.0,6.0,63.56888888888889,0.45187998432598453,2.681506496771795,79.78374485596709,6.809465811965813,,control,3.0,IN,"WATERS OF LEBANON, THE",,0
155215,189.0,2.0,64.8407905982906,0.3095273672218112,3.4735713350736614,71.05543209876544,10.353760683760685,,control,3.0,IN,PLAINFIELD HEALTH CARE CENTER,,0
155218,171.3931623931624,0.5,74.89057692307694,0.2936887905988933,3.5789128585138394,59.72843621399177,22.370662393162398,,control,3.0,IN,GREAT LAKES HEALTHCARE CENTER,,0
155219,137.38461538461542,2.5,73.42395299145299,0.3100200363704672,3.1894208121027035,67.93987654320988,14.112970085470087,,control,3.0,IN,MAJESTIC CARE OF SOUTH BEND,,0
155220,153.43589743589746,2.5,90.2815811965812,0.23066983748169262,3.08422421170055,52.76934156378601,22.85252136752137,,control,3.0,IN,DYER NURSING AND REHABILITATION CENTER,,0
155221,78.0,1.0,81.56747863247864,0.5632980656208397,3.6771888888312656,43.89072016460906,18.753696581196582,,control,3.0,IN,WESTMINSTER VILLAGE HEALTH & REHAB,,0
155222,127.23076923076924,2.0,69.06940170940172,0.4395186721589217,3.3142724613750643,65.52537037037037,20.16036324786325,,control,3.0,IN,KOKOMO HEALTHCARE CENTER,,0
155223,119.0,1.5,85.04626068376069,0.32048999186420885,3.081230326891525,60.76366255144033,20.628098290598295,,control,3.0,IN,"WATERS OF COVINGTON, THE",,0
155224,174.7820512820513,12.5,78.84273504273506,0.4974389043479279,3.3553022743310423,75.76090534979424,14.26138888888889,,control,3.0,IN,COLUMBIA HEALTHCARE CENTER,,0
155226,123.0,4.0,88.05553418803419,0.4580141263559958,3.4575128112985123,77.14578189300411,13.56950854700855,,control,3.0,IN,NORTH CAPITOL NURSING & REHABILITATION CENTER,,0
155228,87.0,4.0,61.61738798238798,0.43817742997960857,3.380253345195843,75.78867789001121,11.1043006993007,,control,3.0,IN,WILLOWS OF RICHMOND,,0
155230,110.0,2.0,66.58801282051283,0.3033780490366417,3.535241366049916,65.63641975308641,16.18760683760684,,control,3.0,IN,ROSEBUD VILLAGE,,0
155232,75.0,8.0,72.13495726495728,0.6859666588092652,4.509921688814831,84.37370370370371,5.851538461538462,,control,3.0,IN,TWIN CITY HEALTH CARE,,0
155233,86.0,0.5,79.95852564102566,0.45354602768772456,3.2199470319960586,71.2275720164609,8.798376068376069,,control,3.0,IN,"WATERS OF BATESVILLE, THE",,0
155234,66.0,4.5,80.361047008547,0.5176510026885099,3.689307356908456,83.95380658436213,7.569508547008547,,control,3.0,IN,WESTRIDGE HEALTH CARE CENTER,,0
155235,127.00000000000001,1.0,86.76262820512821,0.3704361887691615,3.153111242132995,66.10440329218106,11.966089743589745,,control,3.0,IN,MILLER'S MERRY MANOR,,0
155236,140.52991452991455,6.0,89.33267094017094,0.24983367643617266,3.432096715900577,62.970082304526755,13.580576923076924,,control,3.0,IN,AVON HEALTH & REHABILITATION CENTER,,0
155238,100.0,4.0,76.98290598290599,0.2390722065440204,2.7301318765622034,69.38444444444445,13.161047008547008,,control,3.0,IN,YORKTOWN MANOR,,0
155240,82.0,3.0,67.56646153846154,0.31916225071225074,3.0703982905982907,72.36679012345678,11.507423076923077,,control,3.0,IN,LYONS HEALTH AND LIVING CENTER,,0
155241,128.0,7.5,88.15211538461539,0.28168026872400104,3.211768172632458,64.46333333333332,17.54698717948718,,control,3.0,IN,FOREST CREEK VILLAGE,,0
155245,109.0,0.5,55.946517094017096,0.327531002081075,3.4520253624082544,67.36520576131687,13.51448717948718,,control,3.0,IN,CASTLETON HEALTH CARE CENTER,,0
155246,100.0,4.0,88.3888888888889,0.2953463528324522,2.7355868181165106,73.25415637860081,13.891623931623931,,control,3.0,IN,CHESTERTON MANOR,,0
155248,114.0,3.0,71.28641025641026,0.24704582143804657,3.2169922787837333,75.80158436213992,11.54732905982906,,control,3.0,IN,BRICKYARD HEALTHCARE - BRENTWOOD CARE CENTER,,0
155249,141.0897435897436,1.5,70.69948717948718,0.26492970000355504,3.63391451370448,74.27382716049382,8.58380341880342,,control,3.0,IN,CHATEAU REHABILITATION AND HEALTHCARE CENTER,,0
155251,110.0,2.0,67.98155982905983,0.32197329328630037,3.3690613704702104,72.19197530864197,16.302927350427353,,control,3.0,IN,"WATERS OF HOBART SKILLED NURSING FACILITY, THE",,0
155252,120.0,2.5,88.30489316239317,0.35934477589350483,2.991308479203261,67.2877366255144,11.282179487179489,,control,3.0,IN,BRICKYARD HEALTHCARE - WOODLANDS CARE CENTER,,0
155253,40.15598290598291,0.0,71.86305555555558,0.9208940416830829,8.096942607852736,0.0925925925925925,65.12583333333335,,control,3.0,IN,MEADOWOOD HEALTH PAVILION,,0
155254,60.0,3.5,80.09472222222222,0.20719471001956175,2.7211340344528256,76.15541152263374,7.84863247863248,,control,3.0,IN,APERION CARE GREENFIELD,,0
155255,118.0,1.0,80.04365384615386,0.2858679019266819,4.102517640093386,48.287798353909466,11.656773504273506,,control,3.0,IN,CELEBRATE SENIOR LIVING OF FORT WAYNE,,0
155258,109.0,3.5,86.3165811965812,0.3463377227897252,3.1010596955825407,56.184855967078185,28.216239316239317,,control,3.0,IN,COUNTRYSIDE MANOR HEALTH & LIVING COMMUNITY,,0
155261,116.0,10.0,56.069672364672364,0.36751709401709404,4.1133815289648625,68.3521417882529,11.127799145299145,,control,3.0,IN,WILLIAMSBURG HEALTH CARE,,0
155262,93.0,0.5,78.92465811965812,0.6658380448350122,3.017168423682318,62.385637860082305,19.517457264957265,,control,3.0,IN,"WATERS OF SULLIVAN NURSING FACILITY, THE",,0
155264,170.0,0.0,71.5675641025641,0.374274402487701,3.0121489031821076,70.59895061728395,12.064978632478633,,control,3.0,IN,BRICKYARD HEALTHCARE - GOLDEN RULE CARE CENTER,,0
155267,69.26068376068376,0.0,84.75918803418804,0.6255211070559467,3.7297030726018767,68.67930041152263,17.583739316239317,,control,3.0,IN,LAKE POINTE VILLAGE,,0
155269,154.01709401709402,7.0,82.85510683760684,0.25840187582474883,3.244602512873297,69.47594650205761,14.43976495726496,,control,3.0,IN,EAST LAKE NURSING & REHABILITATION CENTER,,0
155270,60.0,2.5,74.31200854700855,0.3745557140859183,2.7727905468922858,85.5137242798354,6.815897435897437,,control,3.0,IN,CORE OF DALE,,0
155271,114.0,0.5,64.51681623931626,0.5188360278243038,3.6165568253555263,66.14880658436213,18.07863247863248,,control,3.0,IN,"WATERS OF CASTLETON SKILLED NURSING FACILITY, THE",,0
155272,159.24358974358975,2.0,72.89882478632478,0.479108408535481,3.3670904505017996,65.5472427983539,17.694166666666668,,control,3.0,IN,ALLISON POINTE HEALTHCARE CENTER,,0
155273,96.30341880341881,10.5,86.35903846153846,0.39576498198566146,3.037141294963737,62.14037037037036,11.12303418803419,,control,3.0,IN,CYPRESS GROVE REHABILITATION CENTER,,0
155274,60.0,2.5,89.17626068376069,0.5572466808078103,2.8159419414982483,67.9637037037037,10.568440170940171,,control,3.0,IN,"WATERS OF ROCKPORT SKILLED NURSING FACILITY, THE",,0
155275,95.0,2.5,70.5811965811966,0.4169492045568393,2.8534724436628798,73.49444444444444,13.94638888888889,,control,3.0,IN,"WATERS OF PRINCETON, THE",,0
155277,147.4017094017094,5.5,72.47547435897437,0.34052016238263755,3.598589275637585,62.220390946502064,17.074269230769232,,control,3.0,IN,APERION CARE VALPARAISO,,0
155278,153.0,0.0,85.83081196581198,0.38077757784553223,2.9224748075643134,79.60493827160494,7.863931623931624,,control,3.0,IN,BRICKYARD HEALTHCARE - BLOOMINGTON CARE CENTER,,0
155280,123.0,0.5,79.2882905982906,0.2257830887445877,2.967690764358299,72.09781893004114,13.415918803418805,,control,3.0,IN,"WATERS OF DILLSBORO-ROSS MANOR, THE",,0
155282,106.6923076923077,6.0,94.58192307692308,0.4851762397180638,3.948114557193504,59.11477366255145,8.218141025641026,,control,3.0,IN,SERENITY SPRING SENIOR LIVING AT NORTHWOOD,,0
155283,48.0,3.5,68.85318376068376,0.6462259610121679,3.398493686581618,76.38835390946502,15.352457264957268,,control,3.0,IN,WINTERSONG VILLAGE,,0
155286,67.0,7.5,72.96773504273506,0.278799247231431,3.3167326791529463,72.02761316872429,9.575405982905984,,control,3.0,IN,AVALON VILLAGE,,0
155289,127.00000000000001,3.5,78.79256410256411,0.3300456560422904,3.5604812488015702,57.150761316872426,20.098333333333336,,control,3.0,IN,COLONIAL OAKS HEALTH CARE CENTER,,0
155290,65.51282051282053,1.0,90.70591880341881,0.2748275975512956,2.745824881788222,51.10069958847736,17.820833333333336,,control,3.0,IN,ST ELIZABETH HEALTHCARE CENTER,,0
155291,114.37820512820514,4.0,86.53724358974358,0.26070110560264675,3.365723317829292,73.21152263374486,11.82059829059829,,control,3.0,IN,EAGLE VALLEY MEADOWS,,0
155292,150.1260683760684,1.5,91.74393162393162,0.2992549374867852,4.13534351122892,61.98761316872427,19.709252136752138,,control,3.0,IN,AMERICAN VILLAGE,,0
155294,74.0,4.5,74.20138888888889,0.45600318713850607,3.485383840459216,0.0,46.17358974358975,,control,3.0,IN,FORUM AT THE CROSSING,,0
155295,87.24358974358975,1.0,77.72619658119659,0.31633352259634334,2.7580516904380095,58.172139917695475,14.363888888888889,,control,3.0,IN,CLINTON HOUSE REHABILITATION AND HEALTHCARE CENTER,,0
155297,57.23076923076923,1.0,74.2787606837607,1.5364095617799562,4.988395008870249,30.901399176954737,39.75318376068376,,control,3.0,IN,MILLER'S HEALTH & REHAB BY MILLER'S MERRY MANOR,,0
155298,135.0,2.5,56.6332094017094,0.36094636544685094,3.6446423678924322,76.4084938271605,11.900200854700856,,control,3.0,IN,PYRAMID POINT POST-ACUTE REHABILITATION CENTER,,0
155299,66.0,12.5,86.50472222222223,0.43470728777765527,2.8207228070810384,58.7461316872428,23.037799145299147,,control,3.0,IN,MILLER'S MERRY MANOR,,0
155303,72.11538461538461,4.5,67.79369658119658,0.4799028683440108,3.549837163934586,69.04283950617283,12.046282051282052,,control,3.0,IN,SERENITY SPRING SENIOR LIVING AT JASONVILLE,,0
155305,19.06915306915307,0.0,72.66348225848226,4.42700675929301,7.628066297159238,0.0,94.84035677285678,,control,3.0,IN,SKILLED CARING CENTER OF MEMORIAL HOSPITAL,,0
155307,120.0,0.5,74.834,0.2506019801980198,4.230685148514851,56.120000000000005,24.880000000000003,,control,3.0,IN,TOWNE CENTRE HEALTH CARE,,0
155319,104.91666666666667,0.0,83.74626068376068,0.38241219242786095,3.5704982794670928,60.85172839506173,14.853696581196582,,control,3.0,IN,CLINTON GARDENS,,0
155321,77.0,3.5,72.7249358974359,0.5038692992680008,3.199831192492858,78.01979423868313,8.76448717948718,,control,3.0,IN,"WATERS OF FORT WAYNE SKILLED NURSING FACILITY, THE",,0
155322,96.0,1.5,76.39741452991454,0.3644554329051885,3.2271882873621456,71.44679012345678,6.013675213675214,,control,3.0,IN,MAJESTIC CARE OF WEST ALLEN,,0
155323,80.0,6.0,57.58619852369853,0.449153885842545,3.731852534631343,70.62092779648336,14.446542346542348,,control,3.0,IN,LAKEVIEW VILLAGE SENIOR LIVING,,0
155325,117.41452991452992,2.0,71.95337606837607,0.40382120880410094,3.293557311598155,74.97835390946503,14.56474358974359,,control,3.0,IN,MEADOW VIEW HEALTH AND REHABILITATION,,0
155327,179.02564102564105,3.0,84.74724358974359,0.30134856687129036,3.2435317817340006,67.04065843621399,16.61891025641026,,control,3.0,IN,UNIVERSITY HEIGHTS HEALTH AND LIVING COMMUNITY,,0
155328,107.97649572649573,9.0,78.30130341880341,0.4215118922819985,3.2179811342556373,76.72905349794239,12.124978632478634,,control,3.0,IN,PARK TERRACE VILLAGE,,0
155329,168.9423076923077,0.0,90.37207264957266,0.43384380422328916,3.3074286640377046,58.72720164609054,24.265876068376073,,control,3.0,IN,ROSEWALK VILLAGE,,0
155333,109.0,4.5,85.10944444444445,0.3136277912576571,3.0967949551104668,70.66082304526748,17.105470085470085,,control,3.0,IN,PAOLI HEALTH AND LIVING COMMUNITY,,0
155334,160.75641025641028,4.0,89.6723076923077,0.31298255152241095,3.4977366765720017,59.272757201646094,21.625064102564103,,control,3.0,IN,WILDWOOD HEALTHCARE CENTER,,0
155335,100.0,7.0,79.89316239316238,0.3205541525113662,3.547953795297175,61.95798353909464,10.219337606837609,,control,3.0,IN,OSSIAN HEALTH CARE AND REHABILITATION CENTER,,0
155336,88.0,0.5,83.50722222222223,0.30018076590710485,2.9827491340017938,75.09574074074075,11.643846153846155,,control,3.0,IN,CHALET REHABILITATION AND HEALTHCARE CENTER,,0
155341,72.08547008547009,2.0,82.49083333333333,0.4970812843917537,3.8256760957329705,76.30973251028806,14.06017094017094,,control,3.0,IN,EASTGATE MANOR NURSING AND REHABILITATION,,0
155342,72.30341880341881,2.5,88.53284188034189,0.3799285557708465,3.399232803035599,62.43604938271606,13.29655982905983,,control,3.0,IN,MOUNT VERNON NURSING AND REHABILITATION,,0
155344,120.0,8.0,72.48324786324787,0.46904498302706193,3.0158321708867177,59.522181069958854,28.426858974358975,,control,3.0,IN,LIFE CARE CENTER OF MICHIGAN CITY,,0
155349,166.0,0.5,90.86378205128206,0.308508832555906,3.688119468074139,48.0387242798354,13.783376068376068,,control,3.0,IN,SAINT ANNE HOME,,0
155352,62.412393162393165,6.0,85.24446581196581,0.4287051068938324,2.835252270006682,81.78090534979424,8.306047008547008,,control,3.0,IN,ELKHART MEADOWS,,0
155353,36.25213675213676,4.0,79.98070512820513,0.43818765375886815,2.769627971936443,77.56864197530865,5.129786324786325,,control,3.0,IN,HICKORY CREEK AT GREENSBURG,,0
155354,114.0,1.5,93.38976495726496,0.353861496609833,4.083310689619941,69.03810699588477,6.065555555555556,,control,3.0,IN,Newburgh Health and Rehab,,0
155355,164.56410256410257,1.0,55.42897435897436,0.39584568440933254,3.298438684122483,76.33135802469135,10.761282051282052,,control,3.0,IN,WEST BEND NURSING AND REHABILITATION,,0
155356,20.175320512820512,0.0,72.7631185897436,4.448587301950328,6.060472402159244,0.6582716049382715,79.15666025641026,,control,3.0,IN,TRANSITIONAL CARE UNIT OF ST JOSEPH,,0
155357,113.02564102564102,1.5,82.70341880341881,0.46789602011321385,3.2389870785512214,63.961790123456794,17.11301282051282,,control,3.0,IN,RAWLINS HOUSE HEALTH & LIVING COMMUNITY,,0
155358,88.26923076923077,2.0,75.85239316239317,0.49198156872642773,3.889963706855629,69.46909465020576,10.423739316239317,,control,3.0,IN,MAJESTIC CARE OF DEMING PARK,,0
155359,66.0,0.5,69.62671522921524,0.2746559170494577,3.1047432393893786,71.67135802469136,7.8038500388500385,,control,3.0,IN,MAJESTIC CARE OF FORT WAYNE,,0
155361,64.0,1.0,89.2482264957265,0.3536752451285176,2.7142150669875,49.695164609053506,25.27476495726496,,control,3.0,IN,AMBER MANOR CARE CENTER,,0
155362,164.0,1.5,85.62713675213676,0.13694274692836553,3.16372620680053,77.01238683127573,8.867307692307692,,control,3.0,IN,BRICKYARD HEALTHCARE - MERRILLVILLE CARE CENTER,,0
155363,51.89102564102565,7.5,74.49000000000001,0.611120025519357,3.4366514497811735,73.9391769547325,7.7906623931623935,,control,3.0,IN,WILLOWDALE VILLAGE,,0
155367,110.0,2.0,89.23824786324786,0.4868445701979077,3.016213824928865,75.19611111111111,7.858910256410257,,control,3.0,IN,BRICKYARD HEALTHCARE -SYCAMORE VILLAGE CARE CENTER,,0
155368,72.08547008547009,1.0,73.80882478632479,0.35138924552216766,3.00645958805189,72.21271604938272,14.653076923076924,,control,3.0,IN,TODD-DICKEY NURSING AND REHABILITATION,,0
155370,96.0,7.0,73.83741452991454,0.40827647389699595,3.131783810764488,63.76588477366255,7.692029914529915,,control,3.0,IN,PREMIER HEALTHCARE OF NEW HARMONY,,0
155373,13.0,0.0,70.97861111111112,2.905876015398743,6.728351870492022,0.0,89.08196451696452,,control,3.0,IN,BLUFFTON REGIONAL MEDICAL CENTER CARE CENTER,,0
155375,86.0,0.5,63.8783547008547,0.33841955229569703,2.9624199487025864,78.32390946502059,8.654636752136753,,control,3.0,IN,BRICKYARD HEALTHCARE - PETERSBURG CARE CENTER,,0
155376,80.0,1.5,83.0315170940171,0.3649746149447473,2.715169864249126,67.72374485596708,10.101816239316241,,control,3.0,IN,MAJESTIC CARE OF SHERIDAN,,0
155381,115.38461538461539,5.5,89.5190170940171,0.23010982766898655,3.2032625806242785,67.13076131687242,11.968226495726498,,control,3.0,IN,HARBOUR MANOR HEALTH & LIVING COMMUNITY,,0
155383,94.0,3.5,82.02320512820513,0.3997288499888921,3.6695004169667707,70.93497942386831,12.263440170940171,,control,3.0,IN,WASHINGTON HEALTHCARE CENTER,,0
155384,86.0,2.0,88.0527564102564,0.3886479270967518,2.9340485119020876,66.55362139917695,13.923055555555557,,control,3.0,IN,BRICKYARD HEALTHCARE - LINCOLN HILLS CARE CENTER,,0
155385,78.8974358974359,0.5,78.92807692307693,0.4087417624735439,3.7995623579074995,100.0,0.0,,control,3.0,IN,CAMELOT CARE CENTER,,0
155386,101.00000000000001,2.0,87.49807692307692,0.40433926117971886,3.630249576592502,61.684485596707816,7.932735042735043,,control,3.0,IN,LAURELS OF DEKALB,,0
155387,50.0,7.5,92.86324786324786,0.23213481489351384,3.170137727100196,71.9277366255144,10.994444444444445,,control,3.0,IN,CAROLETON HEALTHCARE CENTER,,0
155388,37.0,1.5,83.64476495726497,0.2712394658680402,2.859063973513626,86.25168724279837,10.625149572649573,,control,3.0,IN,CORE OF BEDFORD,,0
155389,89.0,0.5,62.069065656565655,0.35165417911724517,4.174746048781003,61.109719416386085,28.745992618492618,,control,3.0,IN,WESTPARK A WATERS COMMUNITY,,0
155390,67.0,2.5,86.80536324786326,0.41353596195669484,2.9648605113220943,82.01732510288065,7.2640170940170945,,control,3.0,IN,BRICKYARD HEALTHCARE - WOODBRIDGE CARE CENTER,,0
155392,36.0,10.0,55.15441530691531,0.506919882169509,3.6232311322084136,84.64786008230452,2.4008203833203834,,control,3.0,IN,HICKORY CREEK AT KENDALLVILLE,,0
155401,110.0,6.0,75.58799145299146,0.19137718910143084,2.5316397847856456,78.74407407407408,6.371666666666667,,control,3.0,IN,BEN HUR HEALTH AND REHABILITATION,,0
155404,38.0,2.0,80.94970085470086,0.4517918704172984,3.0612659419047725,82.96718106995884,9.924914529914531,,control,3.0,IN,ESSEX NURSING AND REHABILITATION CENTER,,0
155406,36.0,2.0,82.03267094017095,0.4339128408855276,2.885313934452592,81.58543209876544,7.4119871794871806,,control,3.0,IN,HICKORY CREEK AT PERU,,0
155409,81.0,4.0,69.17869658119659,0.513938332364803,3.092553041366767,78.00962962962961,15.72147435897436,,control,3.0,IN,"WATERS OF INDIANAPOLIS, THE",,0
155412,120.2905982905983,5.0,77.17818376068377,0.2662785853830485,2.933667629516896,75.3788888888889,12.098632478632478,,control,3.0,IN,GREENWOOD HEALTH AND LIVING COMMUNITY,,0
155414,38.0,4.0,81.39015151515152,0.21332180309386195,3.1386331190365873,63.66031051253273,18.245188422688422,,control,3.0,IN,LINTON NURSING AND REHABILITATION CENTER,,0
155417,36.0,2.0,92.54446581196582,0.4502117260846803,2.755333076336395,74.90572016460905,9.97630341880342,,control,3.0,IN,HICKORY CREEK AT SCOTTSBURG,,0
155419,36.0,26.0,93.57617521367523,0.41260415895832564,2.383743723868724,81.29452674897118,7.585598290598291,,control,3.0,IN,HICKORY CREEK AT CRAWFORDSVILLE,,0
155424,36.25213675213676,1.0,91.84760683760683,0.326237672907597,2.650640784259665,87.10880658436213,3.8508333333333336,,control,3.0,IN,HICKORY CREEK AT COLUMBUS,,0
155427,36.0,0.0,98.50307692307692,0.3495880036630037,2.9073333028083033,73.05901234567901,10.81630341880342,,control,3.0,IN,HICKORY CREEK AT MADISON,,0
155428,44.0,11.5,78.85745726495726,0.35255856892395354,2.6292655483402614,83.59286008230453,9.869294871794871,,control,3.0,IN,MERIDIAN NURSING AND REHABILITATION CENTER,,0
155432,101.24358974358975,1.5,75.63935897435897,0.29735142372000706,3.5087175697994635,74.9812757201646,12.045064102564105,,control,3.0,IN,ALBANY HEALTH CARE & REHABILITATION CENTER,,0
155434,36.25213675213676,9.0,90.35136752136754,0.4422902691802716,2.7511455077937823,69.01687242798354,10.017927350427351,,control,3.0,IN,HICKORY CREEK AT CONNERSVILLE,,0
155441,38.0,0.0,70.7519055944056,0.6305719953245917,3.679805276370054,78.30379910213243,10.200555555555555,,control,3.0,IN,CORYDON NURSING AND REHABILITATION CENTER,,0
155442,36.126068376068375,7.0,87.76469696969697,0.5255268634018635,2.559650162243111,80.18053497942385,2.997115384615385,,control,3.0,IN,HICKORY CREEK AT FRANKLIN,,0
155443,72.0,2.5,78.32865384615386,0.21909652191522164,3.4950697341892467,84.15349794238682,8.933162393162394,,control,3.0,IN,"WATERS OF MUNCIE, THE",,0
155444,88.0,2.0,63.737927350427356,0.27424985850270134,2.9921820598576456,54.95712345679012,5.763017094017095,,control,3.0,IN,HUNTINGTON NURSING AND REHAB,,0
155448,88.01709401709402,3.5,86.77179487179488,0.34699124034724094,3.294789733482815,67.69477366255144,14.305576923076924,,control,3.0,IN,LOWELL HEALTHCARE,,0
155449,99.0,1.0,76.95991452991453,0.5144054560824322,3.177026988890291,57.20436213991769,12.182457264957266,,control,3.0,IN,NORTHERN LAKES NURSING AND REHABILITATION CENTER,,0
155455,165.72222222222223,5.0,77.70450854700856,0.2534891087205502,3.1960736114558044,69.87049382716049,9.791004273504274,,control,3.0,IN,WESLEYAN HEALTH CARE CENTER,,0
155458,38.0,2.0,81.36925213675214,0.3635651280925194,3.455143739644682,58.45453236064346,22.4408682983683,,control,3.0,IN,HIGHLAND NURSING AND REHABILITATION CENTER,,0
155459,36.504273504273506,1.0,80.69222222222223,0.3925777005951786,2.920783404957106,77.31115226337448,6.250405982905983,,control,3.0,IN,HICKORY CREEK AT NEW CASTLE,,0
155461,68.15170940170941,7.0,86.84290598290599,0.2910203036004098,3.125821379690252,78.64111111111112,13.206858974358976,,control,3.0,IN,PRAIRIE VILLAGE NURSING AND REHABILITATION,,0
155462,72.0,1.5,80.3997435897436,0.422001936753974,3.362174737583856,76.11851851851851,15.017243589743591,,control,3.0,IN,SWISS VILLA NURSING AND REHABILITATION,,0
155464,38.0,6.0,83.28170551670553,0.3922300262190292,3.2905590957321165,63.504880284324734,12.144335664335665,,control,3.0,IN,ROCKVILLE NURSING AND REHABILITATION CENTER,,0
155469,138.0,2.0,86.89282051282052,0.15596729351679772,3.3455789588241163,78.72415637860084,11.016025641025642,,control,3.0,IN,CASA OF HOBART,,0
155471,30.0,0.0,50.86831196581197,1.418451818791183,5.253987184645839,0.0,85.11380341880343,,control,3.0,IN,FOUR SEASONS RETIREMENT CENTER,,0
155472,35.92307692307693,0.0,51.54282051282051,0.9454681117790094,4.8475589204836,0.0,71.74713675213675,,control,3.0,IN,HOOSIER VILLAGE,,0
155475,29.47863247863248,0.0,41.40179487179488,1.511672007432264,5.068054921953641,0.0,92.14405982905984,,control,3.0,IN,TOWNE HOUSE RETIREMENT COMMUNITY,,0
155478,84.92307692307693,0.0,81.87713675213675,0.30592925969268314,3.2572197787626127,68.15839506172838,12.332735042735044,,control,3.0,IN,TIMBERS OF JASPER THE,,0
155479,130.57051282051282,0.5,85.99773504273506,0.47331434367275016,3.6494705652979356,48.17644032921811,33.14036324786325,,control,3.0,IN,Kingston Health Center of Fort Wayne,,0
155480,100.0,9.5,73.39102564102565,0.30517179578458165,3.733591350623214,64.82641975308643,11.452435897435898,,control,3.0,IN,ENVIVE OF BROOKVILLE,,0
155481,95.32692307692308,3.0,92.56950854700855,0.3476080608261147,3.6446270265150167,41.782592592592586,30.10333333333333,,control,3.0,IN,ARBOR TRACE HEALTH & LIVING COMMUNITY,,0
155482,60.0,4.0,52.21576923076923,0.23922169962972636,3.2050419977778506,70.39230452674897,17.3733547008547,,control,3.0,IN,KENDALLVILLE MANOR,,0
155483,58.0,9.5,86.94446581196581,0.4900413065169747,2.475267962510378,68.08716049382716,15.879337606837607,,control,3.0,IN,"WATERS OF RISING SUN, THE",,0
155484,146.4871794871795,3.5,83.27873931623932,0.42129381649400927,3.3791874266811197,63.91880658436215,20.201367521367523,,control,3.0,IN,SOUTHWOOD HEALTHCARE CENTER,,0
155486,45.0,1.0,60.415790598290606,0.38959080251951606,3.864452639286083,65.16736625514403,14.91087606837607,,control,3.0,IN,MIDDLETOWN NURSING AND REHABILITATION CENTER,,0
155487,113.59615384615385,8.0,91.91585470085471,0.3949092823564351,2.7636264407476503,63.39037037037036,8.654893162393162,,control,3.0,IN,BROWN COUNTY HEALTH AND LIVING COMMUNITY,,0
155489,80.01282051282051,2.0,90.33666666666667,0.4492228761830737,3.462532208433126,61.6585596707819,16.812713675213676,,control,3.0,IN,PARKER HEALTH CARE & REHABILITATION CENTER,,0
155490,137.75641025641028,5.5,78.46649572649574,0.41393425913202975,3.8197504044060295,76.70901234567901,9.786089743589745,,control,3.0,IN,AMBASSADOR HEALTHCARE,,0
155491,157.17521367521368,7.5,68.07096153846155,0.4296566718770515,3.1858307438539955,66.71893004115226,13.326239316239317,,control,3.0,IN,MAJESTIC CARE OF CONNERSVILLE,,0
155496,121.48717948717949,1.0,81.09491452991453,0.2891178087349471,3.006150064566045,73.839670781893,9.389380341880344,,control,3.0,IN,VALLEY VIEW HEALTHCARE CENTER,,0
155501,104.37179487179488,1.0,56.48948717948718,0.3625105452370654,3.109869573711094,74.64156378600822,11.675320512820514,,control,3.0,IN,SIGNATURE HEALTHCARE OF BLUFFTON,,0
155502,68.0,4.5,76.70491064491065,0.2214905578749249,2.8963613120922593,68.06016460905349,18.707529137529136,,control,3.0,IN,TRANSCENDENT HEALTHCARE OF OWENSVILLE,,0
155503,104.74786324786325,3.5,83.75444444444446,0.34587040960030446,3.421901021291504,63.610781893004116,11.4116452991453,,control,3.0,IN,HUTSONWOOD AT BRAZIL,,0
155506,149.84615384615384,0.5,77.4251282051282,0.3839336695114315,3.3837123800868736,52.552716049382724,23.189508547008547,,control,3.0,IN,HOLY CROSS REHABILITATION AND WELLNESS,,0
155508,92.80354830354831,3.5,71.00311771561772,0.29141047297217687,3.363008065586401,61.48635802469137,21.100915565915567,,control,3.0,IN,TRANSCENDENT HEALTHCARE OF BOONVILLE,,0
155510,84.0,0.5,77.51514957264958,0.3139674669707871,3.1590667545035025,42.471522633744854,16.631773504273504,,control,3.0,IN,CENTURY VILLA HEALTH CARE,,0
155511,38.0,5.0,84.28076534576536,0.3383240340936736,3.261812342245082,70.18032173587729,16.143144910644914,,control,3.0,IN,TERRE HAUTE NURSING AND REHABILITATION CENTER,,0
155512,133.0,2.5,85.82807692307692,0.5147739982867315,3.9671053278829684,58.08444444444444,10.466602564102564,,control,3.0,IN,ASCENSION LIVING SACRED HEART VILLAGE,,0
155516,34.634188034188035,0.0,88.93673504273505,2.5400941818331244,6.69976262364772,0.0,54.16043162393162,,control,3.0,IN,PARKVIEW MEMORIAL HOSPITAL-CCC,,0
155520,76.67307692307693,3.0,74.0571794871795,0.46113861041931725,3.582173649904168,77.89028806584362,5.945940170940172,,control,3.0,IN,ENVIVE OF RIVER CITY,,0
155521,70.0,7.5,83.02000000000001,0.25057001238112697,3.2650170372090734,74.83656378600824,9.680363247863248,,control,3.0,IN,ALEXANDRIA CARE CENTER,,0
155523,79.0,1.5,88.14578606578607,0.4585752431907521,3.39352775857345,62.38938271604938,12.547081714581715,,control,3.0,IN,RICHLAND BEAN BLOSSOM HEALTH CARE CENTER,,0
155524,139.92307692307693,2.0,91.84750000000001,0.41385563424128635,3.6477291232864095,61.724609053497936,12.70371794871795,,control,3.0,IN,HEALTH CENTER AT GLENBURN HOME,,0
155526,112.0,2.5,67.58358974358974,0.4170920341201955,3.6338469720055153,67.78497942386831,13.020064102564103,,control,3.0,IN,PERSIMMON RIDGE REHABILITATION CENTRE,,0
155527,58.0,2.0,83.02794871794873,0.3770018296753707,3.43137359265716,61.59567901234567,18.73217948717949,,control,3.0,IN,PINEKNOLL REHABILITATION CENTRE,,0
155532,38.0,14.0,77.59726495726495,0.5162153431352778,2.8122495180987266,83.36831275720164,9.06061965811966,,control,3.0,IN,APERION CARE MONROE,,0
155535,80.0,2.5,77.53739316239317,0.4248726336282426,3.491004531674404,76.28584362139917,13.430427350427351,,control,3.0,IN,WILLOW CROSSING HEALTH & REHABILITATION CENTER,,0
155539,55.94871794871795,4.0,84.4011752136752,0.3151932531077081,3.776082796959366,62.92411522633744,16.453333333333337,,control,3.0,IN,BERTHA D GARTEN KETCHAM MEMORIAL CENTER,,0
155542,102.0,2.5,84.18269230769232,0.3426283866734721,3.0174420940927384,53.51489711934156,15.684358974358975,,control,3.0,IN,CLOVERLEAF OF KNIGHTSVILLE,,0
155543,36.25213675213676,1.0,84.10497863247863,0.2876875577456779,2.751618509234001,85.0292181069959,13.486324786324786,,control,3.0,IN,HICKORY CREEK AT HUNTINGTON,,0
155546,101.50000000000001,5.0,75.02942307692308,0.23556393110203988,3.51912981388852,64.17979423868313,20.090854700854702,,control,3.0,IN,BETHEL POINTE HEALTH AND REHAB,,0
155551,115.0,1.0,80.3933547008547,0.35859348001972946,3.8105187399787948,58.988024691358014,9.047478632478633,,control,3.0,IN,ROLLING MEADOWS HEALTH CARE CENTER,,0
155556,149.84615384615384,1.0,85.19568376068375,0.47754265028566767,3.0874113329019783,63.75355967078189,13.15570512820513,,control,3.0,IN,"WATERS OF TIPTON SKILLED NURSING FACILITY, THE",,0
155557,114.0,2.0,64.83831196581197,0.331919049800961,3.3527386726276545,57.72024691358024,24.858333333333334,,control,3.0,IN,MILLER'S MERRY MANOR,,0
155564,98.0,0.5,70.36538461538463,0.5080985227496618,3.3193553783583436,61.88909465020576,22.197692307692307,,control,3.0,IN,MILLER'S MERRY MANOR,,0
155566,90.08547008547009,4.5,69.49946581196582,0.27612623694371363,3.1642124915793586,74.9961111111111,13.385085470085471,,control,3.0,IN,WARSAW MEADOWS,,0
155567,104.0,3.5,67.27023504273504,0.19927495202711037,2.8523006304075347,69.73053497942388,9.990106837606838,,control,3.0,IN,UNIVERSITY PARK REHABILITATION AND HEALTHCARE,,0
155568,85.42094017094017,3.0,73.45608974358974,0.36194358972146334,3.1512306583790717,65.24666666666666,14.577051282051283,,control,3.0,IN,WILLIAMSPORT NURSING AND REHABILITATION,,0
155570,48.0,1.5,71.17111111111112,0.196150853300111,3.0334946610967295,81.93436213991768,6.800576923076924,,control,3.0,IN,MAJESTIC CARE OF MCCORDSVILLE,,0
155571,46.0,1.5,87.46200854700854,0.40773761192669233,2.7909693196458356,74.74995884773662,11.491965811965812,,control,3.0,IN,"WATERS OF DUNKIRK SKILLED NURSING FACILITY, THE",,0
155572,93.0,4.5,69.4549358974359,0.28873283607177636,3.1797007619891735,65.51637860082303,13.67948717948718,,control,3.0,IN,APERION CARE DEMOTTE,,0
155573,60.0,4.0,62.766709401709406,0.39051826024026254,3.1140762830683646,65.8454732510288,14.516602564102564,,control,3.0,IN,"WATERS OF MIDDLETOWN SKILLED NURSING FACILITY, THE",,0
155574,107.0,2.5,70.77111111111113,0.4093142054603185,2.7594679385614773,75.21259259259259,9.425213675213676,,control,3.0,IN,MILLER'S MERRY MANOR,,0
155576,65.0,1.5,79.09698717948717,0.3910637891133649,2.979934484195354,72.06991769547324,13.927008547008548,,control,3.0,IN,WATERS OF HARTFORD CITY SKILLED NURSING FACILITY,,0
155578,70.0,5.5,77.56164529914531,0.44090865851035344,2.9206608034934307,67.65847736625514,12.096923076923078,,control,3.0,IN,MILLER'S MERRY MANOR,,0
155579,75.0,0.0,86.0115170940171,0.4685555342606668,3.0237279623389095,74.33222222222223,11.003824786324786,,control,3.0,IN,MILLER'S MERRY MANOR,,0
155580,180.0,1.0,69.93320512820513,0.19945247782675085,3.258341044794523,80.86823045267491,12.831858974358974,,control,3.0,IN,APERION CARE TOLLESTON PARK,,0
155581,66.0,1.0,74.00373931623932,0.3108401689482645,2.680702420195324,59.211604938271606,11.43542735042735,,control,3.0,IN,"WATERS OF SYRACUSE SKILLED NURSING FACILITY, THE",,0
155582,133.0,2.0,87.80044871794871,0.48207456589267234,3.098505673517544,66.97621399176955,11.194294871794872,,control,3.0,IN,"WATERS OF WAKARUSA SKILLED NURSING FACILITY, THE",,0
155583,76.0,2.5,81.12602564102565,0.5809192388885837,3.373280662974868,61.95510288065843,10.914636752136754,,control,3.0,IN,MILLER'S MERRY MANOR,,0
155586,241.21153846153848,1.0,50.799017094017096,0.27314391048656417,3.812646973403448,66.029012345679,10.922970085470086,,control,3.0,IN,LUTHERAN LIFE VILLAGES,,0
155587,43.0,9.0,86.34636752136753,0.20956159951159953,2.8176716066341068,82.56049382716049,7.349252136752137,,control,3.0,IN,APERION CARE SUMMERFIELD,,0
155589,66.0,0.5,89.05320512820512,0.6588492137127007,3.122780968944033,61.396584362139926,9.317970085470087,,control,3.0,IN,MILLER'S MERRY MANOR,,0
155596,75.0,3.5,90.8857264957265,0.2600506559687839,2.8621315995736585,54.882407407407406,15.696688034188035,,control,3.0,IN,LAKELAND REHAB AND HEALTHCARE CENTER,,0
155600,148.4957264957265,1.5,89.03878205128206,0.3773345727881594,3.2770264420972217,57.043497942386836,13.700833333333334,,control,3.0,IN,MULBERRY HEALTH & REHABILITATION CENTER,,0
155604,120.0,2.0,75.73205128205129,0.5042563281650863,3.6928774554639863,55.49230452674897,17.12474358974359,,control,3.0,IN,SAINT ANTHONY REHAB AND NURSING CENTER,,0
155605,88.65384615384616,10.0,73.25604700854701,0.45322189921035844,3.3497943948803863,75.22629629629628,15.12457264957265,,control,3.0,IN,GRAND VALLEY HEALTH & REHAB,,0
155607,63.0,1.5,95.49568376068376,0.3138296856007407,3.2558517247252583,71.28,5.683012820512821,,control,3.0,IN,BETHEL MANOR,,0
155608,155.0,1.0,93.71566239316239,0.3414802460398872,3.344251772796,53.351049382716056,17.054636752136755,,control,3.0,IN,HEALTHCARE CENTER AT WITTENBERG VILLAGE,,0
155611,97.0,4.5,96.28023504273506,0.3085448729458792,3.355420848262007,68.46390946502056,10.472713675213676,,control,3.0,IN,HOOSIER HEALTH & LIVING COMMUNITY,,0
155614,152.97435897435898,2.5,84.75649572649573,0.29216561130506524,3.5339711652942225,71.02232510288066,11.078098290598291,,control,3.0,IN,LINCOLN HILLS OF NEW ALBANY,,0
155616,122.00000000000001,2.5,54.01047008547009,0.14431259735952895,3.207185190540974,73.16440329218106,12.30508547008547,,control,3.0,IN,NEW ALBANY NURSING AND REHABILITATION CENTER,,0
155617,60.0,0.5,83.24066239316241,0.21560737406522718,2.888533812975568,65.55592592592592,12.451837606837609,,control,3.0,IN,WATERS OF CHESTERFIELD SKILLED NURSING FACILITY,,0
155620,185.0,5.0,80.35754273504273,0.42791901956768996,3.7876999723474882,67.66664609053498,13.359807692307692,,control,3.0,IN,ZIONSVILLE MEADOWS,,0
155625,83.0,4.5,84.12489316239316,0.43750719589562703,3.0227933846949906,74.57899176954734,12.405576923076923,,control,3.0,IN,ARBOR GROVE VILLAGE,,0
155627,44.0,9.0,65.11286324786326,0.34662218448886645,2.9199747685737023,79.67888888888888,9.075491452991454,,control,3.0,IN,WATERS OF WABASH SKILLED NURSING FACILITY WEST,,0
155628,114.7051282051282,2.0,74.1840811965812,0.3790630277169467,4.011630519160296,85.50041152263377,9.439209401709402,,control,3.0,IN,CREEKSIDE HEALTH AND REHABILITATION CENTER,,0
155630,63.0,0.0,81.08051282051284,0.3068421238123318,3.101470719280818,66.09423868312757,16.16450854700855,,control,3.0,IN,FLATROCK RIVER LODGE,,0
155631,74.0,0.0,67.8418376068376,0.3880788080570211,3.3905487154446483,77.60940329218107,8.276709401709402,,control,3.0,IN,WHITE RIVER LODGE,,0
155632,70.0,0.0,65.89076923076924,0.33657584431899795,3.2359477413635886,75.26843621399178,16.08972222222222,,control,3.0,IN,LODGE OF THE WABASH,,0
155635,89.0,3.0,86.7558547008547,0.558280754694206,3.904018009730792,45.51818930041153,16.727264957264957,,control,3.0,IN,GRACE VILLAGE HEALTH CARE FACILITY,,0
155636,110.78826728826729,1.0,88.15731028231029,0.22823163265949667,3.3974661522788256,77.15325102880658,8.447645687645688,,control,3.0,IN,HARRISON TERRACE,,0
155637,145.96153846153845,2.5,86.64256410256411,0.2539842961948734,3.56301994268637,59.73744855967078,20.267029914529914,,control,3.0,IN,CROWN POINT HEALTH CAMPUS,,0
155649,87.0,8.0,86.52942307692308,0.29089925140720857,2.5973505016905776,65.20253086419753,11.43034188034188,,control,3.0,IN,MCCORMICK'S CREEK REHABILITATION AND HEALTHCARE,,0
155650,100.0,1.0,78.36752136752136,0.2862439374439005,3.3031977404934723,69.13119341563785,19.34111111111111,,control,3.0,IN,LINCOLNSHIRE HEALTH & REHABILITATION CENTER,,0
155651,115.59615384615385,1.5,89.51619658119658,0.3063551898031108,3.31925183980983,67.36728395061728,12.599871794871795,,control,3.0,IN,HOMEVIEW CENTER OF FRANKLIN,,0
155653,117.0,1.5,64.8442735042735,0.3981798222464996,3.3196782592284495,82.33753086419753,11.283397435897436,,control,3.0,IN,HARBOR HEALTH & REHAB,,0
155654,67.0,2.0,85.5551282051282,0.29890219313093974,3.3643352405636135,74.88242798353909,7.737585470085471,,control,3.0,IN,ENGLEWOOD HEALTH & REHABILITATION CENTER,,0
155655,176.8717948717949,0.0,88.82923076923076,0.25970056878833614,4.3173196597606065,58.04296296296296,11.285341880341882,,control,3.0,IN,PEABODY RETIREMENT COMMUNITY,,0
155656,140.73931623931625,3.5,75.6655982905983,0.46949240716535057,3.353314672961543,70.97296296296295,11.270235042735044,,control,3.0,IN,CANTERBURY NURSING AND REHABILITATION CENTER,,0
155658,96.0,1.0,89.00495726495727,0.43792189905753065,3.6079674597930254,46.796913580246915,8.950833333333334,,control,3.0,IN,WESLEY MANOR HEALTH CENTER,,0
155660,58.0,3.5,90.63440170940171,0.5230007039381277,3.4856117442348618,57.80534979423868,9.62337606837607,,control,3.0,IN,PULASKI HEALTH CARE CENTER,,0
155661,112.48717948717949,1.5,88.25576923076923,0.314201825319176,2.731856701443752,71.96283950617283,10.581837606837608,,control,3.0,IN,OWEN VALLEY REHABILITATION AND HEALTHCARE CENTER,,0
155662,108.97435897435898,3.0,88.85196581196581,0.3429210146076584,4.405579750705701,10.853374485596708,31.578333333333333,,control,3.0,IN,REHABILITATION CENTER AT HARTSFIELD VILLAGE,,0
155664,120.0,2.0,83.9701282051282,0.6124212190798745,3.965700874174349,44.56423868312757,32.47514957264958,,control,3.0,IN,EAGLE CREEK HEALTHCARE CENTER,,0
155665,120.0,4.5,83.4643376068376,0.14864685680292408,2.8137121010963972,62.7711316872428,9.842478632478633,,control,3.0,IN,MAJESTIC CARE OF NORTH VERNON,,0
155667,53.95726495726497,1.5,91.2111752136752,0.5765571020963238,4.3650691959528665,52.28736625514403,21.53115384615385,,control,3.0,IN,OAK GROVE CHRISTIAN RETIREMENT VILLAGE,,0
155668,158.0,0.0,78.45850427350427,0.17419204199827562,3.50591162608008,35.221296296296295,19.98551282051282,,control,3.0,IN,CHARLESTOWN PLACE AT NEW ALBANY,,0
155669,25.0,0.0,59.63247863247864,1.1521939732879316,7.210061368223974,0.0,67.60816045066045,,control,3.0,IN,RIVERVIEW TCU,,0
155670,114.08547008547009,1.5,84.22782051282053,0.415857662593071,3.1338596987789633,54.381790123456796,25.42655982905983,,control,3.0,IN,MAJESTIC CARE OF NEWBURGH,,0
155672,85.0,3.0,91.14899572649573,0.3873737671230255,3.8207847756745292,55.63098765432098,14.488653846153847,,control,3.0,IN,HAMILTON GROVE,,0
155675,53.28418803418804,1.0,86.77931623931624,0.5518602515035739,4.238466737322857,36.477469135802465,25.33647435897436,,control,3.0,IN,MORNING BREEZE RETIREMENT COMMUNITY AND HEALTHCARE,,0
155676,80.0,4.0,83.59241452991454,0.3622792157425261,3.4286307237061644,71.54022633744856,10.829679487179487,,control,3.0,IN,MILNER COMMUNITY HEALTH CARE,,0
155677,78.991452991453,3.5,85.34837606837607,0.622518696250425,3.4242510363994847,3.9439506172839507,40.92769230769231,,control,3.0,IN,BELL TRACE HEALTH AND LIVING CENTER,,0
155679,90.0,3.0,93.82655982905983,0.20305560932758104,2.8243668388125873,64.73294238683127,9.58474358974359,,control,3.0,IN,BETHLEHEM WOODS NURSING AND REHABILITATION,,0
155683,43.0,7.5,71.80555555555556,0.22409366096866098,2.4208737337765114,96.20749345304901,0.0,,control,3.0,IN,B & B CHRISTIAN HEALTHCARE CENTER,,0
155684,60.0,0.0,89.92217948717949,0.3809296160036545,3.911695160786507,33.9327366255144,20.305491452991454,,control,3.0,IN,SOUTHFIELD VILLAGE,,0
155685,175.0,3.0,84.04811965811966,0.300026364721263,3.0584931216357925,75.92222222222222,9.06292735042735,,control,3.0,IN,BRICKYARD HEALTHCARE - ELKHART CARE CENTER,,0
155686,57.0,2.5,87.4223076923077,0.2587398604072089,2.7745209723845283,74.82545267489712,11.858311965811966,,control,3.0,IN,BRICKYARD HEALTHCARE - KNOX CARE CENTER,,0
155687,117.0,1.5,87.68297008547009,0.30896780907808497,2.9509236427139958,71.72584362139918,8.322692307692307,,control,3.0,IN,BRICKYARD HEALTHCARE - MUNCIE CARE CENTER,,0
155689,175.4102564102564,5.5,81.01707264957265,0.34477463273329173,3.488861661837459,69.19637860082304,13.080042735042735,,control,3.0,IN,MAJESTIC CARE OF GOSHEN,,0
155691,115.97435897435898,2.5,88.47816239316239,0.35979323132265034,3.338993794424125,60.62479423868312,14.910747863247863,,control,3.0,IN,MORRISTOWN MANOR,,0
155694,112.10897435897436,2.5,87.9999358974359,0.25539207251252805,2.99862626223515,49.793641975308645,11.131111111111112,,control,3.0,IN,BETZ NURSING HOME,,0
155695,97.0,4.0,86.37519230769232,0.31245896539402446,2.9230643259411546,77.59625514403291,11.673782051282053,,control,3.0,IN,RIVERSIDE VILLAGE,,0
155697,89.42948717948718,2.0,79.96696581196582,0.3988589935398345,3.3479808603746415,71.50938271604937,14.150747863247863,,control,3.0,IN,CLARK REHABILITATION AND SKILLED NURSING CENTER,,0
155700,56.12820512820513,0.0,93.06200854700856,0.9698009256261922,5.591843462249639,43.839958847736625,24.859166666666667,,control,3.0,IN,CATHERINE KASPER HOME,,0
155701,68.82051282051282,3.0,89.79790598290599,0.43638519759141564,3.2466230481934257,41.93086419753086,7.0312179487179485,,control,3.0,IN,CHRISTIAN CARE RETIREMENT COMMUNITY,,0
155702,92.0,1.5,76.2665170940171,0.46153169296712093,3.4565494615583616,68.54320987654322,14.662948717948717,,control,3.0,IN,APERION CARE PERU,,0
155703,25.991452991452995,5.0,88.0204700854701,0.970982634023326,6.543019975387376,1.8309876543209878,36.48243589743589,,control,3.0,IN,BROOKSIDE VILLAGE INC,,0
155704,79.0,2.0,81.80027777777778,0.4707339537672106,2.7139875067145844,70.04135802469136,16.612649572649573,,control,3.0,IN,WALDRON REHABILITATION AND HEALTHCARE CENTER,,0
155707,128.0,2.5,91.57491452991454,0.7594158317176247,4.489555758324576,32.903374485596714,8.586517094017095,,control,3.0,IN,SWISS VILLAGE,,0
155708,48.0,8.5,88.40213675213676,0.3190846739811279,2.6889140560910065,73.19267489711933,13.04163247863248,,control,3.0,IN,HILLSIDE MANOR NURSING HOME,,0
155711,52.0,5.0,67.6391686091686,0.1523081114074069,3.282799976495137,84.21002244668912,5.8470085470085476,,control,3.0,IN,CAPITOL VILLAGE,,0
155714,50.0,2.0,56.47863247863248,0.32454241657562344,3.0154933668657575,61.31452674897119,13.064145299145302,,control,3.0,IN,OAK VILLAGE,,0
155715,111.58760683760684,4.5,89.48773504273504,0.6247896104281978,4.160233750832744,50.20411522633746,13.839337606837608,,control,3.0,IN,LUTHERAN COMMUNITY HOME,,0
155719,70.0,1.5,81.96425213675215,0.30402727322035866,3.771689453439526,43.294403292181066,11.646025641025641,,control,3.0,IN,GEORGE ADE MEMORIAL HEALTH CARE CENTER,,0
155720,61.217948717948715,3.0,82.55747863247863,0.492248358573302,2.8997333685796356,81.68020576131687,2.7603418803418807,,control,3.0,IN,CATHEDRAL HEALTH CARE CENTER,,0
155721,55.0,1.5,76.20383644133645,0.14525851995040298,2.6601394453103655,74.31951552562663,6.036394716394717,,control,3.0,IN,LAWRENCE MANOR HEALTHCARE CENTER,,0
155722,40.0,33.5,76.5,0.21378709677419355,4.381958422939069,76.24600000000001,5.074,,control,3.0,IN,LU ANN NURSING HOME,,0
155724,70.33333333333334,7.0,78.70568376068375,0.3639103355775401,3.202325402741444,29.92506172839506,34.97405982905983,,control,3.0,IN,WOODBRIDGE HEALTH CAMPUS,,0
155725,26.974358974358978,0.0,81.35867521367521,0.5996396243248073,3.673117201478329,7.4830864197530875,56.653504273504275,,control,3.0,IN,UNIVERSITY PLACE HEALTH CENTER AND ASSISTED LIVING,,0
155726,30.0,1.0,94.91452991452992,0.31422789341843277,4.017185001342273,30.9979012345679,13.759465811965814,,control,3.0,IN,RIVER TERRACE HEALTH CARE CENTER,,0
155729,61.00000000000001,1.0,89.31916666666666,0.37135020882052094,3.4590977790392845,63.27469135802469,5.583376068376069,,control,3.0,IN,ADAMS HERITAGE,,0
155732,68.0,0.0,89.57957264957265,0.5674776016037784,3.256443886079637,36.02189300411523,26.729059829059832,,control,3.0,IN,RIVEROAKS HEALTH CAMPUS,,0
155733,55.0,6.5,72.37284188034188,0.19278671229224825,3.1434168067395927,67.9756790123457,15.42854700854701,,control,3.0,IN,COLONIAL NURSING HOME,,0
155738,37.52991452991453,0.0,80.95784188034187,0.40011298537430007,4.2380171348220115,40.54944444444444,17.72476495726496,,control,3.0,IN,"MILTON HOME, THE",,0
155740,65.0,2.0,89.38643162393163,0.5425823155400857,4.202766168905791,33.77851851851852,4.08707264957265,,control,3.0,IN,TIMBERCREST CHURCH OF THE BRETHREN HOME,,0
155743,64.0,11.5,68.09388888888888,0.5129720032502315,3.3686839676910822,65.5516049382716,10.915341880341881,,control,3.0,IN,GREENHILL MANOR,,0
155744,99.25213675213676,4.0,78.87873931623932,0.3592342568025571,3.5145019352070244,65.86975308641975,13.79121794871795,,control,3.0,IN,LUTHERAN LIFE VILLAGES,,0
155745,40.09401709401709,1.0,86.26260683760682,0.4772414318330522,4.981780685200431,32.60600823045267,25.975,,control,3.0,IN,HOLY CROSS VILLAGE AT NOTRE DAME INC,,0
155746,42.0,1.0,93.13970085470086,0.4149170693622617,3.3160099386368618,53.385884773662546,11.538418803418805,,control,3.0,IN,PARKVIEW HAVEN,,0
155747,143.0,5.0,79.76442307692308,0.35657315725194993,3.468565424884306,52.64551440329219,9.727905982905984,,control,3.0,IN,ADAMS WOODCREST,,0
155750,39.0,11.0,93.09459401709402,0.10052298910632243,3.4824077456577456,86.4629394473839,1.6720604395604397,,control,3.0,IN,MORGANTOWN HEALTH CARE,,0
155751,137.0,2.0,88.7598717948718,0.5076599158116726,3.9228549322499324,63.0917695473251,20.07794871794872,,control,3.0,IN,MEADOW LAKES,,0
155752,40.0,0.5,91.78418803418805,0.24653379562994948,3.8367113696536777,68.53319615912208,3.421994301994302,,control,3.0,IN,MORNINGSIDE NURSING AND MEMORY CARE CENTER,,0
155754,66.0,4.5,89.2155982905983,0.7960235072721423,4.3683608843530495,9.047695473251029,38.26741452991453,,control,3.0,IN,HUBBARD HILL ESTATES INC,,0
155755,108.35256410256412,1.5,96.435,0.2353902177333762,3.6120026854263867,66.86296296296295,6.1675641025641035,,control,3.0,IN,GOLDEN YEARS HOMESTEAD,,0
155756,150.0,2.0,90.48608974358974,0.1963425255954092,3.3007985995158817,54.70164609053498,18.282350427350426,,control,3.0,IN,COVENTRY MEADOWS,,0
155757,150.0,2.0,93.75972222222222,0.266693633841464,3.178686880251703,52.78728395061729,24.08440170940171,,control,3.0,IN,ROSEGATE VILLAGE,,0
155759,68.0,9.5,75.75384615384615,0.3456241818370519,3.500719653642183,41.98049382716049,33.74621794871795,,control,3.0,IN,GLEN OAKS HEALTH CAMPUS,,0
155760,88.00854700854701,2.0,68.83207264957265,0.43954330363317656,2.9017021110756978,28.909711934156377,31.713333333333335,,control,3.0,IN,WATERFORD CROSSING,,0
155761,140.06623931623932,7.5,91.54083333333334,0.3289813957004782,3.208921701482603,55.14259259259259,21.025876068376068,,control,3.0,IN,BROWNSBURG MEADOWS,,0
155763,77.0,0.5,75.56057692307692,0.22088506623368184,2.8595275360998076,53.202633744855966,15.339700854700856,,control,3.0,IN,NORTH RIDGE VILLAGE NURSING & REHABILITATION CENTE,,0
155764,50.98290598290599,2.0,86.6931623931624,0.42397702686206185,5.968562597062613,7.681872427983539,72.86993589743591,,control,3.0,IN,SPRING MILL HEALTH CAMPUS,,0
155765,25.846153846153847,0.0,85.71175213675214,0.8757014341630711,5.890612597500066,0.0,77.85215811965811,,control,3.0,IN,SOUTHERN INDIANA REHABILITATION HOSPITAL - SNF,,0
155769,68.0,0.0,72.75604700854701,0.3997122611384472,4.889728768144189,7.066460905349795,53.18512820512821,,control,3.0,IN,MORRISON WOODS HEALTH CAMPUS,,0
155771,181.6517094017094,2.5,81.52935897435898,0.4324021515642022,4.151118757540273,54.44020576131688,12.127008547008547,,control,3.0,IN,OTTERBEIN FRANKLIN SENIORLIFE COMM RES & COM CARE,,0
155773,49.0,2.0,81.1574358974359,1.0601014423311215,5.439903264738969,5.439259259259259,41.08950854700855,,control,3.0,IN,TERRACE AT SOLARBRON THE,,0
155774,21.0,0.0,41.56081908831909,2.1393256568534347,8.623401946818614,0.0,89.11484330484332,,control,3.0,IN,MILLER'S MERRY MANOR,,0
155776,99.0,0.0,93.17027065527066,0.5092861648857671,3.441327175871056,41.046399176954736,31.8046114996115,,control,3.0,IN,SPRINGHILL VILLAGE,,0
155778,53.00000000000001,2.0,86.65334757834758,0.15748495370370372,2.6817741571699907,64.20292181069958,10.458917378917379,,control,3.0,IN,PARKVIEW HEALTHCARE,,0
155780,130.0,0.0,56.233051282051285,0.30608363207915285,3.2283878175250216,51.77935677765308,17.002721153846153,,control,3.0,IN,HAWTHORNE HEALTHCARE CENTER,,0
155781,32.0,0.0,45.004000000000005,0.20200000000000007,5.393600000000001,21.736,28.324,,control,3.0,IN,MORNINGCREST NURSING AND MEMORY CARE CENTER,,0
155782,61.00000000000001,0.0,82.47054807692308,0.8522263616984842,3.92451854717517,24.486496071829407,36.59676282051282,,control,3.0,IN,WHITE OAK HEALTH CAMPUS,,0
155783,60.0,0.0,86.77787820512822,0.6103234646183741,3.9586088694440833,14.14054969447562,42.14382692307692,,control,3.0,IN,GREENLEAF HEALTH CAMPUS,,0
155784,100.0,0.0,81.22628205128206,0.5308501276053785,4.0881282195323205,40.5720069834144,29.72592948717949,,control,3.0,IN,CREEKSIDE VILLAGE,,0
155786,163.21001221001222,0.0,86.35245421245423,0.4432653127106597,3.057857412956785,54.162929012345685,16.871868131868133,,control,3.0,IN,ALLISONVILLE MEADOWS,,0
155787,232.95545195545196,9.0,74.11187904687905,0.3664226755727892,4.12333719862882,74.00979523631375,2.3050025900025903,,control,3.0,IN,INDIANA VETERANS HOME,,0
155788,169.8840048840049,0.0,86.91501221001222,0.47920196277449967,3.363284880113859,51.927566137566146,20.868711843711843,,control,3.0,IN,GREENWOOD MEADOWS,,0
155790,120.0,0.0,71.013778998779,1.1419334334490878,4.474536993008618,27.63539682539683,45.26440170940171,,control,3.0,IN,BRIDGEWATER HEALTHCARE CENTER,,0
155792,171.0,0.0,82.90532356532357,0.3834128597354451,3.604795448542491,65.03460317460318,15.505866910866912,,control,3.0,IN,COUNTRYSIDE MEADOWS,,0
155793,108.0,0.0,93.58004273504274,0.29307134183240535,3.507824457684616,34.602422104644326,30.61298534798535,,control,3.0,IN,HAMILTON TRACE OF FISHERS,,0
155796,65.0,0.0,67.10557692307692,0.4957731435231435,3.9124707973186235,40.34122427983539,6.814917582417583,,control,3.0,IN,CEDARS THE,,0
155798,139.0,0.0,69.8569123931624,0.7196008541953937,4.3071408441414,40.56993827160493,23.48746794871795,,control,3.0,IN,ASHTON CREEK HEALTH AND REHABILITATION CENTER,,0
155800,84.0,0.0,80.99881410256411,0.5234419225424309,3.7460463492390654,27.367541152263374,16.699690170940173,,control,3.0,IN,LUTHERAN LIFE VILLAGES,,0
155801,56.0,0.0,73.7694123931624,0.23490032515793385,2.5339036324786326,69.0425720164609,15.820854700854701,,control,3.0,IN,TRANSCENDENT HEALTHCARE OF BOONVILLE - NORTH,,0
155802,70.0,0.0,90.30861111111112,0.791449803637615,5.05168225368921,55.464814814814815,30.824113247863245,,control,3.0,IN,PROVIDENCE HEALTH CARE CENTER,,0
155803,115.0,0.0,74.07879273504274,0.8540847678909809,4.346867853978363,34.37585390946502,31.79700854700855,,control,3.0,IN,HAMILTON POINTE HEALTH AND REHAB,,0
155805,100.0,0.0,81.93772893772893,0.538034051932642,4.001459342525199,29.906635802469133,34.15712454212455,,control,3.0,IN,ADDISON POINTE HEALTH & REHABILITATION CENTER,,0
155807,50.0,0.0,88.84249084249085,0.24643460609158285,2.319980178735993,91.35003322259138,4.424139194139195,,control,3.0,IN,RURAL HEALTH CARE CENTER,,0
155809,100.0,0.0,88.0,0.3643672874923319,3.2120998488475996,78.41,1.14,,control,1.0,IN,GREY STONE HEALTH & REHABILITATION CENTER,,0
155810,119.0,0.0,67.81201465201465,0.3837726328038805,3.4129053365323525,95.74993355481729,2.503223443223443,,control,3.0,IN,VERNON HEALTH & REHABILITATION,,0
155813,54.0,0.0,98.15,0.7367953397742074,3.469847426906933,35.85,18.87,,control,1.0,IN,VILLAGES AT HISTORIC SILVERCREST THE,,0
155820,47.0,0.0,94.53209302325581,0.5660514138760259,3.184807377580153,76.61174418604651,8.124651162790698,,control,2.0,IN,APERION CARE LINCOLN,,0
155821,104.0,0.0,98.08,0.3161419214360409,3.560680432010001,44.12,19.61,,control,1.0,IN,ASPEN TRACE HEALTH & LIVING COMMUNITY,,0
155825,42.0,0.0,94.06383720930232,0.5504489371471788,5.046100630689031,81.09174418604653,4.146569767441861,,control,2.0,IN,ST AUGUSTINE HOME FOR THE AGED,,0
155827,84.0,0.0,72.025,0.4057875457875458,3.180728620652955,54.475,8.31,,control,1.0,IN,SAGE BLUFF HEALTH & REHAB CENTER,,0
155832,18.0,0.0,52.775,2.671946266968326,6.3097954374057315,0.0,58.525,,control,1.0,IN,WITHAM EXTENDED CARE,,0
155834,134.0,0.0,63.43,0.3140419707012888,3.3110597303439575,80.0,7.06,,control,1.0,IN,BRICKYARD HEALTHCARE - WILLOW SPRINGS CARE CENTER,,0
155836,104.0,0.0,93.27,0.5940184892475318,3.5507512871368263,42.27,17.53,,control,1.0,IN,CUMBERLAND TRACE HEALTH & LIVING COMMUNITY,,0
155839,34.0,0.0,91.18,0.2943229166666667,2.82782196969697,64.52,12.9,,control,1.0,IN,SUMMIT HEALTH AND LIVING,,0
155841,104.0,0.0,93.27,0.8864841128842862,3.5399796771385272,52.58,11.34,,control,1.0,IN,COPPER TRACE HEALTH & LIVING COMMUNITY,,0
155847,29.0,0.0,93.5835465116279,0.10321883020922454,2.3369944706456334,85.29116279069768,7.104651162790698,,control,2.0,IN,SILVER MEMORIES HEALTH CARE,,0
155850,98.0,0.0,84.77000000000001,0.24091393764017177,3.3172596112040313,71.50999999999999,15.14,,control,1.0,IN,BELLTOWER HEALTH & REHABILITATION CENTER,,0
155853,50.0,0.0,96.0,1.2940112738974032,5.08165444233455,0.0,62.5,,control,1.0,IN,PARK PLACE HEALTH AND WELLNESS CENTER,,0
155855,37.0,0.0,95.945,0.21550802139037434,1.7905525846702317,95.755,2.82,,control,1.0,IN,MCGIVNEY HEALTH CARE CENTER,,0
185003,157.47863247863248,1.5,90.89217948717949,0.6862968556205048,4.363254680587614,79.2030658436214,4.629209401709402,,control,3.0,KY,Laurel Heights Home for the Elderly,,0
185006,125.02564102564104,1.5,90.46029914529915,0.3812574183042354,3.3521419309380844,73.35020576131686,17.438846153846157,,control,3.0,KY,Morgantown Care & Rehabilitation Center,,0
185008,45.0,1.0,81.05716783216783,0.6197766887632611,5.559036354959765,68.38415637860082,23.341944444444444,,control,3.0,KY,OWENSBORO HEALTH MUHLENBERG COMMUNITY HOSPITAL LTC,,0
185013,66.0,1.5,90.26732905982907,0.328541756553796,3.2571957826792186,80.91244855967078,7.451239316239317,,control,3.0,KY,"BRIGHTON CORNERSTONE GROUP, LLC",,0
185028,104.0,3.0,86.19442307692309,0.19397701220097333,3.4664659154658946,70.68534979423868,7.616794871794872,,control,3.0,KY,JOHNSON MATHERS NURSING HOME,,0
185046,75.0,9.0,72.50294871794871,0.688127498922646,3.056996955720368,69.85598765432098,16.552264957264956,,control,3.0,KY,Salem Springlake Health & Rehabilitation Center,,0
185049,66.0,2.0,78.47694444444446,0.3242589629562517,3.270501310891233,72.89502057613169,10.0282905982906,,control,3.0,KY,Auburn Nursing and Rehabilitation Center,,0
185052,103.62179487179488,1.5,96.66916666666667,0.4278148568719605,3.3785760836789738,71.95967078189301,13.357905982905985,,control,3.0,KY,Signature Healthcare at Summit Manor Rehab & Welln,,0
185057,129.43589743589743,3.0,94.42769230769231,0.33697773591840774,3.6793105133263646,66.67432098765431,13.50818376068376,,control,3.0,KY,Sunrise Manor Nursing Home,,0
185058,164.24358974358975,0.5,95.27550427350427,0.23226538461538465,3.4975521367521374,64.28223456790123,8.15996153846154,,control,3.0,KY,BAPTIST CONVALESCENT CENTER,,0
185069,79.34188034188034,2.0,75.41271367521368,0.8957525791464269,4.93020919622813,42.37236625514403,33.42566239316239,,control,3.0,KY,Mayfair Manor,,0
185087,131.4957264957265,12.0,90.96100427350429,0.4427575209438253,3.3503549439785805,82.86769547325102,10.518141025641025,,control,3.0,KY,Twin Rivers Nursing and Rehabilitation Center,,0
185089,176.0,2.5,84.26452991452992,0.28668552581702367,2.7736514171469677,77.13037037037037,13.023589743589744,,control,3.0,KY,Signature Healthcare of Bowling Green,,0
185090,151.0,2.5,91.79455128205129,0.3028855455860325,2.92597945086943,75.88876543209877,13.323418803418804,,control,3.0,KY,Belmont Terrace Nursing and Rehabilitation Center,,0
185094,106.00000000000001,1.5,84.9097435897436,0.46938896567982735,3.088713915272382,73.54423868312757,18.178226495726495,,control,3.0,KY,PIKEVILLE NURSING AND REHAB CENTER,,0
185118,112.0,7.0,83.42779914529916,0.29891322004175114,2.9493307082730964,69.70748971193414,11.413525641025641,,control,3.0,KY,Signature Healthcare of Elizabethtown,,0
185120,156.0,7.0,87.32886752136753,0.3400319307568901,3.087424533124209,65.90855967078188,18.410811965811966,,control,3.0,KY,Signature Healthcare at Hillcrest,,0
185124,222.0,3.0,84.90160256410256,0.5489011510373307,4.386837994080423,62.855082304526746,12.147115384615386,,control,3.0,KY,Redbanks,,0
185125,120.0,4.5,96.50275641025641,0.2627896922970583,3.321566599581761,79.50082304526748,13.768376068376067,,control,3.0,KY,Hillcrest Health and Rehabilitation Center,,0
185127,106.00000000000001,5.0,94.75777777777779,0.2670502419168339,3.137905187992639,72.3937037037037,12.794508547008547,,control,3.0,KY,Danville Centre for Health & Rehabilitation,,0
185131,104.0,8.5,89.33878205128205,0.3713445004270478,3.1885917946030404,88.30670781893004,7.828888888888889,,control,3.0,KY,Jordan Rehabilitation and Healthcare Center,,0
185133,60.0,1.5,90.01241452991454,0.2319016183266464,2.8024284361293086,79.52584362139916,9.182670940170942,,control,3.0,KY,Tradewater Pointe,,0
185134,200.0,8.5,96.80235042735043,0.2112627376407637,3.5322204147470635,83.44864197530863,11.556239316239317,,control,3.0,KY,Hazard Health and Rehabilitation Center,,0
185136,68.0,0.5,93.28711538461539,0.3728741176697895,3.8318011242047265,71.83197530864197,4.130982905982906,,control,3.0,KY,Wesley Manor,,0
185137,112.0,2.0,81.74288461538461,0.3727892060541914,3.3888409759082547,59.08611111111111,11.784508547008548,,control,3.0,KY,WESTMINSTER TERRACE,,0
185138,118.0,3.5,96.03632608132608,0.20934626907332277,3.976794532714999,40.02748971193415,15.219887334887336,,control,3.0,KY,Nazareth Home,,0
185141,61.217948717948715,5.5,85.61854700854701,0.4442780082662856,3.2473438252082905,64.87526748971193,21.60542735042735,,control,3.0,KY,Signature Healthcare of Georgetown,,0
185144,136.0,0.0,91.15064102564102,0.2517340195851457,4.279077645232854,71.21641975308641,12.459679487179487,,control,3.0,KY,Homestead Post Acute,,0
185146,179.0,3.5,83.38168803418804,0.3730200831399254,3.548370847872804,69.92267489711934,13.084038461538462,,control,3.0,KY,FOUNTAIN CIRCLE CARE & REHABILITATION CENTER,,0
185147,113.74786324786325,5.5,89.71378205128207,0.5085098349295908,3.758829904750722,56.19565843621399,16.124081196581198,,control,3.0,KY,Christian Health Center,,0
185148,125.0,2.0,96.8837606837607,0.24604859217519404,3.646075350912967,79.86897119341563,10.660769230769231,,control,3.0,KY,Williamsburg Health & Rehabilitation Center,,0
185150,92.0,0.5,98.64829059829061,0.16090852042823037,3.3118211004199565,87.27563786008231,7.849807692307693,,control,3.0,KY,Knott County Health and Rehabilitation Center,,0
185151,121.0,1.5,89.98117521367521,0.3608012910905009,3.19765222849664,78.43609053497943,15.395940170940172,,control,3.0,KY,Riverview Health Care Center,,0
185152,166.0,6.5,91.05106837606839,0.21942312455242058,4.20883363808969,72.7217695473251,12.896239316239317,,control,3.0,KY,Somerwoods Rehabilitation and Healthcare Center,,0
185154,68.43589743589745,0.5,94.18279914529914,1.5613695044279654,7.939518935174346,99.46292181069958,0.34542735042735045,,control,3.0,KY,Home of the Innocents,,0
185155,97.0,6.0,90.11495726495727,0.2781313388865249,3.083353483793163,72.67816872427983,19.94232905982906,,control,3.0,KY,Life Care Center of Morehead,,0
185157,98.0,8.5,91.31951113701115,1.967251128582958,7.571430594915102,82.53172839506172,10.884102564102564,,control,3.0,KY,Rockcastle Regional Hospital and Respiratory Care,,0
185164,124.91452991452994,0.0,98.09948717948718,0.45362977439927077,3.539384060921944,88.29621399176953,8.36380341880342,,control,3.0,KY,Barbourville Health and Rehabilitation Center,,0
185166,143.0,4.0,96.96685897435898,0.3852956345561963,3.0384495873891657,81.88446502057613,11.25760683760684,,control,3.0,KY,Harlan Health and Rehabilitation Center,,0
185167,50.0,3.0,94.39743589743591,0.24473206217092783,2.9727600574145434,57.34991769547325,15.848824786324787,,control,3.0,KY,Hopkins Nursing and Rehabilitation Center,,0
185168,104.0,5.0,95.01418803418804,0.2182548285160331,3.0647843494168607,77.09934156378603,11.67681623931624,,control,3.0,KY,Signature Healthcare of Monroe County Rehab and We,,0
185169,100.0,0.0,89.92521367521367,0.31607421324890456,3.5451096019275634,43.185102880658434,15.58294871794872,,control,3.0,KY,Signature Healthcare at Jefferson Manor Rehab & We,,0
185171,228.0,5.0,89.2825,0.4667610432567974,3.2853243428342784,61.75946502057614,22.208867521367523,,control,3.0,KY,Parkview Nursing & Rehabilitation Center,,0
185172,35.0,8.0,70.95797008547008,0.4423330004613053,3.9502338749157575,58.7691769547325,39.092393162393165,,control,3.0,KY,Tug Valley ARH Skilled Nursing Facility,,0
185174,150.0,4.5,89.68188034188036,0.27003619380002813,3.436134976365924,66.04695473251029,11.598846153846155,,control,3.0,KY,Florence Park Care Center,,0
185175,60.0,1.5,82.63175213675214,0.26748602370341024,4.399770782520139,18.18781893004115,18.053290598290598,,control,3.0,KY,Treyton Oak Towers,,0
185178,178.0,7.5,82.16589743589743,0.42333105637798546,3.8699085195077814,61.10868312757201,17.250854700854703,,control,3.0,KY,Louisville East Post Acute,,0
185179,120.0,8.5,76.70775641025642,0.6730705498013391,3.407202311652954,76.52133744855968,11.491282051282052,,control,3.0,KY,SIGNATURE HEALTHCARE AT GLENVIEW,,0
185180,147.24358974358975,2.5,89.44288461538461,0.3030957959184128,3.473612133319733,54.614074074074075,14.014017094017095,,control,3.0,KY,Signature Healthcare at North Hardin Rehab & Welln,,0
185182,30.0,5.0,78.50571047008548,1.067796560926996,4.584056936421067,64.25748456790123,24.73894764957265,,control,3.0,KY,PINEVILLE COMMUNITY HOSPITAL,,0
185187,128.0,5.0,96.38262820512821,0.41863973241092683,3.267057510142779,47.82074074074073,29.739829059829063,,control,3.0,KY,Greenwood Rehabilitation and Healthcare Center,,0
185190,30.0,0.0,52.15924760424761,1.445629060066779,5.826083308733124,28.32489711934156,44.94210178710179,,control,3.0,KY,BAPTIST HEALTH LA GRANGE,,0
185193,94.0,2.5,93.4517735042735,0.24617160729117876,3.5490420330642296,87.62411522633744,10.16044871794872,,control,3.0,KY,Hyden Health and Rehabilitation Center,,0
185194,40.0,8.0,91.08974358974359,0.9365794127156859,5.2626038029168,17.968641975308643,26.660641025641027,,control,3.0,KY,THE FORUM AT BROOKSIDE,,0
185195,100.0,6.0,78.69871794871796,0.3387624445015029,3.176036854030858,75.30481481481482,14.035534188034188,,control,3.0,KY,Oakview Nursing & Rehabilitation Center,,0
185196,122.00000000000001,4.0,94.30909645909645,0.2593529988730988,3.025679552227032,81.84817166372721,9.309578754578755,,control,3.0,KY,KINDRED NURSING AND REHABILITATION-BASHFORD,,0
185197,150.0,0.5,97.58777777777779,0.32870514917766064,3.3061756293131648,73.40781893004115,9.733525641025642,,control,3.0,KY,Hartland Park Health & Rehabilitation,,0
185201,34.0,1.0,80.51188034188034,0.8729234067349367,5.158492970953937,0.0,64.00521367521368,,control,3.0,KY,SIGNATURE HEALTHCARE AT TANBARK REHAB & WELLNESS C,,0
185205,78.0,4.5,94.0424358974359,0.28521064739540614,3.1595587600589603,67.97674897119342,10.99576923076923,,control,3.0,KY,Signature Healthcare of Carrollton Rehab & Wellnes,,0
185208,69.23076923076924,10.0,94.7732905982906,0.49809486037448825,3.790875029614481,46.54921810699588,9.381047008547009,,control,3.0,KY,Carmel Manor,,0
185209,79.0,3.5,92.52886752136753,0.41026714734885017,2.8619583037872305,75.72761316872428,12.223183760683762,,control,3.0,KY,Riverside Care & Rehabilitation Center,,0
185211,60.0,15.5,96.46739316239318,0.12753217519254784,3.5757489082426566,78.23913580246914,14.412371794871795,,control,3.0,KY,Signature Healthcare of McCreary County Rehab and,,0
185213,100.0,1.0,97.80982905982906,0.27313901449141104,3.2299051576891165,80.30419753086419,11.486068376068376,,control,3.0,KY,Wolfe County Health & Rehabilitation Center,,0
185215,120.0,0.0,93.3107264957265,0.4318329882083666,3.853225547801749,69.77518518518518,12.978440170940171,,control,3.0,KY,Pine Meadows Post Acute,,0
185217,71.0,5.5,96.37273504273504,0.20554832270139667,3.493084142231367,77.0969135802469,10.19025641025641,,control,3.0,KY,Metcalfe Health Care Center,,0
185224,66.0,9.5,89.48647435897436,0.4189173100548864,3.2707425573814053,76.84810699588476,16.614423076923078,,control,3.0,KY,Bowling Green Nursing and Rehabilitation Center,,0
185225,203.16666666666669,8.5,92.9073717948718,0.18876448340598673,3.3980640605154195,69.23234567901234,8.14405982905983,,control,3.0,KY,Rosedale Green,,0
185226,18.0,11.0,97.63581196581197,0.27697514105357246,4.859366549354784,56.82111111111111,9.035482905982906,,control,3.0,KY,CARMEL HOME,,0
185228,144.0,1.0,77.70876068376069,0.3322718424083412,4.103917037959597,49.19333333333333,35.37735042735043,,control,3.0,KY,Western State Nursing Facility,,0
185232,104.0,2.5,92.07502136752137,0.4695550279316073,3.4379640968108203,72.33366255144033,12.511089743589745,,control,3.0,KY,Christian Health Center Corbin,,0
185234,95.0,1.0,93.09818376068377,0.26051121778360486,3.3959080218900897,62.6961316872428,15.988205128205129,,control,3.0,KY,Calvert City Convalescent Center,,0
185241,50.28593628593629,2.0,93.93444832944834,0.21879700834905763,4.172381426191084,40.32872427983539,16.509906759906762,,control,3.0,KY,Madonna Manor,,0
185242,144.0,1.5,92.21367521367522,0.18117921734372877,3.617649341486437,67.1088477366255,12.739252136752137,,control,3.0,KY,Windsor Care Center,,0
185243,115.0,11.5,76.00185897435898,0.216363713985301,3.0725732263418712,82.79106995884773,11.890555555555554,,control,3.0,KY,Mountain View Rehabilitation and Healthcare Center,,0
185246,104.0,2.5,91.4830982905983,0.3473195905341365,3.0784203883771264,74.47053497942387,13.90647435897436,,control,3.0,KY,Rockcastle Health & Rehabilitation Center,,0
185248,118.84615384615385,1.0,93.55709401709402,0.35604520492501657,4.2013961033232565,58.35823045267491,9.351901709401709,,control,3.0,KY,Sayre Christian Village Nursing Home,,0
185249,51.0,2.0,95.54792735042736,0.2463206723831724,3.4196264617703576,81.25539094650206,9.189935897435898,,control,3.0,KY,Signature Healthcare at Jackson Manor Rehab and We,,0
185258,99.52991452991454,3.5,85.45739316239317,0.25804533430805493,2.807482476017173,67.3049794238683,13.298846153846153,,control,3.0,KY,Lake Way Rehabilitation and Healthcare Center,,0
185259,100.0,7.0,86.94444444444444,0.2476219871730117,3.215890000600588,88.40679012345679,4.994123931623932,,control,3.0,KY,Rivers Edge Rehabilitation and Healthcare Center,,0
185260,35.0,3.5,96.86141025641025,0.3711737592472887,4.343419162842876,83.60485596707818,3.109294871794872,,control,3.0,KY,Little Sisters of the Poor,,0
185263,59.0,0.0,95.53918803418803,0.2030314589893537,2.5650250359732585,87.3680864197531,4.832286324786326,,control,3.0,KY,Dawson Springs Health and Rehabilitation Center,,0
185267,81.0,4.5,91.41673076923078,0.23085165146485426,3.5135328771939673,85.18930041152262,5.505726495726496,,control,3.0,KY,CEDARS OF LEBANON NURSING CENTER,,0
185269,101.00000000000001,1.0,70.56865384615385,0.34957004512845546,2.8271414399443384,71.05242798353909,15.473525641025642,,control,3.0,KY,Crittenden County Health & Rehabilitation Center,,0
185273,91.0,0.5,85.0330341880342,0.6882013943852852,3.2925141507571847,82.28460905349795,11.79102564102564,,control,3.0,KY,"Owsley County Health Care Center, Inc.",,0
185275,110.0,1.5,81.29198717948718,0.3607095623236843,3.6954962487538947,69.33117283950617,12.425534188034188,,control,3.0,KY,Signature Healthcare of Hartford Rehab & Wellness,,0
185277,94.0,1.5,97.23175213675214,0.37022848922349655,3.9716667007849153,56.547119341563786,13.243995726495728,,control,3.0,KY,Signature Healthcare at Heritage Hall Rehab & Well,,0
185278,97.58653846153847,4.0,87.88772970085469,0.41802069539503045,4.058919359563309,49.09798868312757,10.014759615384616,,control,3.0,KY,SIGNATURE HEALTHCARE AT MEADOWVIEW REHAB & WELLNES,,0
185281,128.0,3.0,91.83029914529915,0.34602837323325797,3.284939509622242,70.4753497942387,5.163055555555556,,control,3.0,KY,"FRIENDSHIP HEALTH AND REHAB, LLC",,0
185283,95.47008547008548,5.5,78.48098290598291,0.49100898974604945,4.831710917804949,81.45572016460906,2.380641025641026,,control,3.0,KY,Bourbon Heights Nursing Home,,0
185285,18.0,0.0,98.31299145299145,0.4714558264901403,3.624320572174739,62.33728395061728,6.843995726495727,,control,3.0,KY,Breckinridge Memorial Nursing Facility,,0
185287,112.0,2.0,92.1632905982906,0.32679119733517265,3.0740750958083733,68.10790123456789,12.540384615384616,,control,3.0,KY,Harrodsburg Health & Rehabilitation Center,,0
185288,128.0,2.5,91.91549145299146,0.33863794883291987,3.11088177465853,65.34407407407407,12.679444444444446,,control,3.0,KY,Essex Rehabilitation and Healthcare Center,,0
185289,132.0,1.5,93.2982264957265,0.3377751163131236,3.4081358962895916,56.28205173427395,17.389590964590965,,control,3.0,KY,HURSTBOURNE CARE CENTRE AT STONY BROOK,,0
185291,82.14296814296816,3.0,82.83018842268844,0.26698135325282935,3.5932515974888024,64.85860082304526,11.216262626262626,,control,3.0,KY,Redbanks Colonial Terrace,,0
185297,48.0,3.5,93.75457264957265,0.5376464591748245,5.009395674416521,86.29679012345679,2.688397435897436,,control,3.0,KY,SANSBURY CARE CENTER,,0
185300,166.51282051282053,7.5,87.51350427350428,0.1902681972878154,3.544034725034163,61.54864197530864,14.851004273504273,,control,3.0,KY,Signature Healthcare at Summerfield Rehab & Wellne,,0
185301,186.0,4.0,90.44905982905985,0.2872618140362308,3.1037733151985254,74.26174897119341,8.460747863247864,,control,3.0,KY,REGIS WOODS,,0
185304,56.0,2.0,91.41816239316239,0.3759538585961497,3.3712036276852353,71.44604938271604,24.326517094017095,,control,3.0,KY,Prestonsburg Health Care Center,,0
185306,108.97435897435898,4.0,92.73938034188035,0.22899007305077124,3.7972119600271865,62.52197530864198,13.233675213675214,,control,3.0,KY,Ridgewood Terrace Health and Rehabilitation Center,,0
185310,136.12820512820514,2.5,81.88523504273505,0.5557987414153157,4.743682056506012,16.227736625514403,19.75104700854701,,control,3.0,KY,The Episcopal Church Home,,0
185311,111.38675213675214,1.5,87.90863247863248,0.1460164178811853,3.309123012086266,69.82765432098765,14.850940170940172,,control,3.0,KY,Signature Healthcare at Rockford Rehab & Wellness,,0
185315,52.0,4.5,96.35145299145299,0.2842099479569811,3.3746837028363594,67.78304526748971,22.454957264957265,,control,3.0,KY,Clinton County Care and Rehabilitation Center,,0
185316,104.0,1.5,81.5115170940171,0.32061572399710986,2.761297692147026,67.0774074074074,10.732884615384616,,control,3.0,KY,Princeton Nursing & Rehabilitation,,0
185322,34.0,16.0,97.53458041958044,0.3141009310648578,3.089454116822669,84.23045267489711,0.6178263403263403,,control,3.0,KY,ROSE MANOR HEALTH CARE,,0
185325,110.0,2.5,96.10021367521368,0.44902394923836597,3.1279224198429603,69.68121399176954,8.966688034188035,,control,3.0,KY,Cal Turner Rehab and Specialty Care,,0
185326,46.0,4.5,93.53049145299146,0.4874014437769992,3.969270204950946,60.238724279835395,11.656602564102565,,control,3.0,KY,CLINTON-HICKMAN COUNTY NURSING FACILITY,,0
185327,120.0,0.5,91.0457264957265,0.41598200271631847,2.9566043395726274,77.39979423868313,10.156517094017094,,control,3.0,KY,Signature Healthcare of Spencer County,,0
185328,26.0,0.0,63.46138306138306,1.320965563847917,6.058282042766602,0.0,81.7413247863248,,control,3.0,KY,ST ELIZABETH FT THOMAS SNF,,0
185329,60.0,9.5,89.25299145299145,0.6471592633096624,3.614266064641427,70.37779835390947,16.10525641025641,,control,3.0,KY,Morganfield Nursing and Rehabilitation Center,,0
185331,98.0,4.5,87.48549145299145,0.29672452043596376,2.966080004436984,79.07413580246913,13.239871794871796,,control,3.0,KY,Franklin-Simpson Nursing and Rehabilitation Center,,0
185332,54.0,5.0,94.03025641025641,0.2761905599728449,3.103529170233608,75.40666666666667,12.503760683760683,,control,3.0,KY,Harrison Nursing and Rehabilitation Center,,0
185333,62.0,7.5,88.63037878787878,0.2106652421840172,3.076286802942409,76.85802469135801,10.199301994301996,,control,3.0,KY,Klondike Nursing and Rehabilitation Center,,0
185334,58.0,5.0,93.68260683760684,0.21755884642927964,3.0331157324119085,71.85843621399177,18.00286324786325,,control,3.0,KY,"BEAVER DAM NURSING & REHAB CENTER, INC",,0
185335,100.0,2.5,85.25641025641026,0.47611482988476594,3.4899414745736723,54.607983539094654,26.269764957264957,,control,3.0,KY,Signature Healthcare of South Louisville,,0
185337,114.67307692307693,4.0,85.49771367521367,0.6234159837235781,2.7363216830559187,80.1948148148148,10.991367521367522,,control,3.0,KY,Lee County Care and Rehabilitation Center,,0
185340,68.0,2.0,91.35487179487181,0.3676748898946791,3.5538395076559555,76.02008230452675,12.159722222222223,,control,3.0,KY,Signature Healthcare of Glasgow Rehab & Wellness C,,0
185342,65.0,1.0,92.73777777777778,0.2265773499984473,3.2325818893566094,72.63952674897118,13.305961538461538,,control,3.0,KY,SIGNATURE HEALTHCARE AT COLONIAL REHAB & WELLNESS,,0
185343,72.0,0.5,92.86213675213675,0.20885598905445413,3.1816374451168548,72.92703703703702,10.32732905982906,,control,3.0,KY,COVINGTON'S CONVALESCENT CENTER,,0
185346,84.43589743589743,2.5,86.75773504273505,0.4364898710235585,3.9135900978504714,50.85374485596708,29.4707264957265,,control,3.0,KY,Hermitage Care and Rehabilitation Center,,0
185348,96.0,1.0,87.48175213675214,0.26464712056174344,3.2500088035181522,74.09460905349795,10.726688034188033,,control,3.0,KY,Sycamore Heights Health and Rehabilitation,,0
185349,77.35042735042735,2.0,90.23245726495728,0.5250589800406125,3.9220390251001467,0.32000000000000006,37.229188034188034,,control,3.0,KY,Signature Healthcare at Jefferson Place Rehab & We,,0
185350,128.0,5.0,89.47713675213674,0.4501468562577425,3.1628131800673813,62.39860082304527,15.022350427350428,,control,3.0,KY,Signature Healthcare of East Louisville,,0
185353,57.0,4.0,93.08429487179487,0.3258516143458524,3.1566696531785468,72.51679012345679,13.37854700854701,,control,3.0,KY,BRANDENBURG NURSING AND REHABILITATION CENTER,,0
185354,67.0,4.0,93.27254273504275,0.2907217637208689,2.8975606765864783,85.58732510288064,8.26931623931624,,control,3.0,KY,Fordsville Nursing and Rehabilitation Center,,0
185360,120.0,4.0,77.72858974358975,0.20017768332265123,3.940585159556297,69.90440329218107,11.004273504273504,,control,3.0,KY,Gallatin Nursing and Rehab,,0
185361,47.0,6.0,88.73784188034188,1.0447404810095706,5.74387908164599,75.09526748971194,15.951666666666668,,control,3.0,KY,Kindred Hospital - Louisville,,0
185362,60.0,3.0,90.28096153846155,0.18094833875618505,3.61184410958546,70.18913580246914,6.728098290598291,,control,3.0,KY,New Castle Nursing & Rehab,,0
185363,100.0,1.5,76.25213675213675,0.35727841763353185,4.805262572252771,59.62051440329218,5.029273504273505,,control,3.0,KY,Glasgow State Nursing Facility,,0
185366,100.0,1.5,94.65598290598291,0.29039603954483884,3.604156098162087,77.23452674897119,14.515598290598291,,control,3.0,KY,Corbin Health and Rehabilitation Center,,0
185381,104.0,2.5,92.89217948717949,0.44846496975836164,3.304388309729721,74.38802469135803,11.21102564102564,,control,3.0,KY,Signature Healthcare of Hart County Rehab & Wellne,,0
185387,16.0,0.0,67.34290015540016,2.3538445323615775,7.959284773938183,0.0,81.51705710955713,,control,3.0,KY,TJ Samson Community Hospital,,0
185389,68.0,12.5,88.86502136752136,0.3316218532530008,2.5414940066607308,79.87600823045267,3.8730555555555557,,control,3.0,KY,Edgemont Healthcare,,0
185394,16.0,0.0,82.86591880341881,1.6722571509444863,7.238299510695985,0.0,79.01094017094017,,control,3.0,KY,ST ELIZABETH EDGEWOOD SNF,,0
185395,20.0,0.0,42.44123931623932,5.870285625254375,8.082175404456654,0.0,77.61607905982906,,control,3.0,KY,BAPTIST HEALTH TRANSITIONAL CARE,,0
185396,30.0,0.0,69.06628205128206,3.23602517076558,8.320171920435348,0.0,92.89502136752137,,control,3.0,KY,The Transitional Care Center of Owensboro,,0
185400,60.0,4.5,85.37691077441077,0.30292517629776006,3.75223586044137,64.00296296296295,16.95271043771044,,control,3.0,KY,Elkton Nursing and Rehabilitation Center,,0
185401,74.0,7.0,95.64668803418803,0.3097485716158885,3.1221763801981086,79.12055555555557,13.045918803418806,,control,3.0,KY,EDMONSON NURSING AND REHABILITATION CENTER,,0
185402,91.26068376068376,8.0,80.49643162393163,0.27497183175054873,3.247708577686801,81.35189300411523,12.125534188034187,,control,3.0,KY,Henderson Nursing and Rehabilitation Center,,0
185405,25.0,0.0,46.92094017094017,3.5147483592796096,8.299560007122508,0.0,95.47355769230771,,control,3.0,KY,EPHRAIM MCDOWELL REGIONAL MEDICAL CENTER,,0
185407,12.0,0.0,84.72239316239316,3.6687516996892002,7.449629759129761,0.0,84.01196581196582,,control,3.0,KY,LAKE CUMBERLAND REGIONAL HOSPITAL SCU,,0
185408,97.0,0.5,95.56649572649573,0.29839308145456567,3.172069293433221,76.07930041152264,14.411773504273505,,control,3.0,KY,Liberty Care and Rehabilitation Center,,0
185410,39.8974358974359,9.5,95.07666666666667,0.2851925046348123,3.165911824585408,62.97362139917695,10.714038461538463,,control,3.0,KY,River's Bend Retirement Community,,0
185412,20.0,0.0,78.0,3.1488416666666668,5.905025,0.0,90.138,,control,3.0,KY,LOURDES TRANSITIONAL CARE,,0
185414,124.73931623931625,15.5,89.08594017094016,0.29614280543096955,3.853606046213221,71.38979423868312,14.466602564102566,,control,3.0,KY,Mountain Manor of Paintsville,,0
185416,24.0,0.0,67.3376655982906,4.477232193732194,7.3352232015669525,0.0,85.4246688034188,,control,3.0,KY,BAPTIST HEALTH PADUCAH,,0
185419,29.55128205128205,6.0,92.64352564102563,0.5620691914186067,5.1997514389223465,17.328765432098763,25.661346153846157,,control,3.0,KY,Christian Health Center,,0
185422,12.0,0.0,80.3598076923077,4.747185727852394,9.283552426739927,0.0,83.8623076923077,,control,3.0,KY,FLAGET MEMORIAL HOSPITAL NF,,0
185423,60.0,2.5,98.0405982905983,0.2037163275418624,3.393229388721472,86.19448559670782,3.3626068376068377,,control,3.0,KY,Menifee Meadows Nursing & Rehab LLC,,0
185428,25.0,7.0,78.00854700854701,1.4327348379175007,5.372568140694302,52.02658436213992,23.30726495726496,,control,3.0,KY,CLARK REGIONAL MEDICAL CENTER,,0
185430,10.0,0.0,56.384310134310134,4.737128728414444,17.03056824524682,0.0,64.35600885225887,,control,3.0,KY,ST CLAIRE MEDICAL CENTER,,0
185433,85.0,1.0,90.76087606837606,0.294318090281832,3.462448165526741,66.4070781893004,18.846666666666668,,control,3.0,KY,Tri Cities Rehabilitation and Healthcare Center,,0
185435,60.0,2.5,94.50410256410257,0.3441156170105354,3.0186020418480495,30.44495884773663,17.05106837606838,,control,3.0,KY,Magnolia Village Nursing and Rehabilitation Center,,0
185436,41.73076923076923,4.0,97.71952991452993,0.6343996646251475,3.934509010198386,40.96423868312757,4.303162393162394,,control,3.0,KY,Wellington Parc of Owensboro,,0
185437,54.0,7.0,76.96696581196582,0.3851776036307919,5.1197833122382725,33.17325102880658,21.83959401709402,,control,3.0,KY,"The Village of Lebanon II, LLC",,0
185438,120.0,5.0,79.12893162393162,0.3736889326124626,4.794382519491597,67.45436213991769,11.706089743589743,,control,3.0,KY,Richwood Nursing & Rehab,,0
185440,100.0,3.0,94.10683760683762,0.25038771903728185,3.706407211698166,45.91827160493827,10.70363247863248,,control,3.0,KY,Village Care Center,,0
185445,127.00000000000001,2.5,89.27850427350428,0.35311595279619956,3.4379781734016017,73.97170781893004,13.7241452991453,,control,3.0,KY,Woodcrest Nursing and Rehabilitation Center,,0
185446,124.0,3.5,81.53294871794873,0.4439195040120151,3.299282493027146,73.45395061728394,13.160448717948718,,control,3.0,KY,Bluegrass Care & Rehabilitation Center,,0
185447,140.0,6.5,90.79260683760684,0.23376224232054074,3.3028046259345953,48.4866255144033,18.951773504273504,,control,3.0,KY,VILLASPRING OF ERLANGER,,0
185449,145.5897435897436,2.5,93.26455128205129,0.22832109752309143,4.407812385572502,45.75267489711935,32.77115384615385,,control,3.0,KY,Kingsbrook Lifecare Center,,0
185451,32.98368298368298,0.0,81.28973387723389,0.6790114134768741,5.231876044094794,0.0,20.676719114219114,,control,3.0,KY,Telford Terrace,,0
185457,29.0,1.0,63.60999999999999,0.6458269537480064,4.379700956937799,0.0,18.81833333333333,,control,3.0,KY,WINDSOR GARDENS,,0
185461,68.36111111111111,0.0,86.86675213675214,0.44989953699471597,3.736384993840441,1.007037037037037,63.787179487179486,,control,3.0,KY,Glen Ridge Health Campus,,0
185462,88.0,5.5,94.4042735042735,0.32526656115598546,3.5559735085959328,30.73917695473251,44.56739316239317,,control,3.0,KY,Park Terrace Health Campus,,0
185465,21.205905205905207,0.0,83.88977984977984,0.6658966850014281,5.830796907966869,41.62762913081431,8.451476301476301,,control,3.0,KY,BRECKINRIDGE PLACE,,0
185466,59.1941391941392,0.0,86.24662393162393,0.33627708667789286,3.5756530659674772,1.5880070546737215,50.82551282051282,,control,3.0,KY,Westport Place Health Campus,,0
185467,68.6959706959707,0.0,44.046666666666674,1.290367406169493,6.163089448469467,0.0,54.29473137973138,,control,3.0,KY,Cardinal Hill Skilled Rehabilitation Unit,,0
185470,68.47222222222223,0.0,92.08162393162394,0.6810202935944718,4.302890934016868,17.64949588477366,37.120982905982906,,control,3.0,KY,The Willows at Hamburg,,0
185471,120.0,0.0,93.33,1.037351968000553,4.973245516276177,50.0,0.89,,control,1.0,KY,Paul E Patton Eastern KY Veterans Center,,0
185472,156.0,0.0,57.69,0.6608868427082141,4.198961794019934,36.67,2.22,,control,1.0,KY,Joseph Eddie Ballard Western Kentucky Veterans Cen,,0
185473,285.0,0.0,57.19,0.6946756331512924,3.7044721515841177,35.58,1.84,,control,1.0,KY,Thomson-Hood Veterans Center,,0
185476,143.0,0.0,88.11,0.16908896970026685,2.8570740956974303,55.205,13.145,,control,1.0,KY,Coldspring Transitional Care Center,,0
185478,58.0,0.0,82.76,0.23649009588417538,3.231573643336459,14.58,22.92,,control,1.0,KY,Forest Springs Health Campus,,0
185479,23.0,0.0,100.0,0.5957526350461134,4.696564229249011,47.83,17.39,,control,1.0,KY,The Home Place At Midway,,0
185481,54.0,0.0,83.33,0.5595400932590953,5.92452221289566,0.0,37.78,,control,1.0,KY,Emerald Trace,,0
185482,54.0,0.0,90.74000000000001,0.6829509348820526,3.1796629415830617,19.465,34.75,,control,1.0,KY,The Willows at Fritz Farm,,0
185483,120.0,0.0,60.0,2.0732223795958884,7.205570512930949,18.06,0.0,,control,1.0,KY,Radcliff Veterans Center,,0
185484,117.0,0.0,97.44,0.6709526267779398,3.862761969237951,52.63,14.04,,control,1.0,KY,The Seasons at Alexandria,,0
185485,66.0,0.0,36.365,0.9221478927934811,3.958867547321959,11.955,23.915,,control,1.0,KY,The Springs at Stony Brook,,0
185486,143.0,0.0,43.36,0.5422851693975419,3.240459518720007,23.14,10.33,,control,1.0,KY,"Boonespring Transitional Care Center, LLC",,0
215007,100.23504273504274,0.5,90.38267094017095,0.6021304274562924,3.4084377423203205,61.512633744855975,11.415064102564102,,control,3.0,MD,WICOMICO NURSING HOME,,0
215013,172.60683760683762,0.5,84.3027564102564,0.28460635307095183,3.3301229520415294,61.58773662551441,14.843952991452994,,control,3.0,MD,ST. MARY'S NURSING CENTER INC,,0
215015,92.0,0.5,82.47735042735043,0.7376240759137387,3.9380972715510842,72.67539094650205,15.258824786324787,,control,3.0,MD,FAIRLAND CENTER,,0
215022,108.06837606837607,1.0,81.68010683760684,0.3239404737572457,3.4116367689189184,75.29133744855967,12.161153846153848,,control,3.0,MD,KING DAVID NURSING AND REHABILITATION CENTER,,0
215029,165.8226495726496,0.5,76.98912393162394,0.8339437297541628,3.74705844117634,62.41868312757201,13.814358974358976,,control,3.0,MD,AUTUMN LAKE HEALTHCARE AT CHEVY CHASE,,0
215033,199.78846153846155,1.0,92.43948717948719,0.5220558175493496,4.644880519516894,66.38423868312756,13.88337606837607,,control,3.0,MD,LEVINDALE HEBREW GER CTR & HSP,,0
215037,242.0,0.5,93.61811965811965,0.6048555124220976,3.8559713645635783,60.49041152263375,23.263418803418805,,control,3.0,MD,KESWICK MULTI-CARE CENTER,,0
215039,194.0854700854701,3.0,85.92059829059829,0.48249494480967314,3.405825271934123,65.53654320987654,11.913034188034189,,control,3.0,MD,CITIZENS CARE CENTER,,0
215058,71.46153846153847,0.5,95.45489316239318,0.5038735599700165,3.4233083957853547,84.0369135802469,6.55155982905983,,control,3.0,MD,ALICE BYRD TAWES NURSING HOME,,0
215059,80.0,10.5,71.0,2.3537211538461538,5.211913461538461,42.41,37.958,,control,3.0,MD,JOHNS HOPKINS BAYVIEW CARE CENTER,,0
215060,92.0,0.0,88.14826923076923,0.675639911901274,3.4177907167521746,72.88553497942387,15.32457264957265,,control,3.0,MD,"REGENCY CARE OF SILVER SPRING, LLC",,0
215065,97.3525641025641,1.0,84.59615384615385,0.2989356666763588,3.3055374776550788,85.68415637860082,6.823226495726496,,control,3.0,MD,SILVER SPRING  HEALTHCARE CENTER,,0
215071,558.0,1.5,87.72303418803419,0.33111263641483824,3.955118720763198,69.27633744855967,14.392264957264958,,control,3.0,MD,HEBREW HOME OF GREATER WASHINGTON,,0
215087,102.0,4.5,75.92999999999999,0.6939610661092239,3.3367512934413375,83.56199999999998,7.842000000000001,,control,3.0,MD,HAMILTON CENTER,,0
215088,118.91452991452992,2.5,90.386452991453,0.6905493964923566,3.347643456395821,70.66473251028808,18.63348290598291,,control,3.0,MD,HAMMONDS LANE CENTER,,0
215099,280.71367521367523,3.5,86.65350427350427,0.42925397378426283,3.3692869746616037,36.61069958847736,19.75239316239316,,control,3.0,MD,WILSON HEALTH CARE CENTER,,0
215105,170.0,1.5,88.13440170940171,0.39875101054609763,3.753496659267147,59.476831275720166,16.38235042735043,,control,3.0,MD,CITIZENS CARE AND REHABILITATION CENTER OF FREDERI,,0
215108,109.0,0.5,93.1607905982906,0.6838769557605574,3.702837615852719,61.180823045267495,26.262735042735045,,control,3.0,MD,DOCTORS COMMUNITY REHABILITATION AND PATIENT CARE,,0
215110,63.0,4.5,71.21570512820513,1.628359767461392,5.5637078550823995,75.77259259259259,7.907094017094018,,control,3.0,MD,WESTERN MD HOSPITAL CENTER,,0
215111,124.3269230769231,1.5,67.28788461538463,0.5795056718132421,3.421049448821362,60.56465020576132,18.72121794871795,,control,3.0,MD,LAURELWOOD HEALTHCARE CENTER,,0
215112,208.02564102564105,2.5,90.9157905982906,0.37809834897077077,3.7105839011800508,67.4462962962963,15.113568376068375,,control,3.0,MD,LORIEN HEALTH SYSTEMS - COLUMBIA,,0
215117,439.2307692307693,1.0,81.92123931623931,0.5997378586238861,3.8627760550796615,50.33008230452674,10.885149572649574,,control,3.0,MD,"STELLA MARIS, INC.",,0
215118,141.75641025641028,2.0,87.55792735042736,0.6195345184133862,3.6848554363381867,75.0117695473251,17.658247863247865,,control,3.0,MD,FUTURE CARE OLD COURT,,0
215123,71.13461538461539,1.0,79.93790598290599,0.46545772593382095,4.256223198230599,0.0,5.273141025641026,,control,3.0,MD,BROADMEAD,,0
215125,226.05128205128207,0.5,87.98192307692308,0.5035794229842518,3.703615198343927,46.61465020576132,20.51273504273504,,control,3.0,MD,THE VILLAGE AT ROCKVILLE,,0
215126,184.3974358974359,1.0,72.76119658119659,0.6571456846757959,3.4630545838683564,58.94045267489712,25.710042735042734,,control,3.0,MD,BERLIN NURSING AND REHABILITATION CENTER,,0
215128,150.24358974358975,0.5,93.26837606837607,0.41045449034439146,2.981231602001342,75.5570781893004,13.892136752136754,,control,3.0,MD,"COURTLAND, LLC",,0
215132,65.50213675213676,8.0,81.14079059829061,1.6996864292953002,6.974721902537905,79.29934156378602,3.3305555555555557,,control,3.0,MD,DEER'S HEAD CENTER,,0
215133,103.00000000000001,2.0,93.86288461538462,0.3921509598432631,3.670024366488798,36.009670781893,16.960213675213677,,control,3.0,MD,CARROLL LUTHERAN VILLAGE,,0
215138,95.0,2.0,93.15099844599845,0.31322803328646265,3.0566017586930183,73.80616411023817,16.442167832167833,,control,3.0,MD,MARLEY NECK HEALTH AND REHABILITATION CENTER,,0
215146,148.4871794871795,0.5,93.65681623931624,0.3534777123175056,3.2523988277352323,70.68049382716049,20.084935897435898,,control,3.0,MD,FT WASHINGTON HEALTH CENTER,,0
215147,177.75641025641028,1.0,79.55918803418804,0.6656705868695598,3.5061411873961252,64.30283950617283,19.262457264957266,,control,3.0,MD,FUTURE CARE NORTHPOINT,,0
215154,65.45299145299145,1.5,86.00769230769231,0.31739753440925506,3.828967344696213,0.0,8.299337606837607,,control,3.0,MD,ROLAND PARK PLACE,,0
215171,158.0,1.0,89.67707264957266,0.7896265769779409,3.8234695282385354,36.81028806584362,33.00215811965812,,control,3.0,MD,MONTCARE AT POTOMAC,,0
215174,55.0,2.5,78.7723717948718,0.6377562295585552,5.9612801853257285,0.0,11.756495726495727,,control,3.0,MD,GINGER COVE,,0
215176,156.42948717948718,1.0,95.4225641025641,0.6687719558212817,3.5535477886683964,68.55814814814815,17.05311965811966,,control,3.0,MD,FUTURE CARE CANTON HARBOR,,0
215180,43.488733488733494,0.0,88.37819541569542,0.6585454052357897,4.91879224941725,4.389094650205761,26.257948717948718,,control,3.0,MD,COLLINGTON EPISCOPAL LIFE CARE,,0
215183,182.47435897435898,2.0,79.98557692307693,0.2687748026155449,3.180255463018396,86.27567901234568,4.566111111111111,,control,3.0,MD,FAYETTE HEALTH AND REHABILITATION CENTER,,0
215186,152.23504273504275,3.0,91.66655982905984,0.5643073520843936,3.722776947023515,56.44633744855967,33.31799145299145,,control,3.0,MD,FUTURE CARE CHESAPEAKE,,0
215192,168.55128205128204,0.0,91.3396794871795,0.7477152524993216,3.473593037170266,75.39596707818929,16.770982905982905,,control,3.0,MD,FUTURE CARE CHERRYWOOD,,0
215198,112.67948717948718,2.0,91.37297008547009,0.30349223898930533,3.8394001697793083,44.55218106995885,20.846452991452992,,control,3.0,MD,WILLIAMSPORT HEALTH AND REHABILITATION CENTER,,0
215200,168.0,2.5,90.38698717948718,0.31054415453951967,3.478634003410443,41.43930041152263,25.68948717948718,,control,3.0,MD,BROOKE GROVE REHAB. & NSG CTR,,0
215207,200.0,1.5,94.68162393162393,0.5786813008739315,3.6954082463784017,82.18041152263373,12.80232905982906,,control,3.0,MD,"LOCHEARN NURSING HOME, LLC",,0
215211,82.0,0.5,87.18871794871797,0.3603301600683898,3.8925083447919704,39.330370370370375,16.93553418803419,,control,3.0,MD,FRIENDS NURSING HOME,,0
215215,105.0,0.5,90.29828088578088,0.3071733711999825,3.2095642628581795,85.55517022072578,9.645552965552966,,control,3.0,MD,AUTUMN LAKE HEALTHCARE AT ALICE MANOR,,0
215217,192.21794871794873,1.0,88.34320512820513,0.4947499281519349,3.378964199095141,58.7617695473251,20.087628205128205,,control,3.0,MD,NORTHAMPTON MANOR NURSING AND REHABILITATION CENTE,,0
215219,200.0,1.0,93.7190170940171,0.8534096777300576,3.9672456075833673,75.5004526748971,15.276794871794873,,control,3.0,MD,FUTURE CARE IRVINGTON,,0
215223,208.04700854700855,2.0,86.87891025641026,0.2282328900226277,4.001017609473307,13.738559670781893,12.454252136752137,,control,3.0,MD,Charlestown Community Inc,,0
215225,86.2863247863248,2.0,93.24318376068378,0.34994792344993064,3.4353456289802162,38.44226337448559,10.074337606837606,,control,3.0,MD,HOMEWOOD LIVING WILLIAMSPORT,,0
215228,50.0,0.0,91.6880341880342,0.5155289634474418,3.331568223859232,63.54818930041152,11.559491064491064,,control,3.0,MD,ALTHEA WOODLAND NURSING HOME,,0
215230,153.0,1.5,87.36235042735044,0.47336960685677076,3.1283490517781534,69.98794238683126,18.114487179487178,,control,3.0,MD,ALLEGANY HEALTH NURSING AND REHAB,,0
215232,107.56410256410257,0.0,79.91478632478633,0.4598291827025448,3.241564588574195,80.86275720164609,9.825021367521368,,control,3.0,MD,OAKLAND NURSING & REHABILITATION CENTER,,0
215236,86.29273504273505,0.5,95.56147435897437,0.451149945572847,3.170790677824451,46.36979423868313,33.011944444444445,,control,3.0,MD,FAIRFIELD NURSING & REHABILITATION CENTER,,0
215240,130.0,0.0,73.28634615384617,0.3968176636538301,3.050349319763281,73.4045267489712,11.844444444444445,,control,3.0,MD,MORAN  NURSING AND REHABILITATION CENTER,,0
215241,144.4871794871795,1.0,83.3624358974359,0.48616791369397827,3.7670422655645983,71.92666666666668,16.855918803418803,,control,3.0,MD,"GOOD SAMARITAN NURSING HOME  OPERATOR, LLC",,0
215244,123.24358974358975,1.0,84.09002136752137,0.8236445145200949,3.0748786019669327,64.82016460905349,17.021324786324787,,control,3.0,MD,DEVLIN MANOR NURSING AND REHABILITATION CENTER,,0
215245,117.0,5.0,96.04391025641027,0.4996774411949656,3.389540057430346,32.703168724279834,11.644893162393162,,control,3.0,MD,HOMEWOOD LIVING FREDERICK,,0
215247,60.66880341880342,1.0,88.4719017094017,0.26977029825737003,3.4676771179625696,51.4416049382716,25.5057905982906,,control,3.0,MD,ATLEE HILL HEALTH AND REHAB CENTER,,0
215249,135.8311965811966,4.0,97.02728632478633,0.8314085148356575,4.043590105903179,70.75880658436213,20.73559829059829,,control,3.0,MD,FUTURE CARE HOMEWOOD,,0
215250,103.59615384615385,2.0,95.88628205128205,0.29093546958445715,3.8582950364418345,66.61576131687242,4.498354700854701,,control,3.0,MD,"GOODWILL MENNONITE HOME, INC.",,0
215252,166.21173271173274,0.0,95.24607873607874,0.22821807450823817,3.286758198263207,88.81870183314626,6.864185444185444,,control,3.0,MD,FOREST HAVEN NURSING AND REHABILITATION CTR,,0
215253,134.60470085470087,1.5,87.31450854700856,0.7188223903244995,3.560927305397981,78.6035390946502,14.018504273504274,,control,3.0,MD,FUTURE CARE COLD SPRING,,0
215255,41.79020979020979,0.0,93.33166278166279,0.6200335222656159,4.62504376544826,0.0,11.603399378399377,,control,3.0,MD,CHESTNUT GRN HLTH CTR BLAKEHUR,,0
215256,189.67521367521368,3.5,96.45289173789173,0.5177852857953945,3.7344965115235325,58.33268861454048,30.805178062678063,,control,3.0,MD,NMS HEALTHCARE OF HAGERSTOWN,,0
215259,41.86538461538461,0.0,81.22732905982906,0.2856969867577078,3.9035248046282205,18.98440329218107,13.018162393162395,,control,3.0,MD,PICKERSGILL RETIREMENT COMMUNITY,,0
215261,114.47863247863249,4.0,89.44452991452992,0.7908304643752632,3.6662094605700046,39.72069958847736,41.77628205128205,,control,3.0,MD,FRANKLIN WOODS CENTER,,0
215264,120.0,1.0,94.42880341880343,0.25777203206980126,3.2741109172781155,69.68382716049382,17.84724358974359,,control,3.0,MD,LARKIN CHASE CENTER,,0
215267,92.31837606837607,2.0,95.55459401709402,0.5222788307420676,3.968120858345396,45.79205761316873,14.637649572649574,,control,3.0,MD,ST JOSEPH'S MINISTRIES,,0
215269,175.82051282051282,4.5,86.12380341880342,0.6601349118374784,3.516493445174169,64.90518518518518,21.85352564102564,,control,3.0,MD,ELKTON NURSING AND REHABILITATION CENTER,,0
215271,148.6303418803419,6.5,94.01194444444444,0.49493447374648625,3.597401904802714,80.65771604938271,11.703653846153847,,control,3.0,MD,FUTURE CARE SANDTOWN-WINCHESTER,,0
215273,115.0,2.5,90.01491452991453,0.5674897809901274,3.3274439241011144,66.03176954732511,21.21207264957265,,control,3.0,MD,WALDORF  CENTER,,0
215278,31.0,0.0,88.60512820512821,1.1302602300920546,4.939514793497869,21.81244855967078,21.14309829059829,,control,3.0,MD,GLEN MEADOWS RETIREMENT COM.,,0
215280,30.0,0.0,87.75391941391942,2.499974358974359,5.840260073260074,0.0,90.1218131868132,,control,3.0,MD,TRANSITIONAL CARE AT GOOD SAMARITAN,,0
215283,33.73931623931624,0.0,67.44190170940172,2.292278334520797,6.715565320403774,0.5195061728395061,67.96621794871795,,control,3.0,MD,TRANSITIONAL CARE SERVICES AT MERCY MEDICAL CENTER,,0
215287,29.183760683760685,0.0,69.29232905982906,0.6537241505914106,5.600687796036094,0.8714814814814815,11.735726495726496,,control,3.0,MD,MAPLEWOOD PARK PLACE,,0
215289,18.0,0.0,66.51631766381766,3.0219249330916,7.206483884428328,1.9451577503429354,86.20659544159545,,control,3.0,MD,CALVERT MEMORIAL HOSPITAL TRANSITIONAL CARE UNIT,,0
215291,31.931623931623932,0.0,89.41805555555555,2.2483515546705988,6.81411952363646,3.0795884773662556,82.68489316239317,,control,3.0,MD,NORTHWEST HOSP. CTR. SUB. UNIT,,0
215296,29.232295482295484,0.0,83.79146520146521,0.1591835145402785,3.61243584966463,68.62603762492651,5.2360470085470086,,control,3.0,MD,THE VILLA,,0
215299,117.47863247863248,0.0,90.53264957264958,0.32429251361882655,3.348254137656526,77.12808641975309,10.39647435897436,,control,3.0,MD,WESTGATE HILLS REHAB & HEALTHCARE CTR,,0
215300,34.77350427350427,0.0,88.9755982905983,0.8106742148868586,4.797932229754069,86.1177366255144,10.502222222222223,,control,3.0,MD,"MARIA HEALTH CARE CENTER, INC.",,0
215302,30.0,0.0,79.332,2.3104015037593983,6.2617879699248125,0.0,86.982,,control,3.0,MD,PENINSULA REGIONAL MEDICAL CTR,,0
215304,48.0,1.0,89.44034188034189,0.4813474363275938,3.828519963830968,29.806419753086416,13.454871794871796,,control,3.0,MD,ASBURY SOLOMONS,,0
215307,66.0,2.5,97.14132478632479,0.6527417476382174,3.6070530653049344,70.3440329218107,12.19465811965812,,control,3.0,MD,EGLE NURSING HOME,,0
215308,225.014245014245,2.0,82.91168868168869,0.470231501144212,3.7437111192285197,15.957658062102505,12.283341103341105,,control,3.0,MD,OAK CREST VILLAGE,,0
215314,25.179487179487182,0.0,93.10442307692308,2.3283715172123065,5.363848408742392,0.0,90.93425213675214,,control,3.0,MD,GREATER BALTIMORE MEDICAL CENTER SUB ACUTE UNIT,,0
215321,130.0,1.5,94.41207264957265,0.48420228597646464,3.198435826087258,58.39946502057613,19.46303418803419,,control,3.0,MD,JULIA MANOR NURSING AND REHABILITATION  CENTER,,0
215324,107.86538461538461,2.0,90.09029914529916,0.7112483458656638,3.453095024563404,75.17168724279836,14.390277777777778,,control,3.0,MD,FUTURE CARE CHARLES VILLAGE,,0
215328,190.92307692307693,2.5,87.86615384615385,0.6724752758582246,3.9479659640658005,76.01798353909464,14.86991452991453,,control,3.0,MD,FUTURE CARE PINEVIEW,,0
215335,62.0,2.0,90.66771367521368,0.9367997374724208,4.085855570815366,54.9914403292181,19.72123931623932,,control,3.0,MD,LORIEN HEALTH SYSTEMS MT AIRY,,0
215337,103.73076923076924,0.0,89.31643162393163,0.3793752881358606,3.9176854537122687,63.03625514403293,14.614829059829061,,control,3.0,MD,FAHRNEY-KEEDY MEMORIAL HOME,,0
215341,66.98290598290599,0.0,94.10356837606838,0.8911717949944353,3.95520250918195,46.64288065843621,36.9382905982906,,control,3.0,MD,LORIEN NSG & REHAB CTR BELAIR,,0
215343,118.89102564102565,1.5,92.27747863247863,0.6682675440366136,4.324250565792998,4.870781893004115,26.721538461538465,,control,3.0,MD,RIDERWOOD VILLAGE,,0
215344,43.243589743589745,4.0,63.36061965811967,0.3555347671553447,4.274044555416101,0.0,12.21337606837607,,control,3.0,MD,RESIDENCES AT VANTAGE POINT,,0
215345,27.0,0.0,52.20635531135531,0.6742427144687346,10.799992469002571,0.0,72.79375457875459,,control,3.0,MD,BAYWOODS OF ANNAPOLIS,,0
215348,59.8482905982906,1.0,96.96485042735044,0.23253146857550058,3.808871732261661,49.12218106995885,28.99111111111111,,control,3.0,MD,"LORIEN TANEYTOWN, INC",,0
215350,102.46153846153847,0.0,92.50807692307691,0.3564278463766752,3.68262831178353,67.39201646090534,20.783675213675213,,control,3.0,MD,"VILLA ROSA NURSING AND REHABILITATION, LLC",,0
215351,88.96581196581198,3.0,93.20326923076922,0.3872200155527933,3.4648530809787044,43.71771604938272,29.937029914529916,,control,3.0,MD,LORIEN MAYS CHAPEL,,0
215353,31.0981610981611,0.0,71.77554001554002,1.1297590653411167,5.162730098851115,2.4524485596707817,16.45429551929552,,control,3.0,MD,INGLESIDE AT KING FARM,,0
215354,40.52136752136752,2.5,92.88111111111111,0.2740572509598245,4.545064561765849,81.8274074074074,5.214380341880342,,control,3.0,MD,LITTLE SISTERS OF THE POOR,,0
215355,65.75938875938877,0.0,76.45604895104896,1.9725109296853298,6.330099587279669,33.21662900611049,45.98886298886299,,control,3.0,MD,ENCORE AT TURF VALLEY,,0
215356,49.0,0.0,86.64021367521367,0.49589089944639153,5.418438763847817,71.59349794238685,18.48067307692308,,control,3.0,MD,THE NURSING AND REHAB CENTER AT STADIUM PLACE,,0
215357,66.32051282051282,0.0,81.55378205128204,0.7552964459581873,4.183382737118658,36.35022633744856,34.87130341880342,,control,3.0,MD,LORIEN NURSING & REHAB CTR - ELKRIDGE,,0
215359,78.0,0.0,92.31,0.5070632901252419,3.665792917233433,63.89,16.67,,control,1.0,MD,LORIEN BULLE ROCK,,0
215360,28.80769230769231,0.0,90.76333333333332,0.5091476923076923,2.874350769230769,91.34568106312294,4.458846153846155,,control,3.0,MD,MARYLAND BAPTIST AGED HOME,,0
215361,88.0,0.0,80.68,0.5855647114271454,3.720124528375024,18.525,36.57,,control,1.0,MD,MARYLAND MASONIC HOMES LTD,,0
215362,73.0,0.0,83.56,0.3460589500052187,3.390642573844066,31.15,68.85,,control,1.0,MD,RESTORE HEALTH REHABILITATION CENTER,,0
215363,12.0,0.0,83.33,1.778125,8.324,0.0,0.0,,control,1.0,MD,The Lutheran Village At Miller's Grant,,0
215364,150.0,0.0,76.0,1.8540729127019127,5.314545601877349,32.46,60.53,,control,1.0,MD,FUTURE CARE CAPITAL REGION,,0
235002,124.5940170940171,3.5,86.79320512820513,0.7051224269233505,5.169585124934455,78.15897119341562,8.921153846153846,,control,3.0,MI,Oceana County Medical Care Facility,,0
235003,113.21794871794873,1.0,90.63792735042736,0.693119464162411,3.8491693028787832,68.24086419753085,15.227158119658121,,control,3.0,MI,Manistee County Medical Care Facility,,0
235005,63.43589743589744,5.0,90.9750641025641,0.7486752263915389,4.097555605385878,77.30390946502058,8.998739316239316,,control,3.0,MI,Maples Benzie County Medical Care,,0
235006,34.0,8.0,86.3999358974359,1.3128140515312507,5.171874884237168,71.5774074074074,17.998012820512823,,control,3.0,MI,Munson Healthcare Otsego Memorial Hospital LTCU,,0
235008,114.0,2.0,96.10641025641026,0.38957776180765213,4.152251772881205,74.02555555555554,11.342713675213675,,control,3.0,MI,Maple Lawn Medical Care Facility,,0
235009,149.4017094017094,4.0,92.26623931623932,0.5823432507688935,5.02057825521743,63.2280658436214,15.4825,,control,3.0,MI,Thornapple Manor,,0
235011,79.26068376068376,3.5,86.64128205128206,0.3092164579811522,5.023552028832943,77.80440329218106,9.20224358974359,,control,3.0,MI,Iosco County Medical Care Facility,,0
235013,64.0,1.0,85.83271367521367,0.27122204870806316,2.9526705739998915,66.85720164609052,14.042841880341882,,control,3.0,MI,Fairview Nursing and Rehabilitation Community,,0
235015,236.0,5.5,95.78544871794873,0.538266560368382,3.834922568105533,60.02864197530863,19.57316239316239,,control,3.0,MI,Ingham County Medical Care Facility,,0
235019,194.0,5.5,94.62307692307692,0.46415143230790396,3.8602809058350047,70.71516460905349,12.904038461538462,,control,3.0,MI,Jackson County Medical Care Facility,,0
235020,204.0,5.0,94.9057905982906,0.486938760527199,3.8637112709208243,52.51765432098765,15.3791452991453,,control,3.0,MI,Michigan Masonic Home,,0
235021,85.0,2.0,88.78405982905983,0.6387810026987539,3.8536595322283165,28.670349794238682,40.13337606837607,,control,3.0,MI,Chelsea Retirement Community,,0
235022,109.3974358974359,2.0,74.2556623931624,0.4889773691014987,3.765935201503991,72.42613168724282,14.090235042735042,,control,3.0,MI,Medilodge of Clare,,0
235025,117.87179487179488,4.5,92.77034188034189,0.5365251649431271,4.8923304085964405,77.15497942386831,8.64121794871795,,control,3.0,MI,Meadow Brook Medical Care Facility,,0
235026,109.0,3.5,94.29055555555556,0.4771279010883205,4.257493594925315,79.85534979423869,7.591474358974359,,control,3.0,MI,Gogebic Medical Care Facility,,0
235027,136.7051282051282,4.0,93.67055555555555,0.5605112744385066,4.541943255262955,59.81347736625514,22.443098290598293,,control,3.0,MI,Eaton County Medical Care Facility,,0
235028,112.0,3.0,88.95869658119658,0.22261944718911408,5.722027238989945,72.7038683127572,13.37147435897436,,control,3.0,MI,Huron County Medical Care Facility,,0
235031,197.0,2.0,94.0873076923077,0.6620976616197155,3.987006237181758,79.55037037037036,6.242649572649573,,control,3.0,MI,Canal View - Houghton County,,0
235033,120.0,1.5,96.23269230769232,0.8741645253160575,4.5571922978228425,75.04504115226338,4.9241452991453,,control,3.0,MI,Bay Bluffs-Emmet County Medical Care Facility,,0
235035,165.0,1.5,92.06356837606839,0.5089991198060032,3.9410774327153604,50.92602880658436,23.472350427350428,,control,3.0,MI,Corewell Health Rehabilitation & Nursing Center -,,0
235037,100.0,3.5,97.0448717948718,0.7362333667131172,4.615366346295778,67.37349794238685,15.736324786324786,,control,3.0,MI,Isabella County Medical Care Facility,,0
235041,49.76495726495727,2.0,97.57750582750583,0.21520577437371372,4.306818209710454,78.26238683127572,3.323440170940171,,control,3.0,MI,Mackinac Straits Long Term Care Unit,,0
235044,206.00000000000003,10.0,93.37042735042735,0.3586162132987101,4.317271601309571,77.66296296296296,6.830299145299145,,control,3.0,MI,Bay County Medical Care Facility,,0
235050,115.64102564102565,1.5,91.15207264957266,0.6298190830717251,4.264554722560135,50.34415637860082,20.972478632478634,,control,3.0,MI,Harold and Grace Upjohn Community Care Center,,0
235051,31.0,0.0,89.86044871794871,0.8504217935141098,4.2121894995573035,68.34839506172838,10.95673076923077,,control,3.0,MI,SPECTRUM HEALTH REHAB & NSG CTRS-KELSEY HOSPITAL,,0
235052,173.67068117068118,2.5,59.55391673141673,0.3189110668649658,3.8890860412911703,69.44543209876542,17.03470991970992,,control,3.0,MI,Aberdeen Rehabilitation and Skilled Nursing Center,,0
235054,105.37179487179488,3.5,82.04649572649572,0.43669777213671823,3.6786441301475765,63.434567901234566,13.515320512820514,,control,3.0,MI,Evergreen Manor Senior Care Center,,0
235056,128.0,3.0,89.10085470085471,0.29650090197065543,4.1593709109522905,62.51646090534979,12.180085470085473,,control,3.0,MI,Hoyt Nursing & Rehab Centre,,0
235058,202.00000000000003,6.0,98.81429487179489,0.5393307846432865,4.9597852666204645,88.01179012345682,4.941623931623932,,control,3.0,MI,Lapeer County Medical Care Facility,,0
235062,113.0,3.5,98.20277777777778,0.6943486919492201,4.536595374004346,77.4987037037037,5.897841880341881,,control,3.0,MI,Grandvue Medical Care Facility,,0
235065,74.0,1.5,92.28720085470084,0.4326939022930922,3.012437265612235,46.41156378600823,17.354017094017095,,control,3.0,MI,South Lyon Senior Care and Rehab Center,,0
235067,136.0,2.0,82.09628205128206,0.8748459177000517,5.065247265131026,80.52777777777777,9.911965811965812,,control,3.0,MI,Pleasant View Shiawassee County Medical Care Facil,,0
235069,152.60683760683762,2.5,87.89636752136752,0.4630266317900823,4.4600150205773,77.95376543209878,5.9747649572649575,,control,3.0,MI,Pinecrest Medical Care Facility,,0
235072,93.47863247863249,8.5,97.31500000000001,1.060918565982806,4.189000085052468,78.27283950617283,7.274786324786325,,control,3.0,MI,Oakview Medical Care Facility,,0
235074,40.51282051282052,0.0,95.63745726495726,0.6080342592757784,4.664220621346528,85.21123456790124,1.7728418803418804,,control,3.0,MI,Marlette Community Hospital LTCU,,0
235075,271.1794871794872,4.5,87.54497863247863,0.594806875825687,3.800254841992987,65.14518518518518,15.078055555555556,,control,3.0,MI,Corewell Health Grand Rapids Hospitals Rehabilitat,,0
235076,116.0,2.0,96.93861111111113,0.7065965957147966,4.167279399792149,79.86526748971193,5.512649572649574,,control,3.0,MI,Newaygo Co Medical Care Facility,,0
235077,99.83333333333334,2.0,60.49358974358975,0.6292781669624105,3.3429535190411444,70.15765432098765,13.430427350427351,,control,3.0,MI,HALLMARK LIVING HOLLAND,,0
235087,164.16666666666666,2.5,72.96,0.5140551558752998,4.044634292565948,74.675,8.751666666666667,,control,3.0,MI,LAKELAND SPECIALTY HOSPITAL AT BERRIEN CENTER,,0
235088,232.81410256410257,1.5,95.97143162393164,0.5871293748305336,4.273911288677849,66.13508230452675,12.841175213675214,,control,3.0,MI,Grand Traverse Pavilions,,0
235089,159.0,1.0,98.53985042735044,0.3601923955603839,5.083057033590399,75.68843621399176,8.531175213675214,,control,3.0,MI,Tuscola County Medical Care Facility,,0
235102,176.0,2.5,83.11551282051283,0.2668799369606379,3.760620619207722,67.32732510288066,15.823974358974358,,control,3.0,MI,"Ambassador, A Villa Center",,0
235113,72.89102564102565,6.5,89.8780982905983,0.22253692441420064,3.258556468121868,49.866954732510294,17.823055555555555,,control,3.0,MI,"Saginaw Senior Care and Rehabilitation Center, LLC",,0
235114,161.83760683760684,7.0,55.59335042735043,0.7290822232007107,3.9103520510354994,74.26708230452675,10.914713675213676,,control,3.0,MI,HALLMARK LIVING KALAMAZOO,,0
235116,90.0,0.5,85.69534188034189,0.39035146477043137,3.5282278799327904,74.94973251028807,11.204337606837607,,control,3.0,MI,Lake Woods Nursing & Rehabilitation Center,,0
235120,59.73076923076923,7.0,88.47147435897436,0.49054526626013323,3.960248056507873,41.099835390946495,34.437393162393164,,control,3.0,MI,MARYCREST MANOR,,0
235123,148.05982905982907,1.0,86.64632478632478,0.6203032065496329,3.349999341072967,66.72699588477366,14.12155982905983,,control,3.0,MI,Durand Senior Care and Rehab Center,,0
235143,39.504273504273506,0.0,91.81788461538461,0.688959980423707,3.814636944177981,57.98567901234568,24.65269230769231,,control,3.0,MI,Corewell Health Greenville Hospital Rehabilitation,,0
235144,59.0,9.0,92.54779914529915,0.6612026105652464,3.4160021333956054,80.36144032921811,9.827606837606837,,control,3.0,MI,Bayside Village,,0
235147,92.22863247863248,2.5,84.59647435897436,0.44851509746147883,4.0548142092068025,74.04078189300412,7.290747863247864,,control,3.0,MI,Schoolcraft Medical Care Facility,,0
235150,213.0,5.0,89.70854700854701,0.4267055187966408,4.416815152286539,66.32927983539093,16.818568376068377,,control,3.0,MI,"Healthsource Saginaw, Inc",,0
235155,217.0,6.0,95.51378205128205,0.39149139979745945,4.020070537311996,79.71479423868314,8.14284188034188,,control,3.0,MI,Martha T Berry MCF,,0
235157,104.50427350427351,7.0,92.00307692307693,0.2094512384319154,4.614798699199867,74.98510288065843,9.296965811965812,,control,3.0,MI,Sanilac Medical Care Facility,,0
235161,45.73076923076923,3.0,93.9323076923077,0.6254665270470255,3.254699600671413,72.75687242798354,8.718525641025643,,control,3.0,MI,"ASPIRUS ONTONAGON HOSPITAL, INC",,0
235164,111.0,1.5,85.18474358974359,0.7361372211726268,3.8506483849258215,68.74246913580247,11.08292735042735,,control,3.0,MI,Corewell Health Rehabilitation & Nursing Center -,,0
235171,137.0769230769231,4.0,85.67993589743591,0.70384419924359,4.517885559284945,51.49201646090535,15.389102564102565,,control,3.0,MI,WellBridge of Grand Blanc,,0
235174,60.0,0.5,91.43318376068376,0.32904662008680646,3.1599231578208347,56.11008230452674,24.640299145299146,,control,3.0,MI,Marshall Nursing and Rehabilitation Community,,0
235175,118.2371794871795,3.5,77.77767094017095,0.45000296780258464,3.3827019360733592,59.289876543209886,18.08260683760684,,control,3.0,MI,Medilodge of Frankenmuth,,0
235176,129.0,1.0,88.8866452991453,0.346018449508414,3.2617903138518685,72.85526748971193,11.018589743589745,,control,3.0,MI,Regency at Fremont,,0
235177,137.47863247863248,1.0,91.08532051282052,0.219144625982441,3.914814940104548,52.03462962962963,35.755619658119656,,control,3.0,MI,Hartford Nursing & Rehabilitation Center,,0
235179,59.0,4.5,94.34878205128206,0.7084314032334342,3.4386546904806092,68.34189300411522,12.265705128205129,,control,3.0,MI,Christian Park Village,,0
235182,91.56410256410257,0.5,80.55839743589743,0.35559739399331414,3.1748315234943174,64.68462962962963,14.638846153846155,,control,3.0,MI,Lynwood Manor Healthcare Center,,0
235192,38.202991452991455,10.0,77.4817094017094,0.4206560875431528,5.0778419229969005,50.94386831275719,34.733333333333334,,control,3.0,MI,MyMichigan Skilled Nursing Facility,,0
235197,164.95726495726495,3.5,97.43040598290598,0.6347975382584514,4.881129891857325,86.075,5.131367521367522,,control,3.0,MI,Hillsdale County Medical Care Facility,,0
235201,39.0,0.0,90.33645299145299,0.6579126203799629,3.825340501970908,52.74037037037037,27.59777777777778,,control,3.0,MI,Munson Healthcare Crawford Continuing Care Center,,0
235204,180.32193732193736,8.5,79.38144586894587,0.4226497936069014,4.106049961793834,80.76691358024691,7.388867521367522,,control,3.0,MI,BROOKHAVEN MEDICAL CARE FACILI,,0
235205,51.51282051282052,0.0,93.54655982905983,0.5684717525572356,4.083534768371489,68.19222222222221,13.496324786324788,,control,3.0,MI,Corewell Health Reed City Hospital Rehabilitation,,0
235207,139.56889406889408,2.0,87.28408831908833,0.17647042261540077,3.4219510079955717,68.66796296296296,18.33709466459467,,control,3.0,MI,Oakpointe Senior Care and Rehab Center,,0
235213,69.36858974358975,2.0,94.02380662393162,0.569063352430231,4.886471229981852,70.66267386831275,12.586056623931626,,control,3.0,MI,Allegan County Medical Care Facility,,0
235223,158.84615384615387,3.5,92.70155982905983,0.9610352967093212,4.3659661884373655,21.033168724279832,40.73482905982906,,control,3.0,MI,Glacier Hills,,0
235224,136.0,0.0,95.67754273504275,0.3555279762141482,4.123134807577808,69.21635802469137,11.156282051282052,,control,3.0,MI,Lenawee Medical Care Facility,,0
235225,119.0,2.5,88.45429487179487,0.48397670439672635,3.595153013919384,42.108004115226336,30.92837606837607,,control,3.0,MI,Fountain View of Monroe,,0
235226,157.15384615384616,1.5,77.05540598290598,0.7656501270869195,5.064513481489207,71.10716049382715,16.240320512820514,,control,3.0,MI,Medilodge of Grand Blanc,,0
235234,129.15773115773118,9.0,73.86399766899768,0.13670286730862463,3.713356147941741,86.9169135802469,8.887577700077701,,control,3.0,MI,Heritage Manor Nursing and Rehabilitation Center,,0
235236,133.0,3.5,82.44965811965812,0.9432208068268562,4.076030225154955,48.1962962962963,30.92508547008547,,control,3.0,MI,Burcham Hills Retirement Center,,0
235237,120.0,0.0,96.76128205128205,0.37678449553578014,3.728978932376742,73.70679012345678,7.361688034188035,,control,3.0,MI,Calhoun County Medical Care Facility,,0
235238,200.25000000000003,16.5,89.87450854700855,0.5162935282646123,4.283247931964516,53.04423868312758,18.573034188034185,,control,3.0,MI,Evangelical Home - Saline,,0
235242,87.0,0.0,89.98422299922301,0.25216755101633537,3.4460241221379144,75.95637860082304,12.455330225330226,,control,3.0,MI,"BOULEVARD MANOR, LLC",,0
235244,99.0,1.0,94.22055555555556,0.7333916779779386,3.309625562855843,63.68446502057614,14.058034188034188,,control,3.0,MI,Christian Park Health Care Center,,0
235245,147.97863247863248,1.0,78.25442307692308,0.5741775105157665,3.54953096187863,57.04530864197531,17.047286324786327,,control,3.0,MI,Brittany Manor,,0
235248,57.0,0.0,87.1373076923077,0.5092922470350579,3.9365288658311752,0.0,21.667799145299146,,control,3.0,MI,Friendship Village,,0
235252,108.0,2.5,89.35681623931625,0.47508289876458726,3.6701277037370446,48.403415637860085,21.046196581196583,,control,3.0,MI,Lourdes Rehabilitation and Healthcare Center,,0
235253,153.0,0.5,84.43061965811967,0.31840593495173464,3.037620395231519,71.82316872427984,13.828952991452994,,control,3.0,MI,The Laurels of Kent,,0
235254,60.0,1.0,72.18297008547009,0.49811222669197475,4.345753687658755,0.0,34.956923076923076,,control,3.0,MI,Vista Grande Villa,,0
235256,162.48076923076925,4.0,79.1846794871795,0.6110644870051505,4.298381178788876,52.69897119341564,21.57673076923077,,control,3.0,MI,Dimondale Nursing Care Center,,0
235257,200.0,10.0,84.10683760683762,0.5855204805490528,4.639895070025189,80.74559670781892,7.617884615384616,,control,3.0,MI,Iron County Medical Care Facility,,0
235260,124.23076923076923,3.0,83.72215811965813,0.44628576629443273,3.4964971771181275,59.544794238683124,25.97820512820513,,control,3.0,MI,Regency at Waterford,,0
235262,101.00000000000001,2.0,94.71576923076924,0.6141541436998053,3.7064927849347757,76.91761316872427,7.3074145299145306,,control,3.0,MI,West Hickory Haven,,0
235263,309.6666666666667,5.0,88.95256410256411,0.3541458474619977,3.0571175847357486,67.37806584362139,15.341837606837608,,control,3.0,MI,Medilodge of Sterling Heights,,0
235264,103.77350427350429,0.5,65.91279914529915,0.2643280391869132,3.62593665480796,75.39102880658436,8.848119658119659,,control,3.0,MI,Ely Manor,,0
235269,111.8076923076923,2.5,88.36220085470086,0.3152463743931826,4.398343130155061,47.41084362139918,15.640662393162394,,control,3.0,MI,Wellspring Lutheran Services,,0
235270,79.07692307692308,4.0,77.65876068376069,0.48515896759791066,3.0925043133067933,65.31769547325102,15.90448717948718,,control,3.0,MI,South Haven Nursing and Rehabilitation Community,,0
235274,116.95726495726495,2.0,93.00337606837608,0.16042825899395796,4.286123457032476,51.17364197530865,13.200491452991454,,control,3.0,MI,Wellspring Lutheran Nursing and Rehab Services,,0
235279,102.89102564102564,1.5,87.77000000000001,0.5303448426190437,3.420434528496777,48.38374485596708,27.576089743589748,,control,3.0,MI,Holt Senior Care and Rehab Center,,0
235282,115.24358974358975,4.0,76.25720085470086,0.41651735110521787,3.5875759385698074,68.13977366255143,9.95525641025641,,control,3.0,MI,Medilodge of Kalamazoo,,0
235283,104.24087024087025,3.5,80.63704674954676,0.4468485619294598,2.925326038668679,71.88864197530864,15.408874643874645,,control,3.0,MI,Medilodge of East Lansing,,0
235284,119.25641025641026,6.0,79.56655982905983,0.3318209451277191,3.3828877059339515,60.29899176954732,17.390918803418803,,control,3.0,MI,Medilodge of Midland,,0
235285,108.95299145299145,3.5,76.9781623931624,0.4047847254633787,3.219144788502729,62.77427983539095,14.616602564102564,,control,3.0,MI,Medilodge of Lansing,,0
235286,93.99358974358975,9.5,77.71311965811967,0.2931064040177887,2.978623342479493,67.03584362139917,16.316388888888888,,control,3.0,MI,Medilodge of Cass City,,0
235293,124.0,4.5,73.80950854700855,0.5359509858589,4.764627442107389,74.84543209876543,12.936666666666667,,control,3.0,MI,Medilodge of Farmington,,0
235295,37.01709401709402,1.5,84.09967948717949,0.6563595020924876,3.762439815251521,73.71497942386831,7.62224358974359,,control,3.0,MI,Lakeview Extended Care and Rehabilitation,,0
235296,213.34615384615387,1.0,79.3898076923077,0.46049424278075507,3.2122581188329775,74.43090534979423,12.849487179487179,,control,3.0,MI,Medilodge of Southfield,,0
235297,223.0,5.5,85.33523504273505,0.43901982611637996,3.4651977118746267,65.9132098765432,17.358568376068376,,control,3.0,MI,Rivergate Health Care Center,,0
235298,231.00000000000003,1.5,90.30094017094018,0.25021235573440015,3.757064716756852,72.32082304526749,12.851260683760685,,control,3.0,MI,"Father Murray, A Villa Center",,0
235299,123.0,4.5,82.18952991452991,0.5895162095247707,3.5022927123045253,61.45755144032921,21.1907905982906,,control,3.0,MI,The Laurels of Bedford,,0
235300,142.0,1.5,84.24886752136752,0.5436641380232156,3.4830710041754096,57.7624279835391,23.676538461538463,,control,3.0,MI,Medilodge of Taylor,,0
235301,98.0,0.0,92.7026923076923,0.4545286736284668,3.3098779769470417,60.235473251028814,16.589444444444446,,control,3.0,MI,MCAULEY REHABILITATION AND WELLNESS,,0
235302,169.0,1.5,80.86410256410258,0.4384830103376366,3.3229491509271987,64.2980658436214,23.33320512820513,,control,3.0,MI,The Laurels of Coldwater,,0
235310,83.52136752136752,8.5,90.563952991453,0.6329972033737632,4.331047807568993,29.4590329218107,26.93959401709402,,control,3.0,MI,Porter Hills Health Center,,0
235311,100.0,4.5,90.73931623931624,0.41071833800444607,4.152793647009965,78.63360082304527,8.306666666666667,,control,3.0,MI,Alamo Nursing Home Inc,,0
235313,99.0,2.0,80.13666666666667,0.41034039034520714,3.4315186181298274,68.57399176954732,11.916773504273504,,control,3.0,MI,The Laurels of Sandy Creek,,0
235319,104.24358974358975,2.5,83.57613247863249,0.30062437767518774,3.2774555644496344,63.47934156378601,14.754572649572651,,control,3.0,MI,Regency at St. Clair Shores,,0
235320,143.0,1.5,91.5257264957265,0.1507045096931957,3.5292976534494236,61.08543209876543,17.054487179487182,,control,3.0,MI,Lahser Hills Care Centre,,0
235321,140.0,12.5,97.15060670810671,0.4659168371391744,5.492564970548848,83.6564609053498,4.088175343175344,,control,3.0,MI,Marquette County Medical Care Facility,,0
235322,64.0,5.0,70.59855866355866,0.372190236998861,4.026397647374877,76.24234567901235,10.876783216783217,,control,3.0,MI,Oakridge Manor Nursing and Rehabilitation Center L,,0
235325,170.0277777777778,3.5,80.39004273504274,0.5405428684612207,3.708356497096724,77.76748971193415,10.83715811965812,,control,3.0,MI,The Villa at City Center,,0
235327,112.03846153846155,2.5,87.07134615384616,0.25289274808130613,3.1084864028472747,69.09989711934156,11.008696581196581,,control,3.0,MI,The Laurels of Hudsonville,,0
235329,97.63247863247864,9.0,78.95319800569801,0.2458641564119727,3.908102086765867,68.10694101508916,15.416182336182338,,control,3.0,MI,"MAGNUMCARE OF SAGINAW, LLC",,0
235330,147.05128205128207,5.0,70.38482905982906,0.5439260128565573,3.5933754911475346,74.62234567901234,11.893782051282052,,control,3.0,MI,Medilodge of Livingston,,0
235331,235.15384615384616,4.0,87.7775641025641,0.8129568423637531,3.362168499615806,66.9117489711934,12.797799145299145,,control,3.0,MI,Medilodge of Howell,,0
235332,230.0,2.5,87.27491452991454,0.40501098215041736,3.258834873239762,72.47160493827161,11.618846153846155,,control,3.0,MI,"Westland, A Villa Center",,0
235333,244.00000000000003,1.5,88.78074786324787,0.21634524425276042,3.5140171087826335,64.6737037037037,15.278760683760686,,control,3.0,MI,"Regency, A Villa Center",,0
235335,60.0,2.5,82.83948717948718,0.3444890749197913,3.393320899137734,69.61329218106995,13.505897435897438,,control,3.0,MI,Gladwin Nursing and Rehabilitation Community,,0
235339,147.21794871794873,1.0,90.45869658119659,0.5240342940633458,4.204574539490261,74.45057613168724,2.703589743589744,,control,3.0,MI,Edison Christian Health Center,,0
235343,159.0,2.5,85.75262820512822,0.3586142448605554,3.1953536987598667,70.09942386831275,13.151752136752137,,control,3.0,MI,Kith Haven,,0
235345,117.53846153846155,1.0,83.23482905982907,0.25480420606839166,3.9330368172007013,58.21259259259259,16.325448717948717,,control,3.0,MI,Froh Community Home,,0
235347,150.47435897435898,2.5,80.25121794871797,0.2804854846102599,3.715231141336694,76.2801646090535,6.948269230769231,,control,3.0,MI,Medilodge of Zeeland,,0
235348,132.0,7.5,80.12195804195804,0.475217547721275,3.0288698399950986,68.00601010101009,14.703131313131315,,control,3.0,MI,CRESTMONT NURSING CARE CENTER,,0
235352,80.0,5.0,94.6207264957265,0.5752125663518712,4.15155472783442,72.73829218106995,9.829871794871796,,control,3.0,MI,Cass County Medical Care Facility,,0
235356,126.0,1.5,89.68903846153847,0.4688537492743118,3.190079184380754,68.56076131687243,9.841346153846153,,control,3.0,MI,Medilodge at the Shore,,0
235359,83.63034188034189,1.0,91.16568376068376,0.26899501775854684,2.9521310554918285,62.60728395061729,19.860833333333336,,control,3.0,MI,Faith Haven Senior Care Centre,,0
235360,120.10897435897436,4.5,82.51527777777778,0.4544347217070243,4.1981461750111695,51.32748971193415,28.249059829059828,,control,3.0,MI,Arbor Manor Care Center,,0
235361,100.0,0.0,69.0982905982906,0.23212209099119796,2.8368927756060462,74.52137860082304,11.063782051282052,,control,3.0,MI,"Niles Care Center, LLC",,0
235367,99.0,0.5,88.40873931623932,0.4016097895420422,4.467443701088141,75.62098765432098,11.700918803418805,,control,3.0,MI,Norlite Nursing Center,,0
235369,240.0,1.5,90.46258547008547,0.23515955379369802,3.9582379077511556,67.11419753086419,14.547329059829062,,control,3.0,MI,Marwood Manor Nursing Home,,0
235370,175.02564102564105,6.5,76.57547008547009,0.2567598593951734,3.176793903308616,61.824279835390946,18.947628205128204,,control,3.0,MI,Medilodge of St. Clair,,0
235371,119.21794871794873,2.0,82.54115384615385,0.3533236952303618,3.600009751030048,65.48388888888888,14.450790598290599,,control,3.0,MI,Medilodge of Yale,,0
235373,83.4957264957265,2.5,91.205,0.5737254621248716,3.723633436569914,55.242921810699585,11.884636752136753,,control,3.0,MI,Heartwood Lodge Trinity Health,,0
235374,102.0,5.0,87.8306623931624,0.21121567012982964,3.859848927555552,75.17037037037036,11.425128205128207,,control,3.0,MI,West Oaks Senior Care & Rehab Center,,0
235375,150.0,8.0,90.11690170940172,0.503302237739243,3.565029262292442,48.24880658436214,20.22260683760684,,control,3.0,MI,"Applewood Nursing Center, Inc",,0
235376,93.39529914529915,2.0,53.400000000000006,0.418282978916099,4.383158540857686,25.850390946502056,49.99198717948718,,control,3.0,MI,Belle Fountain Nursing & Rehabilitation Center,,0
235378,145.0,6.0,94.26326923076924,0.6091856515831282,4.260729475681693,67.72849794238684,9.569572649572649,,control,3.0,MI,Resthaven Care Center,,0
235380,102.0,0.5,83.37314102564103,0.40852971722392856,4.035519557675474,64.68769547325103,13.609273504273503,,control,3.0,MI,The Villa at Rose City,,0
235381,51.0,2.0,94.55136752136752,0.364742496109646,3.8398727380341118,73.92720164609052,16.44403846153846,,control,3.0,MI,MyMichigan Medical Center Sault,,0
235382,64.0,2.0,95.69222222222223,0.07561171257235225,2.691382514031291,46.0308024691358,2.217777777777778,,control,3.0,MI,Hamilton Nursing Home,,0
235383,169.0,5.5,90.93491452991454,0.22344133376662018,3.020052785021803,70.28497942386831,13.554123931623932,,control,3.0,MI,"St. Joseph's, A Villa Center",,0
235384,103.50854700854701,1.0,85.86760683760684,0.4748522716393589,3.4832434491497777,60.66827160493827,16.158782051282053,,control,3.0,MI,Schnepp Senior Care and Rehabilitation Center,,0
235385,111.76923076923077,4.0,79.10467948717948,0.3781140650981224,3.4020866282016735,60.193168724279836,18.39019230769231,,control,3.0,MI,The Laurels of Mt. Pleasant,,0
235388,126.0,1.0,87.70273504273506,0.39432107243168235,3.6809125880384133,50.53526748971193,28.608333333333334,,control,3.0,MI,Bay Shores Senior Care and Rehab Center,,0
235394,80.0,2.5,64.375,0.22370230607966457,3.252333333333333,65.15166666666666,15.348333333333336,,control,3.0,MI,"MAGNUMCARE OF ALBION, LLC",,0
235396,106.00000000000001,0.0,81.97448717948718,0.32161787114021995,3.469066691799369,76.51757201646089,12.087222222222222,,control,3.0,MI,The Villa at Silverbell Estates,,0
235399,120.0,6.5,88.01508547008547,0.5311789575157096,3.3135160326374824,70.69288065843621,14.4582905982906,,control,3.0,MI,Medilodge of Portage,,0
235400,58.75641025641026,2.5,81.81841880341881,0.49311946458751743,4.011961377159653,61.59018518518518,12.065918803418803,,control,3.0,MI,Wellspring Lutheran Services,,0
235401,108.23076923076923,5.0,85.95707264957265,0.48096476512623454,3.9474403875052886,34.76395061728395,11.336068376068376,,control,3.0,MI,Clark Retirement Community,,0
235402,100.01709401709402,2.5,83.77899572649574,0.27323341145115343,3.5748249407224018,86.70111111111109,8.804081196581198,,control,3.0,MI,The Villa at Great Lakes Crossing,,0
235407,90.15773115773116,7.5,94.12419191919193,0.5915527838720398,4.075407267473123,80.51748971193416,8.022125097125098,,control,3.0,MI,Kalkaska Memorial Health Center,,0
235408,107.64102564102565,2.5,89.04497863247863,0.2455068643737821,3.1950124101225477,53.96199588477366,25.442008547008548,,control,3.0,MI,St. Anthony Healthcare Center,,0
235412,96.0,1.5,83.01064102564104,0.39384431987814067,3.5257266997749044,65.47205761316872,17.982735042735044,,control,3.0,MI,The Villa at Traverse Point,,0
235414,77.31196581196582,0.0,87.49348290598292,0.6061858181777898,3.850116660965121,62.58481481481481,23.048162393162396,,control,3.0,MI,The Villa at West Branch,,0
235415,97.39903846153847,8.5,71.45534188034188,0.2611069202336376,3.421628589235625,82.72622633744857,10.658595085470086,,control,3.0,MI,PARKEAST HEALTHCARE CENTER,,0
235416,92.56837606837607,1.5,75.94461538461539,0.45327927637698917,3.4901155143051943,65.65847736625514,13.40070512820513,,control,3.0,MI,Medilodge of Sterling,,0
235421,135.82478632478632,12.0,72.39948717948718,0.2692164344183168,3.4621726296894018,61.54646090534979,17.9157905982906,,control,3.0,MI,Medilodge of Port Huron,,0
235422,72.0,4.0,82.8797435897436,0.2711918448144409,3.140210066721132,85.23399176954732,4.51474358974359,,control,3.0,MI,Regency at Chene,,0
235423,87.11538461538463,3.0,76.01143162393163,0.5486780912947881,3.766212399745958,63.48746913580247,12.63957264957265,,control,3.0,MI,Medilodge of Hillman,,0
235427,328.4475524475525,1.0,83.2556475006475,0.2547857681390318,3.3773326764458145,68.79288065843622,17.64161227661228,,control,3.0,MI,Autumn Woods Residential Health,,0
235429,113.78205128205128,1.5,86.8903418803419,0.6690941985648668,3.5989454055794505,79.56627572016461,8.944786324786325,,control,3.0,MI,The Villa at the Bay,,0
235430,89.96153846153847,0.5,76.20497863247863,0.3396773447609366,4.451419034662058,58.72818930041153,19.36553418803419,,control,3.0,MI,The Neighborhoods of White Lake,,0
235431,98.15384615384616,1.0,87.45952991452991,0.5047392614201522,3.5236068595599646,65.8356378600823,15.613931623931625,,control,3.0,MI,SANCTUARY AT THE PARK,,0
235432,72.0,5.5,90.66820512820513,0.537778308107169,2.917953079881696,65.3127572016461,14.86130341880342,,control,3.0,MI,Grayling Nursing & Rehabilitation Community,,0
235433,135.4551282051282,1.5,76.44707264957266,0.4181354933907526,3.2691504957013064,76.74158436213992,17.521196581196584,,control,3.0,MI,Greenfield Rehab and Nursing Center,,0
235434,111.34615384615385,0.0,88.73750000000001,0.6223609188267569,4.118153316232767,60.67518518518519,21.520064102564106,,control,3.0,MI,Bronson Commons,,0
235435,82.0,1.5,91.00390313390315,0.6302546570238878,4.016025062702414,70.76958847736626,6.281752136752137,,control,3.0,MI,HOLLAND HOME - FULTON MANOR,,0
235438,95.0,1.0,83.65893162393162,0.6140000240922175,3.436431729931003,56.653703703703705,17.413782051282055,,control,3.0,MI,Autumnwood of McBain,,0
235440,101.00000000000001,1.5,95.5598076923077,0.48850760217030553,4.070607694469729,45.381934156378605,9.074166666666668,,control,3.0,MI,Holland Home - Raybrook Manor,,0
235442,55.0,2.0,84.92980769230769,0.494239761336076,4.16248435059029,58.6980658436214,16.508782051282054,,control,3.0,MI,Great Lakes Rehabilitation Center,,0
235443,200.0,7.0,80.67414529914531,0.34513783919799745,4.080522215444897,29.536419753086417,40.31587606837607,,control,3.0,MI,ShorePointe Nursing Center,,0
235444,122.88409738409739,1.5,75.29272792022793,0.12702347944506498,3.256009336891407,81.62576131687243,11.162423594923595,,control,3.0,MI,Westwood Nursing Center,,0
235445,220.12820512820514,1.5,86.22260683760685,0.15068631316442743,3.4273015325404983,75.32617283950617,11.746410256410257,,control,3.0,MI,Fairlane Senior Care and Rehab Center,,0
235446,84.75641025641026,2.0,82.22226495726497,0.5563589769810406,3.3866390271208404,71.47868312757203,11.271495726495727,,control,3.0,MI,Autumnwood of Deckerville,,0
235450,60.0,2.0,88.12030562030563,0.33962258183077565,3.269925953652269,73.46670781893005,7.6876495726495735,,control,3.0,MI,Allendale Nursing and Rehabilitation Community,,0
235452,129.22008547008548,0.0,84.0446794871795,0.23919147848218122,3.7281443475560834,60.755123456790116,21.34587606837607,,control,3.0,MI,Regency Heights-Detroit,,0
235453,143.5,0.0,94.03134615384616,0.35725091498967665,3.7332542881675908,49.019423868312764,27.22773504273504,,control,3.0,MI,Fraser Villa,,0
235456,115.65384615384616,4.5,90.96630341880342,0.3247704807885957,3.6241777748370954,58.234753086419744,19.579380341880345,,control,3.0,MI,Courtney Manor,,0
235460,39.0474617974618,0.0,88.70793706293708,1.1418062305648513,4.1439004175814524,66.23471193415638,11.610889018389019,,control,3.0,MI,Paul Oliver Memorial Hospital LTCU,,0
235462,179.0,7.0,88.62416666666667,0.12510961299257128,3.5872221991168995,47.776131687242795,26.316132478632483,,control,3.0,MI,Corewell Health Rehab & Nursing Center-Commons Far,,0
235463,115.89102564102565,5.5,90.16726495726498,0.18791949099760497,3.1920136326056494,91.73121399176954,6.716047008547009,,control,3.0,MI,The Villa at the Park,,0
235464,71.0,2.0,93.18555555555557,0.3775448699287542,3.762342136651856,69.99835390946501,14.171944444444444,,control,3.0,MI,North Woods Nursing Center,,0
235467,103.50427350427351,0.5,88.59303418803421,0.3384657268646652,3.532163175509302,50.10020576131687,19.66604700854701,,control,3.0,MI,Four Chaplains Nursing Care Center,,0
235470,66.0,0.5,93.49029914529916,0.7299207004243811,3.602736727622413,45.171851851851855,28.775235042735048,,control,3.0,MI,Bellbrook,,0
235472,28.032051282051285,5.0,81.88662393162393,1.2982178013557324,5.217649210251222,70.21576131687242,16.46354700854701,,control,3.0,MI,Memorial Healthcare Center,,0
235475,102.83216783216784,2.0,83.70724941724941,0.26375146154909374,3.4347028704873126,81.83452674897119,11.969449624449625,,control,3.0,MI,Beaconshire Nursing Centre,,0
235476,180.0,1.5,83.46991452991453,0.33428651849588104,3.7861635790400605,67.47584362139916,21.98179487179487,,control,3.0,MI,Riverview Health and Rehab Center North,,0
235477,186.0,0.0,83.2397435897436,0.5393220311552511,3.5515362690634724,56.54168724279835,20.61976495726496,,control,3.0,MI,Pomeroy Living Rochester Skilled Rehabilitation,,0
235479,142.0,4.5,84.82814232064231,0.23352562690686277,3.3776430007365805,63.817016460905364,15.879018389018391,,control,3.0,MI,Regency at Livonia,,0
235481,120.0,3.5,94.72660256410258,0.43093032070823517,3.893011006076576,55.78781893004115,17.748226495726495,,control,3.0,MI,Lake Orion Nursing Center,,0
235482,119.88461538461539,3.5,78.04,0.274552794686376,3.3950207487320547,60.15345679012346,9.642264957264958,,control,3.0,MI,Fenton Healthcare,,0
235483,93.0,3.0,92.20871794871796,0.5546859279939103,3.5568877110373363,64.10024691358025,19.308824786324788,,control,3.0,MI,The Laurels of Galesburg,,0
235484,180.0,5.0,87.76361111111112,0.6823458428917499,3.871762415818347,51.010699588477365,26.728482905982908,,control,3.0,MI,Pomeroy Living Sterling Skilled Rehabilitation,,0
235485,111.37606837606839,2.5,77.11470085470086,0.4825434495577746,4.0252664374927,62.19950617283951,20.891773504273505,,control,3.0,MI,Gladwin Pines Nursing and Rehabilitation Center,,0
235486,126.0,2.5,83.9667735042735,0.46221902189802255,3.2898057464496073,67.64082304526748,16.721004273504274,,control,3.0,MI,Medilodge of Richmond,,0
235488,154.09829059829062,2.5,72.5791452991453,0.5534274921726144,3.94523562968877,38.05925925925926,33.596688034188034,,control,3.0,MI,West Bloomfield Health and Rehabilitation Center,,0
235489,79.95726495726495,0.5,96.62188034188034,0.421714932976485,3.4940577342070194,79.93713991769548,9.012500000000001,,control,3.0,MI,The Villa at Green Lake Estates,,0
235490,109.20085470085469,1.5,74.83264957264957,0.539918865381873,3.3538838953760677,65.000658436214,11.533354700854701,,control,3.0,MI,Medilodge of Mt. Pleasant,,0
235492,106.00000000000001,1.0,89.35974358974359,0.1507368073769144,4.067081085036941,81.47082304526748,5.2388675213675215,,control,3.0,MI,Sheffield Manor Nursing & Rehabilitation Center,,0
235495,108.08547008547009,4.0,75.21000000000001,0.37838221572458436,3.2646559440202187,71.74991769547324,15.341452991452995,,control,3.0,MI,Medilodge of Marshall,,0
235498,124.0,7.5,88.79029914529914,0.29218974135915377,3.084471620573839,50.05711934156378,29.10863247863248,,control,3.0,MI,"Boulevard Temple Care Center, LLC",,0
235499,79.0,5.0,88.17277777777778,0.4998179032092614,3.5972844045760666,80.66213991769546,10.899722222222223,,control,3.0,MI,Grand Oaks Nursing Center,,0
235500,139.64102564102564,5.0,81.78121794871795,0.2786222133056535,4.408216780622175,81.51374485596708,7.883547008547009,,control,3.0,MI,Omni Continuing Care,,0
235502,199.64102564102566,2.0,84.1838888888889,0.594546083518056,4.38877263693759,18.098271604938272,43.85709401709402,,control,3.0,MI,CH Rehab & Nurs Cnt - Commons Dearborn,,0
235503,144.0,5.0,94.33754273504275,0.3994387313139287,3.441320181520573,83.77981481481481,7.250982905982906,,control,3.0,MI,The Villa at Parkridge,,0
235506,187.79487179487182,12.0,84.64792735042735,0.40279180821175636,4.019752389077807,3.372962962962964,58.79299145299146,,control,3.0,MI,Shelby Health and Rehabilitation Center,,0
235507,44.294871794871796,1.0,88.1959188034188,0.777300328591414,3.401351184192173,63.1790329218107,14.912649572649574,,control,3.0,MI,Medilodge of Plymouth,,0
235508,103.97617197617198,0.5,82.49060606060607,0.21351033692986365,3.4221325141685934,68.12049382716049,15.516166796166797,,control,3.0,MI,The Manor of Farmington Hills,,0
235513,50.0,3.0,91.00000000000001,0.44593171888813354,3.0766236103908815,76.11798353909464,12.252029914529913,,control,3.0,MI,The Laurels of Fulton,,0
235514,265.0,9.0,90.30143162393162,0.17348487207030638,3.333869673084447,71.17012345679012,11.01440170940171,,control,3.0,MI,"Imperial, A Villa Center",,0
235515,60.0,1.5,86.18337606837608,0.4203794912081119,3.352593250606065,65.8522427983539,14.770940170940172,,control,3.0,MI,Lakeview Manor Healthcare Center,,0
235516,288.5042735042735,3.0,90.19938034188034,0.4497622370404795,3.3669233746779557,66.32827160493827,15.471923076923076,,control,3.0,MI,Rivergate Terrace,,0
235517,113.0,2.0,80.41225912975914,0.22830581583869913,3.303849666573061,80.0506378600823,12.539837477337478,,control,3.0,MI,Medilodge of Campus Area,,0
235518,151.0,1.0,93.16265491452992,0.30621121903572934,3.3841967303887985,77.06275925925925,12.834726495726496,,control,3.0,MI,Maple Woods Manor,,0
235519,61.00000000000001,0.5,92.79705128205129,0.3919125572880483,3.242302327935121,59.83707818930041,15.43337606837607,,control,3.0,MI,King Nursing & Rehabilitation Community,,0
235522,56.3974358974359,0.5,78.39647435897436,0.4681347180513848,3.169112140761995,65.780658436214,13.657115384615384,,control,3.0,MI,Hillcrest Nursing and Rehabilitation Community,,0
235523,26.0,0.0,80.87819930069931,0.8025506488375922,5.758547007189877,0.0,64.67618492618493,,control,3.0,MI,Oakland Nursing Center,,0
235525,45.57264957264958,2.0,88.61096153846154,0.5385058255301571,3.536143467741383,64.18232510288065,11.655619658119658,,control,3.0,MI,Heritage Nursing and Rehabilitation Community,,0
235526,62.269230769230774,2.5,89.95185897435897,0.9409094675381359,4.059031523092267,60.855843621399174,16.520299145299145,,control,3.0,MI,Boulder Park Terrace,,0
235527,146.52991452991455,1.0,74.06611111111111,0.15782958154036802,3.0808243279799505,87.51876543209877,5.923888888888889,,control,3.0,MI,ST JAMES NURSING CENTER,,0
235528,90.46153846153847,7.0,92.13202991452991,0.3240782793844141,3.6898685572451537,50.21098765432099,21.577564102564104,,control,3.0,MI,The Village of East Harbor,,0
235529,140.0,3.0,91.0783313908314,0.3264905237565893,3.8023034427832,63.897818930041154,17.059036519036518,,control,3.0,MI,The Manor of Novi,,0
235530,101.4871794871795,3.0,92.44202991452993,0.48520117178672284,4.753052934149361,18.26932098765432,42.17143162393163,,control,3.0,MI,Marywood Nursing Care Center,,0
235531,79.75,8.0,77.62019230769232,0.21833108989520394,3.122742467164964,83.35829218106996,6.956880341880343,,control,3.0,MI,ALPHA MANOR NURSING HOME,,0
235535,34.0,6.0,91.24732905982907,0.5639841533020995,2.7830614238945333,68.03312757201647,11.174423076923079,,control,3.0,MI,Riverside Nursing Centre,,0
235538,50.0,2.5,93.66239316239316,0.4481737956764535,3.7767101698467647,51.84127572016461,34.264679487179485,,control,3.0,MI,Mission Point Health Campus of Jackson,,0
235540,58.0,5.5,89.80675213675214,0.6635330935513957,4.262250892720514,51.13691358024691,26.84209401709402,,control,3.0,MI,Holland Home Breton Rehabilitation & Living Centre,,0
235541,149.87412587412587,2.0,90.45352693602693,0.41041626520719965,4.082085534287472,56.718333333333334,23.072307044807047,,control,3.0,MI,The Lodge at Taylor,,0
235542,108.5982905982906,6.5,78.97673076923077,0.43003469905991143,3.761466937632603,64.55205761316873,17.444188034188034,,control,3.0,MI,Medilodge of Westwood,,0
235543,41.01709401709402,3.5,86.41346153846155,0.5542496840934215,3.4357791765372525,66.4679012345679,14.883397435897436,,control,3.0,MI,Lincoln Haven Nursing & Rehabilitation Community,,0
235545,135.0,5.0,86.3623076923077,0.39094324985932805,3.3617823532610887,75.34436213991769,6.557457264957266,,control,3.0,MI,Regency at Whitmore Lake,,0
235547,151.0791245791246,2.0,89.20637788137789,0.27997899727885556,3.090854485933625,70.23864197530864,13.643831908831908,,control,3.0,MI,Lakepointe Senior Care and Rehabilitation Center,,0
235548,39.0,0.0,74.58824786324786,1.1851337632601644,4.8269293884603455,0.0,70.59604700854702,,control,3.0,MI,The Inn at Freedom Village,,0
235549,50.34615384615385,3.5,78.65974358974358,0.3793534824839173,3.447342985978284,80.6480658436214,11.05923076923077,,control,3.0,MI,Roosevelt Park Nursing and Rehabilitation Communit,,0
235550,102.11538461538463,0.0,90.58769230769232,0.584997556914224,3.583757409282462,48.42641975308642,35.70811965811966,,control,3.0,MI,Willowbrook Manor,,0
235551,58.782051282051285,3.0,88.30318376068377,0.5011316416756488,3.384139211092882,77.20407407407407,10.313141025641027,,control,3.0,MI,Greentree of Hubbell Rehabilitation and Health,,0
235554,100.0,1.0,95.32478632478633,0.3632722973744027,4.639151415200831,76.70633744855968,8.24087606837607,,control,3.0,MI,Eastwood Nursing Center,,0
235556,190.0,6.5,81.00100427350428,0.5186647131160895,3.954281318791459,11.554362139917693,52.04542735042735,,control,3.0,MI,Woodward Hills Health and Rehabilitation Center,,0
235559,49.0,2.5,89.15707847707849,0.1089637566213644,3.2879916483450375,69.89847736625514,11.25275641025641,,control,3.0,MI,Pine Creek Manor Skilled Nursing & Rehab Center,,0
235560,25.0,1.0,89.4957264957265,0.43130632041569544,3.766794349747475,41.69511316872427,40.13626602564103,,control,3.0,MI,HERRICK MANOR,,0
235561,136.83760683760684,1.5,76.83177350427351,0.4625523592793714,3.4827607857048353,79.67909465020576,10.095555555555556,,control,3.0,MI,Aria Nursing and Rehabilitation,,0
235562,50.0,0.0,90.13675213675214,0.32051559390365886,3.3579690141361107,70.55160493827161,10.624615384615385,,control,3.0,MI,BLOOMFIELD ORCHARD VILLA,,0
235563,103.00000000000001,4.0,87.82228632478632,0.33468421112538954,3.197935564041995,57.69146090534979,22.326111111111114,,control,3.0,MI,Medilodge of Monroe,,0
235565,65.0,1.5,90.24850427350428,0.4319263307943265,3.2921725390086247,73.59641975308641,8.351004273504273,,control,3.0,MI,Westgate Nursing & Rehabilitation Community,,0
235567,27.175990675990676,0.0,88.0025246050246,1.1266893381322054,4.229634075315263,26.647119341563787,64.51022468272468,,control,3.0,MI,Hillsdale Hospital McGuire & Macritchie Long Term,,0
235569,94.0,7.5,82.7893376068376,0.6795444048985366,3.1220602887717304,66.18349794238684,10.599252136752138,,control,3.0,MI,Ovid Healthcare Center,,0
235570,102.0,8.5,84.8403774928775,0.4934147727252741,3.048293649474505,65.78651577503429,9.31383190883191,,control,3.0,MI,WHITEHALL HEALTHCARE CENTER OF ANN ARBOR,,0
235572,82.0,1.0,84.77328347578349,0.22048393478949035,3.2725299343146563,65.63268861454046,10.12204415954416,,control,3.0,MI,WHITEHALL HEALTHCARE CENTER OF NOVI,,0
235573,97.15726495726497,3.0,83.62944444444445,0.334131106616944,3.1550386585789316,67.16818930041151,15.23321794871795,,control,3.0,MI,GRACEWAY AT COUNTRYSIDE,,0
235577,19.0,0.0,65.15923076923077,2.644905594405594,7.309537417443668,1.6762345679012345,88.11273504273504,,control,3.0,MI,McLaren Lapeer Region,,0
235578,180.0,4.0,84.37966912716914,0.5208440599390229,3.756037868428821,70.14436213991769,12.530694768194769,,control,3.0,MI,Four Seasons Nursing Center of Westland,,0
235582,151.0,0.0,84.1571153846154,0.3220365000634643,4.023834641814876,8.327098765432098,53.46762820512821,,control,3.0,MI,Evergreen Health and Rehabilitation Center,,0
235584,60.0,2.0,86.70978632478634,0.5843703103392619,3.7158815106656147,78.40440329218106,8.76104700854701,,control,3.0,MI,Argentine Care Center,,0
235587,88.76923076923077,1.0,88.86790598290598,0.198653996938236,3.6395935843511698,55.46592592592592,17.849722222222223,,control,3.0,MI,Fountain Bleu Health and Rehabilitation,,0
235588,25.0,20.0,82.90598290598291,0.3857894375361481,3.1383481219073324,76.445,5.045021367521368,,control,3.0,MI,Maple Valley Nursing Home,,0
235589,91.0,4.5,89.06113247863249,0.2843799293197922,4.361587621020604,53.72997942386831,19.991623931623934,,control,3.0,MI,The Lakeland Center,,0
235590,72.0,2.0,81.7076282051282,0.36504502141235956,3.705018850460533,34.90860082304527,31.574401709401712,,control,3.0,MI,LIVONIA WOODS NURSING AND REHABILITATION,,0
235591,51.1025641025641,0.0,88.16668803418803,0.22732810194576386,3.2408174677324477,82.99423868312756,6.022542735042736,,control,3.0,MI,Roubal Care and Rehabilitation Center,,0
235592,60.0,0.0,93.40497863247865,0.34035951914018214,3.7248452515554336,72.83572016460906,12.988931623931624,,control,3.0,MI,Huron Woods Nursing Center,,0
235594,121.0,3.5,93.67568376068375,0.2048617978103232,3.9580428351878205,63.21090534979423,16.543269230769234,,control,3.0,MI,West Woods of Niles,,0
235595,80.15384615384616,4.0,84.8378418803419,0.20939332909088193,3.3350655548627746,89.23440329218106,6.298525641025642,,control,3.0,MI,Mission Point Nursing & Physical Rehab Center of D,,0
235600,105.241452991453,3.5,88.67878205128206,0.7821216301932634,3.745465462657207,47.78983539094649,34.98083333333334,,control,3.0,MI,Medilodge of Montrose Inc,,0
235601,69.0,4.0,88.08912393162393,0.2541350125122621,3.037610085397115,82.34890946502057,6.408525641025641,,control,3.0,MI,Iron River Care Center,,0
235602,156.86538461538464,10.5,86.30732905982907,0.41674541997704007,4.636491416113525,62.596358024691355,13.514209401709401,,control,3.0,MI,Hazel I Findlay Country Manor,,0
235604,31.846153846153847,2.0,87.83557692307693,0.9656809678948209,4.064880268268397,14.034650205761316,40.00239316239316,,control,3.0,MI,WOODHAVEN RETIREMENT COMMUNITY,,0
235605,32.0,0.0,84.07692307692308,1.6826635554351175,5.484090820170382,0.0,71.16410256410256,,control,3.0,MI,Coventry House Inn,,0
235606,53.00000000000001,0.5,90.54278943278945,0.3617213738546434,3.754584204803908,52.08012345679012,22.46823556073556,,control,3.0,MI,Fisher Senior Care and Rehabilitation,,0
235607,45.0,15.0,95.93155982905984,0.5398707827159546,4.889088903136615,69.42938271604937,10.229529914529916,,control,3.0,MI,WARWICK LIVING CENTER,,0
235608,87.3931623931624,6.0,93.70032051282053,0.4834773773123923,4.025093122374276,51.80263374485597,22.14561965811966,,control,3.0,MI,Stratford Pines Nursing and Rehabilitation Center,,0
235611,22.0,0.0,81.65230769230769,1.3827561783835822,5.100600469523167,0.0,78.70878205128204,,control,3.0,MI,Orchard Creek Skilled Nursing,,0
235612,45.0,2.5,94.3546794871795,0.5934424737876862,2.8544926384511773,71.68683127572018,16.326688034188034,,control,3.0,MI,Freeman Nursing & Rehabilitation Community,,0
235613,59.0,0.0,80.07915501165502,0.9708108835971582,5.366567377139926,22.177160493827156,58.96118298368299,,control,3.0,MI,Maple Manor Rehab Center,,0
235614,37.0,0.0,78.18179487179486,0.8680689635426946,4.537334840346112,3.8513580246913586,34.422692307692316,,control,3.0,MI,Covenant Village of the Great Lakes,,0
235615,60.0,3.0,81.08677350427351,1.3538082087333165,4.801760132587718,0.3525925925925925,64.60681623931625,,control,3.0,MI,Caretel Inns of Brighton,,0
235617,40.27816627816628,3.0,87.42102952602953,0.3944541371414986,3.802257419910038,81.68609053497943,6.288028360528361,,control,3.0,MI,Regency Manor Nursing & Rehabilitation Center,,0
235619,129.37820512820514,3.0,87.24728632478633,0.20157596047008688,3.7720667985656116,62.64008230452676,16.92891025641026,,control,3.0,MI,Church of Christ Care Center,,0
235620,64.0,0.0,77.173885003885,0.2716913332547304,3.1416120360235196,88.5669416386083,6.425029137529139,,control,3.0,MI,ST JUDE NURSING CENTER,,0
235621,108.16783216783217,8.5,86.27390831390832,0.2736033370148482,3.482244696144944,50.94973251028806,26.825326987826987,,control,3.0,MI,Regency on the Lake - Fort Gratiot,,0
235622,96.0,4.0,91.76288461538462,0.33906294880934,3.2078487523310324,84.77798353909465,6.0766880341880345,,control,3.0,MI,Qualicare Nursing Home,,0
235623,119.21794871794873,8.0,83.39290598290599,0.4700237519705506,3.589322109290346,66.35637860082304,15.827649572649575,,control,3.0,MI,"Royalton Manor, LLC",,0
235624,60.0,3.5,99.17232905982907,0.8441653447776328,4.9101601779419575,73.9358024691358,3.5416880341880344,,control,3.0,MI,PortagePointe,,0
235625,102.55128205128206,4.5,83.91856837606838,0.22030192968005746,3.438164997611106,65.45934156378601,10.083333333333334,,control,3.0,MI,West Woods of Bridgman,,0
235628,39.0,2.5,58.28273504273505,0.3297832204027856,3.8052643668842343,70.23942386831276,3.503098290598291,,control,3.0,MI,Jamieson Nursing Home,,0
235630,79.02564102564102,7.0,89.7523717948718,0.5976246093031313,3.977889888633419,51.68872427983539,20.581602564102567,,control,3.0,MI,Medilodge of Wyoming,,0
235633,29.0,1.0,96.63935897435897,0.3464157544058879,3.7073364168403096,52.50748971193416,6.357713675213675,,control,3.0,MI,Beacon Hill at Eastgate,,0
235634,86.30769230769232,0.0,82.64123931623932,0.38923297230474596,5.648952345645366,0.41777777777777786,48.074059829059834,,control,3.0,MI,Fox Run Village,,0
235635,60.0,0.0,72.92634485884486,0.8997852196782745,4.419729670455938,0.2905555555555555,68.54685573685575,,control,3.0,MI,Caretel Inns of Tri-Cities,,0
235636,82.0,4.5,93.34380859880861,0.4805119312006889,3.4645174931155465,50.340411522633744,26.519288396788397,,control,3.0,MI,The Laurels of Carson City,,0
235637,48.581196581196586,1.0,75.29352564102564,0.5456352440851647,3.147312836558481,69.25508230452674,12.932628205128207,,control,3.0,MI,Plainwell Pines Nursing and Rehabilitation Communi,,0
235638,77.0,3.0,89.44311965811966,0.6944253624128885,3.7819632848254905,49.7353086419753,20.000064102564103,,control,3.0,MI,Medilodge of Holland,,0
235639,60.0,0.0,64.48273504273504,0.48529669611139453,3.8001977093491215,41.15374485596707,14.74448717948718,,control,3.0,MI,The Oaks at Byron Center,,0
235640,72.54700854700855,5.0,76.96989316239316,0.2912121599991733,3.8352697725424347,69.9945267489712,10.155192307692307,,control,3.0,MI,MEADOW WOODS NURSING AND REHAB CENTER,,0
235641,39.46153846153847,1.0,92.72363247863248,0.5833705524441466,4.4947786263683565,73.11374485596707,5.1850000000000005,,control,3.0,MI,Chesaning Nursing and Rehabilitation Center,,0
235642,56.871794871794876,2.0,92.56792735042735,0.6348872351776558,3.8189524983392733,54.270534979423864,28.260299145299147,,control,3.0,MI,Westlake Health Campus,,0
235643,55.0,5.0,94.68833333333335,0.41522341910590355,4.726249846010022,42.824362139917696,10.524423076923078,,control,3.0,MI,St Ann's Home,,0
235644,74.0,0.0,88.0525912975913,0.3170607556611459,3.6047452272123373,35.61888888888889,29.693711473711474,,control,3.0,MI,Hickory Ridge of Temperance,,0
235646,60.0,0.0,78.9063998963999,1.2081570837037576,4.469133173413303,1.3446296296296296,65.45317275317275,,control,3.0,MI,Caretel Inns of Linden,,0
235647,100.0,0.0,85.75718725718725,1.6501523443131692,4.797661470065012,25.625925925925927,36.26239057239057,,control,3.0,MI,Medilodge of Okemos,,0
235648,58.0,0.0,90.20017094017095,0.49990232004574986,4.682965764638187,41.557139917695466,12.641623931623933,,control,3.0,MI,IHM Senior Living Community,,0
235649,20.0,0.0,89.35897435897436,0.742031764775186,5.5951205185327995,25.80261316872428,0.7833119658119658,,control,3.0,MI,Valley Health Center,,0
235650,111.0,0.0,73.87366987179487,1.5248619621805695,4.211624128787742,23.99362339443821,51.81033333333334,,control,3.0,MI,Medilodge of Milford,,0
235651,81.0,18.0,94.43061965811967,0.7492673317559667,4.523810347513535,68.42100823045267,7.983653846153846,,control,3.0,MI,Bishop Noa Home for Senior Citizens,,0
235652,108.0,0.0,86.8774358974359,0.591040454309232,3.9855663600261355,43.05437336326226,20.507496947496946,,control,3.0,MI,The Timbers of Cass County,,0
235653,120.0,0.0,82.90478021978022,0.798012403908582,4.3397968201655015,47.39430555555555,17.425940170940173,,control,3.0,MI,Medilodge of Capital Area,,0
235655,122.00000000000001,0.0,79.55622863247864,0.2681040065542276,2.806005651364063,63.309403292181074,9.16690170940171,,control,3.0,MI,Regency at Westland,,0
235656,49.0,0.0,88.35360042735043,0.4236206489177571,4.250860014245784,65.42868312757201,5.537863247863248,,control,3.0,MI,Christian Care Nursing Center,,0
235657,114.61538461538461,0.0,75.72424145299146,0.5818798564350589,4.094028611070874,21.55023515579071,40.745021367521375,,control,3.0,MI,Regency at Canton,,0
235658,71.0,0.0,66.80866452991452,1.8519230418917187,8.067838581297151,12.872745443856552,49.2820405982906,,control,3.0,MI,Regency At Bluffs Park,,0
235659,146.4465811965812,0.0,86.20584401709402,0.33935720692047877,4.951918372944639,59.03231481481481,28.26288461538462,,control,3.0,MI,Riverview Health & Rehab Center,,0
235660,51.0,0.0,67.01310897435897,2.5875209436905493,5.6605044857554105,12.721800411522633,65.24472222222222,,control,3.0,MI,The Oaks at Woodfield,,0
235661,80.0,0.0,90.0,0.4800301504448923,3.4841995988890204,44.44,27.78,,control,1.0,MI,Stonegate Health Campus,,0
235662,57.0,0.0,93.86,0.8677208881447623,3.9171330811080334,24.35,55.584999999999994,,control,1.0,MI,Shelby Crossing Health Campus,,0
235663,118.0,0.0,97.46,0.509513793662093,3.7701504455865207,48.7,27.83,,control,1.0,MI,Notting Hill of West Bloomfield,,0
235665,163.0,0.0,92.02,0.1566807773391907,3.7841718635001023,22.0,28.0,,control,1.0,MI,Optalis Health and Rehabilitation of Sterling Heig,,0
235666,138.0,0.0,94.93,1.223614510597443,4.537926558156547,32.06,31.3,,control,1.0,MI,Regency at Grand Blanc,,0
235668,88.0,0.0,84.095,1.3493070733007904,3.685150149209489,33.39,26.39,,control,1.0,MI,WellBridge of Brighton,,0
235669,72.0,0.0,53.47,1.164726203024106,4.996944660295827,4.105,47.335,,control,1.0,MI,Maple Manor Rehab Center of Novi Inc,,0
235700,68.0,0.0,91.18,0.8458284440825639,3.3603966010371815,51.61,22.58,,control,1.0,MI,The Willows At East Lansing,,0
235701,68.0,0.0,85.29,1.136335098502477,3.1978111241037914,48.28,29.31,,control,1.0,MI,The Willows At Okemos,,0
235704,124.0,0.0,94.35,0.8768002758592275,3.726822647845573,34.19,24.79,,control,1.0,MI,WellBridge of Romeo,,0
235705,39.0,0.0,75.64,0.3113587848932676,4.316698960043787,84.62,1.785,,control,1.0,MI,Helen Newberry Joy HLTCU Golden Leaves Living Cent,,0
235706,120.0,0.0,75.0,1.4109263689156968,4.357418059796133,50.305,18.395,,control,1.0,MI,Regency at Lansing West,,0
235707,56.0,0.0,92.86000000000001,0.9229493446147237,3.431985936532124,49.85,18.89,,control,1.0,MI,The Willows at Howell,,0
235708,48.0,0.0,89.58,0.9972727918903391,3.9939363850192136,0.0,48.84,,control,1.0,MI,Mary Free Bed Sub-Acute Rehabilitation,,0
235709,86.0,0.0,55.815,0.43568600257432766,4.859205982938416,43.175,37.295,,control,1.0,MI,The Rivers Health & Rehabilitation Center of Gross,,0
235714,92.0,0.0,91.3,0.31260947682616613,4.4596311516944995,54.76,11.9,,control,1.0,MI,Windemere Park Health and Rehabilitation Center,,0
235715,100.0,0.0,89.0,1.331629099971852,3.8377443943891345,42.7,15.73,,control,1.0,MI,WellBridge of Fenton,,0
235716,100.0,0.0,75.0,0.8756138767372178,4.255497244015816,29.23,17.27,,control,1.0,MI,WellBridge of Rochester Hills,,0
235718,54.0,0.0,91.66499999999999,0.3436163242487771,3.0653665712993794,26.41,39.155,,control,1.0,MI,Novi Lakes Health Campus,,0
235720,100.0,0.0,85.0,1.0871157283692041,3.2611476740173653,50.14,18.47,,control,1.0,MI,WellBridge of Pinckney,,0
235721,55.0,0.0,91.815,0.4874599447906883,3.2033398503087733,63.395,14.72,,control,1.0,MI,Orchard Grove Health Campus,,0
235722,66.0,0.0,83.33,0.191150871459695,2.9977970636117695,47.27,7.27,,control,1.0,MI,Mission Point Nursing & Physical Rehabilitation Ce,,0
235724,81.0,0.0,91.36,0.9830710464055468,6.928444980986885,25.68,0.0,,control,1.0,MI,DJ Jacobetti Home for Veterans,,0
235725,78.0,0.0,37.18,0.28472690969221953,4.801424096931877,21.7,57.925,,control,1.0,MI,Aerius Health Center,,0
235726,100.0,0.0,31.0,1.0248275748275748,4.303051471801471,3.845,26.925,,control,1.0,MI,WellBridge of Clarkston,,0
255050,60.0,0.5,85.6503872053872,0.22520522520482011,4.096380990069805,81.46954732510288,11.00135521885522,,control,3.0,MS,JEFFERSON DAVIS COMMUNITY HOSPITAL ECF,,0
255072,117.3967883967884,0.5,87.26749287749288,0.3623952422832815,4.514348644445551,82.80016211497693,4.4749222999223,,control,3.0,MS,WINSTON COUNTY NURSING HOME,,0
255091,67.21160321160322,1.0,92.78477596477597,0.20077068559892183,4.038356260011538,85.90885147774037,10.405855348355349,,control,3.0,MS,"LEXINGTON MANOR SENIOR CARE, LLC",,0
255093,203.64801864801865,3.5,69.56206034706035,0.39945553229058617,3.508504125499486,77.52439580995136,14.104794094794094,,control,3.0,MS,THE PILLARS OF BILOXI,,0
255095,120.0,3.0,88.76713675213675,0.22846644203060346,3.3511605106937106,78.20691358024692,17.946089743589745,,control,3.0,MS,CARE CENTER OF LAUREL,,0
255096,60.0,3.5,94.2973322973323,0.19300910553891837,3.644351783386927,83.34269110861703,9.45958818958819,,control,3.0,MS,LOUISVILLE HEALTHCARE LLC,,0
255097,120.0,2.5,81.08021367521368,0.3018843048460036,3.5007096614666255,81.32897119341564,9.071602564102564,,control,3.0,MS,CARE CENTER OF ABERDEEN,,0
255101,140.0,4.5,94.9704700854701,0.173939608266069,3.168254765347077,69.04543209876545,18.63232905982906,,control,3.0,MS,MCCOMB COMMUNITY CARE CENTER,,0
255103,104.43550893550893,1.0,80.79268583268583,0.1866546201338333,3.598250839571167,86.83631001371741,8.458874643874644,,control,3.0,MS,EDGEWOOD HEALTH & REHABILITATION,,0
255104,112.52136752136752,1.5,86.74910256410257,0.2776747175946662,3.4105280672636784,76.31510288065843,13.56397435897436,,control,3.0,MS,GRENADA LIVING CENTER,,0
255106,230.0,3.0,97.55573232323233,0.16408794023717746,2.896322543066921,67.73035914702581,20.670626780626783,,control,3.0,MS,BRANDON COMMUNITY CARE CENTER,,0
255110,125.0,4.0,90.32820512820513,0.34791718727534104,4.2040479551317045,69.37378600823044,21.35619658119658,,control,3.0,MS,"MS CARE CENTER OF ALCORN COUNTY, INC-SNF",,0
255111,107.88267288267289,1.5,69.35372960372962,0.2859214289419659,3.7532295875205075,79.83116847487217,14.14763532763533,,control,3.0,MS,WEST POINT COMMUNITY LIVING CENTER,,0
255112,120.0,3.5,89.45182206682207,0.3963996730936391,3.8627595916570727,77.11109115849857,16.417246179746183,,control,3.0,MS,PLEASANT HILLS COM LIV CENTER,,0
255113,109.73931623931625,2.5,99.49369658119659,0.21152227026802178,3.0961397544507823,78.17913580246913,21.37467948717949,,control,3.0,MS,RULEVILLE COMMUNITY CARE CENTER,,0
255114,120.0,5.5,90.74010683760685,0.18893073088117587,2.9484906430668167,75.79094650205761,17.350213675213677,,control,3.0,MS,CLEVELAND COMMUNITY CARE CENTER,,0
255115,180.0,4.0,95.92621794871796,0.3691874167264943,3.4058817533680097,65.70205761316873,18.96267094017094,,control,3.0,MS,MANHATTAN COMMUNITY CARE CENTER,,0
255116,105.0,7.0,93.82908896658897,0.25744897013311047,3.152067040717033,48.99925177702955,34.71301864801865,,control,3.0,MS,LAKELAND COMMUNITY CARE CENTER,,0
255125,102.0,2.5,92.66047008547008,0.20462846951458702,3.108805431577168,79.53004115226338,11.280491452991454,,control,3.0,MS,CHADWICK COMMUNITY CARE CENTER,,0
255126,104.42307692307693,4.5,85.39709401709402,0.1862965003839688,3.5022235340303327,88.31744855967078,8.444188034188034,,control,3.0,MS,WILKINSON COUNTY SENIOR CARE,,0
255127,73.0,9.5,91.94100427350428,0.32198608334030515,3.3786088921947375,76.32654320987655,14.88482905982906,,control,3.0,MS,TISHOMINGO COMM LIVING CENTER,,0
255128,60.0,3.0,97.90019943019944,0.21159147161689534,3.9261819708201076,87.61875171467763,4.3153347578347585,,control,3.0,MS,WALTER B CROOK NURSING FACILITY,,0
255130,40.0,4.5,97.70299145299145,0.29314723934460774,3.4450230890342226,84.54156378600823,6.014038461538462,,control,3.0,MS,TIPPAH COUNTY NURSING HOME,,0
255136,120.0,3.5,96.75254273504274,0.11923506704120707,3.2296484384833057,75.52343621399177,17.899209401709403,,control,3.0,MS,TUPELO COMMUNITY CARE CENTER,,0
255137,158.42346542346542,4.5,97.8305833980834,0.38729689548915525,3.659832957105537,88.20317745354782,3.5090365190365187,,control,3.0,MS,NESHOBA COUNTY NURSING HOME,,0
255138,60.0,12.0,87.53532051282052,0.3932328577318562,3.316904521727756,76.14728395061728,16.176132478632482,,control,3.0,MS,ASHLAND HEALTH AND REHABILITATION,,0
255140,119.5,2.0,89.40239316239317,0.26074206144240186,3.076252566181549,75.77543209876542,14.229423076923077,,control,3.0,MS,THE BLUFFS REHABILITATION AND HEALTHCARE CENTER,,0
255141,120.0,2.0,91.65767094017095,0.4652067289586434,3.4595537123127453,72.4027366255144,20.855,,control,3.0,MS,PICAYUNE REHABILITATION AND HEALTHCARE CENTER,,0
255146,180.0,7.0,91.19623931623931,0.30246128824107876,3.344209090673661,80.7051851851852,14.967457264957266,,control,3.0,MS,YAZOO CITY REHABILITATION AND HEALTHCARE CENTER,,0
255148,145.0,4.0,94.58615384615385,0.38952155219607526,3.5781720710240394,54.451893004115234,32.79517094017094,,control,3.0,MS,WOODLANDS REHABILITATION AND HEALTHCARE CENTER,,0
255149,60.0,1.0,94.85032051282052,0.2419222724561106,3.2914286420946923,74.43380658436215,16.46252136752137,,control,3.0,MS,BEDFORD CARE CENTER OF PETAL,,0
255150,60.0,0.5,95.02123931623932,0.21107267026758553,3.317850190220953,80.77502057613168,9.874415954415953,,control,3.0,MS,BEDFORD CARE CENTER OF MENDENHALL,,0
255153,120.0,0.5,85.7105982905983,0.31043516618968586,3.5059475377567075,85.94522633744856,11.551260683760685,,control,3.0,MS,BEDFORD CARE CENTER OF NEWTON,,0
255154,110.0,1.0,88.82331196581197,0.27244701984050435,3.4336620582981165,79.43569958847736,17.148504273504273,,control,3.0,MS,CRYSTAL REHABILITATION AND HEALTHCARE CENTER,,0
255156,136.1923076923077,3.5,84.40166666666667,0.2622410313813346,3.49760703836655,80.27255144032921,15.729209401709404,,control,3.0,MS,GRENADA REHABILITATION AND HEALTHCARE CENTER,,0
255158,156.03418803418805,1.0,90.12290598290599,0.4284296594444372,4.004839574579256,70.11090534979425,22.004358974358976,,control,3.0,MS,BEDFORD CARE CENTER OF HATTIESBURG,,0
255159,60.0,6.0,91.55675213675212,0.17032672141416486,3.2097996134040256,78.90362139917696,10.904935897435898,,control,3.0,MS,PERRY COUNTY NURSING CENTER,,0
255160,130.0,2.0,94.42282051282052,0.42240685358869673,4.494313930793998,59.65744855967078,29.240705128205132,,control,3.0,MS,THE MEADOWS,,0
255161,107.0,3.5,91.65903846153847,0.8836236914978546,3.628184880076645,78.78876543209876,11.267713675213676,,control,3.0,MS,NMMC BALDWYN NURSING FACILITY,,0
255164,60.0,1.5,88.72519230769231,0.15608157860330987,4.511482213483626,89.39592592592594,9.42878205128205,,control,3.0,MS,JEFFERSON COUNTY NURSING HOME,,0
255166,84.0,5.5,81.47109557109557,0.5777299449512526,5.093499341676508,72.83017707943634,11.704232064232064,,control,3.0,MS,ARABELLA HEALTH & WELLNESS OF MERIDIAN,,0
255168,25.0,0.0,78.76689976689977,3.2075817923921885,5.561195874513538,0.0,91.98056656306657,,control,3.0,MS,MERIT HEALTH WESLEY,,0
255169,100.6568894068894,0.0,77.55506928256929,0.23232656896278367,3.333773872920612,77.96340067340066,10.393732841232842,,control,3.0,MS,"TREND HEALTH AND REHAB OF NATCHEZ, LLC",,0
255179,60.0,4.0,83.24506410256411,0.3020207195273862,3.887070919422311,89.05654320987655,10.026346153846154,,control,3.0,MS,"LEAKESVILLE REHABILITATION AND NURSING CENTER, INC",,0
255181,60.0,6.5,89.03044871794873,0.2959062792609111,3.6675819127453746,77.32028806584363,11.37931623931624,,control,3.0,MS,GLEN OAKS NURSING CENTER,,0
255182,105.0,3.0,93.01,0.46694364489902196,4.547849900459793,64.51218106995884,19.835662393162394,,control,3.0,MS,LAKEVIEW NURSING CENTER,,0
255185,75.0,5.5,92.80100427350428,0.20633809914317333,3.5378427380243904,82.3438888888889,16.440405982905983,,control,3.0,MS,INDIANOLA REHABILITATION AND HEALTHCARE CENTER,,0
255191,120.0,2.5,81.53317987567988,0.2283484953851757,3.2060096764219237,77.03545703953111,11.159204221704222,,control,3.0,MS,ATTALA COUNTY NURSING CENTER,,0
255192,76.15306915306917,6.5,79.87402162652162,0.21112694523707215,4.608050005583593,80.87392442947998,13.993187645687646,,control,3.0,MS,CLAIBORNE COUNTY SENIOR CARE,,0
255206,120.0,5.5,80.07771367521369,0.4883863023109085,3.3694561622039885,77.71555555555557,15.772329059829062,,control,3.0,MS,AURORA HEALTH AND REHABILITATION,,0
255207,120.0,2.5,80.06119658119658,0.327889153433146,3.3890513648894873,69.30271604938271,17.487756410256413,,control,3.0,MS,PLAZA COMMUNITY LIVING CENTER,,0
255210,114.23076923076924,2.0,81.12754273504274,0.16057984302982997,3.5932423787060377,79.94397119341563,8.788076923076924,,control,3.0,MS,PINE CREST GUEST HOME INC,,0
255211,16.0,0.0,63.541666666666664,3.027181818181818,7.793303030303031,0.0,82.91666666666669,,control,3.0,MS,GREENWOOD LEFLORE SUB ACUTE UN,,0
255212,66.0,2.0,80.28767094017094,0.5398660436625984,3.437349975354672,69.49131687242799,18.304529914529915,,control,3.0,MS,COURTYARDS COMM LIVING CENTER,,0
255213,60.0,1.0,91.99027777777778,0.3244612091464414,4.412066576001861,76.28864197530865,13.252777777777778,,control,3.0,MS,MEADVILLE CONVALESCENT HOME,,0
255214,60.0,1.0,95.30538461538463,0.18023935302387847,3.307228934075545,76.3230452674897,12.031367521367521,,control,3.0,MS,LAWRENCE CO NURSING CENTER,,0
255215,60.0,1.5,90.29173076923078,0.26478963993737925,3.4086167309508033,79.16629629629631,13.850405982905984,,control,3.0,MS,LANDMARK OF COLLINS,,0
255216,105.62735042735042,3.0,63.78961538461539,0.195308881066646,3.9355625027689367,82.4749569771792,10.993282051282051,,control,3.0,MS,RIVERVIEW NURSING & REHABILITATION CENTER,,0
255217,60.0,0.5,79.40742424242424,0.36635216818250227,3.4276350904072346,87.01510288065845,10.978846153846154,,control,3.0,MS,RIVER HEIGHTS HEALTHCARE CENTER,,0
255218,105.0,2.5,89.67279914529914,0.41758185676731785,3.4922440287867644,74.7945267489712,14.479679487179489,,control,3.0,MS,TISHOMINGO MANOR,,0
255219,60.0,1.5,83.22117327117329,0.18117106023135557,3.4100530227679533,83.88259259259259,14.532474747474748,,control,3.0,MS,ARBOR WALK HEALTHCARE CENTER,,0
255220,54.0,3.0,87.45197746697747,0.14220066741848256,3.5842825576664232,87.40674897119342,4.348951048951049,,control,3.0,MS,SHARKEY-ISSAQUENA NURSING HOME,,0
255221,81.0,1.0,84.65219373219374,0.21056690452557875,3.820594383048641,73.09988028432473,15.747349002849004,,control,3.0,MS,HAVEN HALL HEALTH CARE CENTER,,0
255222,60.0,0.5,96.41824786324787,0.23776570604984854,4.508295844531553,57.614506172839505,14.834978632478634,,control,3.0,MS,TRINITY HEALTHCARE CENTER,,0
255226,58.0,3.5,88.17403846153846,0.3152049653281729,3.382848313249534,72.13,20.987713675213676,,control,3.0,MS,NATCHEZ REHABILITATION AND HEALTHCARE CENTER,,0
255227,118.57692307692308,8.5,81.83561965811965,0.32794299716566466,3.7884580819388654,75.39308641975308,15.26320512820513,,control,3.0,MS,COLUMBIA REHABILITATION AND HEALTHCARE CENTER,,0
255228,75.0,3.5,93.7832264957265,0.21628343374895614,3.127587259889502,78.36041152263374,19.091880341880344,,control,3.0,MS,DELTA REHABILITATION AND HEALTHCARE CENTER,,0
255229,120.0,1.0,94.66910256410257,0.15453350940002858,3.3812097887512236,76.74267489711934,18.19502136752137,,control,3.0,MS,HOLLY SPRINGS REHABILITATION AND HEALTHCARE CENTER,,0
255230,23.0,0.0,34.94027777777778,5.262797175847657,7.946485320591091,0.0,94.16788461538462,,control,3.0,MS,BAPTIST MEMORIAL HOSPITAL GT,,0
255232,95.0,5.0,92.35019230769231,0.25088780905568825,3.314129409549629,65.63263374485597,30.47397435897436,,control,3.0,MS,CORNERSTONE REHABILITATION AND HEALTHCARE CENTER,,0
255233,120.3974358974359,1.5,65.71630341880342,0.36622853156478097,3.470815733754944,87.42098765432101,9.285747863247865,,control,3.0,MS,AZALEA GARDENS NURSING CENTER,,0
255243,75.42307692307693,6.0,85.6963675213675,0.3443733424908043,4.361666880167133,78.66901234567901,14.07397435897436,,control,3.0,MS,BILLDORA SENIOR CARE,,0
255244,73.0,1.5,77.84873931623932,0.5869955464451415,3.744334393508316,56.257201646090536,29.49061965811966,,control,3.0,MS,SUNPLEX SUB-ACUTE CENTER,,0
255247,60.0,8.5,79.50608974358975,0.5898382575424959,3.4650873496574315,78.15979423868312,17.169444444444448,,control,3.0,MS,REST HAVEN HEALTH AND REHABILITATION,,0
255249,60.0,12.5,97.6923717948718,0.1257227139626187,3.3606509348620057,75.1272427983539,10.77732905982906,,control,3.0,MS,Compere NH Inc,,0
255250,120.0,3.0,96.88267094017094,0.4239320784646931,3.8352285471294545,78.65341563786009,10.130064102564102,,control,3.0,MS,MS CARE CENTER OF MORTON,,0
255251,60.0,0.5,95.6121153846154,0.49416572521169977,4.017638667790151,83.42440329218107,9.672457264957265,,control,3.0,MS,MS CARE CENTER OF DEKALB,,0
255252,116.0,3.5,93.07363247863248,0.4136424604842972,3.7843290908099614,83.11761316872428,11.480235042735044,,control,3.0,MS,MS CARE CENTER OF GREENVILLE,,0
255253,100.0,1.0,85.72222222222223,0.6273282646316086,3.453460933810818,76.63318930041152,16.03963675213675,,control,3.0,MS,VICKSBURG CONVALESCENT CENTER,,0
255257,140.0,4.5,92.50117650867651,0.46206740201518676,4.339350481021599,72.69822671156004,15.335203315203316,,control,3.0,MS,THE WINDSOR PLACE,,0
255259,60.0,4.0,89.44130341880341,0.10662868673465331,3.2705881327623296,82.3227160493827,10.905341880341881,,control,3.0,MS,HUMPHREYS CO NURSING CENTER,,0
255262,60.0,0.5,81.18931623931624,0.44039997688216476,3.339974293446563,59.675843621399174,31.294871794871796,,control,3.0,MS,LAURELWOOD COMMUNITY LIVING CENTER,,0
255263,58.0,4.5,72.35407342657344,0.30091528260104317,3.3002721069282153,82.3195136550692,13.855641025641027,,control,3.0,MS,MERIDIAN COMM LIVING CENTER,,0
255264,64.0,9.0,87.79743589743589,0.4180565360077375,2.94168139387621,75.35991769547324,20.093376068376067,,control,3.0,MS,LONGWOOD COMMUNITY LIVING CENTER,,0
255265,60.0,2.0,92.13715811965812,0.3849460216864369,3.8964176344929524,56.11222222222223,23.80320512820513,,control,3.0,MS,WINDHAM HOUSE OF HATTIESBURG,,0
255266,100.0,2.0,88.52350427350427,0.27060306090756936,3.898877758309242,52.710658436214,21.074252136752136,,control,3.0,MS,BRANDON COURT,,0
255267,111.07692307692308,3.0,81.89070318570319,0.16840437092269706,3.651738577160839,83.39550193290933,12.811068376068377,,control,3.0,MS,CLARKSDALE NURSING CENTER,,0
255268,120.0,0.5,83.15044871794872,0.3391759446396532,3.6336603467210233,80.5819341563786,14.468717948717952,,control,3.0,MS,NEW ALBANY HEALTH & REHAB CENTER,,0
255269,180.0,4.0,82.001047008547,0.309450126891129,3.5947121823219907,69.8483950617284,24.857222222222223,,control,3.0,MS,OXFORD HEALTH & REHAB CENTER,,0
255270,60.0,6.5,94.46564102564103,0.3213621357675184,3.4645264929318564,81.1545267489712,13.018760683760684,,control,3.0,MS,PONTOTOC HEALTH & REHAB CENTER,,0
255271,80.0,6.0,95.40598290598291,0.32644529155646346,3.1925317343665434,76.68411522633744,16.903440170940172,,control,3.0,MS,LIBERTY COMMUNITY LIVING CTR,,0
255272,98.0,1.0,89.86196581196582,0.3565398150111236,3.2358625732981947,75.3232098765432,10.518397435897437,,control,3.0,MS,"MYRTLES NURSING CENTER, LLC",,0
255274,120.0,1.0,91.10094017094018,0.19633816986034242,3.37248669399158,42.194115226337445,25.747777777777777,,control,3.0,MS,HIGHLAND HOME,,0
255275,60.0,0.0,95.6200641025641,0.2128886860867993,3.889501937126466,82.90761316872428,11.73974358974359,,control,3.0,MS,"MAGNOLIA SENIOR CARE, LLC",,0
255276,60.0,3.0,93.41435897435898,0.09883877469928323,3.460650063948693,81.18979423868313,13.567307692307693,,control,3.0,MS,THE MADISON HEALTH AND REHAB,,0
255277,60.0,7.0,93.62785224035224,0.25909634224212585,3.9137171575963383,84.04195660306772,13.697496762496764,,control,3.0,MS,GREENE COUNTY HEALTH AND REHABILITATION,,0
255278,120.0,3.5,89.39068376068377,0.19726591084026313,3.4023413924536063,78.2445417134306,13.328783346283346,,control,3.0,MS,HILLCREST NURSING CENTER,,0
255279,60.0,5.0,91.19023504273505,0.09785811821922932,3.5049927595552592,74.68648148148148,14.3857905982906,,control,3.0,MS,SARDIS COMMUNITY  NH,,0
255280,30.0,7.0,76.81029914529915,0.29242551216899043,4.72771354107462,0.0,49.61008547008547,,control,3.0,MS,CAMELLIA ESTATES,,0
255281,60.0,3.5,88.27861111111112,0.27186876825322204,3.961568427334012,67.38308641975308,20.706196581196586,,control,3.0,MS,LANDMARK OF DESOTO,,0
255282,121.0,0.5,92.93598743848744,0.21628469651258764,3.2126077680605256,79.6347063224841,8.724706682206683,,control,3.0,MS,CLINTON HEALTHCARE LLC - SNF,,0
255283,60.0,0.5,89.56532051282052,0.247190752584946,3.3259018718648194,74.33884773662552,15.76044871794872,,control,3.0,MS,VAIDEN COMMUNITY LIVING CENTER,,0
255284,60.0,4.5,92.52429487179488,0.25214121207515006,3.759281955868926,59.400370370370375,22.20318376068376,,control,3.0,MS,HERITAGE HOUSE NURSING CENTER,,0
255285,60.0,0.5,90.31891025641026,0.11001479289940828,3.7361471506748662,83.038683127572,8.373824786324787,,control,3.0,MS,COMMUNITY PLACE,,0
255289,60.0,10.0,85.34467948717949,0.2824719582816566,3.7007746939819435,74.47139917695472,13.004123931623932,,control,3.0,MS,RIVER CHASE VILLAGE,,0
255291,60.0,2.5,91.35643162393163,0.14888138392849778,3.49641397476374,75.25981294425739,12.46111952861953,,control,3.0,MS,COPIAH LIVING CENTER,,0
255292,60.0,3.0,92.77228632478632,0.1930018272290494,3.3725755564370585,86.52773662551441,10.133785936285935,,control,3.0,MS,LEGACY MANOR NURSING AND REHABILITATION CENTER,,0
255296,120.0,8.0,91.61358326858328,0.25729258683331657,3.4634464148039923,60.37958598328969,23.224170551670554,,control,3.0,MS,DESOTO HEALTHCARE CENTER,,0
255297,61.970991970991975,2.0,94.83328282828282,0.35894511571190557,3.6668305474678324,80.45524379598453,14.555624190624192,,control,3.0,MS,BEDFORD CARE CTR-MONROE HALL,,0
255299,60.0,4.5,85.92805555555556,0.3097125853861574,4.057013454022333,77.07695473251029,12.876923076923077,,control,3.0,MS,VINEYARD COURT NURSING CENTER,,0
255300,88.0,0.5,93.34867521367522,0.18916006264503302,4.147720204067658,65.33827160493827,18.824188034188033,,control,3.0,MS,WILLOW CREEK RETIREMENT CENTER,,0
255301,60.0,1.0,92.7232264957265,0.419735689541232,3.8414120745504583,64.51362139917696,20.955320512820514,,control,3.0,MS,"CARRINGTON, LLC D/B/A THE CARRINGTON",,0
255302,118.62030562030563,1.5,89.16824980574981,0.2789816315940588,4.111431286804338,69.84415139044768,19.31767158767159,,control,3.0,MS,SENATOBIA HEALTHCARE & REHAB,,0
255303,60.0,0.5,93.07944444444445,0.3318068470382459,3.8118224027506873,68.4688477366255,20.38397435897436,,control,3.0,MS,BRIAR HILL REST HOME,,0
255304,60.0,1.5,90.47517094017094,0.335784171408012,3.8891118994525398,59.6837037037037,24.076944444444443,,control,3.0,MS,THE NICHOLS CENTER,,0
255305,60.0,4.5,93.9223717948718,0.45769935807075524,3.7454667967890503,62.83162551440329,24.07346153846154,,control,3.0,MS,RIVER PLACE NURSING CENTER,,0
255306,66.0,7.0,95.87801282051282,0.4497473288265449,3.0997417386678787,79.33399176954731,14.047094017094018,,control,3.0,MS,TREND HEALTH AND REHAB OF HOUSTON,,0
255307,175.76923076923077,3.5,90.70698717948717,0.3774416846165597,4.9228555464764785,83.3048148148148,9.070042735042737,,control,3.0,MS,GOLDEN AGE NURSING HOME,,0
255309,140.0,7.0,95.35085470085471,0.383165974116072,5.80880984951322,62.32104938271604,16.232948717948716,,control,3.0,MS,CEDARS HEALTH CENTER,,0
255310,60.0,3.5,94.28871794871796,0.4437127285712192,4.383604647063011,72.02131687242797,17.810405982905984,,control,3.0,MS,SILVER CROSS HEALTH & REHAB,,0
255311,60.0,2.5,92.89529914529915,0.202819100894579,3.501747781858242,60.67761316872428,31.826538461538462,,control,3.0,MS,GREAT OAKS REHABILITATION AND HEALTHCARE CENTER,,0
255312,60.0,6.0,94.42358974358976,0.06988223169462303,3.7502845722727645,67.1754526748971,22.836452991452994,,control,3.0,MS,"UNION CO HEALTH AND REHAB CENTER, INC",,0
255313,59.621153846153845,4.5,96.418202991453,0.3046517468977565,4.514229724049541,62.06271230826786,17.845982905982908,,control,3.0,MS,Dugan Memorial Home,,0
255314,60.0,10.0,90.14414335664337,0.32819151157101206,3.5543521290231013,69.72354907095648,13.761713286713288,,control,3.0,MS,WASHINGTON CARE CENTER,,0
255315,105.87606837606837,2.0,90.22226495726497,0.2551494083886732,3.5758922777709743,73.27485596707818,11.465042735042736,,control,3.0,MS,"POPLAR SPRINGS NURSING CTR, LLC",,0
255316,80.25174825174825,2.5,96.68148601398602,0.1878207264248637,4.337842488671373,78.69999999999999,11.759430846930847,,control,3.0,MS,THE GROVE,,0
255317,29.0,0.0,64.60330484330484,4.052291246784853,7.698659145226282,0.0,90.06063390313392,,control,3.0,MS,NORTH MISSISSIPPI MED CTR SUB-ACUTE,,0
255318,60.0,3.5,97.30482905982906,0.5824568707863411,4.45191221873244,79.96119341563785,16.68241452991453,,control,3.0,MS,J G ALEXANDER NURSING CENTER,,0
255319,60.0,3.5,93.24611111111112,0.30766865118633985,4.38135432629133,71.19004115226338,13.836688034188033,,control,3.0,MS,"SUNSHINE HEALTH CARE, INC",,0
255320,80.0,5.0,93.72863247863248,0.3898447624183017,3.962684324124491,77.19794238683127,11.155277777777778,,control,3.0,MS,LANDMARK NURSING AND REHAB CENTER,,0
255321,184.0,5.0,93.82891025641025,0.46428005307638354,4.468147191244199,80.9685596707819,14.222051282051284,,control,3.0,MS,HATTIESBURG HEALTH & REHAB CENTER,,0
255322,70.0,2.5,92.90574462574463,0.1908108057238236,3.8590843526271,58.09448559670782,22.56577246827247,,control,3.0,MS,DUNBAR VILLAGE TERRACE,,0
255323,82.61473711473712,2.0,79.32887205387206,0.5617998950208966,4.416305113484289,55.44520014964459,34.53197293447293,,control,3.0,MS,GREENBRIAR NURSING CENTER,,0
255324,35.0,0.0,85.55008547008548,0.441227242125706,4.048851916283732,73.83897119341565,12.20130341880342,,control,3.0,MS,BRUCE COMMUNITY LIVING CENTER,,0
255325,52.0,5.0,89.39861111111111,0.4243158388638431,5.090044080015738,0.0,80.29583333333335,,control,3.0,MS,WISTERIA GARDENS,,0
255326,120.0,2.0,79.77581196581197,0.16154920336077647,3.9168320909736805,83.65267489711935,6.274978632478633,,control,3.0,MS,PINE FOREST HEALTH AND REHABILITATION,,0
255327,60.0,7.0,96.06540598290599,0.18666224769296047,5.728521796074157,60.78205761316872,17.06087606837607,,control,3.0,MS,MARTHA COKER GREEN HOUSE HOME,,0
255328,122.04869204869206,0.0,78.38640378140379,0.302005905330772,3.8315491782824997,58.28818930041152,17.065062160062162,,control,3.0,MS,BEDFORD CARE CENTER OF MARION,,0
255329,95.0,5.0,97.94491452991454,0.1137832513765539,3.7335273060399814,86.24724279835391,4.896388888888889,,control,3.0,MS,MADISON CO NH,,0
255331,60.0,0.0,76.05032051282052,1.5051436138215233,7.135538044496716,63.85822839506173,11.139128205128205,,control,3.0,MS,ARRINGTON LIVING CENTER,,0
255332,76.32783882783883,0.0,76.99604395604396,0.2833524692018923,4.223138871067749,86.857151675485,10.033076923076923,,control,3.0,MS,HOLMES COUNTY LONG TERM CARE CENTER - DURANT,,0
255333,32.1990231990232,0.0,71.27416361416361,0.9218188848188849,6.742282661782662,56.80840094062316,34.41282051282052,,control,3.0,MS,GEORGE REGIONAL HEALTH & REHAB CENTER,,0
255335,20.0,0.0,93.19139194139194,3.7675055228119136,6.687661449105058,0.0,80.98434981684983,,control,3.0,MS,FORREST GENERAL HOSPITAL SKILLED NURSING UNIT,,0
255336,122.00000000000001,0.0,95.76141025641027,0.22113028758489067,3.5698845492129183,83.60590828924163,9.152509157509158,,control,3.0,MS,JONES CO REST HOME,,0
255338,120.0,0.0,64.81205128205129,0.14554795902973675,3.2069527502976634,86.50211640211641,9.021492673992675,,control,3.0,MS,LAMAR HEALTHCARE & REHABILITATION CENTER,,0
255339,120.0,0.0,88.96948717948717,0.4551136237401072,3.8542686061909497,82.83368770764119,11.789981684981687,,control,3.0,MS,CHOCTAW RESIDENTIAL CENTER,,0
255340,60.0,0.0,93.33,0.47918517631048224,5.056777728207518,57.14,28.57,,control,1.0,MS,NORTH POINTE HEALTH & REHABILITATION,,0
255341,90.0,0.0,90.0,0.08349123791573959,3.697075755404337,60.49,23.46,,control,1.0,MS,GULFPORT CARE CENTER,,0
255342,121.0,0.0,92.9024418604651,0.35188727803048353,4.024430502032601,78.77651162790698,9.808081395348836,,control,2.0,MS,MS CARE CENTER OF RALEIGH,,0
255343,60.0,0.0,93.33,0.38800915926179086,3.833309996582366,69.64,16.07,,control,1.0,MS,BEDFORD CARE CENTER OF PICAYUNE,,0
255344,60.0,0.0,78.33,0.13132387706855791,3.859768475691232,80.85,12.77,,control,1.0,MS,QUITMAN COUNTY HEALTH & REHAB LLC,,0
255346,36.0,0.0,83.33500000000001,1.3724104710010079,6.324438650224455,0.0,63.465,,control,1.0,MS,SINGING RIVER SKILLED NURSING FACILITY,,0
315001,174.1559829059829,2.0,85.64784188034187,0.7442721231691918,3.9197315915577446,41.349259259259256,27.789294871794873,,control,3.0,NJ,"MERWICK CARE & REHAB CENTER, LLC",,0
315002,64.0,0.0,79.76126392126392,1.0750227329443187,3.727548453835153,0.0,65.58221315721315,,control,3.0,NJ,CAREONE AT SOMERSET VALLEY,,0
315008,104.0,2.0,81.73149572649574,0.3908949224135761,3.0191993532241836,69.03170781893003,18.95388888888889,,control,3.0,NJ,LAUREL MANOR HEALTHCARE AND REHABILITATION CENTER,,0
315009,300.0,1.5,82.81920940170941,0.43605964853993784,4.179445323720342,66.93098765432099,9.990384615384615,,control,3.0,NJ,RUNNELLS CENTER FOR REHABILITATION & HEALTHCARE,,0
315013,108.0,6.5,76.51371794871795,0.6975930791427323,3.2069264205451775,71.55253086419752,12.196175213675215,,control,3.0,NJ,BARCLAYS REHABILITATION AND HEALTHCARE CENTER,,0
315017,574.0,3.0,96.46948717948717,0.6020885492138559,3.2294778067004284,86.43520576131687,3.8715170940170944,,control,3.0,NJ,BERGEN NEW BRIDGE MEDICAL CENTER,,0
315019,25.423076923076927,11.0,92.37482905982907,2.6810356512448905,6.200170390499196,64.66164609053497,15.447905982905983,,control,3.0,NJ,DWELLING PLACE AT ST CLARES,,0
315022,60.0,0.5,90.16247863247864,0.4617936181315405,3.6520169027749354,28.38353909465021,15.766068376068375,,control,3.0,NJ,MEADOW LAKES,,0
315029,303.0,3.0,90.88621794871796,0.6525836561065612,3.5483113916530513,71.37798353909466,10.665384615384616,,control,3.0,NJ,DAUGHTERS OF ISRAEL PLEASANT VALLEY HOME,,0
315032,220.0,5.5,82.90975071225071,0.367395843052575,3.7192738702106665,73.02213991769547,11.957435897435898,,control,3.0,NJ,MOUNT LAUREL CENTER FOR REHAB AND HEALTHCARE,,0
315036,122.00000000000001,0.5,93.12965811965813,0.8041703958002457,3.2354297876916447,71.32467078189299,14.002222222222223,,control,3.0,NJ,ARBOR GLEN CENTER,,0
315039,394.12820512820514,3.5,77.5399358974359,0.28523449268475487,3.511537669394804,73.80491769547325,13.288076923076925,,control,3.0,NJ,ROOSEVELT CARE CENTER,,0
315042,170.0897435897436,2.5,96.83882478632479,0.3380318381440339,3.20283123833061,56.328024691358024,18.68673076923077,,control,3.0,NJ,LINCOLN PARK RENAISSANCE,,0
315053,102.0,4.0,85.96489316239317,0.6906497160782888,3.7162190689658483,51.557119341563784,19.38553418803419,,control,3.0,NJ,PINE ACRES REHABILITATION AND HEALTHCARE,,0
315054,214.0,3.5,79.18367521367523,0.44568838800597593,3.678388293495382,68.82666666666667,11.19173076923077,,control,3.0,NJ,OUR LADYS CENTER FOR REHABILITATION & HEALTHCARE,,0
315057,113.0,0.5,92.71097513597515,0.702850350956254,3.27277823155146,28.639341563786008,32.34154428904429,,control,3.0,NJ,MERRY HEART NURSING HOME,,0
315058,116.0,5.5,73.65344017094017,0.27413801933269305,3.088961723410805,79.72376543209876,13.41974358974359,,control,3.0,NJ,AUTUMN LAKE HEALTHCARE AT SALEM COUNTY,,0
315060,215.00000000000003,1.5,90.8433547008547,0.3908365919226268,3.481642655523242,50.34493827160494,9.755320512820514,,control,3.0,NJ,ST MARY'S CENTER FOR REHABILITATION & HEALTHCARE,,0
315061,167.0,4.0,81.25720085470086,0.2150553469710128,3.23546885410564,73.37037037037038,17.786923076923078,,control,3.0,NJ,SOUTH JERSEY EXTENDED CARE,,0
315064,115.51282051282053,1.0,86.09194444444445,0.5820342609798398,3.4816974549810156,65.54158436213991,12.77042735042735,,control,3.0,NJ,ASHBROOK CARE & REHABILITATION CENTER,,0
315066,131.0,1.0,91.2295299145299,0.5552353598336488,3.5914553010945407,63.395020576131685,14.45923076923077,,control,3.0,NJ,STRATFORD MANOR REHABILITATION AND CARE CENTER,,0
315069,60.0,3.0,92.74920940170941,0.2936030971192311,2.94495764199446,66.70181069958848,6.535918803418804,,control,3.0,NJ,TOWER LODGE CARE CENTER,,0
315072,99.0,2.0,92.13365384615385,0.48213641823521686,3.7896750868764255,15.609917695473252,18.972029914529912,,control,3.0,NJ,Heath Village,,0
315087,127.00000000000001,0.5,82.48032051282053,0.40164489382955815,3.432694302465429,47.8541975308642,28.599102564102566,,control,3.0,NJ,CAREONE AT MIDDLETOWN,,0
315092,130.0,1.0,87.0995512820513,0.5493083400391751,3.1158021509557243,37.61465020576131,37.978397435897435,,control,3.0,NJ,CAREONE AT HOLMDEL,,0
315104,170.6965811965812,2.0,90.24722222222223,0.4651779523129106,3.282411217067245,56.83625514403292,16.681965811965814,,control,3.0,NJ,CORNELL HALL CARE & REHABILITATION CENTER,,0
315105,110.0,3.5,74.34025641025642,0.31871356345939506,3.145793480056929,63.07386831275719,17.940491452991456,,control,3.0,NJ,CORAL HARBOR REHABILITATION AND HEALTHCARE CENTER,,0
315106,102.0,8.5,88.62504273504274,0.517882840221497,2.873216896395374,79.74666666666667,9.457735042735044,,control,3.0,NJ,ELIZABETH NURSING AND REHAB,,0
315108,119.0,0.5,85.86485042735043,0.2897029642397192,3.5418794893067327,54.387818930041156,16.665683760683763,,control,3.0,NJ,PRINCETON CARE CENTER,,0
315111,126.50427350427351,1.5,87.83108974358974,0.3769829021352709,3.221148970435526,72.40296296296296,11.913568376068376,,control,3.0,NJ,PREFERRED CARE AT HAMILTON,,0
315115,160.0,0.0,87.5165811965812,0.3282645918893136,3.3968882758518415,67.21016460905349,15.176538461538462,,control,3.0,NJ,ATLANTIC COAST REHAB & HEALTH,,0
315120,108.0,0.0,79.2523717948718,0.7765277585769578,4.090035155505276,35.12995884773662,28.78649572649573,,control,3.0,NJ,CHATHAM HILLS SUBACUTE CARE CENTER,,0
315126,182.0,1.5,94.20711538461539,0.3003676387664003,3.6830788736589257,67.67222222222223,14.585448717948719,,control,3.0,NJ,BISHOP MCCARTHY CENTER FOR REHAB & HEALTHCARE,,0
315129,96.0,1.5,82.41326923076923,0.7183964547685896,3.89424388793545,40.58518518518518,29.105897435897436,,control,3.0,NJ,DELLRIDGE HEALTH & REHABILITATION CENTER,,0
315130,40.0,0.0,87.87393162393163,1.872838319088319,4.599653642653642,0.7626886145404665,54.04460826210826,,control,3.0,NJ,ATLANTIC REHABILITATION INSTITUTE,,0
315132,122.00000000000001,1.5,88.97209401709402,0.6074828082854492,3.6907754518494453,25.033539094650205,42.459294871794874,,control,3.0,NJ,CareOne at The Highlands,,0
315133,114.0,2.5,82.24976495726496,0.6790508550414136,3.878341949520926,36.23172839506173,36.016666666666666,,control,3.0,NJ,WOODCLIFF LAKE HEALTH & REHABILITATION CENTER,,0
315138,130.0,1.0,90.59271367521367,0.8057859874227092,3.4017433856837305,70.09646090534979,14.660747863247863,,control,3.0,NJ,TROY HILLS CENTER,,0
315141,180.0,0.0,88.63777777777777,0.5597152541592813,3.7369607899335744,71.10415637860082,11.422264957264957,,control,3.0,NJ,ABINGDON CARE & REHABILITATION CENTER,,0
315142,180.0,0.0,90.94867521367522,0.5369362158017912,3.1406107549345172,76.3261111111111,9.999358974358975,,control,3.0,NJ,LLANFAIR HOUSE CARE & REHABILITATION CENTER,,0
315143,124.0,2.0,90.93630341880342,0.6834280911111936,3.3258384263024463,57.11878600823045,21.076965811965813,,control,3.0,NJ,HOLLY MANOR CENTER,,0
315144,58.73076923076923,3.5,68.14929487179488,1.1860532436643298,5.2911463538472585,0.0,34.267307692307696,,control,3.0,NJ,MEDFORD LEAS,,0
315146,24.0,0.0,81.33149572649573,2.351512026167747,7.242079856503216,0.0,84.54294871794872,,control,3.0,NJ,CARE CONNECTION RAHWAY,,0
315149,124.0,10.5,87.41119658119658,0.21694076482074126,3.4185012527079035,67.60390946502056,16.955384615384617,,control,3.0,NJ,STERLING MANOR,,0
315151,180.0,1.0,40.207013888888895,1.0479011624949126,3.6729981589590963,81.3223353909465,8.081917735042735,,control,3.0,NJ,FRANKLIN CARE CENTER,,0
315152,128.0,1.5,91.75147435897436,0.7120202825884574,3.3977134677655836,28.789958847736624,37.77876068376068,,control,3.0,NJ,CAREONE AT WELLINGTON,,0
315153,123.0,4.0,90.0858547008547,0.6211076707925791,3.5801205701359353,49.577860082304525,27.753440170940173,,control,3.0,NJ,"MANOR, THE",,0
315158,90.0,2.0,91.03209401709401,0.5861673649279046,3.2829263951001533,64.65543209876543,13.950470085470087,,control,3.0,NJ,RIDGEWOOD CENTER,,0
315159,300.0,1.5,93.62938034188035,0.44511395616122,3.217832863609483,73.36187242798353,11.053076923076922,,control,3.0,NJ,ELMWOOD HILLS HEALTHCARE CENTER LLC,,0
315161,60.0,2.5,85.26600427350428,0.5755099974373608,4.491233179430115,30.664567901234573,32.79055555555556,,control,3.0,NJ,FRIENDS VILLAGE AT WOODSTOWN,,0
315166,264.0,1.0,89.13068376068377,0.5657511666136199,3.601790728255336,54.13574074074075,12.330128205128204,,control,3.0,NJ,MASONIC VILLAGE AT BURLINGTON,,0
315171,215.00000000000003,1.5,82.42576923076923,0.6014681743982266,3.3207385772283193,67.98866255144033,14.465405982905985,,control,3.0,NJ,OAKLAND REHABILITATION AND HEALTHCARE  CENTER,,0
315174,240.0,5.0,84.84160256410257,0.28223195206418883,3.3015531993565426,75.59201646090534,12.790747863247864,,control,3.0,NJ,Deptford Center for Rehabilitation and Healthcare,,0
315176,180.0,1.0,61.14529914529915,0.9050860840604236,3.469575999865122,71.88438271604937,9.555384615384614,,control,3.0,NJ,THE PINES AT MEDFORD,,0
315177,178.0,7.0,87.1215170940171,0.4082866679662359,3.1003764229137545,82.33061728395062,8.33758547008547,,control,3.0,NJ,GATEWAY CARE CENTER,,0
315179,120.0,1.5,87.98373931623932,0.3594827725289893,3.1814878148485457,63.03378600823045,15.335405982905984,,control,3.0,NJ,AUTUMN LAKE HEALTHCARE AT OCEANVIEW,,0
315180,250.0,1.5,94.41709401709403,0.16085627887680204,3.2547068607903635,80.07251028806584,11.742029914529915,,control,3.0,NJ,ALAMEDA CENTER FOR REHABILITATION AND HEALTHCARE,,0
315182,148.26923076923077,0.5,94.7324358974359,0.6251388118415697,3.3981485089570223,46.80137860082304,13.852628205128207,,control,3.0,NJ,BRIDGEWAY CARE AND REHAB CENTER AT BRIDGEWATER,,0
315183,119.82051282051282,1.0,84.03510683760685,0.8659511016250696,3.518673471325183,33.83794238683127,22.06653846153846,,control,3.0,NJ,PREMIER CADBURY OF CHERRY HILL,,0
315188,212.00000000000003,1.0,86.74661477411479,0.5047408601413703,3.43736579904339,76.9863668430335,7.705225885225886,,control,3.0,NJ,"BRIARWOOD CARE & REHABILITATION CENTER, THE",,0
315190,242.0,2.0,88.77089743589744,0.3423081055503432,3.2893804590500757,69.22625514403292,12.924893162393165,,control,3.0,NJ,LEISURE CHATEAU REHABILITATION,,0
315192,120.0,0.5,83.61508547008548,0.8856665958805999,3.8529565318939403,67.25703703703704,17.50371794871795,,control,3.0,NJ,ALARIS HEALTH AT KEARNY,,0
315195,130.0,2.5,87.83583333333334,0.7249327479637019,3.7338150176691633,53.510699588477365,16.66241452991453,,control,3.0,NJ,AUTUMN LAKE HEALTHCARE AT BERKELEY HEIGHTS,,0
315196,164.4957264957265,3.0,79.32326923076924,0.40991585106082784,3.4519078546918847,60.925061728395065,20.529337606837608,,control,3.0,NJ,ARISTACARE AT MANCHESTER,,0
315197,120.0,0.5,84.334,0.21677142857142856,3.148247619047619,63.86,13.008000000000001,,control,3.0,NJ,EASTERN SHORE NURSING/REHAB,,0
315199,121.0,4.0,87.1255982905983,0.6643594480640446,3.461395933390625,68.5130452674897,15.139978632478632,,control,3.0,NJ,IMPERIAL CARE CENTER,,0
315200,240.0,0.5,85.87444444444445,0.5181153692964315,3.6272133541098155,65.7574279835391,14.204700854700857,,control,3.0,NJ,ARISTACARE AT PARKSIDE,,0
315202,153.0,3.0,88.5934188034188,0.6794598788216962,3.294707836288923,66.78382716049381,20.10707264957265,,control,3.0,NJ,LOPATCONG CENTER,,0
315204,180.0,1.0,90.7715811965812,0.5403974274548442,3.529979300851594,72.96427983539094,12.607905982905983,,control,3.0,NJ,CANTERBURY AT CEDAR GROVE,,0
315205,120.0,3.5,83.63728632478634,0.47237611635855786,3.7111626922691565,55.42685185185186,25.691068376068376,,control,3.0,NJ,MAJESTIC CENTER FOR REHAB & SUB-ACUTE CARE,,0
315209,221.7948717948718,5.0,77.79918803418803,0.6647520615048417,3.532323169805658,70.74662551440329,14.23957264957265,,control,3.0,NJ,HAMMONTON CENTER FOR REHABILITATION AND HEALTHCARE,,0
315210,120.0,4.0,90.03818376068378,0.34626845085546276,3.2795300406874945,61.60695473251029,22.539081196581197,,control,3.0,NJ,"HEALTH CENTER AT GALLOWAY, THE",,0
315212,140.0,2.5,74.07198183760684,0.5530031987593463,3.8194733144815114,70.9675925925926,12.496095085470087,,control,3.0,NJ,MAINLAND MANOR NRS & REHAB CTR,,0
315213,148.6153846153846,3.0,80.23102564102564,0.3792685471535941,3.2891844713512493,63.32228395061729,13.652350427350427,,control,3.0,NJ,WILLOW SPRINGS REHABILITATION AND HEALTHCARE CTR,,0
315214,230.0,1.5,96.69410256410258,0.2988198236230637,3.4702753779255695,72.1954732510288,14.003183760683761,,control,3.0,NJ,ARISTACARE AT CEDAR OAKS,,0
315215,136.36965811965814,2.0,96.36181623931625,0.6571591666180786,3.8811166116535363,51.26808641975309,6.785320512820513,,control,3.0,NJ,GREENWOOD HOUSE HOME FOR THE JEWISH AGED,,0
315217,120.0,2.0,91.36850427350427,0.31558840145184064,3.4685893665944056,66.19372427983538,17.799017094017096,,control,3.0,NJ,ARISTACARE AT NORWOOD TERRACE,,0
315222,114.46697746697748,3.5,88.9954895104895,0.40317040168666934,3.5323240719542013,66.52506172839506,13.241740481740482,,control,3.0,NJ,BARNEGAT REHABILITATION AND NURSING CENTER,,0
315224,120.0,6.0,81.17630341880343,0.19453096243867313,2.829717762882384,58.687818930041146,18.758653846153848,,control,3.0,NJ,FOREST MANOR HCC,,0
315226,183.73931623931625,2.0,93.82348290598291,0.5772519484193337,3.9509497409524523,48.80781893004115,21.11303418803419,,control,3.0,NJ,HUNTERDON CARE CENTER LLC,,0
315233,180.8974358974359,5.5,89.99314102564104,0.409905134114363,2.9380726919516307,81.6299794238683,15.025299145299147,,control,3.0,NJ,AUTUMN LAKE HEALTHCARE AT VINELAND,,0
315236,430.00000000000006,1.5,80.41950854700855,0.4029721320085057,3.061896988183879,85.37518518518519,8.112521367521367,,control,3.0,NJ,SINAI POST-ACUTE NURSING & REHAB CENTER,,0
315237,151.24358974358975,1.5,91.34690170940172,0.4063073209333069,3.6984258005349275,68.1879012345679,23.429017094017095,,control,3.0,NJ,AUTUMN LAKE HEALTHCARE AT SOUTHGATE,,0
315239,44.48717948717949,0.0,98.62587606837607,1.4984112809791346,5.568992387718303,100.0,0.0,,control,3.0,NJ,CHILDRENS SPECIALIZED HOSPITAL MOUNTAINSIDE,,0
315240,181.41142191142194,3.5,78.16724164724165,0.4084285573406955,3.3204608283674877,63.9493771043771,18.769320124320124,,control,3.0,NJ,CARE ONE AT JACKSON,,0
315243,167.0,1.5,93.13769230769232,0.639138850049694,3.269418117656187,57.831358024691355,22.7190811965812,,control,3.0,NJ,MILLVILLE CENTER,,0
315245,120.0,2.0,82.35192307692307,0.2904847728507481,3.9953392373543806,68.23166666666667,18.763760683760683,,control,3.0,NJ,ARISTACARE AT CHERRY HILL,,0
315248,543.0,1.5,95.105,0.1872934516502975,2.69297510442724,89.18244855967077,2.1358333333333337,,control,3.0,NJ,WOODLAND BEHAVIORAL AND NURSING CENTER,,0
315249,547.0,0.5,97.67865384615385,0.43558787179201913,2.894164293598699,69.52082304526749,11.3516452991453,,control,3.0,NJ,LINCOLN PARK CARE CENTER,,0
315253,120.0,0.5,90.71232905982906,0.6304592334079453,4.054345147216835,49.63395061728396,15.746688034188034,,control,3.0,NJ,"PARKER AT SOMERSET, INC",,0
315254,108.0,0.0,94.35314102564104,0.7108195270024762,3.2250095067408004,93.69763374485596,3.9863888888888894,,control,3.0,NJ,ALARIS HEALTH AT BOULEVARD EAST,,0
315255,180.0,0.0,91.51351282051282,0.4024433062467545,2.735339937967524,81.7287489711934,6.371794871794872,,control,3.0,NJ,MAJESTIC REHABILITATION AND NURSING CENTER INC,,0
315256,60.0,0.0,90.7323076923077,0.35521467890952024,3.432785216742921,44.89469135802469,26.22356837606838,,control,3.0,NJ,LEISURE PARK HEALTH CENTER,,0
315260,176.8931623931624,4.0,95.35002136752136,0.23606578884951882,3.705514167426787,79.6045061728395,8.922307692307692,,control,3.0,NJ,ASPEN HILLS HEALTHCARE CENTER,,0
315262,68.0,0.0,89.62220085470086,0.5504120686347597,3.3936132015478995,0.0,4.727713675213675,,control,3.0,NJ,HARROGATE,,0
315263,165.0,4.0,89.43649572649574,0.30954038842499604,3.2115071063086664,87.78654320987657,9.831089743589743,,control,3.0,NJ,"PALACE REHABILITATION AND CARE CENTER, THE",,0
315265,185.0,1.0,77.5024358974359,0.49698608465549277,3.306221912586553,63.367901234567896,12.996153846153847,,control,3.0,NJ,COMPLETE CARE AT GREEN ACRES,,0
315266,190.0,0.5,91.4242094017094,0.4966258033393795,3.5546597724206723,77.11497942386833,14.90025641025641,,control,3.0,NJ,Park Crescent Healthcare & Rehabilitation Center,,0
315267,188.0,3.0,87.79523504273504,0.2904173023718587,3.000592192826298,87.23798353909464,7.322606837606838,,control,3.0,NJ,ABIGAIL HOUSE FOR NURSING & REHABILITATION,,0
315271,161.0,3.5,82.69861111111112,0.17010127508889494,2.8396803709224034,87.49724279835391,9.845128205128205,,control,3.0,NJ,AUTUMN LAKE HEALTHCARE AT MEMORIAL BRIDGE,,0
315272,139.0,8.0,74.34333333333333,0.1586013257575757,2.561910037878788,80.92999999999998,6.178333333333334,,control,3.0,NJ,GLOUCESTER MANOR,,0
315274,180.0,6.5,66.9049358974359,0.568655608575589,3.564288111869411,65.44539094650206,19.730897435897436,,control,3.0,NJ,"COMPLETE CARE AT LAURELTON, LLC",,0
315275,120.0,1.5,83.68839743589746,0.27813017925828976,3.402531216469543,61.03423868312757,13.91561965811966,,control,3.0,NJ,CONCORD HEALTHCARE & REHABILITATION CENTER,,0
315280,246.8974358974359,2.5,81.7780982905983,1.030474752521285,4.190818474162598,74.85277777777779,16.771794871794874,,control,3.0,NJ,SILVER HEALTHCARE CENTER,,0
315283,195.0,3.0,95.10416666666667,0.7397534950973981,3.5809019104733624,60.43419753086419,29.30147435897436,,control,3.0,NJ,SOUTH MOUNTAIN HC,,0
315289,119.0,0.0,94.33,2.2395230679891966,5.812285239306901,79.58246913580247,0.0,,control,3.0,NJ,Voorhees Pediatric Facility,,0
315290,239.4957264957265,1.5,91.68754273504274,0.6505891055701847,3.448435529765438,66.46072016460906,17.579743589743593,,control,3.0,NJ,"BUCKINGHAM AT NORWOOD, THE",,0
315291,170.0,2.5,85.90555555555557,0.5137206716767196,3.06960857355808,71.49895061728394,15.446175213675215,,control,3.0,NJ,Avalon Rehab and Care Center,,0
315292,60.0,4.0,90.0136965811966,0.5812909766685607,3.986625923785746,7.266687242798354,19.605,,control,3.0,NJ,"APPLEWOOD VILLAGE, INC",,0
315294,180.0,4.0,82.52350427350429,0.41157099483647774,4.063229345682075,66.81703703703704,9.335854700854702,,control,3.0,NJ,CREST HAVEN NURSING AND REHABILITATION CENTER,,0
315298,64.0,0.0,89.82596153846154,0.48351835196934323,3.5859510159383454,25.710596707818937,15.987970085470087,,control,3.0,NJ,CRESTWOOD MANOR,,0
315299,120.0,4.0,88.70002136752137,0.5898348855398992,3.737369570842847,73.81802469135803,10.233611111111113,,control,3.0,NJ,KING MANOR CARE AND REHABILITATION CENTER,,0
315300,260.0,1.5,87.62339743589743,0.850927690223122,3.6387581336003127,52.10689300411523,39.07339743589744,,control,3.0,NJ,ALARIS HEALTH AT HAMILTON PARK,,0
315302,67.0,6.0,87.2325,0.5400437810372736,3.978801557513532,44.33786008230453,25.632542735042737,,control,3.0,NJ,ROLLING HILLS CARE CENTER,,0
315304,180.0,2.0,81.13495726495728,0.3814123310427325,2.942209808913441,79.49609053497943,3.2721794871794874,,control,3.0,NJ,WARREN HAVEN REHAB AND NURSING CENTER,,0
315306,236.0,2.5,89.65976495726495,0.4824910024679418,3.0497322674815903,62.29814814814815,14.6416452991453,,control,3.0,NJ,CAREONE AT NEW MILFORD,,0
315308,240.0,1.5,89.9745512820513,0.6847887880234719,3.2021416267086265,82.46106995884773,11.10786324786325,,control,3.0,NJ,ALARIS HEALTH AT ROCHELLE PARK,,0
315309,180.0,1.5,89.58662393162393,0.30194557366704133,3.2155860561155487,62.86006172839505,19.151068376068377,,control,3.0,NJ,ARISTACARE AT WHITING,,0
315312,203.1175213675214,4.0,82.16747863247863,0.41573956641268023,3.4046496851176298,49.9141975308642,22.090170940170943,,control,3.0,NJ,Hampton Ridge Healthcare and Rehabilitation,,0
315313,101.5769230769231,2.0,86.1111965811966,0.6815308912207247,3.9369378685891934,0.0,59.15534188034189,,control,3.0,NJ,CAREONE AT CRESSKILL,,0
315318,51.0,0.0,98.50296814296814,0.6695890199125494,4.213610581684111,48.57305649083427,5.086196581196582,,control,3.0,NJ,"ST JOSEPH'S HOME AL & NC, INC",,0
315322,129.45726495726498,1.5,85.66160256410257,1.1571212317252295,4.719210920624596,28.48465020576132,38.00645299145299,,control,3.0,NJ,INGLEMOOR REHABILITATION AND CARE CENTER,,0
315324,215.00000000000003,4.5,87.42245726495727,0.2970776517295207,3.278948692530587,75.25831275720164,14.31457264957265,,control,3.0,NJ,TRENTON GARDENS REHABILITATION AND NURSING CENTER,,0
315327,123.0,1.5,91.88538461538462,0.26372854930996986,3.1911793607557635,66.05395061728395,16.273418803418803,,control,3.0,NJ,FOUNTAINVIEW CARE CENTER,,0
315328,160.82051282051285,2.0,95.00467948717949,0.8989216395444825,3.2506520280725484,63.195349794238695,17.226431623931624,,control,3.0,NJ,MAPLE GLEN CENTER,,0
315331,180.0,2.5,87.34274669774672,0.6036945608416138,3.08725310890134,83.0516049382716,14.103581973581974,,control,3.0,NJ,COMPLETE CARE AT FAIR LAWN EDGE,,0
315332,136.0,1.5,89.57940170940171,0.558108620903729,3.533981147977957,48.30028806584363,26.475576923076922,,control,3.0,NJ,SOUTHERN OCEAN CENTER,,0
315335,209.0,0.5,84.51514957264958,0.6071116630192965,3.481140216061274,59.49732510288066,24.441752136752136,,control,3.0,NJ,Alps at Wayne Rehab & Care Center,,0
315336,136.0,2.5,84.75076923076924,0.8309339956093986,3.8376115343532278,58.683312757201655,28.053589743589747,,control,3.0,NJ,"GARDENS AT MONROE HEALTHCARE AND REHABILITATION, T",,0
315337,74.0,8.5,97.33912393162394,0.4137824780665266,3.837381318573439,71.2301646090535,5.1290598290598295,,control,3.0,NJ,MCAULEY HALL HEALTH CARE CENTE,,0
315339,154.0,0.5,90.23502136752137,0.6462007529852569,3.516835732050376,40.38378600823045,30.389209401709405,,control,3.0,NJ,CAREONE AT ORADELL,,0
315340,151.0,3.5,89.98399572649573,0.3176714205813673,3.0588359751870566,69.88769547325103,11.539850427350427,,control,3.0,NJ,ATLAS HEALTHCARE AT SEASHORE GARDENS,,0
315343,78.0,18.5,83.00828023828024,0.830059462994559,4.213242790762589,91.8273520389076,2.5391414141414144,,control,3.0,NJ,BROADWAY HOUSE FOR CONTINUING CARE,,0
315346,336.0,1.5,96.31666666666666,0.7240329484684388,3.7602890752069613,0.0,17.55809829059829,,control,3.0,NJ,NEW JERSEY VETERANS MEMORIAL HOME AT PARAMUS,,0
315347,66.0,5.0,89.63880341880342,0.2237311686160055,3.160464565465953,25.075185185185187,16.05391025641026,,control,3.0,NJ,HAMILTON PLACE AT THE PINES AT WHITING,,0
315348,120.0,0.5,95.52905982905983,0.4414495441628914,3.1905441743368335,69.23736625514405,10.794294871794873,,control,3.0,NJ,HEALTH CENTER AT BLOOMINGDALE,,0
315350,120.0,1.5,87.25190170940172,0.476985122270631,3.226690015052222,56.1649794238683,27.501709401709405,,control,3.0,NJ,NORTH CAPE CENTER,,0
315352,188.0,0.0,90.15944444444445,1.0078126312468945,4.827023812216956,72.6127572016461,21.59854700854701,,control,3.0,NJ,Axia Care Center of Orange,,0
315353,154.0,2.0,86.70258547008547,0.737461078788347,3.6234975029896614,61.87296296296297,19.794636752136753,,control,3.0,NJ,CRANBURY CENTER,,0
315354,55.46153846153846,0.0,89.78373931623932,0.4454633769206419,3.9223809232473767,42.26236625514403,16.089273504273503,,control,3.0,NJ,SUNNYSIDE MANOR,,0
315356,54.0,0.0,89.69985042735044,1.2229334970572228,4.568745098978811,0.0,25.824017094017094,,control,3.0,NJ,SKILLED NURSING AT FELLOWSHIP VILLAGE,,0
315357,230.0,2.0,85.60527777777777,0.6820685668585695,3.691977026252491,67.93952674897119,26.51811965811966,,control,3.0,NJ,ALARIS HEALTH AT CEDAR GROVE,,0
315358,180.0,3.0,93.10108974358975,0.17677534801525308,3.0790675835000436,74.32728395061727,8.613846153846154,,control,3.0,NJ,MEADOWVIEW NURSING AND REHABILITATION CENTER,,0
315360,155.0,3.0,86.93483423983425,0.5633351898828259,3.440983008487732,56.20125514403293,15.879781144781145,,control,3.0,NJ,Emerson Health Care Center,,0
315361,406.0,1.5,89.71497863247863,0.8283960212951536,4.123002769493691,86.37674897119341,5.407841880341881,,control,3.0,NJ,Preakness Healthcare Center,,0
315364,158.0,1.5,91.2838247863248,0.6816892953846873,3.3480269596049568,62.75582304526748,23.072478632478635,,control,3.0,NJ,JERSEY SHORE CENTER,,0
315366,120.0,1.5,87.25745726495727,1.2670632200415715,4.635254382223533,46.42946502057614,35.594209401709406,,control,3.0,NJ,ALARIS HEALTH AT BELGROVE,,0
315367,258.69658119658123,2.0,91.63685897435899,0.5702292405878521,3.7282117319017267,66.85395061728394,18.551175213675215,,control,3.0,NJ,REGENCY HERITAGE NURSING AND REHABILITATION CENTER,,0
315368,45.0,1.5,87.51695970695972,0.252372224997225,2.718544892438185,82.31388007054673,3.4988858363858366,,control,3.0,NJ,VALLEY VIEW HEALTH CARE CTR,,0
315369,120.0,1.5,87.59489316239316,0.7379518016494763,3.7774346507262297,26.620967078189302,35.3775641025641,,control,3.0,NJ,CAREONE AT VALLEY,,0
315373,61.00000000000001,0.0,42.29600000000001,0.9540904761904763,6.253934920634921,0.0,39.0,,control,3.0,NJ,PARK MANOR NURSING HOME,,0
315374,32.0,2.0,85.8283547008547,0.5905982384187513,2.6793039308376403,78.87884773662552,5.807564102564103,,control,3.0,NJ,DE LA SALLE HALL,,0
315376,295.982905982906,0.0,94.49713675213675,0.6714516108529266,3.81195329818636,37.06732510288066,18.946410256410257,,control,3.0,NJ,CHRISTIAN HEALTH CARE CENTER,,0
315377,84.24358974358975,0.0,93.9331623931624,0.4951123639213325,3.419095645810444,59.39304526748972,6.879722222222223,,control,3.0,NJ,"ACTORS FUND HOME, THE",,0
315378,104.4871794871795,2.5,91.23878205128206,0.3859797024577049,3.1814052712944703,62.339670781893005,15.511666666666667,,control,3.0,NJ,HOMESTEAD REHABILITATION & HEALTH CARE CENTER,,0
315381,120.0,2.5,90.95132478632479,0.37139978614593716,3.1177003129179375,74.41183127572017,17.031752136752136,,control,3.0,NJ,AUTUMN LAKE HEALTHCARE AT OLD BRIDGE,,0
315383,35.0,6.5,98.93055555555556,1.297014350029056,7.30864160186219,83.03716049382716,0.0,,control,3.0,NJ,CHESHIRE HOME,,0
315384,112.0,0.0,86.16292735042737,0.4230748058811127,3.054891326928038,86.73152263374486,6.58275641025641,,control,3.0,NJ,ROSE MOUNTAIN CARE CENTER,,0
315388,41.0,1.0,93.72292735042736,1.0848621067817812,5.204821699509971,79.47775720164609,5.87130341880342,,control,3.0,NJ,ST JOSEPH'S HOME FOR ELDERLY,,0
315389,18.0,0.0,75.2882150997151,3.4559455703524082,5.92678239988881,0.0,74.14384900284901,,control,3.0,NJ,HACKENSACK-UMC MOUNTAINSIDE,,0
315392,38.73931623931624,0.0,95.21367521367522,0.8848351928330376,4.971528746586605,29.69187242798354,25.415662393162393,,control,3.0,NJ,Job Haines Home For Aged People,,0
315393,180.0,1.0,77.07506410256411,0.23149012703849312,3.464412362475435,92.42349794238686,5.37732905982906,,control,3.0,NJ,NEW COMMUNITY EXTENDED CARE FACILITY,,0
315394,60.0,2.0,91.4923717948718,0.7445796593939836,3.418790448181868,42.823950617283955,23.74476495726496,,control,3.0,NJ,UNITED METHODIST COMMUNITIES AT THE SHORES,,0
315397,135.0,1.5,81.54679487179487,0.6306643751895616,3.72539407275345,78.08343621399176,9.08309829059829,,control,3.0,NJ,PREFERRED CARE AT WALL,,0
315402,86.0,1.0,81.39333333333335,0.748960566373851,3.893514757806445,59.91769547325102,8.570149572649573,,control,3.0,NJ,ARMENIAN NURSING AND REHABILITATION CENTER,,0
315404,60.0,4.0,90.59070512820513,0.6917912035569559,3.7449597857731156,30.398950617283948,21.415961538461538,,control,3.0,NJ,UNITED METHODIST COMMUNITIES AT COLLINGSWOOD,,0
315405,60.65811965811966,1.5,97.28213675213675,0.1349775641025641,3.3906265104627176,59.446790123456786,13.088611111111112,,control,3.0,NJ,SHADY LANE GLOUCESTER CO HOME,,0
315409,33.77797202797203,5.0,74.31555944055944,0.7046000627299123,3.7147825795627636,46.5541975308642,29.673912198912202,,control,3.0,NJ,VALLEY VIEW REHABILITATION AND HEALTHCARE CTR,,0
315413,120.0,0.5,97.06450854700854,0.4483227435856125,3.5129608832581307,53.34475308641975,15.155705128205128,,control,3.0,NJ,PEACE CARE ST ANN'S,,0
315416,71.95726495726495,0.0,76.9975641025641,0.5456011036183399,4.468790161147703,21.150864197530865,14.23604700854701,,control,3.0,NJ,GREEN HILL,,0
315417,108.0,2.5,94.65903846153846,0.6628081625694244,3.9051009889706947,44.272427983539096,21.06121794871795,,control,3.0,NJ,REFORMED CHURCH HOME,,0
315418,67.36538461538461,6.5,93.64198717948717,0.9531909204517817,4.122441689116741,37.72534979423868,6.810641025641026,,control,3.0,NJ,WILEY MISSION,,0
315419,56.15384615384616,0.0,93.39839743589744,0.4549707699949871,4.3719029833041105,66.88395061728394,5.995897435897437,,control,3.0,NJ,N J EASTERN STAR HOME,,0
315421,124.56410256410257,3.5,93.55547008547009,0.4052626562467579,3.9781939851899857,51.20504115226338,22.36448717948718,,control,3.0,NJ,ROSE GARDEN NURSING AND REHABILITATION CENTER,,0
315422,62.0,0.5,87.43583074333074,0.7109369393576551,3.516821880134005,37.06995884773663,23.718115773115777,,control,3.0,NJ,HOUSE OF THE GOOD SHEPHERD,,0
315423,205.8974358974359,1.5,82.59576923076924,0.46195295451781304,3.3801341094671846,67.76238683127572,12.723076923076924,,control,3.0,NJ,"HAMILTON GROVE HEALTHCARE AND REHABILITATION, LLC",,0
315425,180.33333333333334,2.0,89.46226495726496,0.5567309776187597,3.9495807748271647,46.361234567901235,24.63698717948718,,control,3.0,NJ,FOOTHILL ACRES REHABILITATION & NURSING CENTER,,0
315426,117.56410256410257,0.5,81.26688034188035,0.9466799547755302,4.0973045449936665,0.0,56.254508547008555,,control,3.0,NJ,CAREONE AT RIDGEWOOD AVENUE,,0
315427,72.0,0.0,95.98288461538462,0.47777597725677434,3.0396459011751134,42.59436213991769,10.654273504273505,,control,3.0,NJ,UNITED METHODIST COMMUNITIES AT PITMAN,,0
315431,17.0,0.0,85.28354131054132,2.509938577050917,5.388862016491344,0.0,91.76423646723647,,control,3.0,NJ,CAREPOINT HEALTH - BAYONNE HOSPITAL CENTER TCU,,0
315433,130.0,0.5,86.1180982905983,0.6589000147875673,3.285375197047181,61.714814814814815,14.54070512820513,,control,3.0,NJ,COUNTRY ARCH CARE CENTER,,0
315436,110.0,1.0,91.31452991452991,0.9053653546326077,4.33304409482658,64.55864197530863,7.307158119658119,,control,3.0,NJ,BERGEN COUNTY HEALTH CARE CTR,,0
315437,121.10897435897436,3.5,81.25335470085471,0.22375455214036336,3.33950753342341,74.85909465020576,12.338247863247865,,control,3.0,NJ,LAUREL BAY HEALTH & REHABILITATION CENTER,,0
315438,210.0,0.0,82.09897435897436,0.4926131587286534,3.3411039180365893,63.16798353909465,17.64205128205128,,control,3.0,NJ,Atrium Post Acute Care at Park Ridge,,0
315439,60.0,0.0,93.77258547008549,0.7645395800567889,3.9728848899024767,27.147325102880657,25.91474358974359,,control,3.0,NJ,UNITED METHODIST COMMUNITIES AT BRISTOL GLEN,,0
315441,28.87008547008547,2.0,90.70012393162393,0.7692561260578502,4.703125274725275,94.86534979423868,1.793448717948718,,control,3.0,NJ,HOLY NAME FRIARY,,0
315442,120.93240093240094,1.0,92.19376262626264,0.5145716697776488,3.1774974010120554,68.8996913580247,15.076522921522923,,control,3.0,NJ,TRINITAS HOSPITAL,,0
315443,25.44017094017094,0.0,95.6525,1.6216526771336555,4.565572634088939,100.0,0.0,,control,3.0,NJ,CHILDRENS SPECIALIZED HOSPITAL TOMS RIVER,,0
315446,17.0,0.0,71.51461843711844,3.9313602462352466,5.799241096866098,0.0,74.03747252747253,,control,3.0,NJ,INSPIRA TRANSITIONAL CARE UNIT WOODBURY,,0
315449,120.0,1.5,86.10269230769231,0.9989088925674643,4.077347836629943,52.07590534979423,35.479401709401714,,control,3.0,NJ,ALARIS HEALTH AT WEST ORANGE,,0
315452,139.0,2.0,90.1332264957265,0.5698130948611354,3.8403560132584333,72.4129012345679,16.199957264957266,,control,3.0,NJ,PEACE CARE ST JOSEPH'S,,0
315453,180.0,2.5,88.63032051282052,0.2794550878536725,3.2207385515719684,63.15086419753086,14.694636752136752,,control,3.0,NJ,COMPLETE CARE AT SHORROCK,,0
315457,65.61538461538461,1.5,83.79040598290598,0.5340254845026912,3.966765587379156,0.0,35.64,,control,3.0,NJ,LUTHERAN SOCIAL MINISTRIES CRANES MILL,,0
315459,325.982905982906,2.5,92.51927350427351,0.5864554285460624,4.026283627330908,0.0,68.20369658119658,,control,3.0,NJ,NEW JERSEY VETERANS MEMORIAL HOME MENLO,,0
315462,180.0,3.5,92.91514957264957,0.2054157923971496,3.1704733278327764,64.98650205761317,15.535683760683762,,control,3.0,NJ,TALLWOODS CARE CENTER,,0
315464,144.0,0.5,90.42160256410257,0.5779480746795098,3.4639220332426888,26.243662551440327,43.34367521367522,,control,3.0,NJ,CAREONE AT EVESHAM,,0
315466,37.0,0.0,86.54078347578348,0.22970139788195343,5.682735014421127,0.0,67.08423789173789,,control,3.0,NJ,BRANDYWINE SENIOR CARE AT MOORESTOWN,,0
315467,35.621794871794876,1.0,88.45532051282052,0.22529081815620278,3.1926392198969125,47.8322633744856,3.2683760683760683,,control,3.0,NJ,LITTLE BROOK NURSING AND CONVALESCENT HOME,,0
315468,118.0,1.5,86.10258547008547,0.5366582946039716,3.482338009939292,39.87851851851852,38.590427350427355,,control,3.0,NJ,CAREONE AT PARSIPPANY,,0
315469,86.0,0.5,91.25820512820513,0.555475496862781,4.125735006912466,18.79761316872428,15.885277777777778,,control,3.0,NJ,CONTINUING CARE AT SEABROOK,,0
315471,30.0,2.0,87.57181170681172,1.1425133868452957,4.585174487220071,68.86903005362264,5.1417922817922825,,control,3.0,NJ,ST CATHERINE OF SIENA,,0
315472,132.0,1.5,84.46452991452992,0.4990589870744343,3.5488784696371223,32.72621399176955,38.9048076923077,,control,3.0,NJ,CAREONE AT EAST BRUNSWICK,,0
315473,180.0,0.5,97.85196581196581,0.8584716017719669,4.3397367086821435,42.19823045267489,18.69596153846154,,control,3.0,NJ,JEWISH HOME AT ROCKLEIGH,,0
315475,61.00000000000001,0.0,80.71593711843713,1.2464542700486096,4.591950937892762,0.0,81.67975885225886,,control,3.0,NJ,CARE ONE AT HAMILTON,,0
315477,73.0,0.0,91.65660774410775,1.2689605921144156,4.360494452871128,0.0,71.05468013468014,,control,3.0,NJ,CAREONE AT WAYNE,,0
315478,20.0,0.0,79.17735042735043,2.0904933228986113,6.280308566143022,0.0,84.44963675213675,,control,3.0,NJ,SOUTHERN OCEAN MEDICAL CENTER,,0
315479,123.74358974358975,2.0,79.70198717948719,0.5893994071002,3.9850784376548587,36.08380658436215,39.193183760683766,,control,3.0,NJ,CAREONE AT LIVINGSTON,,0
315480,78.96153846153847,2.5,84.94463675213676,0.3943698910575798,4.13531023954557,55.81267489711934,5.9349358974358974,,control,3.0,NJ,"VILLA AT FLORHAM PARK, INC THE",,0
315482,65.0,0.0,89.19858974358975,1.0758524739395572,5.311807919940716,0.0,70.56264957264958,,control,3.0,NJ,CAREONE AT MOORESTOWN,,0
315483,128.0,0.5,90.65841880341881,0.17748518830451698,2.5957262262521787,87.54267489711934,6.934102564102564,,control,3.0,NJ,Plaza Healthcare & Rehabilitation Center,,0
315485,138.0,1.5,81.13611111111112,0.6106945000506973,3.5169567613906136,27.917716049382715,46.12136752136752,,control,3.0,NJ,CAREONE AT WALL,,0
315486,40.8974358974359,3.0,88.64850427350427,0.7279996416152987,4.248173126024803,12.137613168724283,30.03933760683761,,control,3.0,NJ,STONEBRIDGE AT MONTGOMERY HEALTH CARE CENTER,,0
315487,100.0,1.0,82.90811965811966,0.5308378049797758,3.5392731893933367,54.72325102880659,28.122884615384617,,control,3.0,NJ,PREFERRED CARE AT MERCER,,0
315488,178.0,2.5,72.0148186998187,0.5435727275727481,3.6831378974147735,41.85174086544457,31.473209013209015,,control,3.0,NJ,CareOne At Madison Avenue,,0
315490,25.0,0.0,69.30769230769232,3.5621847176999957,5.681462897955954,0.0,87.85149572649573,,control,3.0,NJ,COMMUNITY MEDICAL CENTER TCU,,0
315491,113.0,0.5,95.44055555555555,0.5344838604355715,4.020395442435125,8.593292181069957,19.37491452991453,,control,3.0,NJ,CEDAR CREST/MOUNTAINVIEW GARDENS,,0
315494,73.0,0.0,88.0066452991453,1.826023147973765,6.108766891932226,10.41230452674897,84.19162393162394,,control,3.0,NJ,ALARIS HEALTH AT THE CHATEAU,,0
315495,29.192307692307693,0.0,90.81946581196581,1.339740694723785,5.455557787580335,0.0,71.50290598290599,,control,3.0,NJ,RENAISSANCE PAVILION,,0
315496,300.0,3.0,95.84391025641027,0.7283546082469842,4.71387809298768,0.0,4.026111111111112,,control,3.0,NJ,NEW JERSEY VETERANS MEMORIAL VINELAND,,0
315499,93.86324786324786,1.5,90.63773504273504,0.6957570728839946,3.906203243520491,40.60111111111111,19.232457264957265,,control,3.0,NJ,LIONS GATE,,0
315502,128.0,1.5,78.57134615384616,1.0317483372421847,4.2954062071648185,0.0359259259259259,61.795470085470086,,control,3.0,NJ,CareOne At Teaneck,,0
315503,186.0,1.5,74.76544871794871,0.5487626740054969,3.405965644310144,49.32397119341564,27.89923076923077,,control,3.0,NJ,ROYAL SUITES HEALTH CARE & REHABILITATION,,0
315504,151.0,4.0,78.31149572649574,0.734062604170157,4.021553153000969,54.35312757201646,22.540726495726496,,control,3.0,NJ,WEDGWOOD GARDENS CARE CENTER,,0
315505,34.71432271432271,3.0,69.46202861952862,2.8629250867274934,5.590479415197597,0.0,73.76058793058795,,control,3.0,NJ,CLARA MAASS MEDICAL CENTER,,0
315507,56.42579642579643,0.0,65.97259544159544,2.0801409446156462,6.266700731143624,0.455517146776406,52.8302792022792,,control,3.0,NJ,"Barnert Subacute Rehabilitation Center, Llc",,0
315509,160.1098901098901,0.0,82.20424908424908,0.37003227173646264,3.866285432288439,53.78638447971781,17.174090354090353,,control,3.0,NJ,Roosevelt Care Center At Old Bridge,,0
315510,126.0,0.0,91.67603632478632,1.4836566502705004,4.5407382183609295,39.17801440329218,28.629220085470088,,control,3.0,NJ,BRIDGEWAY CARE AND REHAB CENTER AT HILLSBOROUGH,,0
315511,94.0,0.0,46.557478632478634,1.3837597404553814,4.736191099524619,3.18417695473251,65.52409188034189,,control,3.0,NJ,CareOne At Hanover Township,,0
315512,15.0,0.0,53.71769230769231,5.817381227746613,8.676984549211474,0.0,69.51320512820513,,control,3.0,NJ,HOBOKEN UNIVERSITY MEDICAL CENTER TCU,,0
315515,43.0,0.0,81.4,0.1474671669793621,3.4323327079424644,14.29,8.57,,control,1.0,NJ,"ATRIUM AT NAVESINK HARBOR, THE",,0
315516,139.0,0.0,66.82273255813953,0.49268841627452775,3.424308888327211,51.52453488372093,25.015697674418604,,control,2.0,NJ,ADVANCED SUBACUTE REHABILITATION CENTER AT SEWELL,,0
315520,148.0,0.0,85.475,0.2839529818497443,3.14295660315953,68.325,14.66,,control,1.0,NJ,SOMERSET WOODS REHABILITATION & NURSING CENTER,,0
315523,40.0,0.0,95.0,0.7654893444214912,4.377128599678655,0.0,19.735,,control,1.0,NJ,CONTINUING CARE AT LANTERN HILL,,0
315524,220.0,0.0,69.09,0.30714046640435244,3.1274688797620485,59.92,20.35,,control,1.0,NJ,LAUREL BROOK REHABILITATION AND HEALTHCARE CENTER,,0
315527,30.0,0.0,56.67,3.191060744810745,7.752177960927961,0.0,45.0,,control,1.0,NJ,WINCHESTER GARDENS HEALTH CARE CENTER,,0
345001,67.95726495726495,1.0,82.28108974358975,1.0414606399860586,5.8731083080798445,17.556646090534976,61.348311965811966,,control,3.0,NC,Hillcrest Convalescent Center,,0
345002,91.26068376068376,4.5,91.23292735042736,0.533076056712074,3.351162964936224,64.50489711934156,22.611965811965813,,control,3.0,NC,Cypress Pointe Rehabilitation Center,,0
345003,92.26923076923077,8.0,87.67925213675214,0.4916474915414779,3.2455700865544137,63.461872427983536,15.148675213675215,,control,3.0,NC,Silas Creek Rehabilitation Center,,0
345004,59.4918414918415,0.0,86.95900932400933,0.30876716440260954,3.5814662268357127,60.318024691358026,13.025576923076922,,control,3.0,NC,PERSON MEMORIAL HOSPITAL,,0
345009,56.64102564102565,5.0,82.91346153846155,0.8300638369873289,5.088173612087734,33.95368312757201,31.93369658119658,,control,3.0,NC,THE OAKS AT WHITAKER GLEN-MAYVIEW,,0
345013,134.4380341880342,5.5,88.50183760683761,0.3448500647025041,3.603954531448559,76.17475308641974,14.425299145299146,,control,3.0,NC,Peak Resources - Charlotte,,0
345015,96.0,1.0,93.17119658119658,0.2075447082203672,3.448021521758668,50.62526748971194,21.50923076923077,,control,3.0,NC,Clapp's Convalescent Nursing Home Inc,,0
345024,118.0,2.0,93.43173076923077,0.2730164789644892,3.4756038527586366,60.51646090534979,10.941346153846155,,control,3.0,NC,Clapps Nursing Center Inc,,0
345026,244.64102564102564,5.0,64.13222222222223,0.22845731214102247,3.1109990916047607,72.04308641975308,11.03775641025641,,control,3.0,NC,Royal Park Rehabilitation & Health Center,,0
345039,181.8226495726496,1.5,73.30128205128206,0.2676378119060019,3.3845204498395898,66.93942386831276,6.987008547008547,,control,3.0,NC,Summerstone Health and Rehabilitation Center,,0
345044,176.0,1.5,83.99247863247864,0.23179831185682948,3.864238763770491,29.313004115226335,25.2999358974359,,control,3.0,NC,Saint Joseph of the Pines Health Center,,0
345048,99.19871794871796,2.5,93.87912393162392,0.23016383719912673,3.6480838323874525,66.50555555555555,14.66957264957265,,control,3.0,NC,Mountain Ridge Health and Rehab,,0
345049,163.42948717948718,1.5,88.55425213675214,0.6683556215530282,3.8172063470182658,63.43870370370371,18.01732905982906,,control,3.0,NC,Raleigh Rehabilitation Center,,0
345050,170.0,2.0,88.73865384615385,0.2007056438650773,3.19560582512727,81.4364609053498,10.867649572649574,,control,3.0,NC,Jacob's Creek Nursing and Rehabilitation Center,,0
345051,95.0,6.0,89.17155982905982,0.25766681605032016,3.974745542000165,77.34358024691358,12.197029914529915,,control,3.0,NC,Anson Health and Rehabilitation,,0
345053,96.0,6.0,86.78051282051283,0.5353812757685307,3.204184075579063,64.25296296296295,17.202799145299146,,control,3.0,NC,Pettigrew Rehabilitation Center,,0
345061,125.0,1.0,72.50427350427351,0.8680999753395973,4.344277451203234,65.34670781893004,17.24002136752137,,control,3.0,NC,Pruitthealth-Durham,,0
345072,120.0,11.0,73.36886752136752,0.2854582352393325,2.814539129144781,75.2911111111111,16.67111111111111,,control,3.0,NC,Carolina Rivers Nursing and Rehabilitation Center,,0
345077,99.7905982905983,2.0,89.7382905982906,0.6119562054389431,3.3944728646740336,50.026399176954726,27.150961538461537,,control,3.0,NC,Sunnybrook Rehabilitation Center,,0
345078,60.0,1.0,88.58547008547009,1.1606369170397564,5.792785686941834,23.785020576131693,13.033162393162392,,control,3.0,NC,Highland Farms,,0
345085,50.0,8.0,90.33333333333334,0.5155817323896191,4.038884395011796,64.45333333333333,19.011666666666667,,control,3.0,NC,EDWIN MORGAN CTR OF SCOTLAND M,,0
345088,142.21367521367523,3.5,79.46228632478633,0.4359994745220348,3.8440724141852405,77.33641975308643,10.593739316239317,,control,3.0,NC,Trinity Glen,,0
345091,105.0,1.0,81.5872435897436,0.8686333803947042,4.602151016193136,30.36465020576132,25.087051282051284,,control,3.0,NC,Edgewood Place at the Village at Brookwood,,0
345093,115.0,3.5,93.54978632478634,0.2955169055446278,4.4035642788881155,41.959135802469135,14.111217948717949,,control,3.0,NC,Maryfield Nursing Home,,0
345095,99.0,3.5,91.1171794871795,0.397808638070257,4.358928759265746,60.4033744855967,12.857564102564103,,control,3.0,NC,Chatham Nursing & Rehabilitation,,0
345101,61.849650349650354,3.0,81.07726884226885,0.19532766650712302,2.7911840939979125,88.75551440329218,8.766138306138306,,control,3.0,NC,ENFIELD OAKS NURSING AND REHABILITATION CENTER,,0
345104,60.0,6.0,92.46811965811966,0.3505148423434134,3.3315053109308796,55.93555555555556,26.84260683760684,,control,3.0,NC,Zebulon Rehabilitation Center,,0
345105,100.0,3.5,79.02564102564104,0.4923257509753533,3.262268703946139,86.29117283950617,7.1275,,control,3.0,NC,PRUITTHEALTH-HIGH POINT,,0
345106,120.0,2.0,91.87173076923077,0.3707840083834441,4.017284332047777,60.60374485596707,14.40121794871795,,control,3.0,NC,Trinity Ridge,,0
345109,76.0,3.0,92.7534829059829,0.39802226652561573,3.98632755974655,61.10004115226337,21.902649572649572,,control,3.0,NC,Trinity Place,,0
345110,90.0,2.5,92.76933760683761,0.4464913685439857,3.667478392064606,62.23234567901235,21.813846153846157,,control,3.0,NC,Autumn Care of Waynesville,,0
345111,50.0,1.0,92.76068376068378,0.18827163664155744,4.468695668059449,31.477242798353913,19.35690170940171,,control,3.0,NC,Penick Village,,0
345113,199.24358974358975,1.5,92.11036324786326,0.32411651808526487,3.5165456216298003,62.693024691358026,24.183247863247864,,control,3.0,NC,Willow Creek Nursing and Rehabilitation Center,,0
345119,136.21794871794873,2.5,86.65247863247863,0.26395089355352785,3.712928140377086,62.09814814814814,16.170256410256414,,control,3.0,NC,Northchase Nursing and Rehabilitation Center,,0
345123,58.0,2.0,86.85568376068377,1.2659313562442507,5.540730302729686,0.0,27.070790598290596,,control,3.0,NC,Carolina Village Inc,,0
345124,100.0,0.0,95.32264957264958,0.3958976313435904,3.3887491510461634,61.41559670781893,18.10854700854701,,control,3.0,NC,PruittHealth-Elkin,,0
345126,150.0,5.5,89.73452991452992,0.21066467612569423,2.7012924338595403,82.24730452674898,12.546538461538463,,control,3.0,NC,Mount Olive Center,,0
345127,70.0,0.5,89.19690170940171,0.36856675379750853,4.057963223716899,55.76164609053498,15.6358547008547,,control,3.0,NC,White Oak Manor - Tryon,,0
345132,120.0,4.5,75.80352564102566,0.2559440386051933,3.1991370850536507,74.19423868312757,8.842820512820513,,control,3.0,NC,Greenhaven Health and Rehabilitation Center,,0
345137,100.0,7.5,77.58547008547009,0.26964739331411053,3.269008212463174,84.9759670781893,9.179615384615385,,control,3.0,NC,The Lodge at Rocky Mount Health and Rehabilitation,,0
345138,120.0,14.5,84.72371794871796,0.3032655675464924,3.1077868466637875,75.65057613168725,9.788952991452993,,control,3.0,NC,Lenoir Health and Rehabilitation Center,,0
345142,207.0,2.0,91.71299145299146,0.27894155351300254,3.0451038511904773,87.58534979423868,6.811004273504274,,control,3.0,NC,University Place Nursing and Rehabilitation Center,,0
345143,150.0,3.0,87.89978632478633,0.23490106686178133,2.826990365474243,84.62205761316872,6.688012820512821,,control,3.0,NC,Siler City Center,,0
345144,143.70726495726498,2.0,94.25126068376069,0.5006494014558023,3.288734643240559,75.59430041152262,8.444871794871796,,control,3.0,NC,Pine Ridge Health and Rehabilitation Center,,0
345146,180.0,1.5,89.08149572649573,0.253582415124676,3.3108699199790745,83.6416049382716,9.390042735042735,,control,3.0,NC,Bethany Woods Nursing and Rehabilitation Center,,0
345148,48.58974358974359,3.5,97.71474358974359,0.5393644829916109,5.369918297518946,38.08037037037037,6.367970085470087,,control,3.0,NC,Friends Homes at Guilford,,0
345151,154.0,1.5,88.66292735042735,0.30077375164190356,3.312753517180152,77.7932098765432,7.652948717948719,,control,3.0,NC,White Oak Manor - Kings Mountain,,0
345152,104.0,1.0,91.91876068376068,0.7008619663691227,5.354627449223404,48.86448559670782,25.344465811965815,,control,3.0,NC,Trinity Village,,0
345153,116.28205128205128,1.0,92.47549145299146,0.7062801114828848,4.54910098427488,48.59724279835392,20.206068376068377,,control,3.0,NC,Trinity Oaks,,0
345156,175.0,3.5,83.51393162393163,0.46025598966869874,3.169842342685378,78.27541152263375,10.566282051282052,,control,3.0,NC,Harmony Hall Nursing and Rehabilitation Center,,0
345159,120.0,3.0,84.28358974358974,0.3465467947071179,3.3066423172323702,74.77969135802468,15.167435897435897,,control,3.0,NC,Lincolnton Rehabilitation Center,,0
345160,183.6923076923077,0.5,91.72641025641026,0.4624725765992321,4.039290304672016,38.75423868312757,19.778760683760687,,control,3.0,NC,Davis Health Care Center,,0
345161,174.0,1.0,90.31730769230771,0.6403732225265428,4.188524911018681,53.22139917695474,14.626260683760684,,control,3.0,NC,Abernathy Laurels,,0
345164,130.0,5.5,71.10856837606838,0.20518746892218248,2.954879688384427,77.25444444444443,14.249957264957267,,control,3.0,NC,Chowan River Nursing and Rehabilitation Center,,0
345170,92.0,2.0,93.12690170940172,0.2904608168275647,3.2420700793836588,54.04045267489712,25.359893162393163,,control,3.0,NC,Crystal Bluffs Rehabilitation and Health Care Cent,,0
345171,160.0,2.5,87.8043376068376,0.2811289857816081,3.783745791085152,77.26164609053497,8.230128205128207,,control,3.0,NC,White Oak Manor-Shelby,,0
345172,199.0,1.0,81.11393162393162,0.45313498262805085,3.222633611758358,80.5988888888889,7.6987606837606855,,control,3.0,NC,Meridian Center,,0
345173,96.0,2.0,88.56089743589745,0.12175409167867629,3.448213613680943,73.75962962962963,16.058141025641028,,control,3.0,NC,Emerald Health & Rehab Center,,0
345175,157.74358974358975,2.5,92.75675213675214,0.2713072587873442,3.0349057158612416,75.22460905349793,14.985833333333336,,control,3.0,NC,Smithfield Manor Rehabilitation and Healthcare Cen,,0
345180,62.0,4.0,92.78487179487179,0.14385915348687858,3.9598933484757253,53.29938271604939,10.643034188034187,,control,3.0,NC,Wesley Pines Retirement Community,,0
345181,119.74786324786325,5.0,89.49739316239317,0.22743975480602274,3.3587336540909307,76.52757201646091,10.165726495726496,,control,3.0,NC,Greenville Health and Rehabilitation Center,,0
345182,104.0,6.5,51.419465811965814,0.3174060481629972,3.0147053725283737,78.85777777777778,8.643952991452991,,control,3.0,NC,Pruitthealth-Crystal Coast,,0
345183,120.0,2.0,79.09205128205129,0.2321198491047638,3.247682747746892,65.33658436213992,11.432264957264959,,control,3.0,NC,Cabarrus Health and Rehabilitation Center,,0
345185,127.00000000000001,6.5,78.9127564102564,0.22924693877872016,3.4674188481668207,77.88076131687242,13.049017094017096,,control,3.0,NC,Premier Living and Rehab Center,,0
345192,248.0,2.0,86.49092592592592,0.9512247099993271,6.262018198775932,86.2904938271605,0.0,,control,3.0,NC,Longleaf Neuro-Medical Treatment Center,,0
345193,120.0,1.0,71.93826923076924,0.3540882088608723,2.5436227821094253,65.0679012345679,8.04397435897436,,control,3.0,NC,Mountain View Manor Nursing Center,,0
345194,52.0,1.5,86.82662393162394,0.47692222744073465,5.437315681193155,66.12415637860082,22.528247863247863,,control,3.0,NC,Glenflora,,0
345196,60.0,3.0,97.57365384615386,0.4704434267845613,3.8046445553340207,83.42907407407407,5.285811965811966,,control,3.0,NC,Mountain Vista Health Park,,0
345198,120.0,2.0,95.28621794871796,1.0649049784833344,4.020969964159822,68.88716049382715,11.026025641025642,,control,3.0,NC,Aston Park Health Care Center,,0
345199,30.0,2.0,71.74480769230769,1.3000410551368076,5.136684355146083,0.0,20.260576923076925,,control,3.0,NC,Carol Woods,,0
345201,120.0,3.5,84.80660256410258,0.3550289509398983,3.0181495722364375,75.13658436213991,11.684017094017094,,control,3.0,NC,Pelican Health at Charlotte,,0
345202,121.72222222222223,1.5,79.22771367521368,0.26923811024512756,3.113321435247548,72.79617283950617,8.112970085470087,,control,3.0,NC,Capital Nursing and Rehabilitation Center,,0
345203,118.0,4.5,75.13754273504274,0.3734805236183144,3.5850947330324456,62.06954732510288,20.298076923076927,,control,3.0,NC,Life Care Center of Banner Elk,,0
345204,120.0,12.5,85.38495726495727,0.4729492902143989,3.6588374257614027,73.33041152263374,18.422649572649576,,control,3.0,NC,StoneCreek Health and Rehabilitation,,0
345205,176.0,2.0,91.77273504273505,0.6875616169724432,3.2975962219446355,77.38600823045266,14.149380341880343,,control,3.0,NC,Westwood Hills Nursing and Rehabilitation Center,,0
345206,100.0,9.0,93.5363247863248,0.4284135427023391,3.431268675841435,71.27401234567901,12.880982905982906,,control,3.0,NC,Madison Health and Rehabilitation,,0
345207,107.0,4.5,89.6434829059829,0.22363591598344745,3.4977829516400885,57.82584362139918,21.85068376068376,,control,3.0,NC,Liberty Commons Nursing and Rehabilitation Center,,0
345209,39.71794871794872,1.0,77.03226495726496,0.9320726919575195,8.744607198838002,50.60028806584363,22.47252136752137,,control,3.0,NC,Brookridge Retirement Community,,0
345211,105.0,3.0,79.55850427350427,0.4155470865117809,3.116914144571312,75.09843621399176,12.529358974358974,,control,3.0,NC,Riverpoint Crest Nursing and Rehabilitation Center,,0
345212,85.0,6.5,92.59089743589745,0.1647349411640785,3.7054996507569298,78.03213991769547,9.581581196581197,,control,3.0,NC,Bethesda Health Care Facility,,0
345213,129.0,6.5,83.6134829059829,0.2745740213137635,3.068680668187188,77.4814403292181,9.740128205128206,,control,3.0,NC,Lillington Health and Rehabilitation Center,,0
345215,140.0,7.5,90.95403846153847,0.2425810275461872,3.2981490300348004,80.96810699588477,12.03741452991453,,control,3.0,NC,River Trace Nursing and Rehabilitation Center,,0
345216,83.0,6.0,63.272222222222226,0.2576586706015012,3.4234597349213707,66.58222222222221,18.247222222222224,,control,3.0,NC,Westfield Rehabilitation and Health Center,,0
345217,239.0,0.5,66.93344017094017,0.1886753491916086,3.074760010012617,68.33152263374485,20.047371794871797,,control,3.0,NC,Premier Nursing and Rehabilitation Center,,0
345218,212.00000000000003,2.0,72.14681623931625,0.3217516915870485,3.396626102943138,76.73555555555555,11.891196581196581,,control,3.0,NC,Mary Gran Nursing Center,,0
345219,121.0,3.5,61.97478632478632,0.3026997138928599,2.964937120155242,79.09131687242798,9.478226495726496,,control,3.0,NC,Magnolia Lane Nursing and Rehabilitation Center,,0
345222,100.0,2.0,94.22649572649573,0.5710102731160498,3.422932152716144,79.49168724279835,13.175405982905984,,control,3.0,NC,Autumn Care of Drexel,,0
345225,112.2863247863248,2.5,85.13358974358975,0.5202749601102267,3.2901006434650824,71.32382716049383,14.60923076923077,,control,3.0,NC,Signature Healthcare of Chapel Hill,,0
345226,130.53846153846155,2.0,53.23521367521368,0.3362068004356067,3.031972105520921,68.20286008230453,17.02,,control,3.0,NC,Peak Resources-Outer Banks,,0
345229,100.0,2.0,91.741452991453,0.3252214999777745,3.227879779823426,74.9559670781893,11.595470085470087,,control,3.0,NC,Peak Resources- Shelby,,0
345235,100.0,2.0,88.5811965811966,0.7588059667437269,3.7952895619936755,39.40786008230452,10.799081196581199,,control,3.0,NC,Twin Lakes Community,,0
345237,194.91239316239316,2.5,82.80833333333334,0.2685920259420854,3.479855654452143,72.54273662551441,16.24940170940171,,control,3.0,NC,Barbour Court Nursing and Rehabilitation Center,,0
345238,180.0,3.0,91.24038461538461,0.5443596786477587,4.155332696089883,76.61716049382716,5.609102564102564,,control,3.0,NC,White Oak Manor - Charlotte,,0
345244,122.00000000000001,2.0,60.582358974358975,0.4062365701171257,3.832042101930991,58.522588477366256,21.799940170940168,,control,3.0,NC,HARBORVIEW HEALTH CARE CENTER,,0
345245,43.0,6.5,78.37297008547009,0.5260394995846841,3.9913159399868436,71.29909465020575,10.05570512820513,,control,3.0,NC,PENDER MEMORIAL HOSP SNF,,0
345246,120.0,1.0,87.47856837606838,0.4909183202447054,3.367761231207477,80.12049382716049,8.592094017094018,,control,3.0,NC,Hickory Falls Health and Rehabilitation,,0
345253,50.0,0.0,89.46581196581198,0.5437006077038508,3.2818754949358153,62.59469135802469,24.4840811965812,,control,3.0,NC,The Lodge at Mills River,,0
345254,147.0,3.5,84.58532051282052,0.3473888563108003,3.3200860766526685,79.50057613168724,11.896346153846155,,control,3.0,NC,Monroe Rehabilitation Center,,0
345259,30.0,0.0,72.002,1.4817,7.6408000000000005,29.412,60.842,,control,3.0,NC,SAMPSON REGIONAL MEDICAL CTR,,0
345260,117.12606837606839,4.5,92.31472222222223,0.30901286062582817,3.408891799890245,64.41506172839506,23.101260683760685,,control,3.0,NC,Rocky Mount Rehabilitation Center,,0
345263,200.0,3.5,51.63034188034188,0.380346320432877,3.348065155777565,63.69650205761317,18.741474358974358,,control,3.0,NC,Macon Valley Nursing and Rehabilitation Center,,0
345264,123.12354312354313,3.5,83.34862665112665,0.31460140822694255,3.919115545414199,64.22226337448559,15.124465164465166,,control,3.0,NC,Stanley Total Living Center,,0
345268,110.0,3.5,91.59871017871018,0.3565523297820205,3.593029918907429,66.24592592592592,18.757117974617977,,control,3.0,NC,Autumn Care of Marshville,,0
345273,23.0,12.0,94.09991452991454,1.4671154690719908,5.4571569438062575,49.865308641975304,33.90267094017094,,control,3.0,NC,Kindred Hospital East Greensboro,,0
345278,33.0,3.5,97.95410256410257,0.3022875566040889,3.1700877538306975,56.01008230452675,6.247542735042735,,control,3.0,NC,NORTHERN REGIONAL HOSPITAL,,0
345283,130.0,1.5,90.64166666666668,0.35463123855422213,3.6972042376537786,67.02621399176954,19.234123931623934,,control,3.0,NC,The Citadel Mooresville,,0
345284,150.23076923076923,6.5,85.87916666666666,0.22054786187880882,3.2642614494296387,59.697201646090534,9.740064102564101,,control,3.0,NC,The Oaks,,0
345291,160.0,0.5,81.94258547008548,0.17770940255527828,3.5268131928613498,81.99592592592592,8.119807692307694,,control,3.0,NC,Oxford Health and Rehabilitation Center,,0
345292,96.0,0.5,65.32636752136753,0.3501455026695375,2.976289260152217,84.14213991769546,10.676282051282051,,control,3.0,NC,Grantsbrook Nursing and Rehabilitation Center,,0
345293,105.0,0.0,90.6701923076923,0.19187383557062537,3.4881322123940928,67.79008230452675,19.154059829059833,,control,3.0,NC,Richmond Pines Healthcare and Rehabilitation Cente,,0
345294,128.84615384615387,4.0,88.92750000000001,0.2904017101809891,3.739967204027824,72.61286008230454,12.562500000000002,,control,3.0,NC,Autumn Care of Shallotte,,0
345295,26.0,0.0,60.002,4.696434782608695,12.804532806324112,4.406000000000001,80.482,,control,3.0,NC,LENOIR MEMORIAL HOSPITAL TCU,,0
345296,158.46153846153845,5.0,73.31123931623931,0.43972509833645285,3.4641278148956403,74.86362139917696,12.383888888888889,,control,3.0,NC,Margate Health and Rehab Center,,0
345297,58.0,3.0,89.73933760683761,0.28572613837289285,4.821841937032667,33.41872427983539,10.70880341880342,,control,3.0,NC,Scotia Village - SNF,,0
345301,157.60470085470087,2.5,87.4116452991453,0.4110268558356746,3.958490703376109,73.01318930041151,3.784700854700855,,control,3.0,NC,White Oak Manor - Burlington,,0
345303,99.00854700854701,9.5,91.04089743589745,1.809635092886737,5.111228622125417,48.81390946502057,27.82777777777778,,control,3.0,NC,The Laurels Of Greentree Ridge,,0
345306,48.0,0.0,58.82149572649573,2.4214529867193453,6.299591061082131,6.346625514403292,76.09361111111112,,control,3.0,NC,IREDELL MEMORIAL HOSPITAL INC,,0
345308,36.0,4.5,97.22,1.0290789915966385,5.088665546218488,79.99199999999999,3.9699999999999998,,control,3.0,NC,WAKEMED FUQUAY VARINA OUTPATIENT & SNF,,0
345310,92.06410256410257,5.5,89.53997863247864,0.49190402450183623,3.913375939841343,41.40053497942387,9.864551282051282,,control,3.0,NC,Piedmont Crossing,,0
345313,80.0,2.0,75.24305555555556,0.25739228964349076,3.23711334794637,76.31234567901234,15.237628205128205,,control,3.0,NC,Northampton Nursing and Rehabilitation Center,,0
345314,100.0,5.0,90.31837606837608,0.2330915081238301,3.9687510170261477,73.33652263374485,15.751858974358974,,control,3.0,NC,"Fair Haven of Forest City, LLC",,0
345318,171.4211344211344,7.5,83.2331216006216,0.3357009668848209,3.3442265786023397,78.86744855967078,9.901573426573426,,control,3.0,NC,Brunswick Cove Nursing Center,,0
345319,80.0,0.0,94.6875,0.23784182465877343,3.196786273763321,87.46341563786008,5.324294871794873,,control,3.0,NC,Elderberry Health Care,,0
345321,92.0,1.5,95.99228632478633,0.2502027177061259,3.796116466976498,56.79895061728396,17.988696581196585,,control,3.0,NC,Kerr Lake Nursing and Rehabilitation Center,,0
345322,100.0,6.5,89.26068376068378,0.5674413028556592,3.9648221679189293,62.999259259259276,22.07121794871795,,control,3.0,NC,The Laurels of Hendersonville,,0
345326,16.0,0.0,84.52190170940172,1.5195782081166698,11.139355156595542,0.0,36.60215811965812,,control,3.0,NC,Willowbrooke Court SC Ctr at Matthews Glen,,0
345328,66.0,0.0,94.1108547008547,0.6431563363249443,3.947486102252486,25.896460905349795,11.809871794871794,,control,3.0,NC,Givens Health Center,,0
345330,128.0,1.5,87.17589743589744,0.2614536439605871,3.9218887599757983,71.5040329218107,8.281025641025643,,control,3.0,NC,The Graybrier Nursing and Retirement Center,,0
345333,64.0,1.5,91.43252136752137,0.6571126273826031,3.0148092813000993,62.50325102880659,17.206260683760686,,control,3.0,NC,Abbotts Creek Center,,0
345335,166.0,4.5,73.71547008547009,0.28039891719370336,3.212113082156373,81.98534979423869,10.874615384615385,,control,3.0,NC,Franklin Oaks Nursing and Rehabilitation Center,,0
345336,109.00854700854701,0.5,90.87931623931624,0.20043534846428995,3.2045921803414545,66.52658436213991,23.39311965811966,,control,3.0,NC,Signature Healthcare of Roanoke Rapids,,0
345337,120.0,3.5,87.20850427350429,0.5219291808514614,3.2734751814389176,72.78028806584362,8.388910256410258,,control,3.0,NC,"Peak Resources - Alamance, Inc",,0
345341,125.95726495726497,2.0,92.00688034188035,0.745971027291406,4.076672660886723,68.69748971193414,12.726709401709403,,control,3.0,NC,Silver Bluff,,0
345342,50.0,5.0,86.42307692307693,0.4417363932015189,4.37978537786098,67.87781893004114,18.155619658119658,,control,3.0,NC,Big Elm Retirement and Nursing Centers,,0
345343,130.0,4.0,89.86292735042736,0.4166969339877075,3.2961555923416506,64.49695473251029,24.91544871794872,,control,3.0,NC,Goldsboro Rehabilitation and Healthcare Center,,0
345348,86.0,1.0,87.73440170940171,0.1024103863762609,3.761226022699568,64.35814814814815,20.401495726495728,,control,3.0,NC,Whispering Pines Nursing & Rehab Center,,0
345349,112.0,7.0,90.66773504273505,0.5390935300006753,4.032493137804039,67.59493827160493,15.27474358974359,,control,3.0,NC,Woodbury Wellness Center Inc,,0
345350,77.0,5.0,93.85344017094017,0.3758068901611209,4.713229961389313,45.690905349794235,29.997991452991453,,control,3.0,NC,Courtland Terrace,,0
345351,99.0,2.0,85.80604700854701,0.20482253871840375,2.9519181236916827,82.24300411522634,8.55474358974359,,control,3.0,NC,Autumn Care of Saluda,,0
345354,92.0,8.0,89.56232905982907,0.24890597460789796,3.362827308729233,65.70333333333333,14.667628205128207,,control,3.0,NC,Piney Grove Nursing and Rehabilitation Center,,0
345355,80.0,2.5,83.10363247863249,0.4348138527758882,3.39764323035871,80.40777777777778,14.694209401709402,,control,3.0,NC,Graham Healthcare and Rehabilitation Center,,0
345357,110.0,1.0,93.302905982906,0.3504865381220109,3.004084694400726,76.42131687242798,14.886623931623934,,control,3.0,NC,PruittHealth-Neuse,,0
345365,109.24786324786325,1.0,88.58561965811965,0.29740931065929405,3.0865010931451327,74.86993827160495,18.251089743589745,,control,3.0,NC,Signature Healthcare of Kinston,,0
345366,115.0,3.5,85.82722222222223,0.20489506824515144,3.5210382153052677,78.79695473251029,14.960448717948719,,control,3.0,NC,Greendale Forest Nursing and Rehabilitation Center,,0
345367,58.0,2.0,89.09136752136753,0.09146178619667034,2.6068416236711576,86.29234567901233,7.128440170940171,,control,3.0,NC,Liberty Healthcare Services of Golden Years Nursin,,0
345369,120.0,2.0,91.88615384615385,0.6489144643501269,3.9252357605032655,47.18012345679012,25.0648717948718,,control,3.0,NC,Rex Rehab & Nursing Care Center,,0
345371,116.0,1.0,80.02106837606838,0.3681223590256534,3.3746346614678187,73.57818930041152,14.746431623931626,,control,3.0,NC,PruittHealth-Trent,,0
345372,95.0,13.0,86.71083333333334,0.19903955697842143,3.6607443316251578,69.23312757201646,23.68534188034188,,control,3.0,NC,Wilson Pines Nursing and Rehabilitation Center,,0
345374,60.0,5.5,87.22166666666668,0.23407861635220129,3.594367924528302,61.278333333333336,17.315,,control,3.0,NC,UNIVERSAL HEALTH CARE/NASHVILLE,,0
345377,130.0,2.0,75.87611111111113,0.2534804640681585,3.557105571180209,75.73923868312757,14.236089743589744,,control,3.0,NC,East Carolina Health and Rehabilitation Center,,0
345378,118.17948717948718,2.5,78.2483547008547,0.2555330220426866,3.196936402585897,78.3619341563786,12.789081196581197,,control,3.0,NC,PruittHealth-Rockingham,,0
345383,111.17948717948718,4.0,75.54688034188035,0.25764936275068256,3.3060483591640386,77.09559670781891,18.00232905982906,,control,3.0,NC,Scottish Pines Rehabilitation and Nursing Center,,0
345384,56.0,2.5,92.02286324786326,0.3251837132637221,3.083049099868459,69.25654320987654,14.489636752136754,,control,3.0,NC,PruittHealth-Farmville,,0
345386,10.0,0.0,78.15591815591816,2.7902108508775174,5.608300643800645,5.085925925925926,92.37025123025124,,control,3.0,NC,WILKES REGIONAL MEDICAL CTR SN,,0
345389,120.0,4.5,94.10982905982905,0.5724329791696514,4.306565629379284,65.84510288065843,24.20957264957265,,control,3.0,NC,The Laurels of Forest Glenn,,0
345391,106.14102564102565,2.0,90.34897435897437,0.2711385637841457,3.674471933467995,68.32561728395062,15.85786324786325,,control,3.0,NC,Heartland Living & Rehab at the Moses H Cone Memor,,0
345394,80.0,7.0,76.02029914529915,0.18704906380337413,3.1592249897857005,81.09395061728395,10.791794871794874,,control,3.0,NC,Brook Stone Living Center,,0
345395,54.0,3.5,91.18324786324787,0.35465539492511655,3.9699918495530704,67.64868312757201,23.779957264957268,,control,3.0,NC,Peak Resources-Cherryville,,0
345396,50.0,11.0,70.88966588966589,0.5893906063005111,3.851369201922566,34.93839506172839,48.70053418803419,,control,3.0,NC,Smoky Mountain Health and Rehabilitation Center,,0
345397,89.0,4.0,87.3755710955711,0.15961539043458634,2.95572252292319,72.59654508043397,13.532752525252526,,control,3.0,NC,Shoreland Health Care and Retirement Center Inc,,0
345400,94.0,1.0,81.53192307692308,0.5620899668570681,3.5019970456212905,75.5961316872428,15.009166666666669,,control,3.0,NC,Skyland Care Center,,0
345404,60.0,0.0,89.5465811965812,0.3038435732923463,3.763634453908965,68.27378600823045,20.757029914529916,,control,3.0,NC,Three Rivers Health and Rehabilitation Center,,0
345407,79.42307692307693,1.0,61.95192307692308,0.3030143127268917,2.6924210932817587,77.32927983539093,7.215576923076924,,control,3.0,NC,CROSS CREEK HEALTH CARE,,0
345409,84.0,2.5,88.47517094017095,0.27643861873805203,3.105325521204675,75.29181069958847,18.069059829059828,,control,3.0,NC,Pembroke Center,,0
345410,120.0,3.0,93.66630341880342,0.3022102599935529,3.8926026491222077,73.41687242798353,9.918824786324787,,control,3.0,NC,Central Continuing Care,,0
345412,80.0,1.0,83.21386946386947,0.12019056645834408,3.0849616135696163,61.47829218106997,23.669483294483296,,control,3.0,NC,Brantwood Nh & Retirement Center,,0
345413,106.00000000000001,2.0,91.09758547008548,0.34880577606386126,3.6945955541401245,77.75592592592592,6.947115384615385,,control,3.0,NC,Fleshers Fairview Health Care,,0
345414,98.0,3.5,91.33820512820515,0.1693718917445468,3.5191680886491277,71.46082304526749,17.241858974358976,,control,3.0,NC,"Haymount Rehabilitation & Nursing Center, Inc.",,0
345417,130.0,5.5,91.12106837606838,0.3138977295833839,3.9151821370995665,62.408065843621394,10.863354700854702,,control,3.0,NC,Hillside Nursing Center of Wake Forest,,0
345421,140.0,9.5,91.97418803418805,0.3731451370327761,3.5595280153487048,71.10267489711933,17.894572649572652,,control,3.0,NC,The Laurels of Chatham,,0
345423,90.0,1.0,85.75119658119658,0.2023794169177426,3.6229362763469437,67.35658436213991,21.786538461538463,,control,3.0,NC,Wilson Rehabilitation and Nursing Center,,0
345425,30.0,3.0,95.51247863247865,0.4261066086691087,3.882481227106227,52.77442386831276,27.456111111111113,,control,3.0,NC,Fair Haven Home Inc,,0
345428,60.0,5.5,88.20591880341881,0.5131609152656322,4.028442613978187,68.31448559670783,21.92544871794872,,control,3.0,NC,The Laurels of Salisbury,,0
345429,90.0,1.5,91.55311965811966,0.30173969494163383,3.430570277836141,67.85333333333332,14.775705128205129,,control,3.0,NC,Peak Resources - Pinelake,,0
345431,60.0,5.0,80.97504985754986,0.4694674911323772,3.4409293776024548,91.73240740740741,0.0,,control,3.0,NC,Bryan Health and Rehab,,0
345438,60.0,3.0,87.83884615384616,0.8279438334145807,5.3555775616373404,46.99781893004115,41.000106837606836,,control,3.0,NC,The Laurels of Summit Ridge,,0
345445,68.22649572649573,3.0,91.53036324786326,0.7795532766021717,6.00566746424771,13.977736625514407,7.297777777777778,,control,3.0,NC,Glenaire,,0
345448,210.0,0.0,80.70149572649572,0.1899899142542278,3.046079606223457,74.28333333333333,8.192200854700856,,control,3.0,NC,Maple Grove Health and Rehabilitation Center,,0
345449,96.0,1.0,89.80946581196581,0.37675603602511887,3.1469699479142834,72.28423868312757,7.153589743589745,,control,3.0,NC,King Health and Rehabilitation Center,,0
345459,33.0,3.0,69.40865384615385,0.6901054512191636,3.781865120850907,0.0,11.697478632478632,,control,3.0,NC,Willowbrooke Court SC Ctr at Tryon Estates,,0
345462,119.2948717948718,1.0,80.57623931623931,0.6157330275909348,3.391239671534721,62.546851851851855,14.494294871794873,,control,3.0,NC,The Oaks-Brevard,,0
345463,80.0,0.5,86.84561965811967,0.5348459778765143,3.5436015496065005,29.579753086419753,31.796495726495728,,control,3.0,NC,Life Care Center of Hendersonville,,0
345465,60.0,0.0,88.18414529914531,0.2668476177972092,3.496614719664067,54.18893004115226,28.83527777777778,,control,3.0,NC,Bayview Nursing & Rehabilitation Center,,0
345467,15.754985754985755,0.0,68.36716524216524,2.776264821598155,5.121909917243251,1.0734485596707817,61.65160968660969,,control,3.0,NC,NOVANT HEALTH PRESBYTERIAN MEDICAL CENTER-SNU,,0
345468,96.94871794871796,2.5,81.5855982905983,0.32593956236209226,3.4323720695367137,52.721316872427984,23.840042735042736,,control,3.0,NC,Liberty Commons Rehabilitation Center,,0
345469,19.0,0.0,73.686,2.2485333333333335,4.2509999999999994,15.331999999999997,44.0,,control,3.0,NC,WAKEMED ZEBULON/WENDELL OUTPATIENT & SNF,,0
345472,100.0,3.0,94.15598290598291,0.20443413977021627,3.1081980823617577,69.76452674897118,14.282350427350428,,control,3.0,NC,Southwood Nursing and Retirement,,0
345474,11.941391941391942,0.0,75.83638583638583,1.8865583298366582,12.953704571761229,0.0925925925925925,47.280732600732605,,control,3.0,NC,FRIENDS HOMES WEST,,0
345478,100.0,0.0,96.37393162393163,0.3379023829277823,3.426849655671,67.81205761316872,16.962136752136754,,control,3.0,NC,Harnett Woods Nursing and Rehabilitation Center,,0
345479,46.858974358974365,4.0,92.9423717948718,0.9878418650362097,8.331294274876385,29.38901234567901,17.861260683760683,,control,3.0,NC,Salemtowne,,0
345481,80.0,1.0,85.40865384615385,0.22651664971612911,3.768523783462427,61.54777777777778,16.703397435897436,,control,3.0,NC,Woodlands Nursing & Rehabilitation Center,,0
345482,14.0,0.0,57.518919968919974,1.785757464757465,14.756180357708136,0.0,85.24871794871795,,control,3.0,NC,Brookdale Carriage Club Providence,,0
345483,60.0,1.5,77.95929487179488,0.5145292027810746,4.645252568224943,34.70707818930041,45.28643162393162,,control,3.0,NC,Shaire Nursing Center,,0
345487,70.0,6.5,78.49373931623931,0.3628063962072605,3.2551678343570996,62.81720164609054,11.986239316239317,,control,3.0,NC,Cherry Point Bay Nursing and Rehabilitation Center,,0
345490,82.0,0.0,92.26049145299146,0.30792879684753044,3.152876223657135,71.6330452674897,15.744615384615386,,control,3.0,NC,Ayden Court Nursing and Rehabilitation Center,,0
345491,64.0,14.5,80.63286324786324,0.41339598597085825,3.2409421124292823,71.21158436213992,10.287008547008547,,control,3.0,NC,Croatan Ridge Nursing and Rehabilitation Center,,0
345492,150.0,0.5,92.64446581196582,0.36773587082873443,4.112466325081279,33.687757201646086,8.873952991452992,,control,3.0,NC,NC STATE VETERANS HOME - FAYETTEVILLE,,0
345493,130.0,2.0,93.82395299145298,0.5255555345826204,3.7838954586014886,57.01230452674897,28.279978632478635,,control,3.0,NC,Hendersonville Health and Rehabilitation,,0
345494,119.69230769230771,10.5,91.71294871794872,0.23177704977495148,3.0708619259942553,67.09679012345678,12.854764957264958,,control,3.0,NC,Peak Resources - Gastonia,,0
345495,23.85714285714286,0.0,64.25412087912088,1.5864871357852808,9.628522848827895,0.0,13.786520146520147,,control,3.0,NC,The Stewart Health Center,,0
345496,90.0,5.5,88.45470085470086,0.1770534704433198,3.3625348311064953,52.842016460905356,12.309059829059828,,control,3.0,NC,Liberty Commons Nursing & Rehabilitation Center of,,0
345499,90.0,5.5,94.90019230769231,0.35781719827249386,3.2655765163921675,67.48298353909465,11.616666666666667,,control,3.0,NC,Litchford Falls Health and Rehabilitation Center,,0
345500,42.98290598290598,4.0,68.99735042735043,0.6758202093737754,4.787511427873078,0.0,10.646965811965812,,control,3.0,NC,Windsor Point Continuing Care,,0
345501,113.02564102564102,0.0,86.29429487179488,0.22215102776258616,4.677875323076946,25.806790123456793,14.973717948717951,,control,3.0,NC,Croasdaile Village,,0
345502,120.0,1.5,86.61497863247864,0.4260080158177897,3.634098693854333,49.998230452674896,27.94303418803419,,control,3.0,NC,Lake Park Nursing and Rehabilitation Center,,0
345503,89.36965811965813,1.5,90.7522435897436,0.36533669844149463,3.5582395378375353,62.77934156378601,13.577970085470087,,control,3.0,NC,Liberty Commons Nsg and Rehab Ctr of Rowan County,,0
345504,56.38176638176638,2.5,79.55161680911681,0.510600472901345,5.498937329529142,56.129876543209875,9.35437321937322,,control,3.0,NC,SOUTHPORT NURSING CENTER,,0
345506,63.02564102564103,0.0,92.5020512820513,0.6847535950878322,3.822603558091878,38.73493827160493,18.16188034188034,,control,3.0,NC,Whitestone a Masonic and Eastern Star Community,,0
345507,90.0,2.5,88.98194444444445,0.3585755026826283,4.124749457466958,52.455144032921815,23.984123931623934,,control,3.0,NC,Autumn Care of Myrtle Grove,,0
345508,107.0,3.5,94.14286324786326,0.7414858975271379,4.103437969053195,39.453497942386825,28.203525641025642,,control,3.0,NC,UNC Rex Rehab & Nursing Care Center of Apex,,0
345510,118.0,3.5,92.95265734265735,0.3498529574503627,3.6080922713287915,83.0930452674897,10.607216394716396,,control,3.0,NC,Tarboro Health and Rehabilitation,,0
345512,5.406267806267807,0.0,67.7849772079772,2.408866904083571,9.291794301994303,0.0,93.32051282051283,,control,3.0,NC,Cypress Glen Retirement Community,,0
345513,180.0,5.0,62.69241452991454,0.2758432536154983,3.5293290812839104,77.79777777777778,11.786602564102564,,control,3.0,NC,Tower Nursing and Rehabilitation Center,,0
345515,70.0,1.0,91.33856837606838,0.39613086124845087,3.479063177385904,38.70172839506172,39.6758547008547,,control,3.0,NC,PruittHealth-Town Center,,0
345516,90.0,4.0,90.45752136752138,0.5293580772771058,4.139893385775663,60.85386831275721,22.17153846153846,,control,3.0,NC,Conover Nursing And Rehabilitation Center,,0
345518,60.0,4.5,73.34905982905984,0.24105870513707417,4.314980729611127,32.82728395061728,19.453504273504276,,control,3.0,NC,Inn at Quail Haven Village,,0
345519,100.0,0.5,92.21367521367522,0.13892581816294414,3.5476896502421855,59.51086419753087,19.25897435897436,,control,3.0,NC,Liberty Commons Nursing & Rehabilitation Center of,,0
345521,23.635327635327634,0.0,82.06896153846154,2.0153914379940523,6.8176035164123405,33.84532173587729,40.945076923076925,,control,3.0,NC,SNUG HARBOR ON NELSON BAY,,0
345525,8.0,0.0,54.75427350427351,5.308196581196581,19.09458547008547,0.0,44.05982905982906,,control,3.0,NC,The Gardens of Taylor Glen Retirement Community,,0
345527,10.0,0.0,78.0,1.6817142857142855,10.165685714285715,100.0,0.0,,control,3.0,NC,VIDANT PUNGO HOSPITAL,,0
345528,60.0,0.0,88.02965811965811,0.8181957059694178,5.3105695418571175,21.57082304526749,11.46673076923077,,control,3.0,NC,River Landing at Sandy Ridge,,0
345529,116.87179487179488,3.0,88.90771367521367,0.3393298291394171,3.4011028174047206,51.91333333333333,19.41029914529915,,control,3.0,NC,Universal Health Care/North Raleigh,,0
345530,82.0,3.0,92.55245726495727,0.2143727073014439,3.87901557535896,59.96109053497943,18.90337606837607,,control,3.0,NC,Penn Nursing Center,,0
345531,99.0,1.5,96.12401709401709,0.5362373926953905,4.069616207667197,28.166707818930046,12.90371794871795,,control,3.0,NC,NC State Veterans Home - Salisbury,,0
345532,80.0,0.5,81.66933760683762,0.22711932537090973,3.0283367175985596,67.89189300411522,17.515427350427352,,control,3.0,NC,Liberty Commons Nursing and Rehabilitation Center,,0
345533,9.08531746031746,0.0,97.41375000000001,2.1654043294668295,21.172700244200247,0.0,25.075744810744812,,control,3.0,NC,The Cedars of Chapel Hill,,0
345534,123.94017094017096,2.5,75.89963675213676,0.21973645434702754,3.2694595211389634,68.66539094650206,15.85036324786325,,control,3.0,NC,Sanford Health & Rehabilitation Co,,0
345535,120.0,2.0,84.49472222222224,0.237591753818066,2.9734741194731766,62.44405349794238,12.493910256410256,,control,3.0,NC,Adams Farm Living & Rehabilitation,,0
345538,150.0,0.5,93.22608974358974,0.3176035440881144,3.932468917220323,39.25329218106995,30.768311965811968,,control,3.0,NC,PruittHealth-Raleigh,,0
345539,16.0,1.0,82.10113960113961,1.0675079255869961,6.252647983966414,0.0,22.82020227920228,,control,3.0,NC,The Arbor,,0
345542,4.0,0.0,25.0,0.42444444444444446,2.245,0.0,100.0,,control,1.0,NC,The Forest At Duke Inc,,0
345543,117.0,0.0,69.135,0.3189556905596753,3.432491575866607,38.13448559670782,17.93621794871795,,control,3.0,NC,Bermuda Commons Nursing and Rehabilitation Center,,0
345544,67.5903910903911,0.0,73.09914206164207,1.4101296630460738,5.5480217681479935,0.7999999999999999,70.38521497021497,,control,3.0,NC,Asbury Health and Rehabilitation Center,,0
345545,16.0,0.0,97.30235042735043,0.892757783882784,4.708894663207163,28.78436213991769,0.8408760683760684,,control,3.0,NC,TWIN LAKES COMMUNITY MEMORY CARE,,0
345546,36.0,0.0,68.88061965811966,0.8848360650991166,7.622056033631401,0.0,4.936944444444444,,control,3.0,NC,The Rosewood Health Center,,0
345550,100.0,0.0,77.16744366744366,2.3191647057147518,4.430140849905507,41.4684758698092,12.383310023310024,,control,3.0,NC,White Oak of Waxhaw,,0
345551,138.0,0.0,70.0647668997669,0.6780341507184942,5.987879969152843,55.05099937648086,9.90488603988604,,control,3.0,NC,PruittHealth-Carolina Point,,0
345552,150.0,0.0,78.16876586376587,0.254132981317415,4.093560675979468,54.703184686369866,7.977324527324527,,control,3.0,NC,The Shannon Gray Rehabilitation & Recovery Center,,0
345554,100.0,0.0,93.96642246642247,0.45395492791169834,4.1851299402665845,29.060382128159908,24.504780219780223,,control,3.0,NC,Trinity Grove,,0
345555,134.0,0.0,86.85916666666667,0.28360193633145203,4.197636950089556,39.8256554967666,24.039433760683764,,control,3.0,NC,Hillcrest Raleigh at Crabtree Valley,,0
345556,62.0,0.0,90.325,1.4950982356210059,6.057595193109197,0.0,2.46,,control,1.0,NC,Deerfield Episcopal Retirement,,0
345557,80.0,0.0,96.25,0.4688574034716941,3.617025715403633,70.13,12.99,,control,1.0,NC,Azalea Health & Rehab Center,,0
345558,100.0,0.0,93.0,0.8332858173572459,4.103118326118326,48.39,11.83,,control,1.0,NC,NC State Veterans Home - Black Mountain,,0
345560,100.0,0.0,97.0,0.5028130901166761,4.365725736238609,41.24,17.53,,control,1.0,NC,NC State Veterans Home-Kinston,,0
345561,100.0,0.0,83.0,0.21903385564573802,3.045782897742881,56.235,13.53,,control,1.0,NC,Universal Health Care/Fuquay-Varina,,0
345562,120.0,0.0,76.66499999999999,0.42315717096054173,3.6897014133217314,46.975,11.26,,control,1.0,NC,Clear Creek Nursing & Rehabilitation Center,,0
345563,114.0,0.0,76.47999999999999,0.4148411743052209,3.1478527502824707,35.825,23.52,,control,1.0,NC,Pavilion Health Center at Brightmore,,0
345564,19.0,0.0,68.42,0.34639999999999993,4.9549287698412705,0.0,73.08,,control,1.0,NC,Sharon Towers,,0
345565,100.0,0.0,90.0,0.3545762657581262,4.086886893360696,44.44,7.78,,control,1.0,NC,Trinity Elms,,0
345566,90.0,0.0,85.0,0.48842625185718125,4.1101823854874695,46.645,29.88,,control,1.0,NC,PruittHealth-Union Pointe,,0
345568,20.0,0.0,80.0,0.8285027519779842,4.2981051771585825,10.32,45.345,,control,1.0,NC,Davis Health and Wellness Center at Cambridge Vill,,0
345569,100.0,0.0,89.5,0.47775632724300093,3.954533339463976,18.29,29.525,,control,1.0,NC,Springbrook Nursing and Rehabilitation Center,,0
345570,90.0,0.0,97.225,0.0703832581482427,3.550973731166743,20.595,49.76,,control,1.0,NC,Huntersville Health & Rehabilitation Center,,0
345573,6.0,0.0,58.335,0.2864833333333333,4.775216666666667,0.0,100.0,,control,1.0,NC,Arbor Acres United Methodist Retirement Community,,0
345574,100.0,0.0,80.0,0.3710430726096384,4.0292788379185405,47.5,21.25,,control,1.0,NC,Bellarose Nursing And Rehab,,0
345575,100.0,0.0,68.0,0.41807279769015293,3.335801970024481,48.18,19.875,,control,1.0,NC,Brunswick Health & Rehab Center,,0
345576,108.0,0.0,62.04,0.49832681348140495,3.88932851953291,44.78,17.91,,control,1.0,NC,Parkview Health and Rehabilitation Center,,0
365006,48.13461538461539,3.5,82.32809829059829,0.3305254357713041,3.22785394479462,85.06205761316872,4.277991452991453,,control,3.0,OH,HILLSIDE PLAZA,,0
365014,131.8803418803419,4.0,87.90264957264958,0.42228076652495045,4.1020377909198835,52.06423868312757,13.002841880341881,,control,3.0,OH,BRETHREN RETIREMENT COMMUNITY,,0
365020,179.46581196581195,4.5,86.7259188034188,0.40061768135179876,4.461779741307193,60.15761316872428,14.687927350427351,,control,3.0,OH,LUTHERAN HOME,,0
365026,147.4957264957265,4.5,90.28245726495726,0.7378901010464348,4.317144130378697,44.77781893004115,24.317799145299148,,control,3.0,OH,WEXNER HERITAGE HOUSE,,0
365030,84.0,16.0,97.25638888888889,0.34570639122245783,3.1401520938397853,89.01592592592594,5.526880341880343,,control,3.0,OH,CONCORD CARE CENTER OF TOLEDO,,0
365033,118.78205128205128,5.0,92.06051282051283,0.37246717165980103,3.3668768956252237,70.99925925925925,6.84155982905983,,control,3.0,OH,CEDARWOOD PLAZA,,0
365034,86.35409035409036,10.0,55.73133394383395,0.1768981532400428,3.0762602221540964,80.34265726043503,9.545329670329672,,control,3.0,OH,CEDARCREEK HEALTH & REHAB,,0
365045,118.3076923076923,6.5,94.38032051282052,0.5834738185939934,3.7182115971746055,41.34207818930041,13.011752136752138,,control,3.0,OH,HILLEBRAND NURSING AND REHABILITATION CENTER,,0
365047,154.42948717948718,20.5,86.19792735042735,0.57069229312805,3.799829969116695,54.79403292181071,12.990854700854703,,control,3.0,OH,FIRST COMMUNITY VILLAGE HEALTHCARE CTR,,0
365048,119.0,5.0,80.83164529914531,0.5267038478508665,3.616080998623663,68.17748971193416,10.494551282051281,,control,3.0,OH,LIFE CARE CENTER OF WESTLAKE,,0
365051,73.73076923076924,4.5,90.66707264957265,0.35410121512540055,4.085352664129761,36.36711934156379,19.074380341880342,,control,3.0,OH,OHIO LIVING ROCKYNOL,,0
365065,84.0,4.0,91.74630341880342,0.24284496162731364,2.6229393331422433,87.97061728395062,4.477286324786325,,control,3.0,OH,HARRISON PAVILION CARE CENTER,,0
365066,201.26282051282053,10.5,73.66998473748474,0.6566420852191529,4.398583207867043,43.698177542622,19.721089743589744,,control,3.0,OH,LAKE PARK NURSING FACILITY,,0
365072,98.0,6.0,92.22784188034188,0.5880950360646884,3.985488088199184,49.461069958847744,14.331346153846155,,control,3.0,OH,ANNA MARIA OF AURORA,,0
365076,76.16666666666666,2.0,77.95596153846154,0.40875608567110444,3.531505232581659,62.95310699588478,5.7357051282051295,,control,3.0,OH,BOWLING GREEN CARE CENTER,,0
365083,68.17948717948718,5.0,77.74222934472935,1.8021511008578317,5.994886103153731,31.450727023319615,28.41195156695157,,control,3.0,OH,METROHEALTH SYSTEM,,0
365084,170.5726495726496,4.5,85.87149572649574,0.6099102736343567,3.9538068945598845,58.90950617283951,11.977905982905984,,control,3.0,OH,PLEASANTVIEW CARE CENTER,,0
365085,156.0,12.5,74.49361111111111,0.5738043274033672,3.534523521981443,62.24283950617284,13.906196581196582,,control,3.0,OH,LIFE CARE CENTER OF MEDINA,,0
365090,57.69230769230769,15.0,76.07023931623931,0.41574233934789495,3.6001580563469457,60.10531687242799,12.590329059829061,,control,3.0,OH,RIVERS CROSSING HEALTH AND REHABILITATION,,0
365093,127.52136752136754,5.0,89.985,0.5107639159644244,4.19933004905202,68.2482304526749,7.879102564102565,,control,3.0,OH,GOOD SHEPHERD THE,,0
365108,98.0,16.5,72.09551282051282,0.3342974225640011,3.2951409378664245,83.9372427983539,6.430494505494504,,control,3.0,OH,UNIVERSITY PARK NURSING & REHA,,0
365109,152.82051282051282,1.5,95.42130341880343,0.4630095737532688,3.830819862482424,56.410329218106995,11.970534188034188,,control,3.0,OH,ALTENHEIM,,0
365114,72.0,2.0,93.49698717948718,0.5376209166108048,4.595674489859544,53.067818930041156,9.723760683760684,,control,3.0,OH,HERITAGE MANOR  JEWISH HM FOR,,0
365115,130.0,4.0,81.85288461538462,0.46270117024580304,3.8282874801759705,70.59888888888888,7.699358974358974,,control,3.0,OH,RAE-ANN WESTLAKE,,0
365117,79.33333333333333,2.0,81.30833333333334,0.26624458874458873,3.587225108225109,73.92166666666667,11.896666666666667,,control,3.0,OH,ARISTOCRAT WEST REHAB AND HEALTH CENTER,,0
365129,139.7542735042735,11.0,76.45478632478634,0.14340699823661193,3.137806768488089,85.93629629629629,3.30965811965812,,control,3.0,OH,EASTBROOK HEALTHCARE CENTER,,0
365147,121.0320512820513,3.5,86.17091880341881,0.25726728460199794,3.2618547908743576,68.59082304526748,6.905576923076923,,control,3.0,OH,HIGHLAND OAKS HEALTH CENTER,,0
365152,121.88888888888889,12.5,64.15224358974359,0.47703433403775874,3.7841013217609287,70.10683127572017,9.567307692307693,,control,3.0,OH,SCHOENBRUNN HEALTHCARE,,0
365162,161.53496503496504,11.0,84.58395299145299,0.5569253612675116,4.472711426885343,52.70851851851852,14.081734654234655,,control,3.0,OH,WESLEYAN VILLAGE,,0
365181,92.0,4.5,67.6851923076923,0.43791941345912255,3.744658650624094,62.22312757201646,12.382799145299147,,control,3.0,OH,MARION MANOR NURSING HOME INC,,0
365192,174.48076923076925,9.0,86.41014957264957,0.4149717379252006,3.310396683965777,67.35475308641975,11.528547008547008,,control,3.0,OH,GREENBRIER HEALTH CENTER,,0
365193,144.0,5.0,95.696,0.21753475177304965,3.691129078014185,89.67999999999999,1.46,,control,3.0,OH,CARLTON MANOR,,0
365195,151.71367521367523,9.0,94.72254273504274,0.2642316214158084,3.045683317521936,67.21209876543209,8.441816239316239,,control,3.0,OH,MCNAUGHTEN POINTE NURSING AND REHAB,,0
365206,175.53379953379954,6.0,85.52272533022534,0.45835210638989493,3.363863184753119,62.60354283576506,10.159188034188034,,control,3.0,OH,UPTOWN WESTERVILLE HEALTHCARE,,0
365222,130.7902097902098,3.0,84.89978567728568,0.7405623088182214,4.243706524831111,51.599794238683124,20.818413623413626,,control,3.0,OH,LAURELS OF NORWORTH THE,,0
365228,88.60683760683762,1.5,80.29470085470085,0.2457505944402164,3.019043194945737,61.98748971193416,10.50681623931624,,control,3.0,OH,WILMINGTON NURSING & REHAB,,0
365236,51.15384615384615,2.0,87.57433760683762,0.30810473382598824,3.021803308721863,63.10427983539094,4.48732905982906,,control,3.0,OH,HOMESTEAD II,,0
365238,90.0,3.0,91.68709401709401,0.6557807134914371,3.510078823391391,58.13065843621399,14.17181623931624,,control,3.0,OH,WAPAKONETA MANOR,,0
365241,84.65384615384616,0.5,90.49029914529916,0.3649631393061494,3.2737294278000104,65.12781893004114,10.426239316239316,,control,3.0,OH,LONDON HEALTH & REHAB CENTER,,0
365246,93.21794871794873,3.0,91.30036324786326,0.5271873926131463,3.6788529083514625,65.00004115226336,9.501773504273505,,control,3.0,OH,VAN WERT MANOR,,0
365254,99.0,3.5,85.02264957264958,0.38555724891713816,4.21178964768921,58.33724279835391,16.424209401709405,,control,3.0,OH,VANCREST HEALTH CARE CENTER,,0
365256,99.2948717948718,7.5,94.0236752136752,0.43640474994886835,3.623308693205961,61.17559670781893,8.39561965811966,,control,3.0,OH,"LAURELS OF WORTHINGTON, THE",,0
365264,137.92307692307693,8.5,87.86493589743591,0.1849556358545687,3.4146063347198092,49.03860082304527,9.105170940170941,,control,3.0,OH,O'NEILL HEALTHCARE BAY VILLAGE,,0
365265,126.17094017094017,4.5,83.66311965811965,0.4146800194206929,3.6656916838960045,62.25779835390947,14.791346153846154,,control,3.0,OH,PIQUA MANOR,,0
365267,135.5042735042735,2.5,80.62844017094018,0.24144800401916997,3.1375128499083598,60.62074074074074,11.267905982905983,,control,3.0,OH,O'NEILL HEALTHCARE LAKEWOOD,,0
365268,115.53846153846155,13.0,89.73115384615386,0.31074356302900313,2.783259084699846,61.96703703703704,9.851260683760685,,control,3.0,OH,ALTERCARE OF WADSWORTH,,0
365269,101.4551282051282,7.5,68.921452991453,0.506907468905346,3.6330142830011782,62.4722633744856,11.672435897435896,,control,3.0,OH,COUNTRY COURT,,0
365270,28.868055555555557,0.0,51.607104700854705,1.4653833020050127,4.813712542574385,0.0,65.32212606837606,,control,3.0,OH,FIRELANDS TRANSITIONAL CARE,,0
365271,120.0,10.0,78.66929487179488,0.4516123184094993,3.7620948797587737,67.18646090534979,13.15104700854701,,control,3.0,OH,CARRIAGE INN OF STEUBENVILLE,,0
365272,172.38247863247864,4.5,81.88228632478632,0.7008938593689865,4.176722001158097,56.25341563786008,13.64485042735043,,control,3.0,OH,RIVERVIEW,,0
365279,65.60683760683762,5.0,76.43121794871796,0.28280875620246065,3.1625932043097356,70.85868312757201,9.509700854700855,,control,3.0,OH,MERIT HOUSE LLC,,0
365284,130.0,3.5,94.39081196581196,0.26094109912291186,3.235618660234678,58.69794238683128,8.858226495726496,,control,3.0,OH,Crestwood Care Center,,0
365287,99.06837606837608,9.0,82.5467735042735,0.404623089282065,3.0635363204308117,62.53835390946502,12.956602564102566,,control,3.0,OH,ALTERCARE OF CUYAHOGA FALLS CTR FOR REHAB & NURSIN,,0
365289,171.0,2.5,89.0430341880342,0.46337150516170567,3.5290680107959584,47.67703703703703,9.674551282051283,,control,3.0,OH,ROSE LANE NURSING AND REHABILITATION,,0
365292,193.48076923076925,4.0,82.59273504273504,0.24710794266915007,3.12243308197828,71.01958847736626,11.114700854700855,,control,3.0,OH,HANOVER HEALTHCARE CENTER,,0
365293,128.91880341880344,0.5,79.53433760683761,0.3551912228904894,3.377107286627734,66.48341563786008,8.199551282051283,,control,3.0,OH,MT AIRY GARDENS REHABILITATION AND NURSING CENTER,,0
365295,100.82051282051282,2.5,91.03416666666666,0.45742985713883566,3.726516370803538,65.4343621399177,10.257286324786325,,control,3.0,OH,LOGAN ELM HEALTH CARE CENTER,,0
365296,123.0,4.5,77.52433372183373,0.35284036943741,3.307016417398203,67.53337448559671,11.01440753690754,,control,3.0,OH,FAIRLAWN REHAB AND NURSING CENTER,,0
365298,94.2542735042735,12.5,79.72224358974358,0.31508950942288183,4.161378593922858,54.78658436213991,15.07260683760684,,control,3.0,OH,SHEPHERD OF THE VALLEY LIBERTY,,0
365300,79.0,14.0,91.5326282051282,0.48949965725699174,3.1230860237462448,42.31864197530864,25.401346153846156,,control,3.0,OH,ALTERCARE POST-ACUTE REHAB CENTER,,0
365303,91.91880341880342,4.5,82.37410256410257,0.5424351651319634,3.554945392693089,67.15695473251029,13.894337606837608,,control,3.0,OH,LIMA MANOR,,0
365304,137.15384615384616,4.0,95.93544871794873,0.2668748437210949,3.1496249729810337,85.66609053497943,5.188482905982907,,control,3.0,OH,CLIFTON HEALTHCARE CENTER,,0
365306,128.7820512820513,12.0,76.78634615384615,0.18134144039582087,3.3305349333280585,61.49732510288065,5.216089743589744,,control,3.0,OH,MADISON HEALTH CARE,,0
365309,119.43589743589745,3.5,82.58891025641026,0.2655168071742422,3.798358368020984,45.64798353909465,12.229252136752137,,control,3.0,OH,ARC AT TROTWOOD LLC,,0
365313,97.23504273504274,16.0,83.41982905982906,0.3779853577816543,3.145424186123657,64.66366255144032,18.228611111111114,,control,3.0,OH,BRIDGEPORT HEALTH CARE CENTER,,0
365317,120.53846153846155,2.5,81.96587606837608,0.4997958498861861,3.856976641006053,60.63366255144032,8.741602564102564,,control,3.0,OH,SMITHVILLE WESTERN CARE CENTER,,0
365318,77.52564102564102,9.0,87.8921794871795,0.5134602383815935,3.739715944187431,61.59111111111111,7.92258547008547,,control,3.0,OH,ST CATHERINES MANOR OF WASHINGTON COURT HOUSE,,0
365322,284.6645299145299,0.5,90.38970085470086,0.22519966514586204,3.27962733065957,74.23111111111112,6.996196581196582,,control,3.0,OH,MARIA JOSEPH LIVING CARE CENTER,,0
365323,46.26068376068376,8.5,87.78115384615384,0.10751935845319993,2.7710344181892963,79.69913580246913,7.239935897435897,,control,3.0,OH,MARION POINTE,,0
365331,46.89102564102564,0.5,78.7798076923077,0.3513210910883988,3.162151831430678,68.30378600823045,10.861068376068378,,control,3.0,OH,SHELBY POINTE,,0
365333,99.02991452991454,5.0,87.68318376068378,0.527899717501348,3.5522459468843066,56.13600823045268,9.22604700854701,,control,3.0,OH,BOWLING GREEN MANOR,,0
365337,125.66452991452994,3.0,86.54784188034189,0.4203398867895198,3.439517322290155,80.77578189300411,6.49,,control,3.0,OH,THE MANOR AT GREENDALE,,0
365339,121.33333333333334,23.5,65.48267094017095,0.42003043086776826,3.6236089040548327,77.85421810699589,8.77801282051282,,control,3.0,OH,PARK TERRACE REHABILITATION CENTER,,0
365341,112.0,17.0,93.81527777777778,0.819759225497233,3.9322217227297567,51.92152263374486,11.255427350427352,,control,3.0,OH,BRIARWOOD VILLAGE,,0
365342,70.0,5.0,89.96602564102564,0.43834267321314535,3.6019671388795897,79.28695473251028,9.34803418803419,,control,3.0,OH,CARRIAGE INN OF CADIZ INC,,0
365346,255.11965811965814,9.0,89.56286324786325,0.47873416893008275,3.9133574186831157,61.35325102880658,8.30974358974359,,control,3.0,OH,OTTERBEIN LEBANON RETIREMENT COMMUNITY,,0
365348,106.73076923076923,5.0,93.37055555555557,0.36763081183258,3.2455782545121905,74.93621399176953,10.52673076923077,,control,3.0,OH,ARBORS AT GALLIPOLIS,,0
365350,168.44871794871796,4.0,88.08461538461539,0.33053233685594285,4.130840240055574,56.76251028806584,8.713888888888889,,control,3.0,OH,MAPLE KNOLL VILLAGE,,0
365351,62.0,2.0,83.71563260813261,0.3355133063676905,3.4533430471239317,70.87893004115226,7.634788267288267,,control,3.0,OH,SIGNATURE HEALTHCARE OF GALION,,0
365354,108.78205128205128,6.0,88.80346153846153,0.23569190046933267,3.039425761702473,73.92728395061728,8.792222222222222,,control,3.0,OH,LONGMEADOW CARE CENTER,,0
365358,115.65384615384616,5.5,89.31788461538463,0.4658115101735463,3.846111094709871,41.45045267489712,17.83844017094017,,control,3.0,OH,OHIO LIVING MOUNT PLEASANT,,0
365361,137.0,3.5,91.23376068376069,0.46869603956962597,3.591083641916356,68.54831275720164,11.59147435897436,,control,3.0,OH,SHAWNEE MANOR,,0
365362,99.75641025641026,5.0,93.51040598290598,0.4088605527266384,3.7585781918100114,58.87395061728396,12.774017094017097,,control,3.0,OH,GREEN HILLS CENTER,,0
365363,77.6388888888889,8.0,81.35051282051283,0.41470514111506285,3.4332845426453016,54.117777777777775,7.563760683760684,,control,3.0,OH,PARKSIDE NURSING AND REHABILITATION  CENTER,,0
365364,67.0,0.0,84.14418803418803,0.22767674708450056,3.5007514826377464,72.46839506172839,5.006987179487179,,control,3.0,OH,GARDEN COURT NURSING AND REHABILITATION CENTER,,0
365377,110.0,3.0,84.94076923076923,0.5016000425915152,3.828623071100034,56.37995884773662,9.100213675213675,,control,3.0,OH,CELINA MANOR,,0
365381,174.53846153846155,4.0,88.59611111111113,0.2936249424881934,3.53175129665786,64.55267489711933,11.8566452991453,,control,3.0,OH,WICKLIFFE COUNTRY PLACE,,0
365385,48.02564102564103,3.5,72.2072435897436,0.3172388560374625,3.449773188999999,72.78637860082304,13.532393162393163,,control,3.0,OH,"GALION POINTE, LLC",,0
365387,74.0,3.5,72.09647435897438,0.4499577761755651,3.1877608981107457,64.8248559670782,9.3201554001554,,control,3.0,OH,BRIAR HILL HEALTH CAMPUS,,0
365388,188.88675213675216,8.0,92.42542735042736,0.23450559751614838,3.145374123670082,85.14748971193416,3.4459829059829064,,control,3.0,OH,FRANKLIN PLAZA EXTENDED CARE,,0
365389,107.0,2.0,90.65286324786325,0.43952289952804374,3.594004897820003,48.24288065843621,24.31337606837607,,control,3.0,OH,LAURELS OF DEFIANCE  THE,,0
365392,165.21367521367523,8.5,67.28130341880342,0.5202778225603648,3.262616395580206,75.90687242798353,11.397820512820513,,control,3.0,OH,ROCKY RIVER GARDENS REHAB AND NURSING CTR,,0
365399,80.55555555555556,1.5,83.91762820512821,0.4838646643464065,4.1671161413333,35.283045267489705,16.270641025641027,,control,3.0,OH,WESTERWOOD REHABILITATION,,0
365401,76.80458430458431,0.0,84.87352175602177,0.2488338521926055,3.2035683178448435,67.6841975308642,7.9368006993007,,control,3.0,OH,HERITAGE HEALTH CARE CENTER,,0
365402,104.05982905982907,8.0,82.31051282051283,0.3025497243439873,3.2716539512554466,66.36205761316872,6.507905982905983,,control,3.0,OH,ALTERCARE OF ALLIANCE CTR FOR REHAB & NC INC,,0
365404,109.0,5.0,83.02634615384615,0.5519033281398495,3.988687883073004,56.745185185185186,14.859166666666667,,control,3.0,OH,LAURELS OF MT VERNON THE,,0
365405,80.3974358974359,0.5,77.03412393162394,0.3709848520730087,3.3437580950246413,70.3074074074074,11.461752136752137,,control,3.0,OH,MEADOWS OF DELPHOS THE,,0
365406,121.0,5.0,89.69358974358974,0.4085186913937418,3.7231843774542,49.08537037037036,14.214615384615385,,control,3.0,OH,PLEASANT VIEW HEALTH CARE CENTER,,0
365407,66.57264957264957,7.0,88.44636752136752,0.4311921201360105,3.258240469398967,49.24135802469136,26.850940170940174,,control,3.0,OH,MEADOWS OF KALIDA,,0
365408,110.83333333333334,5.5,78.4017735042735,0.35226750673887797,3.750047165113379,65.35102880658435,8.174358974358974,,control,3.0,OH,ARBORS AT DELAWARE,,0
365410,99.91025641025642,6.0,84.84170940170941,0.5870286705209503,3.878765971044206,53.54551440329219,15.156089743589744,,control,3.0,OH,MAYFAIR VILLAGE NURSING CARE C,,0
365411,142.06196581196582,17.0,79.0955982905983,0.21977117705288218,3.573005299488993,75.51098765432099,9.8191452991453,,control,3.0,OH,ANDOVER VILLAGE RETIREMENT COMMUNITY,,0
365416,122.07478632478634,4.0,90.93713675213677,0.5058720962564095,4.173752141459305,34.64913580246913,14.058653846153847,,control,3.0,OH,OHIO LIVING WESTMINSTER-THURBER,,0
365417,72.0,5.0,75.41205128205128,0.40332156988011214,3.6261844829508565,63.25349794238683,13.156944444444445,,control,3.0,OH,COUNTRY CLUB CENTER I,,0
365420,136.2905982905983,3.0,75.44691025641026,0.34354102239505857,3.406892170361231,72.74613991769547,8.510435897435897,,control,3.0,OH,HOMESTEAD HEALTHCARE CENTER,,0
365422,137.82051282051282,2.5,86.31880341880341,0.4669847779927925,4.342892573669506,50.247942386831284,16.469636752136754,,control,3.0,OH,BROOKHAVEN NURSING & REHABILITATION CENTER,,0
365423,145.0,7.0,90.40762820512822,0.3224459543333795,4.160491447321933,57.656954732510286,7.881923076923077,,control,3.0,OH,MOUNT WASHINGTON CARE CENTER,,0
365426,99.85897435897436,12.5,88.99196581196581,0.3478119667315561,3.3131631434153705,72.6338683127572,9.26976495726496,,control,3.0,OH,ARBORS WEST,,0
365427,99.48076923076923,2.0,86.24292735042737,0.5400010326357803,3.974684007849638,63.654567901234564,10.429017094017095,,control,3.0,OH,LOVELAND HEALTH CARE CENTER,,0
365428,97.75213675213676,4.0,71.59047008547009,0.3455903310335884,3.298263768302624,57.12522633744856,8.638974358974359,,control,3.0,OH,SANCTUARY WADSWORTH,,0
365429,97.08547008547009,2.5,81.30647435897436,0.4155115385686039,4.281368472831273,69.38559670781893,12.72948717948718,,control,3.0,OH,RIVERSIDE MANOR NRSG & REHAB CTR,,0
365431,59.0,1.5,92.79267094017095,0.30351596726183094,3.8399809461609418,68.74514403292181,11.982713675213676,,control,3.0,OH,JENKINS MEMORIAL HEALTH FACILITY,,0
365432,157.35683760683762,15.0,69.5176282051282,0.36362023580995084,3.516299874420245,71.23283950617284,9.126004273504273,,control,3.0,OH,DIPLOMAT HEALTHCARE,,0
365433,191.92307692307693,4.0,74.76935897435898,0.3501743517638127,3.656991299770155,62.42419753086419,7.2542307692307695,,control,3.0,OH,OMNI MANOR NURSING HOME,,0
365436,147.0,3.0,94.92173076923078,0.7039536814422486,4.758027680770087,58.03543209876543,14.468397435897437,,control,3.0,OH,MOTHER ANGELINE MCCRORY MANOR,,0
365437,86.0940170940171,3.5,73.69950854700855,0.3662098132381715,3.5339744729979805,64.54995884773663,7.5530341880341885,,control,3.0,OH,"VANCREST OF URBANA, INC",,0
365439,108.0,6.0,90.74166666666667,0.25196925566343037,3.337354368932039,94.42666666666668,0.535,,control,3.0,OH,"RESIDENCE AT GREYSTONE, THE",,0
365440,147.03418803418805,7.0,92.54089743589743,0.27993858751572,3.521909741544087,69.43765432098765,7.594700854700855,,control,3.0,OH,ARLINGTON CARE CENTER,,0
365444,72.0,4.0,85.90557692307692,0.3639607514729151,3.8732387780450677,52.157283950617284,18.717115384615383,,control,3.0,OH,HILL VIEW RETIREMENT CENTER,,0
365445,80.0,10.5,96.741452991453,0.48160794884182345,4.7897955918073345,88.2853086419753,1.926217948717949,,control,3.0,OH,BEECHWOOD HOME FOR INCURABLES,,0
365448,100.38675213675214,10.0,81.37361111111112,0.3559797669522321,3.817669504236113,57.99436213991769,10.972863247863248,,control,3.0,OH,REST HAVEN NURSING HOME INC,,0
365450,99.75641025641026,12.0,87.71034188034187,0.4196913827787723,3.1160081969578224,76.45711934156378,10.681923076923077,,control,3.0,OH,ARBORS AT POMEROY,,0
365452,68.0,9.5,76.24698717948718,0.4176840305318027,3.47923817592026,59.204650205761325,12.603739316239317,,control,3.0,OH,PEARLVIEW REHAB & WELLNESS CTR,,0
365454,84.23076923076923,12.0,68.75944444444445,0.34986097683626,3.6144037239658537,74.244012345679,5.432799145299146,,control,3.0,OH,GREENEWOOD MANOR,,0
365458,96.33333333333334,5.0,78.4791452991453,0.27629891360302383,3.496541883800953,53.76374485596707,9.346880341880343,,control,3.0,OH,WOOD HAVEN HEALTH CARE SENIOR LIVING & REHAB,,0
365460,61.00000000000001,0.5,94.56301282051282,0.23300839120249253,3.404062773516992,73.46072016460906,6.98309829059829,,control,3.0,OH,WINDSOR HEALTH CARE CENTER,,0
365461,60.0,4.5,80.08279914529915,0.3168064908408458,3.3371425911360486,71.01008230452675,12.12775641025641,,control,3.0,OH,MUSKINGUM SKILLED NURSING & REHABILITATION,,0
365464,100.0,16.5,95.80000000000001,0.19990877192982454,2.5827118421052635,70.124,16.157999999999998,,control,3.0,OH,AUTUMN HEALTHCARE OF ZANESVILLE,,0
365469,145.0854700854701,12.5,86.70767094017094,0.313337459709075,3.6798966282642542,73.88395061728394,7.690940170940172,,control,3.0,OH,BATAVIA NURSING CARE CENTER,,0
365470,79.73076923076923,7.0,89.45363247863249,0.4391012271986297,4.115725472346512,41.16786008230452,9.001645299145299,,control,3.0,OH,OHIO LIVING LLANFAIR,,0
365474,99.80769230769232,10.0,92.78867521367522,0.32834531879668044,3.0679506363437947,76.49144032921811,8.103760683760685,,control,3.0,OH,ARBORS AT CARROLL,,0
365475,94.52991452991454,0.0,88.96602564102565,0.20599024414228803,2.6640908868669433,64.830329218107,12.232863247863248,,control,3.0,OH,LIBERTY NURSING CENTER OF MANSFIELD,,0
365482,120.15170940170941,16.0,89.89495726495727,0.4208124693411992,3.5392488821041597,67.03699588477366,8.677264957264958,,control,3.0,OH,ALTERCARE OF NAVARRE CTR FOR REHAB & NRSG CARE,,0
365484,275.0,5.5,85.9089155982906,0.2513629035106308,3.198268268347814,75.86432098765431,4.474706196581197,,control,3.0,OH,REGENCY MANOR REHAB & SUBACUTE CTR,,0
365487,99.75641025641026,1.0,91.56688034188035,0.37558773631733977,4.513275941871347,53.07477366255144,11.384166666666665,,control,3.0,OH,MOUNT SAINT JOSEPH REHAB CENTER,,0
365492,55.423076923076934,11.0,88.69638888888889,0.2283152581293437,3.0940715684981237,76.05703703703705,4.204722222222223,,control,3.0,OH,GRAND RIVER HEALTH & REHAB CENTER,,0
365493,252.0,4.5,96.71188034188035,0.5164448479383565,4.100118175070742,43.40374485596707,12.768803418803419,,control,3.0,OH,BETHANY VILLAGE,,0
365494,111.3076923076923,2.5,88.39049145299145,0.408601839740005,3.941584375878233,50.67547325102881,7.535619658119658,,control,3.0,OH,CHAPEL HILL COMMUNITY,,0
365495,73.0,2.5,82.40713675213675,0.34093869455825976,3.027997505011092,64.99345679012345,9.756688034188034,,control,3.0,OH,EVERGREEN HEALTHCARE CENTER,,0
365496,98.15170940170941,15.5,84.30854700854701,0.45108931502599653,3.279169878715363,60.937283950617285,13.203995726495727,,control,3.0,OH,ARBORS AT WOODSFIELD,,0
365497,94.1965811965812,6.0,84.23412393162394,0.43029912493059974,3.70025582567881,70.44539094650206,7.59025641025641,,control,3.0,OH,VILLAGE AT THE GREENE,,0
365498,185.474358974359,2.5,53.31331196581197,0.36301035661626296,4.0624919942597115,47.65345679012346,9.97121794871795,,control,3.0,OH,OTTAWA CO RIVERVIEW NURSING HO,,0
365504,78.74358974358975,4.0,78.10696581196582,0.6748824542971961,4.549433473767305,34.10409465020576,25.702393162393165,,control,3.0,OH,WESLEY GLEN HEALTH SERVICES CORP,,0
365505,51.0,6.0,63.331880341880336,0.31706168675748625,3.572480366201098,62.22956790123456,8.469893162393163,,control,3.0,OH,VILLAGE GREEN REHABILITATION AND HEALTHCARE CENTER,,0
365506,100.15384615384616,12.0,93.92504273504274,0.5357680607707467,3.8981997475163253,53.758641975308635,10.316132478632479,,control,3.0,OH,OHIO LIVING DOROTHY LOVE,,0
365508,101.88461538461539,7.5,92.94273504273505,0.29740128979208713,3.902244299918885,70.63378600823044,8.129679487179487,,control,3.0,OH,WELCOME NURSING HOME,,0
365515,108.61538461538461,11.5,90.84352564102565,0.21713591362643223,2.73093806286355,73.25831275720165,6.100833333333334,,control,3.0,OH,RESPIRATORY AND NURSING CENTER OF DAYTON,,0
365519,54.243589743589745,6.5,80.9716809116809,0.34335775335775337,4.335653104831676,74.99517146776407,7.948611111111111,,control,3.0,OH,BELLE MANOR NURSING HOME,,0
365521,202.00000000000003,1.0,90.08538461538461,0.4910068927106684,4.010887692927676,59.82514403292181,9.066346153846155,,control,3.0,OH,SAINT LUKE LUTHERAN HOME,,0
365523,99.80769230769232,11.0,83.73538461538462,0.556778785299928,3.6400457245338416,60.131440329218115,20.79820512820513,,control,3.0,OH,ARBORS AT OREGON,,0
365527,50.0,8.0,79.40170940170941,0.5572515760962236,3.418615158096494,62.14506172839506,9.389957264957266,,control,3.0,OH,ARBORS AT SPRINGFIELD,,0
365531,100.60256410256412,3.5,85.43711538461538,0.46808626112329743,3.085470290157194,74.45814814814814,8.41138888888889,,control,3.0,OH,LANCIA VILLA ROYALE,,0
365533,67.05982905982906,0.0,85.29952991452993,0.2979828125801844,3.932603487929525,56.51526748971194,8.439743589743589,,control,3.0,OH,JOSHUA TREE CARE CENTER,,0
365535,122.00000000000001,13.5,89.44264957264957,0.560566345604127,3.5049125004151196,52.39621399176954,18.678098290598292,,control,3.0,OH,THREE MEADOWS POST ACUTE,,0
365538,66.0,7.5,81.71057692307693,0.43806383672568944,4.119707158379044,51.413374485596705,15.231858974358975,,control,3.0,OH,FRIENDS EXTENDED CARE CENTER,,0
365541,112.65384615384616,5.5,80.10794871794872,0.4024929070861668,3.4639846795018716,54.58827160493828,14.566089743589744,,control,3.0,OH,HERITAGE THE,,0
365545,101.7820512820513,5.5,87.60104700854701,0.2814608258994072,3.189657519027564,69.04430041152263,15.216944444444444,,control,3.0,OH,BRIARFIELD AT ASHLEY CIRCLE,,0
365550,80.0,3.5,80.78792735042737,0.30972249441327265,3.1100836740060362,74.46497942386831,8.870021367521367,,control,3.0,OH,OAK HILLS NURSING CENTER,,0
365552,50.0,3.5,92.52136752136752,0.502274793127736,3.5408962689362493,56.35995884773663,20.705726495726495,,control,3.0,OH,"LAURELS OF BLANCHESTER, THE",,0
365555,120.93589743589745,5.0,71.766452991453,0.44151065110703286,3.6455522978950374,64.56839506172838,7.48965811965812,,control,3.0,OH,O'BRIEN MEMORIAL HEALTH CARE C,,0
365556,99.68162393162393,8.0,92.40232905982907,0.5474945060700842,3.5932047920454093,55.94102880658435,10.839380341880343,,control,3.0,OH,PICKAWAY MANOR CARE CENTER,,0
365560,58.58974358974359,2.0,87.97767094017095,1.2329112989180495,4.265561007312037,23.970329218106993,12.706175213675214,,control,3.0,OH,FRIENDSHIP VILLAGE OF DUBLIN,,0
365563,87.87179487179488,11.5,74.59183760683761,0.41743783311516536,2.959937440697672,48.74403292181071,8.508760683760684,,control,3.0,OH,AUTUMNWOOD NURSING & REHAB CENTER,,0
365565,90.0,1.5,78.3356623931624,0.25954750253344605,3.1656015768894044,82.5072427983539,4.350619658119658,,control,3.0,OH,MEADOWVIEW  HEALTH & REHABILITATION CENTER,,0
365567,137.85256410256412,9.5,95.00660256410256,0.24862474696506662,3.268536564753429,57.96168724279836,6.863461538461539,,control,3.0,OH,SLOVENE HOME FOR THE AGED,,0
365571,49.92307692307693,2.5,90.51803418803419,0.5248609453841442,3.692497595456328,47.17905349794239,14.508440170940172,,control,3.0,OH,OTTERBEIN PORTAGE VALLEY,,0
365574,192.77350427350427,6.0,91.79777777777778,0.446649237327126,4.5609929954531605,52.50440329218108,8.679038461538461,,control,3.0,OH,CRANDALL NURSING HOME,,0
365575,88.40598290598291,15.5,87.30508547008547,0.5198993001509138,3.5234176787564837,74.7085185185185,10.935811965811967,,control,3.0,OH,ST CATHERINE'S C C OF FOSTORIA,,0
365579,99.41452991452992,2.0,73.836452991453,0.44716522837085715,4.332723270728141,68.50374485596708,8.901538461538463,,control,3.0,OH,CARROLL HEALTHCARE CENTER INC,,0
365580,103.3974358974359,2.0,76.29865384615384,0.3621481064575795,3.9120855926519,48.997777777777785,15.380213675213676,,control,3.0,OH,SHEPHERD OF THE VALLEY-BOARDMAN,,0
365581,104.97435897435898,2.5,91.5540811965812,0.3511651283273919,4.215048660000669,36.07839506172839,17.668824786324787,,control,3.0,OH,OHIO LIVING BRECKENRIDGE VILLAGE,,0
365583,75.0,6.0,89.21873931623932,0.3610873161885134,3.7217915814855416,61.7835390946502,5.745,,control,3.0,OH,VILLA CAMILLUS  THE,,0
365587,98.6880341880342,10.5,80.40557692307692,0.2574178227422962,2.8417948297705107,71.37152263374485,11.25863247863248,,control,3.0,OH,ABBYSHIRE PLACE HEALTH AND REHABILITATION CENTER L,,0
365588,54.40384615384615,8.0,95.87470085470086,0.45989572831421416,3.877615416211221,73.10230452674898,6.411431623931624,,control,3.0,OH,ARCADIA VALLEY SKILLED NURSING AND REHABILITATION,,0
365589,134.20726495726495,3.0,89.4459829059829,0.4046715564933616,3.3946284361753367,76.97279835390947,7.1153632478632485,,control,3.0,OH,HICKORY CREEK OF ATHENS,,0
365591,98.0,2.5,75.6696153846154,0.4436264239490859,3.5993010696614656,64.04078189300411,6.865982905982906,,control,3.0,OH,SHADY LAWN NURSING HOME,,0
365598,95.72222222222223,3.5,79.76587606837607,0.39371727268606316,3.326126163655555,78.40650205761315,6.714166666666667,,control,3.0,OH,LAURELS OF WEST CARROLLTON THE,,0
365604,127.43589743589745,7.0,66.21910256410257,0.32407992564218613,3.4953496549013243,70.49695473251029,5.859273504273505,,control,3.0,OH,GREEN MEADOWS SKILLED NURSING AND REHAB,,0
365612,121.47435897435898,1.0,80.90997863247864,0.37535552500999203,3.7806239419264043,63.07590534979423,12.582521367521368,,control,3.0,OH,SUMMIT ACRES NURSING HOME,,0
365618,99.0,2.0,78.73604700854702,0.41494783627548376,3.2523175422986146,61.873209876543214,15.842329059829062,,control,3.0,OH,PRESIDENTIAL POST-ACUTE,,0
365621,99.80769230769232,14.0,90.72051282051282,0.616784019017459,3.224521267374492,56.96930041152264,22.665897435897435,,control,3.0,OH,HILLSBORO POST ACUTE,,0
365623,167.83333333333334,3.5,84.75160256410257,0.2904197638502072,2.9730435773908894,79.560329218107,6.322799145299146,,control,3.0,OH,LAKE POINTE HEALTH CARE,,0
365625,80.0,2.0,93.98504273504274,0.4362883536222595,3.2981515274158517,60.15679012345679,12.803333333333335,,control,3.0,OH,ALTERCARE OF BUCYRUS CENTER FO,,0
365627,98.77350427350429,0.5,86.06502136752137,0.5130147612312801,3.9568328419102716,56.216111111111104,16.29215811965812,,control,3.0,OH,LAURELS OF HUBER HEIGHTS THE,,0
365628,99.85897435897436,2.5,94.77726495726496,0.48964289169804476,4.504760012194334,46.17617283950617,11.414273504273504,,control,3.0,OH,S.E.M. HAVEN HEALTH CARE CENTER,,0
365629,87.52136752136752,8.5,68.74318376068376,0.39167275505719534,3.407842683764634,80.85522633744856,5.767649572649573,,control,3.0,OH,DIXON HEALTHCARE CENTER,,0
365632,80.0,3.0,79.11591880341881,0.39852987575043064,3.298422344608398,57.97423868312758,12.08741452991453,,control,3.0,OH,MAJORA LANE CTR FOR REHAB & NSG CARE INC,,0
365638,110.34615384615385,1.5,88.14055555555557,0.3681203816704587,3.596745690266821,70.75666666666666,9.671239316239316,,control,3.0,OH,JEFFERSON HEALTHCARE CENTER,,0
365639,118.2820512820513,4.0,86.41222222222223,0.30802004731166027,4.181390422731494,52.04265432098765,23.678504273504274,,control,3.0,OH,KINGSTON OF VERMILION,,0
365642,65.0,4.0,84.02361111111111,0.3120032325695718,3.7965674631807627,53.61572016460905,18.00869658119658,,control,3.0,OH,COUNTRY CLUB RET CENTER I I I,,0
365645,99.0,3.5,84.0148076923077,0.35024742778226864,3.2948709723755916,59.11078189300411,13.263611111111112,,control,3.0,OH,"NORTHRIDGE HEALTH CENTER, THE",,0
365646,104.95726495726497,7.5,85.98416666666667,0.576981189530974,4.323626960198911,45.73965020576132,26.192457264957266,,control,3.0,OH,KINGSTON OF ASHLAND,,0
365650,120.94017094017094,0.0,87.541452991453,0.32835348612579085,3.2547503752423097,71.27662551440329,7.868867521367521,,control,3.0,OH,MERCY - MCAULEY CENTER,,0
365651,100.0,8.0,78.48290598290599,0.5640234726574371,4.23201555648823,83.34072702331963,5.211210826210826,,control,3.0,OH,LIVINGSTON CARE CENTER,,0
365654,150.3888888888889,4.0,81.33576923076923,0.3573046568283499,4.405442432639912,65.78897119341563,14.377094017094018,,control,3.0,OH,AUSTINWOODS REHAB HEALTH CARE,,0
365656,50.0,3.5,81.05128205128204,0.4668158211049258,3.619421933641135,68.20670781893004,8.171794871794873,,control,3.0,OH,LAURELS OF NEW LONDON THE,,0
365663,86.30341880341881,4.5,87.95549145299145,0.477556249245598,3.043174239262279,52.057448559670775,17.797393162393163,,control,3.0,OH,GENOA RETIREMENT VILLAGE,,0
365668,69.0,3.5,96.28604700854702,0.35720004636531455,3.994866060544328,30.921769547325106,19.208931623931626,,control,3.0,OH,NORWALK MEMORIAL HOME,,0
365669,98.80769230769232,4.0,90.14418803418803,0.3338973923967235,3.4855441964366105,65.46026748971192,13.798269230769233,,control,3.0,OH,FOUR WINDS NURSING FACILITY,,0
365671,50.0,8.0,91.34188034188034,0.6381031202114664,3.7177580991449277,43.391893004115225,14.643888888888888,,control,3.0,OH,WORTHINGTON CHRISTIAN VILLAGE,,0
365674,98.15170940170941,12.0,75.40910256410257,0.4751940507473108,3.201595289873292,71.58376543209877,8.493504273504275,,control,3.0,OH,ARBORS AT MINERVA,,0
365675,138.18589743589746,8.0,88.44392579642582,0.44266446003700877,3.395383399815479,55.15600823045268,11.604836829836831,,control,3.0,OH,ARBORS AT MILFORD,,0
365676,75.0,8.0,76.2374358974359,0.455652787387353,3.883048276968628,70.37172839506172,8.902029914529916,,control,3.0,OH,DELAWARE COURT HEALTH CARE CENTER,,0
365679,98.27777777777779,2.5,72.98138888888889,0.2544545860793196,3.1759298703644427,76.47699588477366,9.224722222222223,,control,3.0,OH,SIGNATURE HEALTHCARE OF FAYETTE COUNTY,,0
365681,94.85470085470087,34.5,81.14104700854702,0.2117345927814235,3.248867051834745,80.96950617283952,8.08602564102564,,control,3.0,OH,WINDSOR LANE HEALTHCARE CENTER,,0
365682,15.0,0.0,63.57987956487956,2.312820065456429,7.930142756233666,0.0,53.06736013986014,,control,3.0,OH,SALEM REGIONAL MEDICAL CENTER-SNF,,0
365685,150.0,1.0,87.64241452991453,0.23073542295630656,3.3169010841258997,63.41633744855967,12.668525641025642,,control,3.0,OH,O'NEILL HEALTHCARE NORTH RIDGEVILLE,,0
365686,100.0,6.5,85.06196581196582,0.3206526900287551,3.362295999715734,62.28864197530865,13.382307692307693,,control,3.0,OH,COLUMBUS HEALTHCARE CENTER,,0
365687,150.0,1.0,91.98273504273506,0.481158020878574,3.477568126311666,62.029382716049376,21.301239316239318,,control,3.0,OH,ARBORS AT MARIETTA,,0
365688,20.0,0.0,68.83974358974359,2.760534065934066,7.075054090354091,1.3127572016460904,56.0709829059829,,control,3.0,OH,SABER SKILLED NURSING UNIT AT BARBERTON,,0
365689,99.85897435897436,10.0,93.50658119658121,0.5637087226609747,3.2260914021390352,45.49691358024691,24.47378205128205,,control,3.0,OH,ARBORS AT FAIRLAWN THE,,0
365690,83.0,3.5,87.08029914529915,0.24619079823288026,3.3065453413116397,82.91543209876542,6.386709401709402,,control,3.0,OH,CEDARVIEW CARE CENTER,,0
365691,167.0,9.5,87.02196581196583,0.7020899170737142,3.8464246474403843,37.86703703703704,33.73903846153846,,control,3.0,OH,Mentor Hills Post Acute,,0
365693,119.61538461538461,3.0,90.07000000000001,0.6139919274821355,4.310857426792883,44.99545267489712,12.339807692307692,,control,3.0,OH,WESTERN HILLS RETIREMENT VILLAGE,,0
365694,101.00000000000001,4.0,83.555,0.49862918678244295,3.5601534504831176,67.09814814814814,12.923012820512822,,control,3.0,OH,Hopewell Grove Rehabilitation and Healthcare,,0
365695,99.50427350427351,2.5,85.16155982905983,0.3734252838749712,3.434198969561065,55.99781893004115,6.143931623931624,,control,3.0,OH,DOYLESTOWN HEALTH CARE CENTER,,0
365699,62.0,4.0,80.75974358974358,0.564562364130111,3.4750762628486553,50.910658436213986,11.402371794871794,,control,3.0,OH,COUNTRY CLUB RETIREMENT CTR IV,,0
365701,100.0,9.5,80.15299145299147,0.33813009474386035,3.2872615066430573,71.56760905349795,11.362602564102565,,control,3.0,OH,BROADWAY CARE CENTER OF MAPLE HEIGHTS,,0
365706,199.0,3.5,95.18074786324787,0.5679213736530474,3.590984967150474,63.510288065843625,14.904337606837608,,control,3.0,OH,PLEASANT LAKE VILLA,,0
365710,50.0,3.0,76.0,0.41666261398176296,4.467419452887539,0.0,35.688,,control,3.0,OH,CANTON REGENCY NURSING AND REHAB CENTER,,0
365711,99.85897435897436,8.0,92.08358974358976,0.31034936623894965,3.0131711535839227,71.18662551440329,10.032179487179487,,control,3.0,OH,CHARDON CENTER,,0
365712,131.0,8.0,89.29655982905985,0.38531572707277595,4.207674092780286,46.29399176954733,18.122222222222224,,control,3.0,OH,BROOKWOOD RETIREMENT COMMUNITY,,0
365714,142.43589743589746,7.5,90.1121153846154,0.4189782485962859,3.3761165495864103,35.22631687242798,13.878525641025643,,control,3.0,OH,ST LEONARD HCC,,0
365715,108.0,1.0,89.14670940170939,0.23659221600494096,3.6066967360913127,70.11794238683127,2.36173076923077,,control,3.0,OH,ST MARY'S ALZHEIMER'S CENTER,,0
365718,123.0,7.5,88.98297008547009,0.46999457825279745,3.302247356996497,60.88658436213993,8.211581196581196,,control,3.0,OH,ARBORS AT STREETSBORO,,0
365720,150.0,5.0,95.1723076923077,0.4899571544517421,3.534004427501321,73.68572016460905,8.391538461538463,,control,3.0,OH,ARBORS AT STOW,,0
365721,100.0,2.5,92.8482905982906,0.4815324715021988,3.7452720125712404,75.064341563786,12.101111111111113,,control,3.0,OH,OVERBROOK CENTER,,0
365722,148.0,0.0,96.03854700854703,0.23406990218779083,3.056044067476128,73.989012345679,2.9291452991452998,,control,3.0,OH,WOOD GLEN ALZHEIMER'S COMMUNITY,,0
365723,96.34615384615385,12.0,73.69485042735043,1.3654507953676691,5.779297486837411,47.321687242798355,16.299166666666668,,control,3.0,OH,Daniel Drake Center for Post-Acute Care LLC,,0
365724,50.0,3.0,78.01282051282051,1.6333862052826793,5.1335417207345895,18.36255144032922,48.309465811965815,,control,3.0,OH,TRINITY SKILLED CARE CENTER,,0
365725,97.83760683760684,7.0,86.06963675213674,0.6038825001911348,3.942346471948523,59.79930041152264,10.645021367521368,,control,3.0,OH,LAURELS  OF HILLIARD THE,,0
365727,145.46153846153845,8.0,94.60512820512821,0.4787724862235954,3.725404673458291,50.97067901234567,22.476709401709403,,control,3.0,OH,PEBBLE CREEK HEALTHCARE CENTER,,0
365729,102.96581196581198,3.0,76.72452991452991,0.21128377322673486,2.817362804568642,87.47596707818931,5.788226495726496,,control,3.0,OH,BRAEVIEW MANOR,,0
365735,144.0811965811966,8.5,90.9825,0.32184346234544553,3.641867659880165,70.73485596707819,11.215726495726496,,control,3.0,OH,Vancrest-Upper Valley,,0
365739,109.06196581196582,6.0,81.00818376068376,0.5543651906682905,3.454612082308119,56.21333333333333,12.156282051282052,,control,3.0,OH,HEATHER KNOLL RETIREMENT VILLAGE,,0
365740,85.0,13.5,63.21634615384616,0.5436472987152913,3.382818628129107,67.13893004115226,8.898995726495727,,control,3.0,OH,Majestic Care of Clyde,,0
365741,165.82905982905984,4.5,70.35344017094017,0.38940611976324435,3.856997503458512,63.03662551440328,13.072500000000002,,control,3.0,OH,ASHTABULA COUNTY NURSING HOME,,0
365742,74.3076923076923,6.0,90.02284188034187,0.22816134462238277,3.5969719171006793,51.76275720164608,20.640491452991455,,control,3.0,OH,NATIONAL CHURCH RESIDENCES BRISTOL VILLAGE,,0
365744,55.51282051282051,10.0,90.20025382025382,0.4812723635348449,3.7720193372859017,69.18368312757201,7.408589743589744,,control,3.0,OH,ROSELAWN MANOR,,0
365746,99.84485884485886,2.5,82.42626651126652,0.5615720881886129,4.0204115689813475,47.25345679012346,24.768194768194768,,control,3.0,OH,BRENTWOOD HEALTH CARE CENTER,,0
365747,82.0448717948718,6.0,80.20243589743589,0.6318023476507798,3.8605476468426567,77.65057613168725,6.927991452991453,,control,3.0,OH,ASTORIA PLACE OF WATERVILLE,,0
365749,43.346153846153854,0.0,61.14163308913309,2.3394909662097163,5.601132656695157,2.010617283950617,38.65014041514042,,control,3.0,OH,LAKEWOOD HOSPITAL SKILLED NURS,,0
365752,125.0,2.5,88.40854700854702,0.29995698210257793,3.574188951981307,73.76312757201646,7.563547008547008,,control,3.0,OH,FOUNDATION PARK CARE CENTER,,0
365753,99.0,5.0,68.59504273504274,0.461189990158678,3.2401355511092547,50.912839506172844,10.882457264957266,,control,3.0,OH,ROYAL OAK NURSING & REHAB CTR,,0
365755,83.10256410256412,4.5,84.04600427350428,0.416125904394134,3.4625335300774744,58.22934156378601,7.317735042735043,,control,3.0,OH,COLONIAL MANOR HEALTH CARE CEN,,0
365757,210.0854700854701,9.0,88.10386752136752,0.46903061038802085,3.722718951883447,54.80139917695474,14.641794871794872,,control,3.0,OH,BROADVIEW MULTI CARE CENTER,,0
365758,116.61538461538461,7.5,79.55014957264957,0.3674136436356036,3.342462430390763,67.84255144032922,12.648504273504273,,control,3.0,OH,PARMA CARE CENTER,,0
365759,96.0,2.0,87.56927350427351,0.4526877629682803,3.731576466028721,45.544362139917695,14.042991452991451,,control,3.0,OH,HEALTH CENTER AT THE RENAISSANCE,,0
365762,105.0,1.0,90.64085470085472,0.4829237584959794,3.843459812938558,56.98378600823046,12.773547008547009,,control,3.0,OH,AVON OAKS NURSING HOME,,0
365763,99.63034188034189,11.5,92.99660256410257,0.37007114338918956,3.476255309820211,67.82905349794238,14.72991452991453,,control,3.0,OH,ARBORS AT MIFFLIN,,0
365766,98.13675213675214,0.5,85.6498717948718,0.3192485378972681,3.20861240425113,68.62950617283951,9.023076923076923,,control,3.0,OH,PARKSIDE HEALTH CARE CENTER,,0
365767,46.0,4.5,70.67060023310023,0.34470307275368006,3.1626811198992373,54.445162738496066,13.133993783993786,,control,3.0,OH,OAK GROVE CENTER,,0
365768,95.0,7.5,93.81803418803419,0.25660523398709456,3.496906533193486,63.18621399176956,13.529978632478635,,control,3.0,OH,LOGAN ACRES,,0
365769,54.376068376068375,5.5,87.72608974358974,0.3229341067482267,3.5107238370673834,49.057736625514394,16.351987179487182,,control,3.0,OH,WILLOWS AT WILLARD THE,,0
365771,128.73931623931625,4.0,91.5129700854701,0.3614998115605449,3.2962909695243896,59.49462962962963,16.036858974358974,,control,3.0,OH,COPLEY HEALTH CENTER,,0
365772,189.0,6.5,90.44049145299147,0.36957285560535386,3.1096746259372803,55.10152263374485,13.757115384615386,,control,3.0,OH,EASTGATE HEALTH CARE CENTER,,0
365774,48.68376068376069,9.0,93.96925213675213,0.5041586149017176,3.799279773831702,60.75205761316872,14.18613247863248,,control,3.0,OH,MEDINA BSD OPCO LLC,,0
365775,54.5,3.0,68.84884615384615,0.677331597248905,4.217240963245268,0.0,40.31185897435898,,control,3.0,OH,HEALTHCARE CENTER AT THE FORUM,,0
365776,121.86324786324788,9.5,87.29564102564103,0.3450193455121238,3.406629365256005,60.839259259259265,9.576346153846155,,control,3.0,OH,COUNTRY VIEW OF SUNBURY,,0
365777,104.65384615384616,0.5,90.11653846153847,0.39438778962362314,4.3297095396712075,31.631893004115224,19.330833333333334,,control,3.0,OH,TRINITY COMMUNITY,,0
365779,180.0,9.0,94.72801864801866,0.31748300676736024,3.232699810013026,82.55625514403292,5.395918155918156,,control,3.0,OH,WYANT WOODS HEALTHCARE CENTER,,0
365780,100.61538461538463,5.0,86.33192307692309,0.49878322709219886,3.1062014709494052,60.895596707818925,18.903568376068378,,control,3.0,OH,MARIETTA HEIGHTS POST ACUTE,,0
365781,71.50427350427351,7.0,86.27837606837608,0.8524103285251756,4.607299786574115,40.79292181069958,29.007371794871798,,control,3.0,OH,COMMUNITY CARE CENTER,,0
365784,83.0,1.5,65.8241452991453,0.4453151762368829,3.2119712246634853,60.06687242798354,10.334337606837607,,control,3.0,OH,WASHINGTON SQUARE HEALTHCARE CENTER,,0
365785,100.0,6.5,92.85897435897436,0.5116408716469186,3.810755536768419,64.36234567901234,12.870641025641026,,control,3.0,OH,WILLOWOOD CARE CENTER OF BRUNSWICK,,0
365787,149.69230769230768,3.0,94.10893162393164,0.7143845598315623,4.463998101695417,71.66753086419753,11.795128205128206,,control,3.0,OH,ELISABETH SEV PRENTISS CTR FOR,,0
365792,150.0,2.0,77.42312393162393,0.31366657225689487,2.9963296008054074,70.94146090534979,14.556542735042735,,control,3.0,OH,MARIETTA  CENTER,,0
365793,75.0,2.0,86.93510683760684,0.25118319206410333,3.7459385688734614,0.0,13.471666666666668,,control,3.0,OH,CROWN CENTER AT LAUREL LAKE,,0
365794,86.0,2.0,86.76361111111112,0.362841863416032,3.463874799256727,57.794341563786006,10.559551282051283,,control,3.0,OH,PATASKALA OAKS CARE CENTER,,0
365796,121.31623931623932,9.0,76.57089743589745,0.30314620335381104,3.709624147461487,77.51621399176955,5.301923076923077,,control,3.0,OH,WESTPARK HEALTHCARE CAMPUS,,0
365798,45.0,4.0,87.96247863247864,0.4728284703903285,3.9568778200733474,8.410411522633744,39.821880341880345,,control,3.0,OH,COURTYARD AT SEASONS,,0
365800,106.64529914529915,0.0,73.66160256410257,1.099787713540799,4.246371095063622,26.07004115226337,45.144017094017094,,control,3.0,OH,Chardon Woods,,0
365801,115.93536324786326,5.0,65.9579326923077,0.5976979565473418,4.20696175668102,66.249079218107,9.580694444444445,,control,3.0,OH,REHABILITATION AND HEALTH  CENTER OF GAHANNA THE,,0
365802,61.17948717948718,2.5,84.71472222222222,0.6516484511866951,4.438601944225854,35.84547325102881,19.65871794871795,,control,3.0,OH,MARJORIE P LEE RETIREMENT COMMUNITY,,0
365806,101.00000000000001,2.5,86.47876373626374,0.5922638593921838,3.118015817675725,74.48243974132863,9.392042124542126,,control,3.0,OH,MINERVA PARK HEALTHCARE AND REHABILITATION CENTER,,0
365807,15.0,0.0,53.19678774928775,4.768514957264957,9.946208282458285,0.0,89.64928774928775,,control,3.0,OH,TRANSITIONAL CARE UNIT,,0
365809,47.52136752136752,7.0,78.23818376068377,0.4480700288843936,3.4989825897371163,54.99131687242799,13.358931623931625,,control,3.0,OH,GRANDE LAKE HEALTHCARE CENTER,,0
365810,264.73846153846154,4.5,76.75620085470086,0.28658601237863424,3.3908326237393234,75.69140329218106,11.296205128205129,,control,3.0,OH,PARK EAST CARE AND REHAB CENTER,,0
365811,98.991452991453,2.5,89.95149572649575,0.47100108879245595,2.9825019628598928,62.78685185185185,8.932756410256411,,control,3.0,OH,NORTHWESTERN CENTER,,0
365812,65.71367521367522,0.0,79.17297008547008,0.7344643317071843,4.230664800172505,12.272798353909465,41.049059829059836,,control,3.0,OH,WELLSPRING HEALTH CENTER,,0
365814,52.53846153846155,1.0,90.75282051282052,0.17520066000594847,3.120159760752556,53.999341563786,9.17326923076923,,control,3.0,OH,CORTLAND CENTER,,0
365815,75.87393162393163,3.0,70.76292735042735,0.2814410779846377,3.6799469571744234,60.20238683127573,13.884358974358975,,control,3.0,OH,COUNTRY CLUB RETIREMENT CENTER,,0
365818,110.0,2.5,95.58690170940172,0.3784064602434407,4.321729448195205,45.351028806584374,8.891581196581196,,control,3.0,OH,BAYLEY PLACE,,0
365821,169.0,2.0,83.61106837606839,0.44969290554108643,4.129418416103697,50.7772427983539,12.181410256410256,,control,3.0,OH,WALNUT CREEK NURSING CENTER,,0
365822,116.0,1.5,84.86702991452992,0.2960366255240402,4.127731664968865,46.73716049382716,21.180128205128206,,control,3.0,OH,BRIARFIELD MANOR,,0
365825,90.65073815073816,4.0,73.75719891219892,0.6117281354430978,3.7968226976323933,70.94711934156378,7.589733877233877,,control,3.0,OH,GRANDE OAKS,,0
365831,62.0,3.5,86.56739316239317,0.21069226989533435,3.385977460698161,85.57102880658437,6.428824786324786,,control,3.0,OH,DANRIDGES BURGUNDI MANOR,,0
365833,99.80769230769232,13.5,80.01482905982907,0.37780442629620237,3.4024936760768583,85.05975308641976,3.4225427350427347,,control,3.0,OH,"JUDSON CARE CENTER, INC",,0
365835,46.0,4.0,50.153739316239324,0.545946594300761,3.5786956654456654,56.49617283950617,9.48551282051282,,control,3.0,OH,MORROW MANOR NURSING CENTER,,0
365836,81.0,2.0,97.37690170940172,0.33402671147205854,3.894687402723682,49.54646090534979,9.300918803418805,,control,3.0,OH,VILLAGE AT ST EDWARD NRSG CARE,,0
365838,141.95726495726495,1.0,89.35512820512821,0.7555025079434319,4.615409936453066,71.94220164609052,10.786944444444446,,control,3.0,OH,HENNIS CARE CENTRE OF DOVER,,0
365841,58.73931623931624,3.0,89.87213675213675,0.5216865363855241,3.3817892285481927,54.90946502057613,21.16628205128205,,control,3.0,OH,VALLEY VIEW HEALTH CAMPUS,,0
365844,99.42307692307693,7.0,87.16948717948719,0.3795147105700172,3.3953164631552877,58.99152263374485,12.22655982905983,,control,3.0,OH,AURORA MANOR SPECIAL CARE CENT,,0
365845,113.0,3.0,78.5090811965812,0.8025019836027802,4.146067379254988,55.50930041152263,11.158269230769232,,control,3.0,OH,RAE ANN SUBURBAN,,0
365847,150.0,6.0,87.31017094017093,0.3479647260817239,3.4379482230383513,66.34197530864199,5.092991452991454,,control,3.0,OH,BATH MANOR SPECIAL CARE CENTRE,,0
365851,99.93874643874645,6.5,89.72920227920228,0.44577293627310255,3.253172948068941,67.7879561042524,9.334921652421652,,control,3.0,OH,ARBORS EAST SUBACUTE AND REHAB CTR,,0
365853,120.0,3.0,83.45301282051284,0.3613006316362403,3.235749298952303,50.139753086419745,14.020000000000001,,control,3.0,OH,GREENBRIAR CENTER,,0
365854,74.0,0.5,88.10373931623931,0.23155887415953946,3.1922393946329564,52.576954732510295,9.655405982905982,,control,3.0,OH,GREENBRIAR NURSING CENTER,,0
365855,51.92307692307693,4.5,91.46547008547009,0.32511790434791676,3.4294432759260656,60.26308641975309,9.599102564102564,,control,3.0,OH,LAURIE ANN NURSING HOME,,0
365858,57.46153846153847,0.0,81.31967948717949,0.42205476024326183,4.177897903412132,53.17440329218107,11.90561965811966,,control,3.0,OH,THE PAVILION AT STOW FOR NURSING AND REHABILITATIO,,0
365860,50.0,2.5,80.91452991452992,0.4644911835863994,3.418250979155399,39.95934156378601,18.674081196581195,,control,3.0,OH,INDEPENDENCE HOUSE,,0
365865,109.91452991452991,2.0,94.68982905982907,0.3910899813963003,3.822068757245183,37.60115226337449,20.54051282051282,,control,3.0,OH,MAIN STREET CARE CENTER,,0
365866,18.0,3.0,83.332,0.3717254901960785,4.398862745098039,78.18199999999999,12.518,,control,3.0,OH,TWIN OAKS CARE CENTER,,0
365867,25.0,0.0,93.3931623931624,0.2251072711507494,3.5544791202155332,74.0698148148148,10.591602564102566,,control,3.0,OH,RIVER RUN HEALTHCARE OF PORTSMOUTH,,0
365869,147.0,16.5,91.4875,0.24130798438172538,2.900508936440591,89.9736488340192,2.5612250712250715,,control,3.0,OH,BRYDEN PLACE,,0
365870,125.21794871794873,1.0,84.75540598290598,0.6483536103996842,4.472186601331671,42.91082304526749,13.532628205128205,,control,3.0,OH,JUDSON PARK,,0
365875,73.42307692307692,1.0,78.91715811965813,0.32652592954403853,3.3698273618548242,67.75102880658436,9.773504273504273,,control,3.0,OH,CRESTMONT NORTH NURSING HOME,,0
365877,180.0,4.5,92.15878205128206,0.26610080677305104,3.0926643339150286,79.40411522633744,3.05241452991453,,control,3.0,OH,RIVERSIDE NURSING AND REHABILITATION CENTER,,0
365878,50.0,1.5,80.50854700854701,0.34913676280233946,3.168495539348137,74.54954732510288,5.921217948717949,,control,3.0,OH,PINE RIDGE SKILLED NURSING AND REHAB,,0
365880,83.0,4.5,77.53489316239316,0.5074155774341422,3.1913802229070236,68.61423868312757,11.9266452991453,,control,3.0,OH,SIGNATURE HEALTHCARE OF COSHOCTON,,0
365882,100.6394230769231,5.5,95.77180128205129,0.37424344453391717,3.669630364622152,47.44432098765432,9.848476495726496,,control,3.0,OH,SPRINGMEADE HEALTHCENTER,,0
365883,246.02564102564105,7.0,86.69365384615385,0.47225918822299506,3.6560313686655785,69.55522633744856,8.96457264957265,,control,3.0,OH,ST AUGUSTINE MANOR,,0
365885,50.0,8.0,84.35470085470085,0.39583078382749964,3.3712883139891976,73.85621399176955,9.427136752136754,,control,3.0,OH,CONCORD CARE AND REHABILITATION CENTER,,0
365889,120.0,3.0,89.32850427350428,0.37991140222483505,3.6995695546605667,39.14722222222222,12.94147435897436,,control,3.0,OH,LODGE NURSING & REHAB CENTER,,0
365891,90.40384615384616,0.5,77.80551282051282,0.35042707892092007,3.3093130883585635,62.43625514403292,14.689273504273507,,control,3.0,OH,LAFAYETTE POINTE NURSING & REHAB CTR,,0
365893,50.0,0.0,93.56410256410257,0.1255785676447101,3.0909175593685023,75.81022633744854,7.356944444444444,,control,3.0,OH,BEREA CENTER,,0
365894,64.11538461538461,4.5,94.98423076923078,0.5531782056917687,4.435308294897782,42.97954732510288,14.744102564102565,,control,3.0,OH,"MCV HEALTH CARE FACILITIES, INC",,0
365896,110.92307692307692,11.5,96.01611111111112,0.5168449459682602,3.664223141678882,72.48152263374485,11.289081196581197,,control,3.0,OH,FOX RUN MANOR,,0
365899,69.0,3.5,88.29527777777778,0.4581650134934468,3.7476305013950615,47.061934156378605,8.548931623931624,,control,3.0,OH,OAK CREEK TERRACE INC,,0
365902,54.0,23.0,89.40700854700856,0.5114128949744736,3.5604324211986054,85.23139917695474,2.525534188034188,,control,3.0,OH,MEADOWBROOK MANOR,,0
365903,17.0,0.0,65.74604700854701,3.095373438527285,6.840323873182848,0.0,89.07887464387466,,control,3.0,OH,LIMA MEMORIAL TRANSITIONAL CAR,,0
365904,100.0,5.0,96.4508547008547,0.26777109169405844,3.7101321935016345,55.781851851851854,6.349978632478633,,control,3.0,OH,SAINT JOSEPH CARE CENTER,,0
365907,103.48290598290599,1.0,89.46827243589743,0.4120727092666609,3.3486128455657744,46.22967078189301,19.990773504273506,,control,3.0,OH,FRANCISCAN CARE CTR SYLVANIA,,0
365909,124.0,1.0,85.648,0.3898351351351351,3.817161261261261,58.242,8.824,,control,3.0,OH,MERCY FRANCISCAN TERRACE,,0
365911,100.0,4.5,82.61111111111111,0.4012232612014214,3.8086082507687546,53.967736625514405,20.161965811965814,,control,3.0,OH,WINCHESTER TERRACE,,0
365922,43.0,7.5,97.23098290598291,0.16254991363712293,3.1403993810644084,84.97045267489713,5.645106837606837,,control,3.0,OH,SIENNA HILLS NURSING & REHABILITATION,,0
365924,101.97435897435898,5.0,88.75098290598291,0.646354284858256,3.575982222195711,50.99337448559671,10.329893162393162,,control,3.0,OH,AMHERST MANOR NURSING HOME,,0
365926,150.0,4.0,87.53619658119658,0.22581315542427857,3.687519357249756,48.746008230452674,8.778504273504275,,control,3.0,OH,NORMANDY MANOR OF ROCKY RIVER,,0
365927,101.00000000000001,0.5,94.68192307692308,0.5998549248656577,3.718216366640532,62.912633744855974,7.496303418803419,,control,3.0,OH,REGINA HEALTH CENTER,,0
365928,81.08974358974359,15.5,93.08547008547009,0.45459393806375403,3.722607494473936,65.1483950617284,11.122692307692308,,control,3.0,OH,COURT HOUSE MANOR,,0
365929,95.79914529914531,0.0,88.0158547008547,0.37492116297904154,3.387865396792869,61.875267489711945,8.161794871794871,,control,3.0,OH,CROWN POINTE CARE CENTER,,0
365931,77.33333333333333,6.5,73.97,0.5165353535353535,3.5788535353535353,60.676666666666655,13.760000000000002,,control,3.0,OH,MEADOWS AT PUTNAM ACRES THE,,0
365934,50.0,3.5,89.8888888888889,0.3300357536827485,3.10056764856556,79.83995884773663,4.038397435897436,,control,3.0,OH,CRESTWOOD RIDGE SKILLED NURSING AND REHAB,,0
365935,30.0,0.0,73.762150997151,0.2235289014528145,2.974426859372512,81.17057613168724,2.050562678062678,,control,3.0,OH,MORNINGVIEW POINTE,,0
365937,85.42307692307693,4.5,91.97217948717949,0.3957816508099678,3.653790099204593,61.10497942386831,14.744123931623932,,control,3.0,OH,OHMAN FAMILY LIVING AT BRIAR,,0
365940,99.80769230769232,7.0,85.69405982905984,0.396992337468711,3.391953209571867,64.56699588477366,13.742884615384618,,control,3.0,OH,AUTUMN AEGIS NURSING HOME,,0
365942,94.35042735042735,11.0,87.51928632478634,0.2436811637080868,3.1959626409133914,95.15341975308641,1.5181367521367521,,control,3.0,OH,DUAL MANOR HEALTH CARE CENTER,,0
365943,40.0,0.0,87.71367521367522,2.726163672938425,5.886546906893907,0.0,58.07750000000001,,control,3.0,OH,EUCLID SUBACUTE CARE CENTER,,0
365945,74.0,9.5,93.43053418803419,0.43137636523726297,3.8955530463396606,66.23975308641974,13.762200854700856,,control,3.0,OH,CRYSTAL CARE CENTER OF MANSFIE,,0
365946,99.80769230769232,1.5,84.36371794871795,0.29516646758275444,3.6049664893346423,57.28695473251028,7.766752136752137,,control,3.0,OH,ST. THERESA CARE CENTER,,0
365947,76.11538461538461,1.5,96.63668803418804,0.45273835971410004,3.960519221010374,48.94975308641975,14.508162393162394,,control,3.0,OH,OHMAN FAMILY LIVING AT HOLLY,,0
365949,50.0,18.0,78.51709401709402,0.3706460801095519,3.3477240693068206,76.16316872427984,9.243333333333334,,control,3.0,OH,CONCORD CARE CENTER OF CORTLAND,,0
365953,46.948717948717956,5.5,94.58989316239317,0.3990903966440255,3.327987552160895,32.559341563786006,14.555811965811968,,control,3.0,OH,OTTERBEIN ST MARYS RETIREMENT COMMUNITY,,0
365956,39.30769230769231,3.5,85.68529785029786,1.133472541317856,5.6284993013116145,0.0,6.601239316239317,,control,3.0,OH,KENDAL AT OBERLIN,,0
365962,60.0363247863248,3.5,63.39104700854701,0.4124685904710791,3.501177991000683,72.65518518518518,12.508418803418804,,control,3.0,OH,GENEVA SHORES NURSING AND REHAB,,0
365963,114.13247863247864,4.0,96.97175213675214,0.3389119162284269,3.5148330049926972,56.30320987654321,10.156239316239317,,control,3.0,OH,GOOD SHEPHERD HOME,,0
365964,16.811965811965813,0.0,70.40521367521367,1.5183903681788298,6.319317389875083,0.0,47.13397435897436,,control,3.0,OH,PARMA COMMUNITY SKILLED NURSING FACILITY,,0
365966,88.20000000000002,2.0,90.45599999999999,0.3211078590785908,5.2093799457994585,88.77,3.988000000000001,,control,3.0,OH,BROADFIELD CARE CENTER,,0
365967,18.0,0.0,89.85055555555556,2.9568105868333534,6.477707111468849,0.0,91.65617521367523,,control,3.0,OH,MH-LIMA SKILLED NURSING UNIT,,0
365968,94.66452991452992,3.5,87.07837606837607,0.369493291075949,3.6198758573413023,56.64897119341563,14.86292735042735,,control,3.0,OH,ADMIRAL'S POINTE NURSING & REHABILITATION,,0
365969,114.0,2.0,91.89880341880342,0.4849237515868583,3.6517955749398663,44.422674897119336,25.437158119658122,,control,3.0,OH,ANCHOR LODGE NURSING HOME INC,,0
365970,44.76495726495727,9.5,74.59925213675214,0.3196204247821895,3.2551161163701012,77.78740740740741,9.938910256410256,,control,3.0,OH,UNION CITY CARE CENTER,,0
365973,153.3974358974359,5.0,91.36464775964777,0.5344380481596299,4.218176380869306,47.319053497942384,18.69976495726496,,control,3.0,OH,BIRCHAVEN RETIREMENT VILLAGE,,0
365974,94.05128205128206,1.5,87.70660256410257,0.509791868907825,3.3286395038274335,59.00296296296296,6.451431623931624,,control,3.0,OH,OHIO LIVING QUAKER HEIGHTS,,0
365975,96.69230769230771,8.5,87.81232905982907,0.36955499144812837,3.2481459007815934,60.08131687242799,10.486047008547008,,control,3.0,OH,PARK HEALTH CENTER,,0
365976,138.0,3.0,93.21670940170941,0.310642250254209,3.4559939296240945,49.29308641975308,20.50053418803419,,control,3.0,OH,PROVIDENCE CARE CENTER,,0
365977,55.48076923076924,4.5,57.40346153846154,0.43801437193188203,4.300603869207108,73.34037037037037,14.932158119658123,,control,3.0,OH,CIRCLE OF CARE,,0
365979,99.85897435897436,2.0,91.79,0.2827071630677915,3.713297308883946,57.057037037037034,8.66638888888889,,control,3.0,OH,TRINITY COMMUNITY AT FAIRBORN,,0
365980,75.0,0.5,96.20264957264959,0.2605230111276209,3.743433100511517,66.85111111111111,2.01042735042735,,control,3.0,OH,FOREST HILLS CENTER,,0
365982,30.0,3.0,75.07783577533579,0.5802423687423688,3.605865231990232,61.591099353321574,7.101449938949939,,control,3.0,OH,RUFFING FAMILY CARE CTR OF BLO,,0
365984,112.6923076923077,1.5,82.14955128205129,0.4462063772733034,3.7981648234519003,43.171049382716056,19.427457264957265,,control,3.0,OH,KINGSTON OF MIAMISBURG,,0
365987,121.0,8.0,88.43833333333333,0.5430337543873124,4.652937512505365,66.59604938271605,16.93226495726496,,control,3.0,OH,CALCUTTA HEALTH CARE CENTER,,0
365988,50.0,1.5,90.95299145299145,0.6501791128907012,3.7490645309023485,41.49650205761317,16.84224358974359,,control,3.0,OH,WILLOW BROOK CHRISTIAN HOME,,0
365993,99.12606837606839,5.5,73.8283547008547,0.4365962298307504,3.1369414454582265,60.60255144032922,12.26758547008547,,control,3.0,OH,ALTERCARE OF LOUISVILLE CTR FOR REHAB & NSG CARE,,0
365994,99.0,14.5,90.7330341880342,0.5080974202046258,3.5528391557010246,65.7019341563786,13.87551282051282,,control,3.0,OH,LAURELS OF HILLSBORO,,0
365995,95.9423076923077,2.5,87.8728846153846,0.3807243793120388,3.2402612859570112,71.5248148148148,5.373547008547009,,control,3.0,OH,COUNTRY LAWN CTR FOR REHAB,,0
365996,32.17948717948718,1.0,91.3901282051282,0.46581182983482144,4.712697830214014,19.09119341563786,17.845192307692308,,control,3.0,OH,OHIO LIVING SWAN CREEK,,0
365997,95.07905982905983,8.0,90.2446153846154,0.3130106315062456,3.551272853786162,48.05218106995884,10.846666666666668,,control,3.0,OH,PARKVUE HEALTH CARE CENTER,,0
365998,70.0,1.0,93.88935897435898,0.4786610624738629,3.9340476020343815,63.84781893004116,17.064700854700856,,control,3.0,OH,HOLZER SENIOR CARE CENTER,,0
366001,86.0,2.5,94.99626068376068,0.44460730893171385,4.126342053630132,45.76106995884774,22.309700854700857,,control,3.0,OH,HARMAR PLACE REHAB & EXTENDED CARE,,0
366003,30.0,2.0,83.86786324786326,0.1833103448275862,3.1989689451672207,81.1179012345679,8.812713675213676,,control,3.0,OH,CRYSTAL CARE CENTER OF FRANKLIN FURNACE,,0
366004,99.0,4.0,89.1532905982906,0.5110774822126605,3.9818529969480005,60.806460905349795,8.097521367521368,,control,3.0,OH,KENSINGTON AT ANNA MARIA,,0
366008,156.33333333333334,1.0,90.65290598290599,0.333374879051276,3.2192892926779244,63.34658436213992,13.21087606837607,,control,3.0,OH,GRANDE POINTE HEALTHCARE COMMU,,0
366013,96.84615384615385,6.5,77.96643162393163,0.46351466267425595,3.618687811208672,61.120329218106995,16.232991452991456,,control,3.0,OH,LEXINGTON COURT CARE CENTER,,0
366015,147.75641025641028,11.0,82.23380341880342,0.3652716068638038,3.7001595669838836,62.33732510288066,8.974615384615385,,control,3.0,OH,CARECORE AT MENTOR,,0
366016,50.0,16.0,92.46581196581198,0.21620501902198333,3.25123971844954,76.28681069958847,7.3133333333333335,,control,3.0,OH,MAIN STREET TERRACE CARE CENTER,,0
366017,45.26495726495727,4.0,82.20753561253562,0.11799463327370303,3.303422946251758,72.75303155006858,8.031965811965813,,control,3.0,OH,ARCADIA ACRES INC,,0
366019,78.0,6.5,63.589999999999996,0.5757093032957863,3.3518293700458903,43.99199999999999,22.556,,control,3.0,OH,MEADOWS OF OTTAWA-GLANDORF,,0
366022,117.87393162393163,2.5,93.45938034188035,0.5579205336082834,3.8809042321970297,60.635576131687245,13.279252136752138,,control,3.0,OH,MANOR AT PERRYSBURG,,0
366023,107.30341880341881,2.5,92.87444444444444,0.5773434566796971,4.545569278177322,48.076851851851856,9.83363247863248,,control,3.0,OH,TWIN TOWERS,,0
366024,142.12606837606836,8.0,85.64529914529915,0.31492103761041107,3.04038890210684,75.96094650205761,4.127777777777778,,control,3.0,OH,SYCAMORE RUN NURSING AND REHAB CTR,,0
366025,66.67948717948718,0.5,91.33040598290599,0.2992186245276917,3.6364773849617213,60.74806584362139,12.950641025641026,,control,3.0,OH,MT HEALTHY CHRISTIAN HOME,,0
366026,50.0,15.5,85.11965811965813,0.27607014157478615,3.956344825208267,67.08572016460904,15.140619658119657,,control,3.0,OH,"COUNTRY CLUB CENTER V, INC",,0
366027,97.75641025641026,7.0,91.20561965811966,0.43801188857019907,3.0392602673016884,51.91378600823045,13.940470085470086,,control,3.0,OH,ALTERCARE OF HARTVILLE CTR FOR,,0
366028,97.75641025641026,7.0,81.95089743589745,0.36691184415626477,3.367908941847202,72.54551440329219,8.850619658119658,,control,3.0,OH,WOODSIDE VILLAGE CARE CENTER,,0
366031,30.982905982905983,8.0,92.17395299145299,0.2539005498942385,3.1732341029509685,65.35664609053498,5.884209401709402,,control,3.0,OH,MILL MANOR CARE CENTER,,0
366032,60.57692307692308,14.5,92.66192307692307,0.5752701630555452,4.142774232318719,50.05925925925926,10.700790598290599,,control,3.0,OH,HILTY MEMORIAL HOME INC,,0
366034,50.0,8.5,91.30730380730381,0.2638499413865268,3.5279046833924887,74.14950430228207,8.924156954156954,,control,3.0,OH,SALEM EAST HEALTHCARE CENTER,,0
366036,55.70629370629371,1.5,84.38442890442892,0.38089358118144423,3.318485912529764,66.38094650205761,6.685345117845118,,control,3.0,OH,GLENDORA HEALTH CARE CENTER,,0
366037,25.0,7.0,79.90598290598291,0.6846249113703061,4.010488101932181,72.60646090534979,10.697521367521368,,control,3.0,OH,BOWERSTON HILLS  NURSING & REHABILITATION,,0
366040,68.6965811965812,4.5,90.10504273504274,0.6023421734459861,3.569762913444293,38.193950617283946,17.682905982905982,,control,3.0,OH,DOVERWOOD VILLAGE,,0
366043,48.0,1.5,94.12014957264958,0.2977946159606659,2.953290988254217,60.770617283950614,5.55448717948718,,control,3.0,OH,CARLISLE MANOR HEALTH CARE INC,,0
366045,174.0,3.5,95.52185897435899,0.45408628760509606,3.8111809174937443,60.39658436213991,7.645555555555556,,control,3.0,OH,JENNINGS HALL,,0
366047,84.0,1.5,81.89587606837608,0.518454439626582,3.5576457922872744,61.70781893004115,11.204380341880341,,control,3.0,OH,RAE ANN GENEVA,,0
366048,16.0,0.0,77.65394327894327,2.09091925286043,6.269176198257081,0.0,77.74180458430459,,control,3.0,OH,ASHTABULA COUNTY MEDICAL CENTE,,0
366049,47.807692307692314,0.0,56.427179487179494,3.901133284176977,7.097653007461518,0.0,58.96027777777778,,control,3.0,OH,HANNA HOUSE SKILLED NURSING CE,,0
366050,40.30769230769231,0.5,91.25173076923078,0.381830939181549,3.5636806052502195,35.547407407407405,16.714871794871797,,control,3.0,OH,OTTERBEIN-CRIDERSVILLE,,0
366051,109.66880341880342,8.0,87.72017094017095,0.2721245148464354,3.342486527180278,74.87481481481481,13.374444444444446,,control,3.0,OH,OAKS AT NORTHPOINTE,,0
366052,86.0,0.0,91.68106837606838,0.37864942569365007,4.135698244006897,55.012757201646096,16.867820512820515,,control,3.0,OH,GABLES CARE CENTER INC,,0
366053,47.24941724941725,0.0,78.69685962185962,0.6652831081359389,4.738579353254604,13.058806584362141,39.57680005180005,,control,3.0,OH,BERKELEY SQUARE RETIREMENT CEN,,0
366057,97.69871794871796,9.5,81.42692307692309,0.4484949087884366,3.2199982616272225,59.11510288065844,11.577799145299146,,control,3.0,OH,MIDDLEBURG HEIGHTS HEALTH & REHABILITATION CENTER,,0
366060,78.96153846153847,5.5,86.80049145299147,0.6467377928844172,3.568820338570422,48.42458847736625,21.872222222222224,,control,3.0,OH,ARBORS AT SYLVANIA,,0
366062,102.02991452991455,3.5,79.68305555555557,0.34515392100533815,3.7683453407001894,63.72238683127571,12.402072649572649,,control,3.0,OH,CAPRICE HEALTH CARE CENTER,,0
366064,60.0,4.5,83.81714590964592,0.4735112458792132,3.227107843658661,64.59427983539095,8.191639194139194,,control,3.0,OH,MONROE COUNTY CARE CENTER,,0
366066,46.51965811965812,3.0,66.6078247863248,0.41672794612794617,3.474359505309505,46.9755596707819,15.410995726495727,,control,3.0,OH,VANCREST OF CONVOY,,0
366068,157.55128205128207,8.5,87.97252136752137,0.4518318626649751,3.7918680725031546,50.22775720164609,15.608397435897436,,control,3.0,OH,ORCHARD VILLA,,0
366071,153.0,6.5,96.20713675213676,0.21605124898170314,3.8770041198671645,47.15576131687242,20.873311965811965,,control,3.0,OH,MT ALVERNA HOME INC,,0
366072,137.56410256410257,7.0,82.27901709401709,0.2753757828507529,3.6764891174623333,65.88553497942387,9.371410256410257,,control,3.0,OH,THE MEADOWS AT OSBORN PARK,,0
366073,68.0,3.0,83.60944444444445,0.3134644680166018,3.6518771847086566,61.0417901234568,9.105128205128207,,control,3.0,OH,EMBASSY OF SWANTON,,0
366074,60.0,0.0,91.92583333333334,1.6230565924178206,4.967930967178338,0.0,36.25042735042735,,control,3.0,OH,AULTMAN TRANSITIONAL CARE CENTER,,0
366076,86.0,2.0,88.58423076923077,0.5521373025497487,5.007738497960321,57.94403292181071,16.904935897435898,,control,3.0,OH,OHIO EASTERN STAR HLTH CARE CTR THE,,0
366077,106.42735042735043,4.0,86.52191595441596,0.554397890175668,3.708853667937001,71.84263374485596,4.010819088319089,,control,3.0,OH,CANTON HEALTH CARE CENTER,,0
366078,120.0,5.0,90.64944444444446,0.6279807208068134,4.233260141826273,54.108292181069956,15.594807692307693,,control,3.0,OH,"LAURELS OF MASSILLON, THE",,0
366079,136.21153846153845,3.5,90.69529914529916,0.4400906592538709,3.75737502763048,72.09341563786008,9.689551282051282,,control,3.0,OH,ELIZA JENNINGS HOME,,0
366080,75.96153846153847,2.0,91.57641025641027,0.4741132551383659,3.577473135091794,24.268148148148143,27.58645299145299,,control,3.0,OH,CHESTERWOOD VILLAGE,,0
366083,72.0,10.5,72.68333333333334,0.3015241270723349,3.1860298694081686,86.40666666666664,4.391666666666667,,control,3.0,OH,HORN NURSING HOME,,0
366084,80.73931623931624,13.0,92.31384615384616,0.2543736957393267,3.8435561539378496,58.65921810699589,11.532350427350428,,control,3.0,OH,VANCREST HEALTH CARE CENTER OF EATON,,0
366088,135.6153846153846,11.0,74.08410256410258,0.3624649635755045,3.5363736352054964,68.72802469135803,13.080747863247863,,control,3.0,OH,AUSTINBURG NSG AND  REHAB CTR,,0
366091,50.0,8.0,81.48057498057499,0.31417169063623807,3.0623973519731984,74.23456790123458,11.10035742035742,,control,3.0,OH,AUTUMN YEARS NURSING CENTER,,0
366092,107.88461538461539,5.5,80.02777777777777,0.37424995927471605,4.02885344296699,55.44683127572016,8.91931623931624,,control,3.0,OH,BURTON HEALTH CARE CENTER,,0
366093,98.58974358974359,3.5,87.70662393162394,0.5495986098649426,3.559377141022597,62.36674897119342,14.267286324786326,,control,3.0,OH,PARK VILLAGE HEALTH CARE CENTER INC,,0
366097,71.0,10.0,93.99690170940173,0.37436210660354946,4.0923279074281265,52.497777777777785,11.115982905982905,,control,3.0,OH,FULTON MANOR NURSING & REHAB C,,0
366098,45.1965811965812,5.0,76.00235042735044,0.4199300680246465,3.8540283257304737,89.04744855967078,4.818183760683761,,control,3.0,OH,"CATHERINE'S CARE CENTER, INC",,0
366099,93.02564102564104,18.5,71.74811965811966,0.26378285357399284,2.8091205881338297,83.66320987654319,3.7485470085470087,,control,3.0,OH,SPRINGFIELD NURSING & INDEPENDENT LIVING,,0
366101,173.47435897435898,5.5,92.7967094017094,0.25577925388352873,3.7473375318535327,81.67205761316872,9.784038461538461,,control,3.0,OH,ELIZA BRYANT CENTER,,0
366103,61.98076923076923,1.0,87.6849358974359,0.5904586394296524,4.444634878396731,48.13930041152264,10.145641025641027,,control,3.0,OH,WELSH HOME THE,,0
366107,23.0,6.0,93.01329059829061,0.4305063705046543,3.9363147675805,72.86744855967078,12.133931623931623,,control,3.0,OH,REST HAVEN NURSING HOME,,0
366108,55.358974358974365,1.5,75.44337606837607,0.24420646190517065,4.441253604232264,52.04255144032921,9.945961538461539,,control,3.0,OH,VANCREST OF NEW CARLISLE,,0
366109,53.6965811965812,4.5,97.57596153846154,0.19322064812582054,3.733821209441899,51.354279835390955,7.82982905982906,,control,3.0,OH,WOODLAND COUNTRY MANOR INC,,0
366111,135.0,5.5,86.86517094017094,0.4363380177521653,3.247804185681457,66.91242798353909,11.454487179487181,,control,3.0,OH,FALLING WATER HEALTHCARE CENTER,,0
366112,44.0,11.0,93.97014957264958,0.45621597014976795,4.182410037458057,52.80041152263375,9.062008547008547,,control,3.0,OH,BROWN MEMORIAL HOME INC,,0
366113,110.0,3.5,90.76209401709403,0.28627012179470235,3.520570475316213,59.230370370370366,9.374829059829061,,control,3.0,OH,LIBERTY HEALTH CARE CENTER INC,,0
366116,137.71794871794873,2.5,92.40890701890703,0.2760618118270747,4.02846915541218,57.58773662551441,7.941752136752136,,control,3.0,OH,SPRINGFIELD MASONIC COMMUNITY,,0
366117,38.00587606837607,1.0,67.17506944444445,0.5996885144436226,3.408718249198718,67.21262860082305,7.351517094017096,,control,3.0,OH,RUFFING FAMILY CARE CTR OF TIF,,0
366118,60.0,13.5,88.35177350427351,0.33110868797191545,3.3503551638665767,50.31699588477366,10.479209401709403,,control,3.0,OH,ELMS RETIREMENT VILLAGE INC,,0
366124,85.1025641025641,2.5,85.99331196581198,0.4746164925195161,4.076726042984655,59.58621399176955,17.300256410256413,,control,3.0,OH,OHMAN FAMILY LIVING AT BLOSSOM,,0
366127,98.43589743589745,6.0,77.7748717948718,0.3159933585200777,3.1823810870206244,56.66353909465021,14.012970085470085,,control,3.0,OH,WOODLANDS HEALTH AND REHAB CENTER,,0
366130,50.0,11.0,92.07692307692308,0.34481398589351625,4.51795793739349,70.88082304526749,10.545341880341882,,control,3.0,OH,RIVERSIDE LANDING NURSING AND REHABILITATION,,0
366131,66.52136752136752,1.0,87.16514957264957,0.344760177393348,3.2996382017092616,65.36090534979424,7.782692307692308,,control,3.0,OH,BELLEVUE CARE CENTER,,0
366134,78.0,3.0,81.20185897435898,0.27159447795227054,3.9453396011356023,58.76732510288066,8.027820512820513,,control,3.0,OH,HARDIN HILLS HEALTH CENTER,,0
366135,72.0,6.5,90.24504273504274,0.4550135112370346,3.9348169228344068,85.9277572016461,3.8391452991452995,,control,3.0,OH,MOHUN HEALTH CARE CENTER,,0
366139,42.0,13.5,90.70542735042736,0.30910166155950924,3.1795116161889365,74.64748971193416,11.01440170940171,,control,3.0,OH,MAPLE HILLS SKILLED NURSING & REHABILITATION,,0
366140,50.0,3.5,82.26573426573427,0.47635861360861365,3.3502574647574646,59.18815937149271,16.26193084693085,,control,3.0,OH,ALTERCARE ADENA INC.,,0
366142,66.0,9.5,89.23555555555555,0.8314718251123133,4.165672105967065,33.32584362139917,23.563376068376066,,control,3.0,OH,MILL RUN CARE CENTER,,0
366143,74.0,5.5,95.89350427350428,0.4942593642258873,3.455837989693834,57.48617283950617,17.855747863247867,,control,3.0,OH,ADAMS COUNTY MANOR,,0
366144,82.08547008547009,2.5,88.87525641025641,0.36696348793862954,3.7799215282882423,45.54242798353909,6.487051282051283,,control,3.0,OH,MENNONITE MEMORIAL HOME,,0
366145,100.0,18.0,94.64316239316238,0.20399639738828296,3.168270121035505,86.35111111111112,3.468931623931624,,control,3.0,OH,LAKERIDGE VILLA HEALTH CARE CENTER,,0
366148,27.730769230769234,2.0,91.32852564102564,0.2835997667134237,4.259711835955938,47.27082304526749,6.664850427350428,,control,3.0,OH,OTTERBEIN SUNSET HOUSE,,0
366149,71.0,1.0,98.94551282051283,0.28491994729307235,3.3268639731686442,49.83576131687242,5.7611324786324785,,control,3.0,OH,WILLIAMS CO HILLSIDE COUNTRY L,,0
366151,144.0,2.0,85.28352564102565,0.4335196685388945,3.3627654890805267,60.56683127572016,14.815833333333334,,control,3.0,OH,DAYSPRING OF MIAMI VALLEY HLTH CARE CENTER & REHAB,,0
366152,93.0,5.0,84.32713416213417,0.392278498348481,4.3391246124597735,58.83176954732511,19.635195545195547,,control,3.0,OH,WEST VIEW HEALTHY LIVING,,0
366153,82.0,5.0,93.86350427350428,0.27272948836592026,3.4647851056949173,75.95654320987654,4.864679487179487,,control,3.0,OH,TERRACE VIEW GARDENS,,0
366155,67.0,5.0,93.27190170940172,0.6307705007650146,4.1658862417124505,27.283086419753083,36.47262820512821,,control,3.0,OH,NEW ALBANY CARE CENTER,,0
366156,100.0,2.0,83.12606837606839,0.25061604392653103,3.3693762333397146,83.00063786008229,5.881538461538462,,control,3.0,OH,LINCOLN CRAWFORD CARE CENTER,,0
366159,75.0,4.0,95.13662393162394,0.38998508002814913,3.3111310137236507,55.575473251028804,4.150149572649573,,control,3.0,OH,BIRCHWOOD CARE CENTER,,0
366160,32.0,2.0,95.9861680911681,0.30093757467144566,3.4963732653248787,92.380202020202,4.686481481481482,,control,3.0,OH,UTICA CARE CENTER,,0
366162,97.42094017094018,5.0,82.05991452991455,0.337139065779044,3.5646988150409276,37.757777777777775,11.68301282051282,,control,3.0,OH,LUTHERAN HOME,,0
366166,96.22649572649573,2.0,92.1084188034188,0.47730749668505457,3.7943113632883145,63.05818930041152,11.531111111111112,,control,3.0,OH,BRETHREN CARE VILLAGE HEALTH CARE CENTER,,0
366167,100.0,7.5,87.95726495726495,0.389867114763517,4.341012305662593,62.043827160493834,14.991880341880343,,control,3.0,OH,"ANDERSON, THE",,0
366169,100.0,14.5,93.82051282051282,0.4126654620648604,3.6203433811126082,57.91465020576132,12.172158119658121,,control,3.0,OH,BLOSSOM NURSING AND REHAB CENTER,,0
366172,29.803418803418804,0.0,77.12203418803419,3.099153846153846,6.538675641025642,0.0,40.22067521367522,,control,3.0,OH,TOLEDO HOSPITAL TCU,,0
366176,80.08974358974359,29.0,91.52794871794873,0.558765010489659,4.109051909476064,34.36028806584362,41.73220085470086,,control,3.0,OH,LIFE CARE CENTER OF ELYRIA,,0
366177,95.76923076923077,5.5,90.33429487179487,0.38280511162042646,3.283569825304997,64.3561316872428,13.158739316239316,,control,3.0,OH,CUMBERLAND POINTE CARE CENTER,,0
366180,101.00000000000001,1.5,95.83903846153846,0.32985397832843755,3.2749061601559912,56.052386831275726,17.186880341880343,,control,3.0,OH,RIVERVIEW POINTE CARE CENTER,,0
366181,45.333333333333336,9.0,68.0757264957265,0.2836901412165421,2.931853571496352,63.05884773662551,5.181452991452992,,control,3.0,OH,GRAND RAPIDS CARE CENTER,,0
366182,109.0,10.0,91.20963247863249,0.46175665510872455,3.3405565652045626,89.53399176954733,4.63982905982906,,control,3.0,OH,BUTLER COUNTY CARE FACILITY,,0
366183,50.0,6.0,96.93589743589745,0.2364364992315427,3.447204773890015,85.554670781893,3.1315384615384616,,control,3.0,OH,SEASONS NURSING AND REHAB,,0
366184,52.435897435897445,0.0,93.5981623931624,0.47236086018963963,3.5560906724954826,43.83489711934156,10.73155982905983,,control,3.0,OH,ELIZABETH SCOTT COMMUNITY,,0
366185,137.35256410256412,5.0,81.32572649572651,0.38136611964821115,3.3348868228563573,58.48748971193415,12.381410256410257,,control,3.0,OH,HILLSPRING HEALTH CARE & REHAB,,0
366189,125.0,2.0,89.00000000000001,0.4198377316464371,3.800924619200182,50.358271604938274,11.830705128205128,,control,3.0,OH,VANCREST OF DELPHOS,,0
366190,50.29370629370629,10.5,93.40492100492101,0.39077316524124805,3.2057090711306717,66.57102880658435,3.411230898730899,,control,3.0,OH,BELMONT MANOR,,0
366191,50.58760683760684,4.0,89.35931623931626,0.1758141546888315,3.6214726609031356,70.69855967078189,14.336794871794872,,control,3.0,OH,MAPLECREST NURSING AND HTA,,0
366192,132.8846153846154,3.5,92.80284188034189,0.34503872826073273,3.970108266146923,44.504526748971195,17.347713675213676,,control,3.0,OH,LUTHERAN VILLAGE AT WOLFCREEK,,0
366193,93.0,9.5,74.73166666666668,0.3715196078431373,3.7857022058823535,83.89166666666665,3.9283333333333332,,control,3.0,OH,BON-ING CARE AND REHABILITATION CTR,,0
366198,62.43589743589744,11.5,92.49756410256411,0.24254396357447244,3.157355352636573,69.20658436213992,5.015897435897436,,control,3.0,OH,GOLDEN YEARS NURSING CENTER,,0
366200,105.41880341880344,4.0,93.90425213675215,0.753975082458423,4.760532603743534,60.252592592592606,9.96510683760684,,control,3.0,OH,HENNIS CARE CENTRE OF BOLIVAR,,0
366203,48.89102564102564,2.5,83.6841452991453,0.3058372466367156,3.8575196458342855,70.40946502057614,10.196260683760684,,control,3.0,OH,ORRVILLE POINTE,,0
366204,31.0,0.0,87.83135531135531,0.9186266352694925,3.3291831937903367,76.3968783068783,13.614337606837607,,control,3.0,OH,ROSEWOOD MANOR,,0
366208,96.0,25.0,88.29316239316239,0.4217336376587283,3.7976491665760697,78.47061728395062,7.866965811965813,,control,3.0,OH,RESIDENCE AT HUNTINGTON COURT,,0
366211,27.495726495726494,1.0,92.4748076923077,0.5159652229892614,3.383230536379575,63.56909465020577,3.474102564102564,,control,3.0,OH,SARAH JANE LIVING CENTER,,0
366214,92.0,4.5,91.34314102564103,0.1959058636492636,3.28702970596394,71.35654320987655,7.0990811965811975,,control,3.0,OH,CANTERBURY VILLA OF ALLIANCE,,0
366215,78.95726495726495,0.0,96.36502136752138,0.6652952155910169,3.622292941636827,50.991563786008236,24.329829059829063,,control,3.0,OH,LANFAIR CENTER FOR REHAB & NSG CARE INC,,0
366218,44.0,0.0,86.77893162393164,0.22339960920448726,3.123425088013503,62.40432098765433,9.297500000000001,,control,3.0,OH,AUBURN SKILLED NURSING AND REHAB,,0
366219,66.88319088319088,10.0,83.99697293447294,0.1811197716668731,3.5901623518724968,61.549753086419756,12.951915954415956,,control,3.0,OH,"LUTHERAN MEMORIAL HOME, INC",,0
366221,64.0,1.0,90.47514957264958,0.5225181900708324,3.548318875673016,59.31572016460905,22.611923076923077,,control,3.0,OH,SPRINGVIEW MANOR,,0
366222,106.52136752136752,3.5,84.98025641025642,0.2905982501494703,3.4758988271777076,52.319135802469134,11.281837606837607,,control,3.0,OH,FALLS VILLAGE SKILLED NURSING & REHABILITATION,,0
366223,40.0,10.5,91.2019230769231,0.855904359432707,5.161123198798751,91.87078189300412,2.027222222222222,,control,3.0,OH,MOUNT NOTRE DAME HEALTH CENTER,,0
366227,20.0,28.0,76.76282051282053,0.735013906028612,3.552255011147168,75.015,6.433106060606061,,control,3.0,OH,MAPLE VIEW MANOR,,0
366229,173.10042735042737,1.5,90.01393162393163,0.9489834131521548,4.525937861237298,43.953744855967074,26.323675213675216,,control,3.0,OH,PARKSIDE VILLA,,0
366230,52.84188034188034,7.5,78.30181623931624,0.5591899437509193,4.1177033749899605,81.70843621399177,8.312948717948718,,control,3.0,OH,COUNTRY POINTE,,0
366231,44.0,12.0,75.16081196581197,0.26423850496079254,3.315083753923057,68.84868312757202,10.340213675213676,,control,3.0,OH,ROSELAWN GARDENS NURSING & REHABILITATION,,0
366232,60.42307692307693,2.0,89.34455128205128,0.33739604205391016,4.8402734631638085,19.254917695473253,29.19474358974359,,control,3.0,OH,WESTOVER RETIREMENT COMMUNITY,,0
366233,18.0,0.0,98.17081196581196,0.34135223811371906,3.924950993439061,65.57975308641974,19.335576923076925,,control,3.0,OH,MORRIS NURSING HOME,,0
366234,34.0,4.0,56.17089743589744,0.29744128904027095,3.907288057599501,61.46102880658435,7.286239316239316,,control,3.0,OH,COLONIAL NURSING CENTER OF ROCKFORD,,0
366235,133.65384615384616,8.0,76.52940170940171,0.3700042639652968,3.8189830812824583,56.43609053497942,10.037094017094018,,control,3.0,OH,FAIR HAVEN SHELBY COUNTY,,0
366236,81.0,17.5,91.41457264957266,0.3513756169314835,2.5625240523275457,70.8949794238683,5.808440170940171,,control,3.0,OH,GOOD SHEPHERD VILLAGE,,0
366237,52.65384615384616,10.0,89.79365384615384,0.19690068843945568,3.5687386594572765,56.94794238683128,12.820042735042735,,control,3.0,OH,WADSWORTH POINTE,,0
366239,72.0,4.5,91.03136752136753,0.6100127279405734,3.8971031268393643,59.75683127572016,8.015982905982906,,control,3.0,OH,CRYSTAL CARE CENTER OF ASHLAND,,0
366240,49.47448847448848,9.0,90.92667055167055,0.2759739453992728,3.5373156210876084,46.13123456790123,13.434190624190624,,control,3.0,OH,WESTERN RESERVE MASONIC COMM,,0
366241,52.48717948717949,11.0,94.72679487179488,0.252145405524033,3.2215011205019723,75.31053497942386,6.387948717948719,,control,3.0,OH,STEUBENVILLE COUNTRY CLUB MANOR,,0
366242,51.71794871794872,10.5,90.55448717948718,0.5828804851713939,5.427309883834141,44.8961316872428,11.385576923076922,,control,3.0,OH,OTTERBEIN SUNSET VILLAGE,,0
366245,99.32478632478633,11.5,87.78574786324786,0.43769885162600464,3.6224684747073836,48.80473251028806,22.629465811965815,,control,3.0,OH,FOREST GLEN HEALTH CAMPUS,,0
366246,34.0,3.0,85.67211538461538,0.39713691224690534,4.206959114083277,41.25065843621399,15.756175213675213,,control,3.0,OH,CHERITH CARE CENTER AT WILLOW BROOK,,0
366248,75.0,1.0,96.4,0.35305062644786633,3.877282134756472,39.35366255144033,5.427649572649573,,control,3.0,OH,APOSTOLIC CHRISTIAN HOME INC,,0
366249,50.0,0.5,88.8931623931624,0.681739490323116,4.6384768851173,80.42090534979425,6.858717948717949,,control,3.0,OH,SUNNYSLOPE NURSING HOME,,0
366250,61.00000000000001,0.0,85.43982905982907,0.4302042026925831,4.085159845544682,53.76390946502059,17.521965811965813,,control,3.0,OH,KIMES NURSING & REHAB CTR,,0
366251,96.0,11.5,96.97371794871795,0.26237804419830696,3.3537878212167014,77.25720164609054,4.612457264957265,,control,3.0,OH,"HOME AT HEARTHSTONE, THE",,0
366252,43.175213675213676,2.0,91.60333333333334,0.5129807154679106,3.2328476739610887,48.6982098765432,16.09061965811966,,control,3.0,OH,MEADOWS OF LEIPSIC,,0
366253,49.0,1.0,88.05628205128205,0.3907895164323375,2.967318739491395,67.32382716049382,9.414380341880342,,control,3.0,OH,AMBERWOOD MANOR,,0
366255,50.0,5.5,91.1965811965812,0.3817893386623689,3.5736252635062904,54.149670781893,12.51517094017094,,control,3.0,OH,VANCREST HEALTH CARE CTR OF HO,,0
366257,25.0,5.0,90.0,0.10020833333333334,2.8408015873015873,88.90666666666665,5.021666666666667,,control,3.0,OH,HILLCREST MANOR CARE CENTER,,0
366258,74.95726495726495,0.0,74.28952991452992,0.3560688424184759,3.953754482066834,26.93279835390946,31.22448717948718,,control,3.0,OH,SHEPHERD OF THE VALLEY HOWLAND,,0
366260,66.37179487179488,4.0,89.71423076923078,0.46796634463522035,3.1699763453804977,74.67411522633745,11.696047008547009,,control,3.0,OH,CLAYMONT HEALTH AND REHABILITATION,,0
366262,50.0,1.0,93.20000000000002,0.1526595744680851,2.694157545769421,93.61,3.8579999999999997,,control,3.0,OH,WINTERSONG VILLAGE OF WASHINGT,,0
366263,45.0,3.5,79.60506410256411,0.37925402513524686,4.157663544122,40.57308641975308,9.074081196581197,,control,3.0,OH,GRACE BRETHREN VILLAGE,,0
366264,52.52136752136752,3.0,85.49899572649574,0.3513676836544136,3.7108663650009297,65.57687242798353,8.223076923076924,,control,3.0,OH,BREWSTER CONVALESCENT CENTER,,0
366265,96.69230769230771,6.5,78.13760683760684,0.2922081518279097,3.807413684861121,67.20859895248785,12.228196581196581,,control,3.0,OH,RIVER'S BEND HEALTH CARE LLC,,0
366266,50.0,6.5,95.6837606837607,0.7105464087137086,3.2174126443708584,51.976748971193416,16.420918803418804,,control,3.0,OH,ENNISCOURT NURSING CARE,,0
366267,52.0,12.0,88.51495726495727,0.744493693120502,3.5598030922487887,30.95477366255144,37.80784188034188,,control,3.0,OH,"ALTERCARE OF MAYFIELD VILLAGE, INC",,0
366268,100.13461538461539,5.5,84.82880341880342,0.19135042986445924,3.4659710758409545,57.81633744855967,6.11232905982906,,control,3.0,OH,WALNUT HILLS NURSING HOME,,0
366269,94.2863247863248,1.0,78.5792735042735,0.25925175511883836,3.005400200883655,56.58790123456791,7.5769230769230775,,control,3.0,OH,WYANDOT COUNTY SKILLED NURSING AND REHABILITATION,,0
366272,56.0,0.0,76.33957264957266,0.36788192115523777,3.904267229663457,0.3022222222222222,39.422243589743594,,control,3.0,OH,O'NEILL HEALTHCARE NORTH OLMSTED,,0
366275,74.84615384615384,6.0,76.39606837606838,0.41048131132121224,3.352042867644067,55.33625514403292,15.994978632478634,,control,3.0,OH,NORTHFIELD VILLAGE RETIREMENT COMMUNITY,,0
366277,45.0,7.5,83.90777777777778,0.2846249972572647,3.9754305254209323,63.52119341563787,5.373653846153846,,control,3.0,OH,BEL AIR CARE CENTER,,0
366278,98.58974358974359,7.5,83.13709401709403,0.40145222128639346,3.4822147248573394,60.89530864197531,11.986025641025641,,control,3.0,OH,STOW GLEN HEALTH CARE CENTER,,0
366279,74.73931623931624,1.0,85.70254273504273,0.42370617448794323,3.405815689612798,72.69559670781892,13.333568376068376,,control,3.0,OH,ROSARY CARE CENTER,,0
366280,56.0,5.5,94.99267094017094,0.3765665337778219,3.3337710275822587,63.151275720164605,14.615641025641025,,control,3.0,OH,ST LUKE LUTHERAN COMMUNITY-PORTAGE LAKES,,0
366281,92.0,3.5,96.97850427350429,0.14899150594293958,3.575903433912781,54.43004115226338,11.605235042735043,,control,3.0,OH,WINDSOR HOUSE AT CHAMPION,,0
366282,62.0,21.5,87.47574786324788,0.515113525215364,4.7866109473672935,40.34469135802469,11.330448717948718,,control,3.0,OH,KNOLLS OF OXFORD,,0
366284,78.78846153846155,1.5,92.87662393162394,0.39756744498536745,3.472615274932025,52.08172839506174,12.235256410256412,,control,3.0,OH,AMHERST MEADOWS SKILLED NURSING AND REHAB,,0
366289,48.0,0.0,88.24085470085471,0.47980030512598515,4.544318858782586,41.05827160493827,22.745042735042738,,control,3.0,OH,CONCORDIA AT SUMNER,,0
366290,102.47863247863249,15.5,97.60354700854701,0.3739093446125001,4.592228161652429,48.54020576131687,5.753376068376069,,control,3.0,OH,FAIRLAWN HAVEN,,0
366291,50.0,16.5,81.12393162393163,0.43580177372033213,2.9865985807691127,70.66909465020575,7.168910256410256,,control,3.0,OH,ASTORIA HEALTH & REHAB CENTER,,0
366292,36.0,25.0,77.78467948717949,0.9047152176082465,4.27116986725881,68.43234567901234,3.5912820512820516,,control,3.0,OH,URSULINE CENTER,,0
366295,99.61416361416363,4.5,73.23016483516483,0.31781310860356154,3.8098866289100393,69.6844326866549,9.874679487179488,,control,3.0,OH,CAMPUS HEALTH & REHAB,,0
366296,45.0,18.0,92.98267094017095,0.17868927434511667,3.2458271490909043,92.6438683127572,2.718226495726496,,control,3.0,OH,CEDARS OF LEBANON CARE CENTER,,0
366297,80.55128205128206,2.5,85.54260683760684,0.7075798405266016,4.214972524266933,55.6737037037037,11.806495726495728,,control,3.0,OH,LIMA CONVALESCENT HOME,,0
366298,71.0,3.0,94.07346153846154,0.46998795270315563,3.215327383460442,42.94567901234568,25.973055555555554,,control,3.0,OH,"ALTERCARE OF NOBLES POND, INC",,0
366299,72.30341880341881,9.0,54.858782051282056,0.4057274348550325,3.250674245081622,61.568024691358026,8.049252136752138,,control,3.0,OH,CENTERBURG POINTE,,0
366300,75.0,2.5,95.86628205128204,0.6469721825015746,4.755125770818973,54.89938271604938,5.242863247863249,,control,3.0,OH,CANTON CHRISTIAN HOME,,0
366301,144.0,2.0,86.8218376068376,0.44268843145191017,3.0026521777464716,57.089588477366256,12.630512820512822,,control,3.0,OH,HERITAGESPRING HEALTHCARE CENTER OF WEST CHESTER,,0
366303,56.0,3.0,83.46149572649574,0.2731999462835571,3.266850537087773,64.61360082304526,12.453183760683762,,control,3.0,OH,HIGHBANKS CARE CENTER,,0
366305,127.00000000000001,8.5,91.02254273504273,0.39409451425937375,3.9167757483820322,35.07376543209877,32.687222222222225,,control,3.0,OH,KINGSTON CARE CENTER OF SYLVANIA,,0
366306,99.80769230769232,3.5,75.60427350427352,0.30901196291485866,3.3427293859568423,67.5925514403292,17.086452991452994,,control,3.0,OH,VALLEY OAKS CARE CENTER,,0
366308,72.0,5.0,98.2595299145299,0.2444030413888047,3.3355229917954325,93.06497942386834,1.536923076923077,,control,3.0,OH,ALGART HEALTH CARE,,0
366309,52.269230769230774,3.0,76.0801282051282,0.37860847936060427,3.616221787783685,70.01333333333334,15.249209401709404,,control,3.0,OH,"ORCHARDS OF EAST LIVERPOOL, THE",,0
366310,34.11538461538461,33.0,93.5682905982906,0.5654006181368987,4.004181720114647,45.400925925925925,12.627136752136753,,control,3.0,OH,OHIO LIVING SARAH MOORE,,0
366313,100.61538461538463,4.0,71.83570512820513,0.4195135523599679,3.4840669635309216,89.399670781893,4.084850427350427,,control,3.0,OH,SCIOTO POINTE,,0
366314,21.452991452991455,0.0,65.74965811965812,1.920623989045455,7.1456672887120005,0.0,25.395662393162397,,control,3.0,OH,OTTERBEIN AT GRANVILLE,,0
366315,79.0,2.5,79.52256105006106,0.29662271366380955,3.908978803033598,56.576478542034096,5.739358974358974,,control,3.0,OH,GOLDEN ACRES LORAIN CO NURSING,,0
366317,60.0,1.0,93.91905982905982,0.6665110470963467,4.326712657670688,58.48860082304526,2.3954487179487183,,control,3.0,OH,PROMEDICA GOERLICH MEMORY CARE CENTER (SYLVANIA),,0
366318,67.4020979020979,4.0,95.21096930846932,0.3250783613232536,4.623330016554657,76.34885708941266,4.370301087801088,,control,3.0,OH,ALTERCARE AT SAINT JOSEPH CENTER INC,,0
366319,43.0,3.0,94.23948717948718,0.37551961132779815,4.539304040268849,10.621810699588476,26.358782051282052,,control,3.0,OH,TWIN LAKES,,0
366320,140.0,0.5,90.48403846153846,0.45937363865528963,3.3760228551543916,57.77086419753087,9.230320512820514,,control,3.0,OH,SHAWNEESPRING HEALTH CARE CENTER,,0
366323,95.0,4.0,98.96019230769232,0.20924367229448415,3.2310273129803506,95.31411522633745,2.2094444444444443,,control,3.0,OH,WAYSIDE FARM INC,,0
366324,24.0,4.0,96.39864672364672,0.408667378917379,3.1551746201329536,94.14115226337448,5.56792735042735,,control,3.0,OH,PINE KIRK CARE CENTER,,0
366325,427.0,5.0,97.24997863247864,0.281778298753146,4.544216559157382,0.0,1.8736752136752137,,control,3.0,OH,OHIO VETERANS HOME,,0
366327,122.00000000000001,4.5,89.52788461538464,0.43297112439319724,4.109999461586887,51.8282304526749,11.786816239316241,,control,3.0,OH,GLENDALE PLACE CARE CENTER,,0
366329,70.0,0.5,93.18162393162393,0.3783621071911847,4.2726151185102506,39.52065843621399,23.39452991452992,,control,3.0,OH,"HAMPTON WOODS NURSING CENTER, INC",,0
366331,88.0,7.5,94.38950854700855,0.3089059249965208,3.438763172874263,63.35559670781893,16.25326923076923,,control,3.0,OH,SIENNA SKILLED NURSING & REHABILITATION,,0
366332,92.0,7.5,96.35185897435898,0.27839219463540377,3.5348195670895537,80.5082304526749,6.096132478632478,,control,3.0,OH,HOME AT TAYLOR'S POINTE,,0
366333,164.0,2.0,97.41792735042736,0.29237851607299503,2.652687212864837,68.3245267489712,2.6801282051282054,,control,3.0,OH,SCENIC POINTE NURSING AND REHAB CTR,,0
366334,69.4508547008547,15.0,93.64886752136752,0.4610612171036039,4.600147241143418,49.206028806584364,10.307841880341881,,control,3.0,OH,"BETHANY NURSING HOME, INC",,0
366336,31.0,1.5,95.6955846930847,0.2727394801482238,3.1448879120313755,77.77294238683129,7.262886557886558,,control,3.0,OH,EDEN SPRINGS NURSING AND REHABILITATION EAST LLC,,0
366337,40.0,0.0,76.86140248640248,2.098468407786524,5.607867710437711,0.0,68.2465578865579,,control,3.0,OH,SELECT SPECIALTY HOSPITAL-CLEVELAND,,0
366338,68.65384615384616,0.0,91.8349358974359,0.4251309157689921,5.389569318459301,44.74584362139918,31.897051282051283,,control,3.0,OH,NATIONAL CHURCH RESIDENCES CHILLICOTHE,,0
366339,47.41880341880342,8.0,96.2658547008547,0.31415566774841325,4.698930613733516,20.714567901234567,31.83536324786325,,control,3.0,OH,OHIO LIVING LAKE VISTA,,0
366340,50.0,10.5,91.12380212380214,0.14499544063107894,2.8767207858010355,95.02263374485597,2.2222021497021496,,control,3.0,OH,HARDING POINTE,,0
366341,50.0,1.0,86.81196581196582,0.29874662869430313,4.316883670915647,69.13473251028805,3.6524358974358972,,control,3.0,OH,WAYNE COUNTY CARE CENTER,,0
366346,103.80769230769232,7.0,89.432905982906,0.4368077656057309,3.9437582112755765,44.43238683127572,21.360769230769233,,control,3.0,OH,MANOR OF GRANDE VILLAGE,,0
366347,94.84615384615385,10.5,91.68630341880342,0.303477295031513,3.7092839679492684,79.24868312757201,3.830341880341881,,control,3.0,OH,VERANDA GARDENS & ASSISTED LIVING,,0
366348,99.0,13.0,94.86367521367521,0.22615990656311313,3.4344199419549017,79.02090534979425,9.18534188034188,,control,3.0,OH,VENETIAN GARDENS,,0
366349,44.0,3.0,62.726,0.5250275862068966,3.6829264367816092,71.582,8.678,,control,3.0,OH,SAINT ANGELA CENTER,,0
366350,147.74786324786328,1.0,93.95844017094018,0.37429780576443167,4.202839392332425,48.474362139917694,17.707136752136755,,control,3.0,OH,GARDENS OF MCGREGOR AND AMASA STONE,,0
366351,168.0,2.0,79.37745726495727,0.31633640691844755,3.884857733982016,0.0,1.4721581196581197,,control,3.0,OH,OHIO VETERANS HOME - GEORGETOWN,,0
366352,54.307692307692314,5.5,93.90726495726497,0.2872434508697148,3.7865914891197456,54.95475308641976,15.3007905982906,,control,3.0,OH,EMERALD POINTE HEALTH AND REHAB CTR,,0
366353,110.89743589743591,10.5,92.46318376068376,0.3576595487207691,4.035840475106178,65.43292181069958,9.921923076923079,,control,3.0,OH,TUSCANY GARDENS,,0
366354,50.0,4.5,92.60683760683762,0.30150585822343307,5.441106817248906,64.34415637860081,13.696452991452992,,control,3.0,OH,AVALON BY OTTERBEIN AT PERRYSBURG,,0
366355,49.4957264957265,0.5,92.43732905982907,0.257125112562241,3.3497843346018032,92.36534979423868,4.335598290598291,,control,3.0,OH,SINGLETON HEALTH CARE CENTER,,0
366357,22.0,0.0,37.7520405982906,0.56348284662868,5.59837321937322,93.0513940329218,0.0,,control,3.0,OH,DOBBINS NURSING HOME INC,,0
366358,10.0,0.0,76.47435897435898,1.2247918192918192,6.261554945054945,8.29349794238683,63.737500000000004,,control,3.0,OH,OTTERBEIN NORTH SHORE,,0
366360,22.0,5.0,94.03433760683761,0.31021801163299145,3.302705883185641,76.74707818930041,7.7634401709401715,,control,3.0,OH,"VINEYARDS AT CONCORD, THE",,0
366361,50.0,7.0,89.35897435897436,0.45830998064515815,4.485593937105683,68.49222222222221,10.60448717948718,,control,3.0,OH,OTTERBEIN MONCLOVA,,0
366362,82.0,7.0,88.81784188034189,0.37370295338531645,3.436070292636218,52.31666666666666,9.929017094017095,,control,3.0,OH,HUNTINGTON WOODS CARE & REHAB CENTER,,0
366363,96.991452991453,9.0,85.31801282051282,0.6502724770678827,3.7402886407560265,55.766563786008234,22.158525641025644,,control,3.0,OH,LAURELS OF STEUBENVILLE THE,,0
366364,79.07692307692308,4.0,86.35465811965813,0.29556296874616406,3.4820550225227107,33.73843621399176,38.82138888888889,,control,3.0,OH,TRIPLE CREEK RETIREMENT COMMUNITY,,0
366367,72.0,0.0,89.5481623931624,0.7082450604824042,3.544157789364136,36.07868312757202,27.31155982905983,,control,3.0,OH,ALTERCARE OF CANAL WINCHESTER POST-ACUTE RC,,0
366368,50.0,6.0,89.86324786324786,0.26036482995465937,5.08929379436716,62.30625514403292,9.096047008547009,,control,3.0,OH,OTTERBEIN SPRINGBORO,,0
366370,63.0,0.0,85.81281274281275,0.4965405003054959,3.568000375804902,43.0819341563786,22.487368557368562,,control,3.0,OH,MILL CREEK NURSING & REHABILITATION,,0
366371,15.183760683760685,0.0,90.3866452991453,1.7679351851851852,5.204946937321938,0.0,50.465811965811966,,control,3.0,OH,SUMMIT TRANSITIONAL CARE UNIT,,0
366372,121.0,10.0,85.64091880341881,0.4947273522116142,5.220765022400372,44.95477366255144,18.283098290598293,,control,3.0,OH,KEYSTONE POINTE HEALTH AND REHABILITATION,,0
366373,60.0,0.0,79.6325641025641,1.0449616980339855,5.328152711354458,0.0,57.29598290598291,,control,3.0,OH,BROOKDALE WESTLAKE VILLAGE,,0
366374,72.0,0.0,88.92170681170681,0.6609546733393119,3.5791594812316014,33.09864197530864,24.39877492877493,,control,3.0,OH,TRUEMAN POINTE CARE CENTER,,0
366375,95.4879564879565,0.0,88.0139355089355,0.28823954087942766,3.482741443975973,48.344938271604946,9.86450530950531,,control,3.0,OH,MASTERNICK MEMORIAL HEALTH CARE CENTER,,0
366376,50.0,0.0,86.63636363636364,0.4061960682302337,5.795245590986945,46.7120987654321,23.47299792799793,,control,3.0,OH,OTTERBEIN MIDDLETOWN,,0
366378,60.60994560994561,0.0,87.50860657860657,0.29235007098707955,3.414415209533973,53.550740740740736,23.078233618233618,,control,3.0,OH,COVINGTON SKILLED NURSING & REHAB CENTER,,0
366380,144.0,0.0,86.50224423724424,0.34637081717741347,3.369027273242895,41.81831275720165,21.660534835534836,,control,3.0,OH,INDIANSPRING OF OAKLEY,,0
366381,99.1869981869982,0.0,75.24035353535353,0.36228236714402884,3.1104749881015668,59.11534979423868,16.043996373996375,,control,3.0,OH,CONCORD HEALTH & REHAB CTR,,0
366382,99.0,0.0,89.44970833333335,0.3009354559986973,3.5055857005375333,50.854855967078194,14.42172435897436,,control,3.0,OH,SAYBROOK LANDING,,0
366383,23.235042735042736,0.0,78.22423076923077,0.34959837606837607,5.661650854700856,47.415390946502065,1.074102564102564,,control,3.0,OH,MCGREGOR AT OVERLOOK,,0
366384,75.4879564879565,0.0,74.56133773633773,1.3880774694045985,6.798437513687231,34.458578126948495,26.468295778295776,,control,3.0,OH,CYPRESS POINTE HEALTH CAMPUS,,0
366386,24.0,0.0,91.19066563066565,1.0950127512614145,4.498471502715884,14.83810724529243,10.01006216006216,,control,3.0,OH,DEUPREE COTTAGES,,0
366387,102.35576923076924,0.0,93.33883333333333,0.39346238253894034,3.63423162495129,45.51543135054246,16.656141025641027,,control,3.0,OH,DARBY GLENN NURSING AND REHABILITATION CENTER,,0
366388,144.0,0.0,88.25897435897437,0.33256186598986726,3.297547637114854,41.91941015089163,21.29844871794872,,control,3.0,OH,STONESPRING OF VANDALIA,,0
366390,25.492747992747994,0.0,70.35234265734266,1.6521583509083508,4.61963900512004,1.1785858585858586,39.412314167314165,,control,3.0,OH,NORTH PARK CARE CENTER,,0
366391,83.0,0.0,75.44035353535354,1.2268534646357576,4.8291263661726775,49.63506222721038,13.671077441077443,,control,3.0,OH,ASTORIA SKILLED NURSING AND REHABILITATION,,0
366392,69.23258223258225,0.0,77.60386557886558,1.1065896036272944,6.810243312126465,49.08534355904726,10.23265604765605,,control,3.0,OH,BURBANK PARKE CARE CENTER,,0
366393,50.0,0.0,81.89510489510491,1.628944807907343,6.00286380276112,46.98167427360019,12.170415695415697,,control,3.0,OH,OTTERBEIN AT MAINEVILLE,,0
366394,97.0,0.0,81.31132371794872,0.5231074923022816,4.032361822130707,55.68909115849858,30.94787820512821,,control,3.0,OH,"AVENUE CARE AND REHABILITATION CENTER, THE",,0
366395,80.0,0.0,91.5514346764347,0.288020479694018,3.505477324743586,41.41197530864197,23.348406593406594,,control,3.0,OH,OAKS OF BRECKSVILLE,,0
366396,100.67948717948718,0.0,93.47555555555556,0.7369291488146807,4.189895553657053,41.06148148148148,18.851196581196582,,control,3.0,OH,"LAURELS OF ATHENS, THE",,0
366399,99.0,0.0,76.10221611721613,1.2511693467787812,4.972270497579204,17.09759259259259,37.36446886446887,,control,3.0,OH,COVENANT VILLAGE OF GREEN TOWNSHIP,,0
366401,13.0,0.0,63.73561965811967,2.3477122797837087,7.086911521018665,0.0,48.225680708180704,,control,3.0,OH,HERITAGE CORNER NURSING HOME,,0
366402,20.0,0.0,100.0,0.66215,5.5899,60.0,0.0,,control,1.0,OH,WILLOW RIDGE OF MENNONITE HOME COMMUNITIES OF OHIO,,0
366403,99.0,0.0,86.87,0.2411224734901559,3.1386564710015996,44.075,4.7,,control,1.0,OH,BATH CREEK ESTATES,,0
366404,80.0,0.0,91.25,0.6036262217191366,3.402198956367102,66.505,8.855,,control,1.0,OH,HERITAGE OF HUDSON,,0
366405,22.0,0.0,88.63499999999999,2.0455665204678364,6.165978487886383,0.0,56.84,,control,1.0,OH,WOOSTER COMMUNITY HOSPITAL SNF,,0
366406,75.0,0.0,73.33,0.2414486362150296,3.217845180047639,58.18,10.91,,control,1.0,OH,LAKES OF MONCLOVA HEALTH CAMPUS THE,,0
366407,70.0,0.0,88.57,1.0825780532324347,3.829219535882796,41.94,29.03,,control,1.0,OH,AVENUE AT MEDINA,,0
366409,62.0,0.0,85.48,0.7323408733428507,4.1280069492825735,0.0,54.72,,control,1.0,OH,KINGSTON REHABILITATION OF PERRYSBURG,,0
366410,60.0,0.0,89.16499999999999,0.33706824944552716,3.389954624392267,42.295,8.385,,control,1.0,OH,ST CLARE COMMONS,,0
366411,25.0,0.0,72.0,2.034697261072261,7.736917511655012,0.0,38.89,,control,1.0,OH,ROBERT A  BARNES CENTER,,0
366413,55.0,0.0,94.55,0.34058692995187534,3.102721774501566,73.08,13.46,,control,1.0,OH,OAKS AT BETHESDA THE,,0
366415,30.0,0.0,85.0,0.8604064297216472,3.7045794225902915,12.04,28.935,,control,1.0,OH,OHIO LIVING CAPE MAY,,0
366416,54.0,0.0,94.44,0.17556488620818306,3.31832065722695,74.51,13.73,,control,1.0,OH,VILLA VISTA ROYALE LLC,,0
366417,75.0,0.0,69.33,0.28068464055679176,2.621196716397515,80.315,1.565,,control,1.0,OH,COPPER KNOLL HEALTH & REHAB LLC,,0
366421,80.0,0.0,93.75,0.4603940733715475,3.4523272845517567,78.67,4.0,,control,1.0,OH,FLORENTINE GARDENS,,0
366422,30.0,0.0,73.33,0.4052169902976355,3.8901297129170116,45.45,18.18,,control,1.0,OH,ELMWOOD ASSISTED LIVING & SKILLED NURSING OF FREMO,,0
366423,86.0,0.0,83.72,0.5961983085699415,2.9358479920228637,56.94,2.78,,control,1.0,OH,MEADOWS OF OTTAWA THE,,0
366424,50.0,0.0,88.0,0.3301288499014827,5.152157032474723,68.18,9.09,,control,1.0,OH,OTTERBEIN NEW ALBANY,,0
366425,72.0,0.0,62.5,0.5057644214471878,3.430561009778242,62.22,6.67,,control,1.0,OH,GREEN VILLAGE SKILLED NURSING & REHABILITATION LTD,,0
366426,75.0,0.0,90.0,0.49819237178132536,3.1481046122578213,68.14,11.125,,control,1.0,OH,WOODS ON FRENCH CREEK NURSING & REHAB CENTER THE,,0
366427,99.0,0.0,71.72,0.3991264785512867,2.8801085312385823,81.69,5.63,,control,1.0,OH,LIBERTY NURSING CENTER OF COLERAIN INC,,0
366428,118.0,0.0,72.88,0.2209531820311454,4.170403266092272,53.49,2.33,,control,1.0,OH,O'NEILL HEALTHCARE FAIRVIEW PARK,,0
366430,50.0,0.0,92.0,0.6035753260614232,5.379610019376198,68.7,10.77,,control,1.0,OH,OTTERBEIN GAHANNA,,0
366431,98.0,0.0,96.94,0.8032080415781246,4.213829655769645,51.58,18.95,,control,1.0,OH,AVENUE AT AURORA,,0
366432,124.0,0.0,86.28999999999999,0.3078696444561214,3.490665886992695,70.195,7.345000000000001,,control,1.0,OH,SANCTUARY POINTE NURSING & REHABILITATION CENTER,,0
366433,100.0,0.0,77.5,0.5155836670764604,3.0420736635819,58.775,9.17,,control,1.0,OH,MAPLEVIEW COUNTRY VILLA,,0
366435,100.0,0.0,85.5,0.3655962289876612,3.9095310333659157,39.045,34.44,,control,1.0,OH,GRAND THE,,0
366436,120.0,0.0,97.5,0.5135020348209911,4.05474222346634,31.62,23.93,,control,1.0,OH,PROMEDICA SKILLED NURSING & REHAB SYLVANIA,,0
366437,99.0,0.0,96.97,0.5947009715370308,3.727371668741793,64.58,14.58,,control,1.0,OH,ARLINGTON POINTE,,0
366438,20.0,0.0,80.0,1.9823079094108507,5.321870949312126,0.0,68.75,,control,1.0,OH,TIFFIN REHABILITATION CENTER,,0
366439,50.0,0.0,92.0,0.44840774258963634,5.079784502595965,69.57,6.52,,control,1.0,OH,OTTERBEIN UNION TOWNSHIP,,0
366440,96.0,0.0,92.71,0.1970522187949434,3.081509073498096,22.47,7.87,,control,1.0,OH,HIGHLAND POINTE HEALTH & REHAB CENTER,,0
366441,80.0,0.0,96.25,0.29270371929264294,3.2510930771473268,29.87,9.09,,control,1.0,OH,SEVEN HILLS HEALTH & REHAB CENTER,,0
366442,26.0,0.0,42.31,0.9707029919311183,5.495130527143248,0.0,63.64,,control,1.0,OH,CENTER FOR REHABILITATION AT HAMPTON WOODS THE,,0
366443,51.0,0.0,91.18,0.6946549746447714,4.393538073160579,7.57,53.89,,control,1.0,OH,BELPRE LANDING NURSING AND REHABILITATION,,0
366444,50.0,0.0,98.0,0.29018516805427075,3.7153172987974097,55.125,13.25,,control,1.0,OH,VANCREST OF ADA,,0
366445,50.0,0.0,87.0,0.37873687446248416,5.383632394795809,47.17,10.31,,control,1.0,OH,OTTERBEIN LOVELAND,,0
366446,99.0,0.0,93.94,0.3341998500440568,3.051180355985723,67.225,15.04,,control,1.0,OH,MEADOW GROVE TRANSITIONAL CARE,,0
366447,72.0,0.0,84.72,0.3102482463129351,3.5059184062638917,29.51,36.07,,control,1.0,OH,CONCORD VILLAGE SKILLED NURSING & REHABILITATION,,0
366449,40.0,0.0,100.0,0.8288169140800721,3.5755132034868877,57.5,7.5,,control,1.0,OH,PARK VILLAGE HC NP LLC,,0
366450,42.0,0.0,85.71,0.8752044970602257,5.029351024418665,0.0,91.67,,control,1.0,OH,JAMESTOWNE REHABILITATION,,0
366452,62.0,0.0,74.19,0.33936671394249396,2.892794647053375,52.17,23.91,,control,1.0,OH,"LAKES OF SYLVANIA, THE",,0
366453,32.0,0.0,84.38,0.6834315906562847,3.882279384501298,48.15,14.81,,control,1.0,OH,SHEPHERD OF THE VALLEY POLAND,,0
366454,98.0,0.0,73.47,0.47966997425969093,3.9401211118944417,75.0,6.94,,control,1.0,OH,AVENUE AT MACEDONIA,,0
366455,99.0,0.0,95.96,0.3690644800939928,3.099934159792774,44.21,17.89,,control,1.0,OH,MENTOR RIDGE HEALTH AND REHABILITATION,,0
366456,20.0,0.0,100.0,0.4605042016806723,3.907757352941176,0.0,35.0,,control,1.0,OH,WINDSOR MEDICAL CENTER INC,,0
366459,90.0,0.0,87.225,0.3518999941486061,3.128775625980656,50.58,22.785,,control,1.0,OH,BRUNSWICK POINTE TRANSITIONAL CARE,,0
366460,72.0,0.0,81.25,0.6244640904530299,3.673460755033299,23.46,21.509999999999998,,control,1.0,OH,CANFIELD ACRES LLC DBA WINDSOR HOUSE AT CANFIELD,,0
366461,54.0,0.0,79.63,0.4559451000549838,3.5608172356713057,11.63,39.53,,control,1.0,OH,WOODED GLEN,,0
366462,87.0,0.0,72.41499999999999,0.42961919557290795,3.893407464191106,49.265,13.995,,control,1.0,OH,CANAL WINCHESTER CARE CENTER,,0
366463,82.0,0.0,95.12,0.813583216908625,3.927450923425945,44.795,22.415,,control,1.0,OH,AVENUE AT WOOSTER,,0
366464,54.0,0.0,100.0,0.6602854363761008,3.7288468275061963,44.44,16.67,,control,1.0,OH,SPRINGS OF LIMA THE,,0
366465,54.0,0.0,72.22,1.1808498448722853,4.309144987302902,35.9,33.33,,control,1.0,OH,GLEN THE,,0
366468,25.0,0.0,88.0,0.3564083333333333,3.0880111111111113,54.55,0.0,,control,1.0,OH,VANCREST OF PAYNE,,0
366469,69.0,0.0,92.75,0.3422076187795058,3.230353918220375,68.75,10.94,,control,1.0,OH,SIENA GARDENS REHABILITATION & TRANSITIONAL CARE,,0
366470,16.0,0.0,43.75,6.378666666666667,20.026333333333334,0.0,25.0,,control,1.0,OH,WESLEY WOODS AT NEW ALBANY,,0
395001,137.2991452991453,2.0,92.02728632478633,0.6146225182209241,3.707718725982637,50.098930041152265,6.402927350427351,,control,3.0,PA,PASSAVANT RETIREMENT AND HEALT,,0
395006,296.0,4.5,95.63188034188035,0.8370624013580181,3.813734668034898,50.30927983539095,9.803440170940172,,control,3.0,PA,ST JOSEPH'S MANOR,,0
395010,360.0,0.5,99.07989316239318,0.5524562427501776,3.541014164964337,69.51905349794238,6.110277777777778,,control,3.0,PA,NESHAMINY MANOR HOME,,0
395011,97.0,4.0,85.98344017094017,0.3911671008038236,3.593437865982424,67.22967078189299,6.452371794871795,,control,3.0,PA,PLATINUM RIDGE CTR FOR REHAB & HEALING,,0
395012,152.25213675213678,3.5,92.83057692307693,0.30652321716918907,3.8270216685044067,39.86199588477366,13.716196581196582,,control,3.0,PA,BROOKVIEW HEALTH CARE CENTER,,0
395013,48.0,8.5,94.97423076923079,0.7603742840034426,3.465009026368441,60.216748971193425,14.674871794871795,,control,3.0,PA,ELDERCREST REHABILITATION & HEALTHCARE CENTER,,0
395015,589.0,7.5,85.8007905982906,0.5509500142142343,3.131972855922774,82.70067901234567,6.329615384615385,,control,3.0,PA,Brighton Rehabilitation and Wellness Center,,0
395018,99.0,4.0,99.85108974358975,1.2291962998301236,5.42909129537069,95.69800411522634,1.786923076923077,,control,3.0,PA,GOOD SHEPHERD HOME RAKER CENTER,,0
395019,153.0,3.5,92.45087606837608,0.586859344087601,4.896565151192342,78.80185185185186,9.434358974358975,,control,3.0,PA,ARISTACARE AT MEADOW SPRINGS,,0
395020,126.0,5.5,90.54418803418804,0.6819953011960024,3.4707441518146465,57.071748971193415,5.567329059829061,,control,3.0,PA,BAPTIST HOMES OF WESTERN PENNSYLVANIA,,0
395023,143.0,3.0,80.48061965811966,0.6411138409359819,3.5507349166726225,52.05724279835391,13.945384615384617,,control,3.0,PA,PHOEBE RICHLAND HCC,,0
395031,90.0,4.0,76.76096153846154,0.4860161927419945,3.2979078332251097,69.6208024691358,13.107799145299145,,control,3.0,PA,HAVEN PLACE REHABILITATION AND NURSING CENTER,,0
395032,115.0,10.0,90.4666452991453,0.3278722700120958,2.467869823797403,74.45251028806584,4.319594017094017,,control,3.0,PA,McMurray Hills Rehabilitation and Healthcare Cente,,0
395034,182.8717948717949,2.0,90.93235042735044,0.691169381610059,3.7280678282476143,52.799958847736626,6.20440170940171,,control,3.0,PA,Vincentian Home,,0
395044,85.0,3.0,86.48079059829061,0.6690897996362553,3.223945743928248,75.08045267489712,6.187029914529915,,control,3.0,PA,OAKMONT CENTER FOR NURSING & REHABILITATION,,0
395050,132.0,2.5,99.24649572649574,0.4859970572403776,4.375501518688228,63.406460905349796,2.345769230769231,,control,3.0,PA,GARVEY MANOR,,0
395058,159.0,1.5,84.3123076923077,0.15269675059621693,4.015853769885082,54.354876543209876,13.719594017094018,,control,3.0,PA,REST HAVEN-YORK,,0
395067,83.27564102564104,4.5,90.40626068376068,0.4175392772263632,3.3268089783512194,44.86582304526749,24.36337606837607,,control,3.0,PA,GREEN RIDGE CARE CENTER,,0
395074,404.00000000000006,3.0,86.91636752136753,0.37284099494440376,3.4831514532785306,79.21716049382715,5.8966666666666665,,control,3.0,PA,SPRING CREEK REHABILITATION AND NURSING CENTER,,0
395075,97.0,3.5,84.9131623931624,0.5638007295892641,3.635119602479551,44.78775720164609,28.753247863247864,,control,3.0,PA,NEW EASTWOOD HEALTHCARE AND REHABILITATION CENTER,,0
395080,395.0,6.0,88.82852564102565,0.4033244517174899,3.9558568380297237,50.91862139917695,16.621773504273506,,control,3.0,PA,PHOEBE ALLENTOWN HEALTH CARE CENTER,,0
395094,420.0,2.5,98.22873931623931,0.45269892511529497,3.2180262266823445,78.9777366255144,5.8366452991452995,,control,3.0,PA,BERKS COUNTY HOME- BERKS HEIM,,0
395095,151.51709401709402,1.5,47.17608974358975,0.9130355202052247,4.5747364838456575,0.0,29.761517094017094,,control,3.0,PA,BRYN MAWR VILLAGE,,0
395101,59.74358974358975,1.5,82.83376068376069,0.7112968581560818,3.9934651832651142,47.53251028806584,24.42871794871795,,control,3.0,PA,SAYRE HEALTH CARE CENTER,,0
395102,40.0,6.0,86.11187423687424,0.5015387484554151,4.124232086023754,82.2230452674897,6.49464590964591,,control,3.0,PA,MALTA HOME,,0
395103,173.0,5.0,94.39587606837608,0.5869189997609867,4.0157532910595855,69.7525720164609,7.798846153846155,,control,3.0,PA,"ELAN SKILLED NURSING AND REHAB, A JEWISH SENIOR LI",,0
395104,112.0,1.5,95.35694444444445,0.5949589811095014,4.052394850174117,63.325967078189294,9.045235042735044,,control,3.0,PA,SAINT MARY'S VILLA NURSING HOM,,0
395105,60.0,1.0,90.53279914529915,0.6501660090039361,3.2628040399688305,51.462098765432096,13.939957264957267,,control,3.0,PA,MOSSER NURSING HOME,,0
395108,270.0,6.0,92.25230769230771,0.2587823938410298,3.9095309997895398,44.94041152263375,9.875235042735044,,control,3.0,PA,"CROSS KEYS VILLAGE-BRETHREN HOME COMMUNITY, THE",,0
395110,148.0,3.5,90.22288461538463,0.6050518285611899,3.443148641577122,74.64144032921811,11.36448717948718,,control,3.0,PA,OAKWOOD HEALTHCARE & REHABILITATION CENTER,,0
395117,198.85703185703187,5.5,94.40273892773894,0.4742899663114553,3.189982168377146,46.973436213991775,11.326814296814298,,control,3.0,PA,"LUTHERAN HOME AT TOPTON, THE",,0
395118,114.0,6.0,90.20621794871796,0.42878763081677235,3.4810817144838837,61.56390946502057,8.831282051282052,,control,3.0,PA,QUALITY LIFE SERVICES - CHICORA,,0
395121,154.0,1.5,94.90495726495728,0.34747213769630403,3.619728618422436,75.33156378600825,6.76940170940171,,control,3.0,PA,SIMPSON HOUSE INC,,0
395134,288.34615384615387,2.5,97.48495726495727,0.24770125878287028,5.786885090691209,95.37584362139918,3.6810897435897436,,control,3.0,PA,INGLIS HOUSE,,0
395135,54.0,2.0,85.88854700854701,1.2692987117014474,3.751168602856673,49.07123456790123,21.063782051282054,,control,3.0,PA,PENNYPACK REHAB AND CARE CENTER,,0
395138,136.0,2.0,96.12433760683761,0.6790946042022852,3.339643661639428,55.05895061728395,16.46647435897436,,control,3.0,PA,MIFFLIN CENTER,,0
395146,78.78846153846155,12.0,94.15510683760685,0.6723360640613142,3.4898489624464446,47.13094650205761,7.54508547008547,,control,3.0,PA,Canterbury Place,,0
395158,154.0,2.0,90.49036324786326,0.37380468438588066,3.424034755957692,69.39211934156378,6.328012820512821,,control,3.0,PA,KADIMA REHABILITATION & NURSING AT GREENVILLE,,0
395164,298.7692307692308,2.0,72.06482905982907,0.6686006167508798,3.6475765777175164,57.66189300411523,6.9126709401709405,,control,3.0,PA,St John specialty Care Center,,0
395166,180.0,4.0,90.1099358974359,0.49822252523935795,3.6616512963761227,77.81905349794238,7.508226495726497,,control,3.0,PA,AVENTURA AT PEMBROOKE,,0
395173,110.0,2.5,90.48948717948718,0.4811479384940468,3.3941776199166473,66.22930041152263,19.7632264957265,,control,3.0,PA,WESTGATE HILLS REHABILITATION AND NURSING CTR,,0
395174,80.0,4.5,81.21260683760684,0.44431008178242604,3.1676683718072,78.219012345679,10.578696581196581,,control,3.0,PA,ABINGTON CREST HEALTHCAREANDREHABILITATION CENTER,,0
395176,100.0,13.0,95.97008547008548,0.5562253238865166,3.3949390455053123,78.75024691358024,6.068482905982906,,control,3.0,PA,Ambler Extended Care Center,,0
395180,105.53418803418803,3.0,93.4579700854701,0.26289222142135654,4.174577839457253,32.51779835390946,7.527991452991453,,control,3.0,PA,CORNWALL MANOR,,0
395182,226.0,3.5,96.07168803418804,0.5091531806139449,3.586198357510372,64.8438683127572,5.075854700854701,,control,3.0,PA,ST JOHN NEUMANN CTR FOR REHAB & HEALTHCARE,,0
395188,130.0,7.0,91.95905982905984,0.5544247338383685,3.249952276474323,62.03104938271605,18.87076923076923,,control,3.0,PA,BUCKINGHAM VALLEY REHABILITATION AND NURSINGCENTER,,0
395194,60.0,9.5,83.76655982905983,1.3627159382320568,5.554970688173249,76.01168724279836,4.788931623931624,,control,3.0,PA,FOX SUBACUTE CENTER,,0
395203,180.0,0.5,87.16963675213675,0.4396903736774001,3.7258223077514536,74.0625514403292,9.036623931623932,,control,3.0,PA,AVENTURA AT PROSPECT,,0
395206,106.00000000000001,3.0,95.22068376068377,0.491127637105241,4.0011495071995355,55.67864197530864,5.273141025641026,,control,3.0,PA,SARAH REED SENIOR LIVING,,0
395217,82.0,1.5,88.78711538461539,0.5840681852145773,3.1924456731512976,62.72386831275722,16.176517094017093,,control,3.0,PA,RICHBORO REHABILITATION & NURSING CENTER,,0
395226,192.06837606837607,3.0,95.79700854700855,0.3064261425668864,3.3253101118230264,76.03635802469135,9.741645299145299,,control,3.0,PA,SPRUCE MANOR NURSING & REHABILITATION CENTER,,0
395227,120.0,10.0,91.62497863247864,0.5249870440938824,3.771775112400788,72.0427160493827,9.66957264957265,,control,3.0,PA,BROOKSIDE HEALTHCARE & REHABILITATION CENTER,,0
395228,48.03846153846154,2.0,85.93775641025641,0.6635997941119893,4.1490379381659865,66.17090534979424,13.664081196581197,,control,3.0,PA,COLE PLACE,,0
395235,51.13782051282052,1.0,78.9018376068376,1.9631605235042735,4.39194123931624,0.0,3.612532051282052,,control,3.0,PA,FOULKEWAYS AT GWYNEDD,,0
395243,61.00000000000001,2.0,90.8788888888889,0.506826695106281,3.3821305941046504,72.37880658436214,11.651431623931625,,control,3.0,PA,LAUREL RIDGE CENTER,,0
395244,192.0,5.5,98.08277777777778,0.28130994469276116,3.551864030154378,58.280061728395054,7.799529914529915,,control,3.0,PA,SAINT PAUL HOMES,,0
395248,103.00000000000001,7.5,93.61568376068377,0.4565067554824793,3.3631283721822536,81.24427983539094,5.80897435897436,,control,3.0,PA,TRANSITIONS HEALTHCARE AUTUMN GROVE CARE CENTER,,0
395250,208.0,2.0,91.5659829059829,0.6615848645051243,3.8126939839832366,56.482736625514406,12.043803418803417,,control,3.0,PA,Holy Family Manor,,0
395260,115.0,2.0,94.53314102564103,0.5256122532057622,3.266114651945699,76.80111111111111,9.122777777777777,,control,3.0,PA,Carbondale Rehabilitation and Healthcare Center,,0
395261,102.0,1.5,93.80475524475526,0.19972187890148418,3.3874946398170858,60.406399176954736,9.789972804972805,,control,3.0,PA,BUFFALO VALLEY LUTHERAN VILLAG,,0
395263,25.0,0.0,58.4,3.7284899521531107,7.747800000000002,0.0,42.304,,control,3.0,PA,MARY EVANS EXTENDED CARE CTR,,0
395264,146.0,2.5,90.75448717948717,0.821242684293015,3.204768713489271,76.42053497942386,11.192564102564104,,control,3.0,PA,JEWEL HEALTHCARE AND REHABILITATION CENTER,,0
395278,106.00000000000001,3.5,93.28752136752138,1.04860487656623,4.495311912900726,50.81444444444444,16.589871794871797,,control,3.0,PA,SAINT JOSEPH VILLA,,0
395279,138.0,10.0,89.87536324786325,0.39126122513375683,3.8166321236921417,61.44888888888889,12.29888888888889,,control,3.0,PA,PINECREST MANOR,,0
395282,273.0,3.0,92.83267094017096,0.41918897761380486,3.856522494144465,66.41720164609052,7.706730769230769,,control,3.0,PA,ST FRANCIS CENTER FOR REHABILITATION & HEALTHCARE,,0
395285,58.0,5.0,92.4894968919969,0.6297000999437923,3.411289041921293,73.54539094650205,5.991188811188811,,control,3.0,PA,BARNES-KASSON COUNTY HOSPITAL,,0
395292,210.0,4.0,92.71946581196582,0.19625974793568285,3.16109550500709,57.592304526748975,9.384529914529915,,control,3.0,PA,Wesbury United Methodist Commu,,0
395296,244.00000000000003,2.5,89.69871794871796,0.4591207587993887,3.408642712529753,81.80679012345678,5.287628205128206,,control,3.0,PA,MEADOWVIEW REHABILITATION AND NURSING CENTER,,0
395305,53.00000000000001,19.0,95.79425213675214,0.6535164175314714,3.79595728057595,25.916296296296295,13.266175213675213,,control,3.0,PA,CHANDLER HALL HEALTH SERVICES,,0
395307,50.47863247863248,1.5,90.33833333333332,0.5736757741306501,3.9197509794710155,0.0,5.758910256410257,,control,3.0,PA,Kendal At Longwood,,0
395316,48.0,2.0,95.88393162393163,0.575665582296179,3.9391957467280525,55.00621399176955,19.96957264957265,,control,3.0,PA,ST LUKE'S REHABILITATION AND NURSING CENTER,,0
395317,29.0,17.0,70.38512626262627,1.3103859612254753,4.135779965203879,54.20479797979798,28.24450271950272,,control,3.0,PA,SUNBURY COMMUNITY HEALTH AND REHABILITATION CENTER,,0
395318,120.0,4.0,85.82017094017095,0.324928996069199,3.4782826049463784,64.18271604938272,15.26448717948718,,control,3.0,PA,"Green Home, Inc, The",,0
395321,115.51282051282053,1.5,90.15923076923077,0.5698229777523028,4.06240459583051,13.533744855967083,24.875918803418806,,control,3.0,PA,"RYDAL PARK OF PHILADELPHIA PRESBYTERY HOMES, INC",,0
395325,125.87179487179489,5.5,93.95581196581198,0.4514966994272404,4.973915596233478,28.706584362139917,9.567777777777778,,control,3.0,PA,MORAVIAN MANOR,,0
395326,87.0,3.5,95.48916666666668,0.534602173171784,3.902423979501196,65.22156378600823,7.867735042735044,,control,3.0,PA,"ZERBE SISTERS NURSING CENTER,",,0
395328,127.98412698412699,1.0,96.2403083028083,0.3778942307692308,3.8376815984940986,39.714656084656085,7.5885439560439565,,control,3.0,PA,BRETHREN VILLAGE,,0
395329,81.0,4.5,89.80072649572651,1.012521374461471,4.822351665703298,0.0,29.03717948717949,,control,3.0,PA,WILLIAM HOOD DUNWOODY CARE CTR,,0
395330,255.00000000000003,1.5,93.02230769230769,0.30130478788611265,2.6097366663583212,83.11720164609054,5.6457478632478635,,control,3.0,PA,Independence Rehab and Nursing,,0
395332,112.0,2.5,88.12491452991453,0.9518182659376148,3.6443206522328624,61.52650205761316,16.20594017094017,,control,3.0,PA,WAYNE CENTER,,0
395336,130.0,1.0,80.30805555555557,0.5849696107356667,3.937754070842769,32.221481481481476,10.646346153846155,,control,3.0,PA,QUARRYVILLE PRESBYTERIAN RETIREMENT COMMUNITY,,0
395338,296.0,4.5,96.30925213675214,0.5657450625806113,3.6112322955538185,62.110082304526756,7.569294871794873,,control,3.0,PA,IMMACULATEMARYCENTER FOR REHABILITATION&HEALTHCARE,,0
395341,120.0,7.5,96.2040811965812,0.5273796178141696,3.695271344212382,56.82613168724279,20.26527777777778,,control,3.0,PA,ELK HAVEN NURSING HOME,,0
395342,106.25213675213676,1.5,95.68,0.9435559623153863,3.345612625599877,75.56222222222223,11.31931623931624,,control,3.0,PA,HOPKINS CENTER,,0
395343,152.0,3.0,80.71270202020202,0.3998175586441543,4.02946237347935,58.86271604938272,12.336203703703704,,control,3.0,PA,Myerstown Nursing and Rehab LLC,,0
395346,119.0,4.0,91.40970085470086,0.4875342294372608,2.8876956737230715,83.56407407407409,7.631645299145299,,control,3.0,PA,ONYX WELLNESS CENTER,,0
395349,45.0,1.5,92.94382478632478,0.7727770476929161,3.8744642539644767,49.974691358024685,7.998803418803418,,control,3.0,PA,CALVARY FELLOWSHIP HOMES INC,,0
395352,120.0,0.5,89.52066239316241,0.4141801496441417,3.453635573573065,64.59720164609054,14.70198717948718,,control,3.0,PA,BROAD ACRES HEALTH AND REHABILITATION,,0
395355,95.0,7.0,89.52068376068377,0.4892340357987514,3.633728033979126,72.05397119341562,9.546495726495726,,control,3.0,PA,"PAVILION AT BRMC, THE",,0
395356,40.0,2.0,90.44337606837608,0.6372711952026469,3.912160214498304,62.22897119341563,9.560897435897436,,control,3.0,PA,"GUY AND MARY FELT MANOR, INC",,0
395360,180.0,1.0,98.1791452991453,0.445315654613064,3.2645580435688166,78.99329218106995,6.663183760683761,,control,3.0,PA,GERMANTOWN HOME,,0
395361,369.36752136752136,11.0,87.54951175213677,0.3537412683782579,3.4584308111700923,78.02938271604938,3.9218330743330747,,control,3.0,PA,PLEASANT RIDGE MANOR EAST/WEST,,0
395366,115.46581196581198,5.5,59.6449358974359,1.2013281124824406,4.218180003187122,17.483703703703704,35.0415811965812,,control,3.0,PA,PINE RUN HEALTH CENTER,,0
395367,137.0,5.5,94.12942307692309,0.6774383596183248,3.673102357429853,49.27718106995885,15.550405982905982,,control,3.0,PA,OXFORD HEALTH CENTER,,0
395370,140.0,1.0,82.8307905982906,0.776537929138879,4.196444705566073,42.898065843621396,7.195598290598291,,control,3.0,PA,LUTHER WOODS NURSING AND REHABILITATION CENTER,,0
395375,79.0,2.0,92.91517094017095,0.4697453003337352,3.66395283703348,48.577633744855966,10.992243589743591,,control,3.0,PA,SWAIM HEALTH CENTER,,0
395378,134.0,1.5,93.75256410256412,0.4237752015628101,4.043696868429471,55.55880658436214,14.243504273504273,,control,3.0,PA,QUINCY RETIREMENT COMMUNITY,,0
395381,47.0,2.5,77.78648795648796,0.7434696205893054,3.455939741353873,40.00696221473999,29.159349261849265,,control,3.0,PA,VALENCIA WOODS AT ST BARNABAS,,0
395382,120.0,6.5,82.22675213675214,0.4725377837022543,3.098667932147345,59.98366255144034,9.058482905982906,,control,3.0,PA,KADIMA REHABILITATION & NURSING AT IRWIN,,0
395384,275.0,5.5,96.2308547008547,0.24542095986476792,3.639550504656139,84.52343621399177,3.8604273504273507,,control,3.0,PA,POCOPSON HOME,,0
395386,69.0,1.0,97.58352564102564,0.33723497498083316,3.8945097495167977,23.380246913580248,17.54034188034188,,control,3.0,PA,BETHANY VILLAGE RETIREMENT CENTER,,0
395387,67.0,0.5,98.38991452991453,0.4323453238750024,4.079313612812752,72.75460905349794,8.23061965811966,,control,3.0,PA,FULTON COUNTY MEDICAL CENTER,,0
395388,62.52136752136752,1.5,80.00773504273505,0.8368057530066788,4.928519166220251,0.0,7.914252136752137,,control,3.0,PA,Crosslands,,0
395390,121.0,1.5,90.20297008547008,0.3585979063188024,3.779639303297733,53.120658436213986,11.701794871794872,,control,3.0,PA,NOTTINGHAM VILLAGE,,0
395394,131.0,2.0,47.16996260683761,2.157405631205377,6.6668198564825545,0.0,51.69912927350427,,control,3.0,PA,DEVON MANOR,,0
395401,85.0,4.0,94.3392735042735,0.5421827322640588,3.7986617037190133,58.04353909465021,7.475170940170941,,control,3.0,PA,"BALL PAVILION, THE",,0
395404,141.0,5.0,84.60014957264957,0.28917208128339544,3.3671854719964367,82.22181069958847,8.459615384615384,,control,3.0,PA,"LECOM AT PRESQUE ISLE, INC",,0
395405,138.0,3.5,92.56957264957265,0.5810284532780101,3.1178403627814206,67.59621399176953,12.965940170940172,,control,3.0,PA,QUAKERTOWN CENTER,,0
395406,106.00000000000001,1.5,95.95188034188035,0.3996338390921581,3.877691811673147,38.84094650205762,10.67104700854701,,control,3.0,PA,LUTHER ACRES MANOR,,0
395408,130.0,4.0,93.85138888888889,0.6355128197386798,3.754018943674412,69.69388888888889,11.386709401709403,,control,3.0,PA,LAUREL CENTER,,0
395413,120.0,4.5,94.68489316239317,0.5083778898776292,3.5183167883173914,60.90588477366255,6.697200854700855,,control,3.0,PA,WESLEY ENHANCED LIVING PENNYPACK PARK,,0
395416,142.0,5.5,92.400405982906,0.2574326384305225,3.3630308385773704,77.43555555555554,8.424957264957266,,control,3.0,PA,Rosewood Rehabilitation and Nursing Center,,0
395423,146.9102564102564,1.5,82.63012820512822,0.3660996395217134,3.445932865048528,79.50691358024692,7.772179487179487,,control,3.0,PA,CHAMPION CITY NURSING AND REHABILITATION CENTER,,0
395425,206.00000000000003,1.0,92.77871794871795,0.5955857897630178,3.4001698683176484,59.282263374485595,12.663269230769231,,control,3.0,PA,DEER MEADOWS REHABILITATION CENTER,,0
395426,122.80769230769232,3.0,91.15647435897436,0.23907790868996992,2.9133958540173985,65.54993827160493,8.571132478632478,,control,3.0,PA,"PREMIER AT PERRY VILLAGE FOR NURSING AND REHAB, LL",,0
395427,89.0,4.0,93.58991452991452,0.3688599943172841,3.436461270358818,53.6429012345679,8.391410256410257,,control,3.0,PA,LUTHERAN HOME AT HOLLIDAYSBURG,,0
395428,194.0,4.0,91.655,0.22346440946203913,3.1166317294936814,61.83020576131687,11.184102564102563,,control,3.0,PA,NORTHERN DAUPHIN NURSING AND REHABILITATION CENTER,,0
395430,140.0,4.5,93.18551282051283,0.574372956392696,4.185973130854249,63.12283950617284,11.356602564102566,,control,3.0,PA,Dubois Nursing Home,,0
395431,180.0,6.5,94.35694444444445,0.3330302206288797,3.2017459016478726,83.08650205761316,5.316623931623932,,control,3.0,PA,MAJESTIC OAKS REHABILITATION AND NURSING CENTER,,0
395435,408.0,3.5,97.12897435897438,0.5082224862469877,3.502034298545775,81.2335390946502,2.7502564102564104,,control,3.0,PA,Westmoreland Manor,,0
395436,110.0,19.0,88.00871794871796,0.9294250502250454,3.773689774622736,40.708724279835394,22.063717948717947,,control,3.0,PA,HICKORY HOUSE NURSING HOME,,0
395437,100.0,1.0,90.79700854700855,0.4294268613513566,4.992034640622853,40.224650205761314,9.219059829059828,,control,3.0,PA,LEBANON VALLEY BRETHREN HOME,,0
395438,100.0,2.5,90.25427350427351,0.44961734571283823,3.4484912343157714,45.36878600823045,19.734871794871797,,control,3.0,PA,SPIRITRUST LUTHERAN THE VILLAGE AT SHREWSBURY,,0
395445,184.0,1.5,92.32331196581197,0.41341162639979323,4.5101409804219665,26.15121399176955,9.534829059829061,,control,3.0,PA,MESSIAH LIFEWAYS AT MESSIAH VILLAGE,,0
395446,120.0,5.5,92.7483547008547,0.6376499390237169,2.9401306828894445,81.4135390946502,7.453568376068377,,control,3.0,PA,IVORY WELLNESS CENTER,,0
395448,43.0,0.0,80.53623931623932,0.5194823259099576,3.3491431786003676,84.5488477366255,1.1579273504273506,,control,3.0,PA,BUCKTAIL MEDICAL CENTER,,0
395449,239.26068376068378,3.0,95.39818376068376,0.7618899212045078,3.1642555310132057,84.13744855967079,6.192799145299145,,control,3.0,PA,CHAPEL MANOR,,0
395454,467.37820512820514,1.5,92.36707264957265,0.4797063883232461,3.635915445741593,79.4317695473251,4.456837606837607,,control,3.0,PA,PARKHOUSE REHABILITATION AND NURSING CENTER,,0
395458,120.0,1.0,80.70292735042736,0.41484354759432707,3.5541077902605,67.4341975308642,15.968311965811967,,control,3.0,PA,CLARVIEW NURSING AND REHAB CEN,,0
395459,180.0,2.0,94.8497435897436,0.6460060512104912,3.236987591382089,61.49574074074074,16.31034188034188,,control,3.0,PA,CRESTVIEW CENTER,,0
395460,160.0,3.0,95.80527777777777,0.2580336516943914,4.344822396977092,60.42477366255143,9.56309829059829,,control,3.0,PA,CHRIST THE KING MANOR,,0
395461,180.0,2.0,96.84055555555557,0.4563184265131678,3.194349963643494,80.2258230452675,8.580235042735044,,control,3.0,PA,TUCKER HOUSE NURSING AND REHABILITATION CENTER,,0
395465,675.0427350427351,2.0,95.17818376068377,0.4769790560527792,3.3316071186361,85.73960905349796,6.350299145299146,,control,3.0,PA,CEDARBROOK SENIOR CARE AND REHABILITATION,,0
395467,142.45512820512823,2.5,80.21198717948718,0.8671387267595243,3.7398389445825755,21.422962962962963,9.834935897435898,,control,3.0,PA,Cathedral Village,,0
395473,52.621794871794876,1.5,93.69512820512821,1.2870918111612433,4.377352967255695,0.0,5.813311965811966,,control,3.0,PA,Pennswood Village,,0
395475,92.73076923076924,0.5,98.11688034188035,0.29499189290994565,4.9050876479847405,40.5824074074074,8.093568376068376,,control,3.0,PA,HOMELAND CENTER,,0
395476,719.7820512820513,3.0,89.13358974358974,0.3354861354257352,3.514426483779085,73.61475308641975,7.3075,,control,3.0,PA,NORTHAMPTON COUNTY-GRACEDALE,,0
395478,439.0641025641026,4.0,91.9478418803419,0.5472607353323357,3.5503835167210975,97.36242798353908,1.8922222222222225,,control,3.0,PA,PHILADELPHIA NURSING HOME,,0
395479,181.0,0.0,92.03596153846155,0.4666866348059776,3.485382870548755,71.78569958847737,6.218846153846154,,control,3.0,PA,GWYNEDD HEALTHCARE AND REHABILITATION CENTER,,0
395480,143.008547008547,6.0,91.563952991453,0.2849899615909923,3.802863181244588,51.524876543209885,19.07294871794872,,control,3.0,PA,Mahoning Operating LLC,,0
395481,180.0,0.5,96.95805555555557,0.7288921703428262,3.2394397546141738,82.79613168724279,6.752478632478633,,control,3.0,PA,HILLCREST CENTER,,0
395489,121.0,3.5,91.49923076923078,0.3874368178356348,3.41198130899647,71.22625514403292,10.007841880341882,,control,3.0,PA,Corry Manor,,0
395490,120.0,2.5,86.18042735042737,0.6386325973629632,3.4535676512013183,0.0,6.291260683760685,,control,3.0,PA,WILLOWBROOKE COURT-SOUTHAMPTON,,0
395492,60.0,2.0,89.59380341880342,0.9525355127167543,3.6471888913189225,0.0,5.325064102564103,,control,3.0,PA,WILLOWBROOKE COURT SKD CARE CENTER AT LIMA ESTATES,,0
395493,120.0,2.5,84.74155982905984,0.34016906732595176,3.0782645053820823,70.35827160493827,15.146025641025641,,control,3.0,PA,JULIA RIBAUDO EXTENDED CARE CENTER,,0
395494,126.0,1.5,93.94232905982905,0.5121769993118468,3.0395082574163426,63.62197530864198,20.733995726495728,,control,3.0,PA,SLATE BELT HEALTH & REHABILITATION CENTER,,0
395495,96.0,3.0,91.41918803418804,0.782979112771388,3.7414723158597156,0.0,3.502542735042735,,control,3.0,PA,WILLOWBROOKE COURT-SPRING HOUS,,0
395496,40.0,6.5,94.56196581196582,0.9880882030231728,3.6965520764847692,0.0,8.693247863247866,,control,3.0,PA,WILLOWBROOKE CTSKDCARECTR AT FORTWASHINGTONESTATES,,0
395497,90.0,2.5,89.54393162393163,0.7944001586809697,3.5955002347170657,30.367777777777775,14.234551282051282,,control,3.0,PA,"COMMUNITY AT ROCKHILL, THE",,0
395498,60.0,2.0,90.59211538461538,0.8365394561463814,3.798414885222764,22.73452674897119,16.434871794871796,,control,3.0,PA,WESLEY ENHANCED LIVING MAIN LINE REHAB AND SKD NSG,,0
395502,114.82478632478633,3.5,89.37820512820514,0.44928718012485525,4.028343938862785,69.30728395061728,10.456923076923077,,control,3.0,PA,OAKWOOD HEIGHTS VILLAGE,,0
395507,72.0,8.0,97.04970085470086,0.6449194175781504,3.5552776721365307,29.660329218106998,10.347222222222223,,control,3.0,PA,ELM TERRACE GARDENS,,0
395510,59.0,2.5,93.5447435897436,0.534570547122997,4.072660306799683,41.71948559670782,12.613055555555556,,control,3.0,PA,GROVE MANOR,,0
395514,241.76495726495727,5.5,90.71544871794872,0.34544323288069534,3.604246039532063,73.09059670781892,10.405427350427352,,control,3.0,PA,MAYBROOK HILLS REHABILITATION AND HEALTHCARE CENTE,,0
395515,167.7991452991453,22.0,62.485135975135975,2.3908246921755776,6.063290476479628,29.079876543209867,25.0890170940171,,control,3.0,PA,WILLOWCREST,,0
395518,102.0,2.0,92.65036324786325,0.39293039562461046,3.555656811175803,54.730781893004114,13.234679487179488,,control,3.0,PA,COURTYARD GARDENS NURSING AND REHAB CTR,,0
395520,60.0,6.0,96.38100427350429,0.8242807069292618,3.3761018326361905,36.89609053497942,10.747628205128207,,control,3.0,PA,WESLEY ENHANCED LIVING - DOYLESTOWN,,0
395526,157.65384615384616,1.0,93.6516452991453,0.44130869123629735,4.028553785403066,42.3777366255144,12.35794871794872,,control,3.0,PA,CHARLES M. MORRIS NURSING AND,,0
395530,67.0,6.5,93.48702991452993,0.483635241040819,3.6215803332621106,44.86814814814815,17.18309829059829,,control,3.0,PA,Presbyterian Homes-Presby,,0
395533,120.0,4.5,94.48459401709403,0.2964691378354036,3.521351307227688,66.14884773662553,9.79070512820513,,control,3.0,PA,HERITAGE RIDGE SENIOR LIVING AT WINDY HILL,,0
395534,66.0,0.5,93.43117456617458,0.5527405169606027,3.4891759685896697,69.45650205761316,5.635022015022015,,control,3.0,PA,QUALITY LIFE SERVICES - SARVER,,0
395535,87.0,1.0,97.02179487179487,0.4860225047898421,3.633366681389015,92.01995884773662,5.157008547008547,,control,3.0,PA,LAUREL SQUARE HEALTHCARE AND REHABILITATION CENTER,,0
395539,130.30769230769232,2.0,91.42017094017095,0.3752189437426285,4.022711589594142,55.056337448559674,6.7775427350427355,,control,3.0,PA,Saint Anne Home,,0
395545,129.0,4.0,95.38262820512821,0.9436984269032455,3.3846202642377605,75.39551440329217,5.44965811965812,,control,3.0,PA,ACCELA REHAB AND CARE CENTER AT SPRINGFIELD,,0
395549,47.28632478632479,1.0,78.3890170940171,1.5244993878907798,4.768188203334718,2.7834156378600823,23.81200854700855,,control,3.0,PA,SHERWOOD OAKS,,0
395550,90.0,4.0,93.73493589743592,0.42558251395436497,3.740003543151019,54.61524691358024,12.437200854700855,,control,3.0,PA,DR ARTHUR CLIFTON MCKINLEY CTR,,0
395552,96.0,3.0,92.32782051282052,0.6171269560988688,3.9209791224208277,60.08927983539095,11.912072649572652,,control,3.0,PA,BETHLEN HM OF THE HUNGARIAN RF OF AMERICA,,0
395555,120.0,3.0,94.36604700854701,0.7085437262711806,3.170949684239737,70.43769547325104,12.523418803418805,,control,3.0,PA,PENNSBURG MANOR,,0
395557,72.0,0.5,96.08038461538462,0.7525030422108966,4.001820795197581,31.571975308641974,5.15034188034188,,control,3.0,PA,DOCK TERRACE,,0
395558,180.0,2.0,96.11779914529916,0.4908286960219613,3.6910683483751794,65.94327160493827,14.373055555555556,,control,3.0,PA,ST MONICA CENTER FOR REHABILITATION & HEALTHCARE,,0
395559,190.6474358974359,2.0,91.66523504273505,0.3879797181166697,4.224601030017389,41.96351851851851,7.529807692307693,,control,3.0,PA,Trillium Place,,0
395560,453.0,3.5,93.84358974358975,0.5586729698485298,4.426701283286384,59.806481481481484,8.138183760683763,,control,3.0,PA,MASONIC VILLAGE AT ELIZABETHTOWN,,0
395561,58.0,4.0,85.07079059829061,0.6434609919998979,3.4738859704502,58.4198353909465,7.657777777777778,,control,3.0,PA,REFORMED PRESBYTERIAN HOME,,0
395562,138.61538461538464,5.0,97.00326923076923,0.35084319923967927,3.582831372594167,34.440514403292184,12.728247863247864,,control,3.0,PA,TEL HAI RETIREMENT COMMUNITY,,0
395563,124.0,4.5,94.75168803418804,0.4917712339213499,3.5497353445271855,63.86584362139918,6.596111111111111,,control,3.0,PA,Morrisons Cove Home,,0
395566,120.0,4.0,91.43074786324787,0.4176554371398911,3.9047193756809655,69.27300411522634,15.832457264957267,,control,3.0,PA,HIGHLAND MANOR REHABILITATION AND NURSING CENTER,,0
395568,131.0,2.0,92.48348290598291,0.6580948828975217,4.026973983904074,48.17316872427983,13.903867521367522,,control,3.0,PA,JULIA POUND CARE CENTER,,0
395570,138.0,3.0,92.86702991452992,0.29082367553345306,3.4260098570469655,73.65860082304526,8.292948717948718,,control,3.0,PA,MILTON REHABILITATION AND NURSING CENTER,,0
395571,138.0,2.5,91.87598290598291,0.5110903095033311,4.136101446178073,65.37183127572017,9.0933547008547,,control,3.0,PA,MUNCY PLACE,,0
395572,121.0,4.0,94.71113247863249,0.3874214438960254,3.2890446389151293,67.35374485596708,6.384123931623932,,control,3.0,PA,FAIRVIEW MANOR,,0
395575,82.0,2.0,97.5732264957265,0.5284805412784606,3.3702323013475617,63.076790123456796,9.272564102564102,,control,3.0,PA,"GARDENS AT STEVENS, THE",,0
395577,288.0,4.5,91.19963675213675,0.2776502463596875,4.116381817521939,76.94683127572017,4.520213675213675,,control,3.0,PA,PREMIER WASHINGTON REHABILITATION AND NURSING CTR,,0
395579,85.0,4.5,83.92000000000002,0.37161507936507937,2.9753531746031747,80.93333333333334,9.44,,control,3.0,PA,CAMBRIDGE SPRINGS REHABILITATION & NURSING CENTER,,0
395582,297.0,4.0,88.70433760683761,0.3002836260283345,3.2558100940157604,78.75598765432099,14.759893162393164,,control,3.0,PA,MOUNTAIN CITY NURSING & REHABILITATION CENTER,,0
395583,159.0,1.0,87.01423076923078,0.9293449881144135,4.669029802624182,97.44104938271605,1.1057478632478632,,control,3.0,PA,SOUTH MOUNTAIN RESTORATION CEN,,0
395585,120.0,1.0,83.89754273504273,0.5714367971700357,3.4305461266951713,58.37495884773663,10.118247863247863,,control,3.0,PA,TRANSITIONS HEALTHCARE NORTH HUNTINGDON,,0
395587,130.0,0.0,87.54388888888889,0.5314330215126501,3.4234326657924594,61.59477366255144,19.769423076923076,,control,3.0,PA,MEADOWS NURSING AND REHABILITATION CENTER,,0
395591,60.0,3.0,95.57047008547009,0.7172294951948625,3.230250632168478,24.118641975308645,13.096175213675215,,control,3.0,PA,LUTHER CREST NURSING FACILITY,,0
395595,150.0,1.0,94.67730769230769,0.6948532123048364,3.3995980473613217,82.63189300411523,6.779679487179488,,control,3.0,PA,"BELVEDERE CENTER, GENESIS HEALTHCARE, THE",,0
395596,197.02564102564105,0.5,89.55581196581197,0.4818011539037388,3.4668860876707517,30.420576131687245,11.694294871794872,,control,3.0,PA,BRIDGEVILLE REHABILITATION & CARE CENTER,,0
395597,47.0,7.5,97.33878205128207,0.6418869631758789,3.5324885479549493,38.394979423868314,7.876217948717949,,control,3.0,PA,Pickering Manor Home,,0
395599,47.782051282051285,9.0,61.13811965811966,0.8895991837316781,5.039964701879475,0.0,22.06352564102564,,control,3.0,PA,BLOUGH HEALTH CARE CENTER INC,,0
395602,183.0,1.5,93.86036324786325,0.40432813314517224,3.6306940820274196,61.017078189300406,14.185491452991453,,control,3.0,PA,WESLEY VILLAGE,,0
395603,120.0,5.0,92.53217948717949,0.5340359152436933,2.9795669762234622,75.83004115226338,6.874017094017094,,control,3.0,PA,CARING HEIGHTS COMMUNITY CARE & REHAB CTR,,0
395604,120.0,3.5,91.06051282051283,0.5515147190460405,3.4921549420317093,66.12648148148148,8.619786324786325,,control,3.0,PA,GREENE HEALTH & REHAB CENTER,,0
395605,170.2051282051282,0.0,59.5882905982906,0.6985950614460834,3.288935765307177,55.97195473251029,10.019786324786326,,control,3.0,PA,ST BARNABAS NURSING HOME,,0
395606,240.0,0.5,91.01779914529915,0.5318538766644079,2.933291268743959,84.92726337448559,1.8711538461538462,,control,3.0,PA,John J Kane Regional Center-Ro,,0
395609,176.0,2.0,94.68844017094018,0.3687137628590152,4.043913639348997,65.3167695473251,9.45061965811966,,control,3.0,PA,ROUSE WARREN COUNTY HOME,,0
395612,104.0,3.0,93.72168803418805,0.3137050506680305,3.3254853244955953,42.67253086419753,15.360384615384618,,control,3.0,PA,SPIRITRUST LUTHERAN THE VILLAGE AT SPRENKLE DRIVE,,0
395617,313.7307692307693,2.0,80.82027777777779,0.7138967616447501,3.318442141739054,79.50781893004115,2.921559829059829,,control,3.0,PA,John J Kane Regional Center-Sc,,0
395619,181.0,0.5,90.56029914529915,0.26332778067750984,3.184117696839716,73.03779835390947,4.617179487179487,,control,3.0,PA,"ROLLING FIELDS, INC",,0
395621,120.0,0.0,95.68010683760684,0.5782291890857895,3.5380356596439615,51.28111111111112,9.080384615384617,,control,3.0,PA,ST MARY CENTER FOR REHABILITATION & HEALTHCARE,,0
395622,143.0,2.0,80.55799999999999,1.265406763285024,5.15675426731079,54.812000000000005,7.312,,control,3.0,PA,VINCENTIAN REGENCY,,0
395626,160.0,4.5,80.75666666666667,0.3923561720793709,3.489246125128562,70.02726337448559,9.66042735042735,,control,3.0,PA,PENN HIGHLANDS JEFFERSON MANOR,,0
395628,123.0,0.0,96.20489316239318,0.5400884172413484,3.715458369688197,71.14687242798354,17.25856837606838,,control,3.0,PA,RENAISSANCE HEALTHCARE & REHABILITATION CENTER,,0
395629,139.0,2.5,91.50057692307693,0.5618514577037609,3.9398632751439324,67.69814814814814,12.206709401709402,,control,3.0,PA,MT MACRINA MANOR,,0
395631,59.0,1.0,94.34478632478633,0.5944892729079232,4.002473419576849,39.13032921810699,15.135405982905983,,control,3.0,PA,UNITED ZION RETIREMENT COMMUNI,,0
395634,67.21794871794872,1.5,94.46061965811967,1.050464390859315,4.02813411040279,37.13683127572017,5.595405982905984,,control,3.0,PA,SOUDERTON MENNONITE HOMES,,0
395637,45.0,4.0,94.34970085470086,0.6470546335546337,5.128295943420943,78.16794238683127,3.817649572649573,,control,3.0,PA,HOLY FAMILY HOME,,0
395638,128.0,4.5,95.96739316239317,0.6431460720897548,3.933522495643782,41.12049382716049,5.306346153846154,,control,3.0,PA,MASONIC VILLAGE AT SEWICKLEY,,0
395640,360.0,4.0,85.85226495726496,0.4607682255783405,3.020215503132017,69.5969135802469,4.949679487179488,,control,3.0,PA,JOHN J KANE REGIONAL CENTER-MC,,0
395643,214.03846153846155,3.5,90.47305555555556,0.3331373070505026,2.938525869650433,83.30197530864196,2.623974358974359,,control,3.0,PA,John J Kane Regional Center-Gl,,0
395644,38.0,2.0,89.43970085470087,0.6399197609874694,3.0833336214212443,46.97786008230454,27.800213675213676,,control,3.0,PA,MID-VALLEY HEALTH CARE CENTER,,0
395645,121.0,3.0,91.82863247863249,0.39183913973049883,3.2933244623262747,65.54860082304526,7.611004273504274,,control,3.0,PA,EDINBORO MANOR,,0
395647,98.46153846153847,2.0,90.00886557886558,0.3260500341483896,3.483970453533863,45.704670781893,11.609700854700856,,control,3.0,PA,SPIRITRUST LUTHERAN THE VILLAGE AT GETTYSBURG,,0
395648,72.0,2.0,91.31617521367522,0.4068825889944605,3.5887320353012098,28.989547325102876,13.932094017094018,,control,3.0,PA,Peter Becker Community,,0
395650,121.0,3.0,89.32450854700855,0.4277915534349584,3.4903427227914436,58.440617283950616,13.293782051282053,,control,3.0,PA,WARREN MANOR,,0
395656,61.00000000000001,3.5,94.677905982906,1.1177714040174545,3.7119564949685606,24.336193415637855,10.010213675213675,,control,3.0,PA,FREDERICK LIVING - CEDARWOOD,,0
395665,73.0,3.0,94.20091880341882,0.777608165072333,3.405452489526712,0.0,4.682029914529915,,control,3.0,PA,WILLOWBROOKE CTSKDCARECTR ATNORMANDY FARMS ESTATES,,0
395671,153.61324786324786,2.5,92.9484188034188,0.5626323023160251,3.6714038199412724,51.450390946502054,13.184444444444445,,control,3.0,PA,SOUTHMONT OF PRESBYTERIAN SENIORCARE,,0
395677,117.0,0.0,95.0096153846154,0.5028122029983884,3.9747898606836065,59.78730452674897,7.290299145299146,,control,3.0,PA,SARAH A TODD MEMORIAL HOME,,0
395678,129.0,1.0,94.83869658119659,0.4129971062324713,4.125915965114012,54.186440329218115,13.891709401709402,,control,3.0,PA,"Williamsport Home, The",,0
395679,74.0,4.5,84.30027777777778,0.5193425631972182,3.101623476788051,81.81648148148147,5.268824786324787,,control,3.0,PA,KADIMA REHABILITATION & NURSING AT WASHINGTON,,0
395681,33.0,4.0,94.39948717948718,0.7544542326546004,4.2888144782097,52.264032921810696,8.935448717948718,,control,3.0,PA,COUNTRYSIDE CHRISTIAN COMMUNITY,,0
395684,138.97435897435898,2.0,95.25495726495727,0.622313996566768,4.101806477696108,36.45341563786009,31.6082905982906,,control,3.0,PA,CONCORDIA LUTHERAN HEALTH AND HUMAN CARE,,0
395686,176.0,2.5,91.06850427350429,0.5348804555971043,3.5792232911032458,79.24251028806583,4.934423076923077,,control,3.0,PA,WEST PARK REHABILITATION AND NURSING CENTER,,0
395687,240.0,3.5,96.23136752136752,0.5153487360903837,3.394867906037203,77.98508230452674,6.147478632478633,,control,3.0,PA,YORK NURSING AND REHABILITATION CENTER,,0
395688,89.0,1.0,95.91758547008547,0.3182121975786735,3.2130670316786394,12.47460905349794,5.410470085470086,,control,3.0,PA,FRIENDSHIP VILLAGE OF SOUTH HI,,0
395692,120.0,8.0,85.64055555555555,0.3528646989270658,3.1536291155501273,62.26222222222222,10.991367521367522,,control,3.0,PA,TRANSITIONS HEALTHCARE WASHINGTON PA,,0
395695,140.0,6.5,79.51773504273504,0.40085849293406056,3.006403370214437,76.92078189300412,7.42155982905983,,control,3.0,PA,GREENERY CENTER FOR REHAB AND NURSING,,0
395698,50.0,4.5,88.82905982905983,0.5747260129453073,3.1405181750853357,63.9845267489712,12.550384615384615,,control,3.0,PA,MEADOWCREST REHABILITATION & HEALTHCARE CENTER,,0
395699,121.0,10.5,80.40393162393163,0.46061121397115135,3.398318669346389,71.34522633744855,11.075854700854702,,control,3.0,PA,SWEDEN VALLEY MANOR,,0
395700,118.02564102564102,4.5,76.99228632478633,0.4255691574900283,3.687027293180494,73.0375720164609,11.622264957264958,,control,3.0,PA,BRADFORD MANOR,,0
395704,120.0,2.0,95.48809829059829,0.7856420065965831,3.9654354867690715,39.60049382716049,13.44025641025641,,control,3.0,PA,"LAFAYETTE-REDEEMER, THE",,0
395705,120.0,8.0,94.45183760683761,0.5453633089080477,3.548971203152433,62.068024691358026,8.75286324786325,,control,3.0,PA,Hempfield Manor,,0
395708,115.0,0.0,93.85549145299146,0.3383346633064462,3.731397124266553,74.48991769547325,4.895726495726496,,control,3.0,PA,"GARDENS FOR MEMORY CARE AT EASTON, THE",,0
395713,199.76923076923077,2.5,91.15893162393164,0.7096460866135632,4.059291025113802,40.953209876543205,10.046324786324787,,control,3.0,PA,WILLOWS OF PRESBYTERIAN SENIOR,,0
395715,120.0,11.5,92.43149572649573,0.5488135204303046,3.5925387396474724,66.01901234567902,7.9486965811965815,,control,3.0,PA,WESLEY  ENHANCED LIVING AT STAPELEY,,0
395716,37.0,1.5,88.52685897435899,0.6761549938044246,3.652017312994681,47.77781893004115,13.53655982905983,,control,3.0,PA,SMITH HEALTH CARE LTD,,0
395717,102.0,2.5,74.45852564102564,0.6644787371247477,3.414261558987672,72.75884773662551,14.382179487179489,,control,3.0,PA,LINWOOD NURSING AND REHABILITATION CENTER,,0
395718,54.547008547008545,8.0,81.00034188034189,1.3398078660633712,4.689145352557763,0.0,10.428461538461539,,control,3.0,PA,WAVERLY HEIGHTS,,0
395720,60.0,0.0,81.07882478632479,0.5082491204133474,4.480119824578084,28.720905349794236,16.340000000000003,,control,3.0,PA,"HOMESTEAD VILLAGE, INC",,0
395728,100.0,3.0,94.60470085470087,0.2948461820687094,3.492192251672646,84.99956790123457,5.70698717948718,,control,3.0,PA,LECOM AT SNYDER MEMORIAL,,0
395729,181.0,1.0,89.2648076923077,0.24815078548491135,3.22382070961864,80.62798353909464,7.131324786324787,,control,3.0,PA,"GARDENS AT EASTON, THE",,0
395733,118.0,5.5,78.19850427350428,0.40394234678311997,3.5371276925541384,63.1837037037037,20.18905982905983,,control,3.0,PA,GETTYSBURG CENTER,,0
395735,140.0,2.0,90.27241452991453,0.37112921252428166,3.2876461340767236,61.714773662551444,9.399935897435899,,control,3.0,PA,LIFEQUEST NURSING CENTER,,0
395736,82.0,0.5,91.42076923076924,0.452766517460231,3.5450568959323836,0.0,7.976858974358976,,control,3.0,PA,WILLOWBROOKE COURT-GRANITE,,0
395738,120.0,1.0,92.57495726495728,0.7056179019198427,3.7578937613560446,32.4814403292181,18.40724358974359,,control,3.0,PA,PAUL'S RUN,,0
395741,23.0,0.0,69.81895604395606,4.410057790982344,6.912967604669651,0.0,70.50600732600734,,control,3.0,PA,RIDDLE MEMORIAL HOSP HB SNF,,0
395752,61.00000000000001,0.5,94.11632478632478,0.6066912684862247,4.484327952302733,10.27102880658436,14.673482905982906,,control,3.0,PA,MORAVIAN HALL SQUARE HEALTH AND WELLNESS CENTER,,0
395753,45.51282051282052,1.5,92.92711538461539,0.8582628969028705,4.416085127306633,0.0,8.139999999999999,,control,3.0,PA,BEAUMONT AT BRYN MAWR,,0
395754,38.0,0.0,67.80844017094017,2.201920650868531,6.517665973726052,0.0,58.69587606837607,,control,3.0,PA,SHARON REGIONAL MEDICAL CENTER TCU,,0
395756,116.0,4.0,76.43769230769232,0.4382774351184019,3.6374322870011957,0.0,8.03457264957265,,control,3.0,PA,JUNIPER VILLAGE AT BROOKLINE-REHABILITATION AND SK,,0
395757,60.0,2.5,96.01239316239318,0.566180743815853,3.035499019541729,81.55705761316872,5.936645299145299,,control,3.0,PA,EDGEHILL NURSING AND REHAB CEN,,0
395758,115.0,6.5,89.41331196581197,0.6098092533040609,3.1278501046380023,75.36526748971194,4.91965811965812,,control,3.0,PA,KADIMA REHABILITATION & NURSING AT HARMONY,,0
395762,92.0,1.5,94.52239316239317,0.8775175533524504,3.640617073087482,9.496831275720165,15.739081196581198,,control,3.0,PA,WILLOWBROOKE COURT SKILLED CARE CENTER AT BRITTANY,,0
395763,121.0,6.5,95.35423076923077,1.0894457745945927,4.420431129915388,30.732510288065846,15.978931623931624,,control,3.0,PA,FELLOWSHIP MANOR,,0
395765,150.76923076923077,3.0,91.89271367521368,0.5811526249124219,4.323197923799779,45.31072016460905,7.447970085470085,,control,3.0,PA,MARIAN MANOR CORPORATION,,0
395768,59.0,1.0,87.5717094017094,0.7934132151309237,4.006276875239039,0.0,18.534935897435897,,control,3.0,PA,MEADOWOOD,,0
395770,324.0,1.0,92.68619658119658,0.24624596805634152,3.9782722838259073,85.26751028806584,4.762457264957265,,control,3.0,PA,CEDAR HAVEN HEALTHCARE CENTER,,0
395771,80.0,1.0,96.39423076923077,0.2866255204909051,3.7420312173581403,0.0,5.178739316239317,,control,3.0,PA,LAKESIDE AT WILLOW VALLEY,,0
395778,108.0,2.0,91.05247863247864,0.44165102185040195,3.467488867828051,49.76144032921811,11.464871794871796,,control,3.0,PA,"COMMUNITIES AT INDIAN HAVEN,",,0
395779,240.0,3.5,92.29660256410257,0.28129271375421266,3.4480308833894697,67.74057613168725,6.156068376068376,,control,3.0,PA,CENTRE CARE REHABILITATION AND WELLNESS SERVICES,,0
395780,901.4615384615386,3.5,92.39645299145299,0.24621213393991292,3.382883407570867,88.37028806584362,2.088632478632479,,control,3.0,PA,FAIR ACRES GERIATRIC CENTER,,0
395784,109.0,0.5,93.31843628593629,0.4033284379831298,4.158407643751321,46.83421810699588,10.529830354830354,,control,3.0,PA,LeTort Spring Nursing and Rehab LLC,,0
395786,133.0,3.0,92.06470085470086,0.46481301783610113,3.93375370062668,40.623662551440326,13.37551282051282,,control,3.0,PA,PLEASANT VIEW COMMUNITIES,,0
395787,131.74358974358975,4.0,92.90628205128206,0.3408092842705775,4.202518827066069,57.6701646090535,5.054957264957265,,control,3.0,PA,"VALLEY VIEW HAVEN, INC",,0
395788,220.0,3.5,96.87239316239317,0.38978290561031276,3.3837228900838747,66.62020576131687,9.949102564102564,,control,3.0,PA,SUNNYVIEW NURSING AND REHABILITATION CENTER,,0
395794,90.0,2.5,93.79858974358976,0.4254471044697669,3.6220180453143582,63.1469341563786,11.19940170940171,,control,3.0,PA,SAINT JOHN XXIII HOME,,0
395795,98.0,14.0,91.21576923076923,0.459723114864293,3.420279340582426,66.11283950617283,10.109102564102566,,control,3.0,PA,"LAFAYETTE MANOR, INC",,0
395797,103.00000000000001,5.5,95.6856623931624,0.5017167654765435,4.399904396562643,35.04691358024691,10.768867521367522,,control,3.0,PA,LANDIS HOMES,,0
395800,80.0,2.0,88.5363247863248,0.552118885845565,4.1284182977028125,0.0,17.983717948717953,,control,3.0,PA,HIGHLANDS AT WYOMISSING,,0
395802,83.0,0.5,96.8555982905983,0.6497285929955828,3.7480630734928617,45.62244855967078,8.486688034188035,,control,3.0,PA,THORNWALD HOME,,0
395803,26.833333333333336,0.0,74.5,2.883657273215244,5.993398819108964,0.0,52.848333333333336,,control,3.0,PA,UPMC HORIZON TCC GREENVILLE,,0
395804,75.0,5.0,93.37405982905983,0.9988662223735479,4.466168577849609,34.23806584362139,6.855192307692308,,control,3.0,PA,LUTHERAN COMMUNITY AT TELFORD,,0
395805,115.51282051282053,1.5,89.39512820512822,0.5774578312797893,4.448343183732492,37.01559670781893,9.421004273504275,,control,3.0,PA,FAIRMOUNT HOMES,,0
395806,120.00854700854701,3.0,88.1390170940171,0.45211220413543907,4.709224449907042,33.93818930041152,14.390854700854701,,control,3.0,PA,ST ANNE'S RETIREMENT COMMUNITY,,0
395815,120.0,3.0,95.55901709401711,0.607659144021915,3.787327645489259,48.428786008230446,12.441666666666668,,control,3.0,PA,ST MARTHA CENTER FOR REHABILITATION & HEALTHCARE,,0
395816,90.0,5.5,96.40117521367523,0.3745058411561375,4.067825141674363,65.56148148148148,10.475405982905983,,control,3.0,PA,"LUTHERAN HOME AT KANE, THE",,0
395818,60.0,0.0,97.81628205128206,0.7488501892134363,3.3178461274782642,60.16862139917696,4.555876068376069,,control,3.0,PA,MASONIC VILLAGE AT LAFAYETTE HILL,,0
395819,236.72649572649576,10.0,86.57228632478633,0.19206399362441878,3.1857325747201997,61.445925925925934,19.64433760683761,,control,3.0,PA,CARING HEART REHABILITATION AND NURSING CENTER,,0
395821,127.00000000000001,9.5,85.46510683760684,0.9130378642522294,4.383047667804968,49.13417695473251,18.17705128205128,,control,3.0,PA,Little Flower Manor,,0
395823,118.0,5.0,77.09741452991453,0.5959097671418249,3.4993284464972905,73.12876543209876,6.950683760683761,,control,3.0,PA,TOWNVIEW HEALTH AND REHABILITATION CENTER,,0
395824,90.0,4.5,98.05130341880343,0.40938964842897424,3.9729093554536217,56.31226337448561,9.780833333333334,,control,3.0,PA,EMMANUEL CENTER FOR NURSING,,0
395825,125.0,1.5,72.76213416213416,0.36356395866913893,3.7145135249420203,76.8974074074074,7.678110593110594,,control,3.0,PA,WATSONTOWN REHABILITATION AND NURSING CENTER,,0
395830,150.0,1.0,92.84873931623932,0.3444635731287312,3.2371239775983733,64.32541152263374,11.992735042735044,,control,3.0,PA,MEADOW VIEW NURSING CENTER,,0
395832,55.0,2.5,96.00418803418805,0.7156483094124604,3.9483055824329414,38.84718106995885,18.314465811965814,,control,3.0,PA,LEBANON VALLEY HOME THE,,0
395833,59.0,2.0,81.85331196581197,0.5932725475313548,4.154016986254038,0.0,18.370213675213677,,control,3.0,PA,Hcc At White Horse Village,,0
395838,40.705128205128204,3.5,88.6698076923077,0.7930026712749245,4.6828937656815395,0.0,5.3428632478632485,,control,3.0,PA,Foxdale Village,,0
395840,100.0,2.5,84.09401709401709,0.4915092500777525,3.871023348215381,58.239320987654324,10.107115384615385,,control,3.0,PA,PATRIOT VILLAGE,,0
395842,50.0,4.5,91.86324786324786,0.6362769097725002,3.972633231343101,60.8493827160494,6.7049145299145305,,control,3.0,PA,VINCENTIAN DE MARILLAC,,0
395845,150.0,6.5,86.0483547008547,0.523456769177068,3.796452435125711,53.49954732510289,8.853846153846154,,control,3.0,PA,Cranberry Place,,0
395848,97.83929033929034,0.5,90.23736208236208,0.8029667831377352,4.045556792904013,26.234175084175085,14.0870596995597,,control,3.0,PA,BARCLAY FRIENDS,,0
395850,59.0,0.5,87.8931623931624,0.6484005142763424,3.8746215591344413,58.88384773662551,8.64888111888112,,control,3.0,PA,MERCY CENTER NURSING UNIT INC,,0
395851,120.0,6.0,86.15745726495727,0.780318365712175,3.666061127329322,42.03028806584362,37.52786324786325,,control,3.0,PA,REHAB & NURSING CTR GREATER PITTSBURGH,,0
395857,120.0,4.5,94.55420940170941,0.5281323096670022,4.002737731381826,48.270596707818925,12.07551282051282,,control,3.0,PA,EPHRATA MANOR,,0
395860,120.0,5.0,92.22875161875163,0.3525683919788598,2.852043942838335,68.19555555555554,9.870832685832687,,control,3.0,PA,LOYALHANNA CARE CENTER,,0
395861,21.0,0.0,84.50018233618233,2.609784016698052,5.149116482477886,0.0,45.33798005698006,,control,3.0,PA,HRH TRANSITIONAL CARE UNIT(A D/B/A ENTITY OF HRHS),,0
395864,17.0,0.0,84.90555555555555,1.6003156033781036,4.878310630341881,0.0,27.776004273504274,,control,3.0,PA,JUNIPER VILLAGE AT BUCKS COUNTY REHAB AND SKD CARE,,0
395865,180.0,3.5,95.95846153846155,0.41851124919029553,3.5987427095343127,89.56666666666666,5.274252136752136,,control,3.0,PA,MAPLEWOOD NURSING AND REHAB  CENTER,,0
395869,25.0,0.0,79.0831908831909,2.6414601021954573,5.9745321458035985,0.0,36.36689316239317,,control,3.0,PA,BUTLER MEMORIAL HOSP TCF,,0
395872,110.0,4.0,85.22222222222223,0.29467295902758217,2.9317663501683295,73.70100823045266,9.183611111111112,,control,3.0,PA,"GARDENS AT MILLVILLE, THE",,0
395873,120.0,2.0,89.31628205128206,0.2922019933455842,3.431169090544777,67.27654320987654,5.636175213675214,,control,3.0,PA,Lgar Health And Rehabilitation,,0
395876,58.12781662781663,0.0,94.541554001554,0.43343300552200753,3.1354230363727638,38.633292181069955,12.104240481740483,,control,3.0,PA,CUMBERLAND CROSSINGS RETIREMENT COMMUNITY,,0
395879,48.0,3.5,94.21346153846154,0.6400237071246544,3.428105021885172,48.93485596707819,13.02207264957265,,control,3.0,PA,QUALITY LIFE SERVICES - MERCER,,0
395880,120.0,1.0,73.46777777777778,0.7638803232203146,3.799493252444999,25.129958847736628,18.35568376068376,,control,3.0,PA,PHOEBE BERKS,,0
395882,59.873931623931625,3.5,93.55034188034188,0.6726347988445108,3.9654669730216585,0.0,9.455961538461539,,control,3.0,PA,LONGWOOD AT OAKMONT,,0
395889,20.0,0.0,74.69373219373219,2.290670772582537,7.531327949555892,0.0,19.727656695156696,,control,3.0,PA,UPMC JAMESON TRANSITIONAL CARE UNTI,,0
395890,17.0,0.0,66.66510826210826,2.14998248225026,6.503878000723557,0.0,36.73948575498576,,control,3.0,PA,SNU ARMSTRONG CO MEMORIAL HOSP,,0
395891,60.0,0.5,94.57271367521368,0.48018797809871994,4.076968785126873,37.93473251028807,10.92423076923077,,control,3.0,PA,LAUREL VIEW VILLAGE,,0
395892,107.0,3.5,89.37910256410255,0.3177691329176471,3.382409462517095,80.73386831275721,5.827371794871795,,control,3.0,PA,KADIMA REHABILITATION & NURSING AT LATROBE,,0
395893,396.0,2.5,96.56463675213675,0.4622001244941618,3.4735915519864493,83.90927983539095,7.793418803418803,,control,3.0,PA,CARE PAVILION NURSING AND REHABILITATION CENTER,,0
395894,32.0,0.0,72.26339160839161,2.046828204670064,7.13926419308201,0.0,69.87027972027973,,control,3.0,PA,MEADVILLE MEDICAL CTR TCU,,0
395895,174.10256410256412,2.5,85.08923076923077,0.4997911984079535,4.166435440495208,62.5795061728395,10.77207264957265,,control,3.0,PA,VALLEY VIEW REHAB AND NURSING CENTER,,0
395896,129.0,4.0,95.03235042735044,0.3952643960997432,4.224194664881445,48.29318930041153,11.714209401709402,,control,3.0,PA,"HOMEWOOD LIVING MARTINSBURG, INC",,0
395898,120.0,0.5,94.69331196581197,0.5093711550758417,4.758266218828552,30.743641975308645,6.478269230769231,,control,3.0,PA,"HOMEWOOD LIVING PLUM CREEK, INC",,0
395899,120.0,3.5,86.31399572649573,0.33526237985403273,3.3086829322068625,68.97907407407408,8.224850427350427,,control,3.0,PA,"GARDENS AT ORANGEVILLE, THE",,0
395902,64.0,0.5,93.09444444444445,0.4907962531082699,3.7144576432967233,38.47635802469135,18.659444444444446,,control,3.0,PA,Normandie Ridge,,0
395904,130.0,2.0,93.18739316239316,0.7555820290465884,3.3040780975676687,50.83197530864197,21.37008547008547,,control,3.0,PA,SANATOGA CENTER,,0
395905,65.0,3.5,85.09448717948717,0.5649375914373118,3.5679389408268056,50.79927983539095,33.39632478632479,,control,3.0,PA,THIRD AVENUE HEALTH & REHAB CENTER,,0
395907,80.75641025641025,3.5,93.75217948717949,0.5333542531093138,3.988996695836777,33.80102880658436,9.079615384615385,,control,3.0,PA,FORESTVIEW,,0
395908,100.0,4.5,95.91239316239316,0.448906097321879,4.103960405911627,61.92109053497942,7.021623931623932,,control,3.0,PA,"BRADFORD ECUMENICAL HOME, INC",,0
395916,60.0,4.5,90.99946581196582,0.6216414216619434,3.7601741253863814,0.0,25.686837606837607,,control,3.0,PA,Kirkland Village,,0
395922,61.00000000000001,3.5,94.50581196581197,0.7984543593582155,3.8410492710549846,27.512139917695475,18.274209401709403,,control,3.0,PA,ARTMAN LUTHERAN HOME,,0
395923,59.0,0.0,92.210405982906,0.5046212241663695,4.2306490266430155,39.51674897119342,8.95346153846154,,control,3.0,PA,CHAPEL POINTE AT CARLISLE,,0
395925,22.434472934472936,0.0,78.8747830872831,2.727177909879095,5.381287126310207,0.0,32.32384291634292,,control,3.0,PA,UPMC MCKEESPORT LONG TERM CARE,,0
395927,60.0,3.0,95.9840565915566,0.4426379175356741,3.766419813246146,38.98216049382715,8.900501165501167,,control,3.0,PA,STONERIDGE POPLAR RUN,,0
395930,22.0,0.0,80.92170227920228,2.127160701566952,5.720795405982907,0.0,70.0187962962963,,control,3.0,PA,ALLIED SERVICES TRANSITIONAL CARE,,0
395933,19.0,0.0,73.68333333333334,1.8338157051282051,5.324740533000949,0.0,64.373547008547,,control,3.0,PA,ROTHERMEL L CAPLAN TCU,,0
395936,121.0,2.5,83.66628010878011,0.3588207315707316,3.680747636565818,61.28306584362141,13.19417055167055,,control,3.0,PA,WAYNE WOODLANDS MANOR,,0
395941,50.0,0.0,84.48290598290598,2.3633462215446794,6.363404298526168,0.0,57.0465811965812,,control,3.0,PA,TRANSITIONAL SUB-ACUTE UNIT,,0
395944,60.0,3.5,97.35352564102566,0.35361496774189705,3.4446429040525874,33.35267489711934,13.05440170940171,,control,3.0,PA,CHAMBERS POINTE HEALTH CARE CENTER,,0
395950,180.0,4.0,95.46333333333334,0.15745397290444768,3.3194190089953954,81.04279835390946,8.93871794871795,,control,3.0,PA,CENTENNIAL HEALTHCARE AND REHABILITATION CENTER,,0
395951,52.0,0.0,82.60984848484848,3.2851403042926894,6.625400504677405,0.0,66.68323232323232,,control,3.0,PA,LEHIGH VALLEY HOSPITAL TSU,,0
395952,90.0,2.0,93.50217948717949,1.1438452341604346,3.5622119963499097,57.36065843621399,15.496111111111112,,control,3.0,PA,NAAMANS CREEK COUNTRY MANOR,,0
395956,202.36965811965814,2.5,89.38811965811966,0.39157843294672656,3.8807879354897743,0.0,11.043910256410257,,control,3.0,PA,GLEN AT WILLOW VALLEY,,0
395959,100.0,3.5,95.95791245791247,0.3325860183879539,3.4620595684442463,61.88716049382717,12.655194250194253,,control,3.0,PA,"CARING PLACE, THE",,0
395961,126.0,1.5,95.30307692307692,0.8318194843473923,4.031599683155462,41.816790123456784,12.487884615384615,,control,3.0,PA,Philadelphia Protestant Home,,0
395966,16.0,0.0,73.10363247863249,2.325921103202353,5.879172955516706,0.0,85.73260683760684,,control,3.0,PA,UPMC NORTHWEST TRANSITIONAL CARE UNIT,,0
395974,86.0,2.5,92.57502136752137,0.728351718749325,4.151955228665312,0.0,17.56346153846154,,control,3.0,PA,MONTICELLO HOUSE,,0
395983,84.0,0.0,97.72425213675214,0.40372229605792165,3.578764272460859,68.36625514403292,16.798076923076927,,control,3.0,PA,KEARSLEY REHABILITATION AND NURSING CENTER,,0
395986,120.0,1.5,82.63805555555555,0.30946599775880734,3.2470673425202645,80.22039094650205,5.030897435897436,,control,3.0,PA,KITTANNING HEALTH & REHAB CENTER,,0
395987,15.0,0.0,62.842985347985355,3.5152698412698413,8.189356532356534,0.0,67.57663003663004,,control,3.0,PA,GEISINGER-SHAMOKIN AREA COMMUNITY HOSPITAL SNF,,0
395990,19.733048433048435,0.0,68.90524074074075,2.199473868486689,7.317762588313871,0.0,62.2338547008547,,control,3.0,PA,"TRANSITIONAL CARE CENTER AT GROVE CITY MED CTR,THE",,0
395995,28.6,0.0,78.07,1.5417999999999998,8.01057037037037,0.0,55.44600000000001,,control,3.0,PA,PROGRESSIVE CARE CENTER,,0
395996,67.15811965811966,1.5,87.11696581196581,0.5054683337376826,3.4285415042296403,53.42347736625514,9.855427350427352,,control,3.0,PA,MANCHESTER COMMONS OF PRESBYTERIAN SENIORCARE,,0
395998,50.0,0.0,91.77777777777777,0.5142979926097988,4.594763571802251,35.66537037037037,13.230897435897436,,control,3.0,PA,MISERICORDIA NURSING & REHABILITATION CENTER,,0
396001,22.272727272727273,0.0,90.57450660450661,3.2509668908894027,5.523245174634315,0.0,63.711629759129764,,control,3.0,PA,ABRAMSON SENIOR CARE AT LANKENAU MEDICAL CENTER,,0
396002,28.0,0.0,72.23869658119659,2.9779389438885926,5.2649370979084855,0.0,51.751132478632485,,control,3.0,PA,TRANSITIONAL CARE UNIT AT NAZARETH HOSPITAL,,0
396009,109.58974358974359,2.0,88.2248717948718,0.9335781509968096,3.5997552310783094,53.47197530864198,21.75138888888889,,control,3.0,PA,NORRITON SQUARE NURSING AND REHABILITATION CENTER,,0
396015,64.0,5.5,94.04252136752137,0.45274754534829675,3.7198436376161794,41.766543209876545,18.420940170940174,,control,3.0,PA,WESTMINSTER WOODS AT HUNTINGDO,,0
396021,77.0,7.0,95.89711538461539,0.7866720880651497,3.3789302458100425,49.25378600823045,12.932820512820513,,control,3.0,PA,Redstone Highlands Health Care,,0
396024,47.782051282051285,0.0,77.42153651903652,0.5400853967206664,3.366758565662337,62.140329218107,7.302777777777778,,control,3.0,PA,WESTON REHABILITATION & NURSING CENTER,,0
396040,30.0,0.0,67.91335470085471,2.4360215455840457,5.10535458214625,0.0,31.236346153846153,,control,3.0,PA,UPMC TCU,,0
396053,70.0,0.5,95.84788461538461,0.6711513555626056,3.578181952563824,5.688539094650206,33.59638888888889,,control,3.0,PA,COUNTRY MEADOWS NURSING CENTER OF BETHLEHEM,,0
396054,31.653846153846153,1.0,99.1919871794872,0.685920483767194,3.5754458045656996,67.29732510288066,2.4323076923076923,,control,3.0,PA,MASONIC VILLAGE AT WARMINSTER,,0
396056,137.35042735042737,1.5,86.82299145299146,0.42902270339364057,2.814695250332176,62.80907407407408,9.37587606837607,,control,3.0,PA,WILLIAM PENN CARE CENTER,,0
396058,100.0,10.5,91.97863247863248,0.4144433789668673,3.621748190082325,72.33888888888889,9.923675213675214,,control,3.0,PA,AVALON SPRINGS CARE CENTER,,0
396059,59.0,3.5,88.78117521367523,1.020615604667324,3.654409213120281,46.34641975308642,17.829188034188036,,control,3.0,PA,CONCORDIA AT THE CEDARS,,0
396064,82.0,2.5,99.7367094017094,0.6641040465105505,6.834186485187502,99.93222222222221,0.07038461538461539,,control,3.0,PA,MARGARET E. MOUL HOME,,0
396067,60.0,2.0,85.73700854700854,0.6404478159766793,3.847708337864009,0.0,21.236431623931626,,control,3.0,PA,CONCORDIA AT REBECCA RESIDENCE,,0
396069,141.0,5.0,94.45769230769233,0.5175421960775394,4.303790444078151,57.543209876543216,6.01698717948718,,control,3.0,PA,ARBUTUS PARK MANOR,,0
396072,71.66666666666667,11.5,97.65982905982906,0.6999871790209803,4.806925537003736,66.85798353909465,14.053333333333335,,control,3.0,PA,Millcreek Manor,,0
396074,370.92307692307696,3.5,90.67852564102564,0.8268400450896957,4.107805578106201,75.4187242798354,10.862115384615386,,control,3.0,PA,ALLIED SERVICES SKILLED NURSING CENTER,,0
396076,180.0,2.0,95.14485042735043,0.25763494586091606,3.052212630706251,87.76802469135802,8.16636752136752,,control,3.0,PA,MONUMENTALPOSTACUTECARE AT WOODSIDE PARK,,0
396079,73.0,2.5,97.10777777777778,0.5739945064346247,4.192617268612444,8.215164609053497,11.481132478632478,,control,3.0,PA,GARDEN SPOT VILLAGE,,0
396080,30.0,7.0,83.98176068376068,1.166223057189724,3.8456214362797696,25.544897119341563,42.87606267806268,,control,3.0,PA,BELLE REVE HEALTH CARE CENTER,,0
396081,80.0,0.0,94.93589743589743,0.8393269164333823,3.6312394324293202,38.99763374485597,15.60476495726496,,control,3.0,PA,LECOM at Asbury Ridge dba Saint Mary's Asbury Ridg,,0
396083,164.0,1.0,96.47183760683761,0.3555068202070177,3.5946917938608465,74.69238683127571,7.108055555555556,,control,3.0,PA,Sterling Health Care and Rehab Center,,0
396085,60.0,6.5,91.94592333592334,0.5188567374701172,3.5891544684935646,47.45720164609054,18.5930698005698,,control,3.0,PA,Mon Valley Care Center,,0
396086,48.0,0.5,71.4173717948718,0.6575594156035551,3.2608819662663286,77.94732510288065,4.845213675213675,,control,3.0,PA,GREEN VALLEY SKILLED NURSING AND REHABILITATION CE,,0
396088,50.0,1.0,79.44444444444444,0.4961410958752113,3.4439144877794137,50.17707818930041,13.158931623931625,,control,3.0,PA,"MAPLE WINDS HEALTHCARE AND REHABILITATION, LLC",,0
396089,46.0,0.0,80.53957264957265,1.1960883467958092,5.296957802706862,0.0,54.06284188034188,,control,3.0,PA,CONCORDIA OF THE SOUTH HILLS,,0
396090,38.0,1.0,79.83012820512822,0.7382883310619502,4.128814504930846,0.0,53.36162393162393,,control,3.0,PA,PRESTON RESIDENCE,,0
396092,28.26923076923077,8.0,93.48773504273505,0.975924661437105,4.322878010375748,0.0,11.24354700854701,,control,3.0,PA,"VILLAGE AT PENN STATE,  THE",,0
396095,44.63034188034189,0.0,94.16136752136752,0.5950074402692948,3.101902818588346,64.66794238683127,13.081858974358974,,control,3.0,PA,SCRANTON HEALTH CARE CENTER,,0
396096,105.55128205128207,6.0,84.61485042735043,0.7029632720399651,4.240057950470987,0.0,51.640534188034195,,control,3.0,PA,MORAVIAN VILLAGE OF BETHLEHEM,,0
396098,20.0,0.0,79.9465811965812,2.7644810189595406,5.038430716804266,0.0,48.81190170940171,,control,3.0,PA,UPMC MAGEE-WOMENS HOSPITAL TCU,,0
396099,48.55944055944056,6.0,83.77578088578089,0.4127101239216624,3.216942442173212,68.1821567527123,8.894623154623156,,control,3.0,PA,CONNER-WILLIAMS NURSING HOME,,0
396100,40.0,0.0,53.333333333333336,1.7419118589743592,4.6832548076923075,0.0,38.11666666666667,,control,3.0,PA,HARMARVILLE TRANSITIONAL REHABILITATION UNIT,,0
396101,79.23076923076923,0.0,90.58513986013986,1.4243939606439293,4.037585689501638,0.0,61.35786324786325,,control,3.0,PA,REHAB AT SHANNONDELL,,0
396102,28.243978243978248,0.0,75.97981351981352,1.8518656710681627,5.289616644624289,0.0,30.214746179746182,,control,3.0,PA,CONEMAUGH MEMORIAL MEDICAL CENTER TCU,,0
396105,25.98717948717949,3.0,89.80581196581197,1.0770514921257384,3.92606970473705,26.85166666666667,18.16700854700855,,control,3.0,PA,SHENANGO PRESBYTERIAN SENIORCARE,,0
396106,91.0,7.0,98.916452991453,0.427010089008807,3.5308923103131438,82.20271604938272,4.699594017094017,,control,3.0,PA,"HAVEN CONVALESCENT HOME, INC",,0
396107,76.90598290598291,2.0,93.1182264957265,1.087066408117814,4.839159831945206,1.916296296296296,14.337329059829061,,control,3.0,PA,ANN'S CHOICE,,0
396108,60.0,3.5,99.28275641025641,0.6255556460959004,5.333235477328698,96.43711934156377,0.6815384615384616,,control,3.0,PA,GOOD SHEPHERD HOME-BETHLEHEM,,0
396109,24.675213675213676,0.0,81.72583333333334,1.8479164635861898,4.90683809481806,0.0,63.28435897435898,,control,3.0,PA,HEINZ TRANSITIONAL REHABILITATION UNIT,,0
396110,39.0,0.0,70.08333333333333,2.0707283950617286,5.045228395061729,0.0,26.153333333333336,,control,3.0,PA,KINDRED HOSPITAL PITTSBURGH - NORTH SHORE,,0
396111,40.0,4.5,98.73397435897436,0.44986907734579795,3.557614675540536,48.52722222222222,6.824551282051282,,control,3.0,PA,SPIRITRUST LUTHERAN THE VILLAGE AT UTZ TERRACE,,0
396112,40.0,3.5,86.17165242165242,0.4414428699955016,3.303099668241116,87.03203017832648,3.2095085470085474,,control,3.0,PA,KEPLER CENTER FOR NURSING AND REHABILITATION,,0
396113,60.0,1.0,86.2672435897436,0.9003613730554765,4.93678277100592,0.0,39.104636752136756,,control,3.0,PA,"HEALTH CENTER AT THE HILL AT WHITEMARSH, THE",,0
396114,120.63034188034189,7.5,66.98288461538462,0.42262196330318974,3.4342069478996633,82.65818930041152,11.291324786324786,,control,3.0,PA,TWIN PINES HEALTH CARE CENTER,,0
396116,43.46153846153847,11.0,94.53094017094017,0.9002968801949298,4.700748235158918,83.5853086419753,0.9014529914529915,,control,3.0,PA,LITTLE SISTERS OF THE POOR,,0
396117,39.74786324786325,2.0,92.79271367521368,0.7381531845681214,4.781427515873522,0.0,41.750491452991454,,control,3.0,PA,WELLINGTON COURT NURSING AND REHAB CENTER,,0
396119,50.0,3.0,99.14102564102565,0.3995823085644514,3.592678178963893,77.8814609053498,3.5032478632478634,,control,3.0,PA,MT HOPE NAZARENE RETIREMENT COMMUNITY,,0
396120,58.0,3.0,84.2396794871795,0.8096061274514335,3.508631776566257,58.37576131687243,13.45544871794872,,control,3.0,PA,WYNCOTE CARE CENTER,,0
396121,21.27920227920228,0.0,79.33849715099714,2.143764245014245,6.439443554131055,0.0,52.129707977207985,,control,3.0,PA,MILLCREEK COMMUNITY HOSPITAL TRANSITIONAL CARE,,0
396122,36.75641025641026,0.0,80.45061965811968,1.147846619165578,5.50516320138925,55.64676954732509,18.135576923076925,,control,3.0,PA,FOX SUBACUTE AT MECHANICSBURG,,0
396123,66.0,0.0,68.71373931623933,1.5214834773549026,5.130609418489247,0.5466666666666666,33.5784829059829,,control,3.0,PA,CONTINUING CARE  AT MARIS GROVE,,0
396124,63.0,0.0,81.78752784252785,0.9135154146761129,5.394562577625611,0.0,18.084848484848486,,control,3.0,PA,Providence Point Healthcare Residence,,0
396125,35.8974358974359,0.0,79.35758547008547,1.3214171960237695,4.235497495633197,38.43374485596708,15.809444444444445,,control,3.0,PA,CHRIST'S HOME RETIREMENT COMMUNITY,,0
396126,22.0,0.0,80.22452991452992,3.4632487172818314,6.066987231352227,0.0,61.51662393162393,,control,3.0,PA,POWERBACK REHABILITATION PHOENIXVILLE,,0
396127,11.0,0.0,87.274,2.6637111111111116,5.2354,0.0,66.17999999999999,,control,3.0,PA,SCHUYLKILL MEDICAL CENTER-SOUTH JACKSON STREET TCU,,0
396128,73.60897435897436,4.0,82.53873931623932,0.5675611836753428,3.8912391424350963,66.2379012345679,11.53036324786325,,control,3.0,PA,MAPLE FARM,,0
396130,90.0,0.0,84.95369963369964,0.3672382826017017,3.8374151151438367,57.65883009994121,32.68108058608059,,control,3.0,PA,WHITESTONE CARE CENTER,,0
396131,40.0,0.0,81.14163614163614,1.0365329670329673,4.675257020757021,0.0,33.39952991452992,,control,3.0,PA,LIFECARE HOSPITALS OF PITTSBURGH SNF UNIT,,0
396132,41.0,0.0,89.90600122100123,0.6277913454067301,4.297682745317361,63.1963139329806,5.648119658119659,,control,3.0,PA,QUALITY LIFE SERVICES - WESTMONT,,0
396133,48.0,0.0,65.625,0.7005629956818792,3.8432204319725867,0.0,50.905,,control,1.0,PA,Vibra Rehabilitation Center,,0
396135,53.0,0.0,59.629999999999995,0.6948194433216399,3.94478617257956,0.0,28.634999999999998,,control,1.0,PA,ALLIED SERVICES TRANSITIONAL REHAB UNIT,,0
396137,90.0,0.0,60.555,0.5774347186273691,3.4858037801619774,64.25999999999999,14.645,,control,1.0,PA,ATHENS NURSING AND REHABILITATION CENTER,,0
396138,25.0,0.0,100.0,1.2383531050693524,4.54198613311428,0.0,16.0,,control,1.0,PA,Harmony Physical Rehabilitation,,0
396140,20.0,0.0,58.06201550387597,3.1783134440753047,8.084176057585825,0.0,56.26091472868217,,control,2.0,PA,REHABILITATION CENTER AT BRETHREN VILLAGE LLC,,0
396141,53.0,0.0,73.58,0.9189727116804541,5.017102974072628,84.62,10.26,,control,1.0,PA,FOX SUBACUTE AT SOUTH PHILADELPHIA,,0
396145,44.0,0.0,34.09,1.342671785154158,6.697770884222472,0.0,98.075,,control,1.0,PA,MENNO HAVEN REHABILITATION CENTER,,0
495015,312.0,2.0,94.42613247863248,0.3577291113292144,3.5940536297393884,66.12987654320987,12.44732905982906,,control,3.0,VA,ROMAN EAGLE REHABILITATION AND HEALTH CARE CENTER,,0
495034,60.0,3.0,89.09032051282051,0.3607004958525095,4.305940323432478,41.29230452674897,20.65369658119658,,control,3.0,VA,KENDAL AT LEXINGTON,,0
495038,120.0,3.0,94.41228632478634,0.2491129138962834,3.5592570607686196,59.48086419753086,21.592649572649574,,control,3.0,VA,MANASSAS HEALTH AND REHAB CENTER,,0
495057,80.0,2.5,96.09775641025641,0.416282297364324,4.691990207465841,3.1564609053497943,11.06173076923077,,control,3.0,VA,GOODWIN HOUSE ALEXANDRIA,,0
495068,169.0,2.5,87.20615384615385,0.4434676870914885,3.181424189720727,74.52514403292182,16.05,,control,3.0,VA,SIGNATURE HEALTHCARE OF NORFOLK,,0
495071,237.65384615384616,5.5,88.07326923076924,0.20795720932911158,3.597340767034454,50.67345679012346,18.19846153846154,,control,3.0,VA,RIVERSIDE LIFELONG H & R WARWICK FOREST,,0
495079,234.15384615384616,1.5,88.65128205128205,0.24685213059508374,3.687170913018981,65.1216049382716,12.51068376068376,,control,3.0,VA,HEALTH CARE CENTER LUCY CORR,,0
495085,124.0,2.5,92.86923076923077,0.18682328401263404,3.507324231407328,63.81139917695473,19.959380341880344,,control,3.0,VA,RIVER VIEW ON THE APPOMATTOX HEALTH & REHAB CENTER,,0
495092,356.0769230769231,3.5,94.0544017094017,0.2490416683718863,3.206417939320171,66.41265432098766,17.672970085470087,,control,3.0,VA,FRIENDSHIP HEALTH AND REHAB CENTER,,0
495096,142.02292152292154,4.5,90.36868686868688,0.5512788882921782,5.59862347556378,8.860882903105125,7.824794094794095,,control,3.0,VA,WESTMINSTER-CANTERBURY OF RICHMOND,,0
495106,96.32264957264958,0.5,75.95561965811966,1.3634513752223203,8.339863080606694,98.57187242798354,1.4197222222222223,,control,3.0,VA,CENTRAL VIRGINIA TRAINING CENT,,0
495109,147.39529914529916,1.5,92.18621794871795,0.3310485084938917,3.78560317633186,53.90393004115227,21.17596153846154,,control,3.0,VA,THE LAURELS OF UNIVERSITY PARK,,0
495113,82.83333333333334,1.0,69.40542735042736,1.5426367054421153,11.909470806661293,91.33818930041153,4.539188034188034,,control,3.0,VA,HIRAM W DAVIS MEDICAL CTR,,0
495114,240.0,1.5,71.4673717948718,0.5516629905083165,3.7129899249539107,77.15164609053498,13.485747863247862,,control,3.0,VA,"REGENCY CARE OF ARLINGTON, LLC",,0
495117,192.0,2.5,89.75837088837089,0.38618984515792043,3.93541138599371,32.25217483476742,36.042195027195035,,control,3.0,VA,LAKE TAYLOR HOSP,,0
495118,180.0,2.0,83.35050246050247,0.20442945840226215,3.5126438466047305,78.04206758947501,9.486629111629112,,control,3.0,VA,ROCKY MOUNT HEALTH & REHAB CENTER,,0
495120,80.0,2.0,87.8926282051282,1.014915509852821,5.8638330553759035,16.257633744855966,30.829337606837612,,control,3.0,VA,WESTMINSTER-CANTERBURY OF LYNCHBURG INC,,0
495121,231.53846153846155,1.0,88.95006410256411,0.3585183544596064,3.4498217578102497,72.66506172839506,14.161794871794873,,control,3.0,VA,CHERRYDALE HEALTH & REHABILITATION CENTER,,0
495126,133.10897435897436,6.0,91.67619658119659,0.40102555321717515,4.681945514028486,63.06905349794239,22.490918803418808,,control,3.0,VA,Waddell Nursing And Rehab Center,,0
495127,95.54545454545456,0.5,91.30271756021759,0.7723130691052177,4.533227135689755,5.211157251527622,21.70358326858327,,control,3.0,VA,WESTMINSTER-CANTERBURY ON CHESAPEAKE BAY,,0
495134,120.0,10.0,86.83339743589744,0.39027605062835846,3.3462543011289654,77.13111111111112,10.290064102564102,,control,3.0,VA,RIDGECREST MANOR NURSING & REHABILITATION,,0
495135,180.0,3.0,85.04331196581197,0.12261647564750816,3.048424894690295,77.08761316872429,13.235320512820513,,control,3.0,VA,HERITAGE HALL BIG STONE GAP,,0
495139,118.0,6.5,90.76741452991453,0.297963388951879,3.3892274736835315,56.94576131687243,27.413141025641025,,control,3.0,VA,LIFE CARE CENTER OF NEW MARKET,,0
495152,180.0,2.5,75.94938034188036,0.23293940987166872,3.4600797129917065,69.99897119341563,17.45989316239316,,control,3.0,VA,HERITAGE HALL TAZEWELL,,0
495160,42.0,0.0,87.69726495726496,0.7480896992964301,4.245279949928989,13.975761316872427,11.104423076923077,,control,3.0,VA,RAPPAHANNOCK WESTMINSTER CANTERBURY,,0
495165,41.55128205128205,6.0,93.92256410256411,0.7652461113358187,5.5165875073922965,3.5339300411522627,29.33173076923077,,control,3.0,VA,SHENANDOAH VALLEY WESTMINSTER CANTERBURY,,0
495166,60.0,1.0,83.16108974358976,0.5616889610059254,3.7757156852719773,56.67958847736625,30.07465811965812,,control,3.0,VA,STRATFORD HEALTHCARE CENTER,,0
495167,8.0,0.0,66.98717948717949,4.967215811965812,10.397818376068377,0.0,97.08104700854702,,control,3.0,VA,WYTHE CNTY COMMUNITY HOSP ECU,,0
495171,73.0,4.0,89.41762820512821,0.9809416041467924,4.786545801391915,5.447119341563787,14.820598290598292,,control,3.0,VA,GOODWIN HOUSE BAILEY'S CROSSROADS,,0
495174,147.42307692307693,4.5,89.62745726495727,0.4583510256493866,3.891553241928774,55.178353909465024,18.728974358974362,,control,3.0,VA,DULLES HEALTH & REHAB CENTER,,0
495175,60.0,4.0,86.38833333333334,0.264316391941392,3.4209629120879126,80.115,9.785,,control,3.0,VA,"EDGEMONT CENTER,INC",,0
495177,159.11538461538464,4.0,71.52393162393162,0.1949719778125099,3.982731810673413,71.11010288065845,15.733931623931625,,control,3.0,VA,Twin Lakes Rehabilitation and Nursing,,0
495179,165.2542735042735,1.0,93.69207264957267,0.4781591086908443,3.807832026503517,52.594938271604946,20.204380341880345,,control,3.0,VA,Potomac Falls Health & Rehab Center,,0
495181,14.512820512820513,0.0,50.54604395604396,4.916324334204425,8.39729543954334,2.3237001763668426,90.2651282051282,,control,3.0,VA,CLINCH VALLEY MEDICAL CENTER,,0
495183,60.0,2.0,91.01942307692309,0.24362426348266045,4.174299191652166,23.888497942386834,18.24388888888889,,control,3.0,VA,THE HAVEN AT BRANDERMILL WOODS,,0
495184,19.435897435897438,0.0,68.72403846153846,1.4829090187910525,5.714771018729911,0.0,61.934059829059834,,control,3.0,VA,WOODHAVEN HALL AT WILLIAMSBURG LANDING,,0
495187,60.0,2.0,94.03833333333334,0.3753557775546584,3.5895284050943177,70.7594855967078,16.857393162393166,,control,3.0,VA,HILLSVILLE HEALTH & REHAB CENTER,,0
495191,57.0,4.5,86.2223076923077,0.3604350196640793,3.3693356102728877,66.10576131687242,20.15485042735043,,control,3.0,VA,BLAND COUNTY NURSING & REHAB CENTER,,0
495194,108.0,0.0,90.64269230769231,0.14116282968239036,3.77294863658214,67.43477366255144,20.01027777777778,,control,3.0,VA,AUTUMN CARE OF PORTSMOUTH,,0
495200,65.0,3.0,87.68974358974359,0.7049094732895618,4.452932822265581,49.550246913580246,32.03346153846154,,control,3.0,VA,WESTWOOD CENTER,,0
495214,23.051282051282055,0.0,67.86079059829059,1.6739868144816499,7.063959034032706,0.0,83.43365384615385,,control,3.0,VA,AUGUSTA MEDICAL CTR SKILLED CA,,0
495218,60.0,2.5,84.95074786324787,0.8333623672605137,4.41110590540149,81.11841563786008,10.190277777777778,,control,3.0,VA,BRIAN CENTER OF FINCASTLE,,0
495220,60.0,6.0,88.49457264957266,0.36163432800810735,3.527928041637404,72.95347736625516,8.865833333333333,,control,3.0,VA,THE SPRINGS NURSING & REHAB CENTER,,0
495221,61.52564102564103,2.5,88.17574786324786,0.7701499954589797,3.872209353260972,43.47205761316872,42.79942307692308,,control,3.0,VA,BRIAN CENTER OF ALLEGHANY,,0
495223,196.0,1.0,92.97037545787546,0.21453712984207488,3.231715359121953,79.74885361552026,10.52348595848596,,control,3.0,VA,ENVOY OF STRATFORD HILLS,,0
495225,12.576923076923078,0.0,61.591794871794875,1.643814648622982,8.544011744042994,0.0,42.01258547008547,,control,3.0,VA,WESTMINSTER CANTERBURY BLUE RI,,0
495226,78.65384615384616,1.5,75.6492094017094,0.1704525290522595,3.108040547278418,70.37701646090535,19.498055555555556,,control,3.0,VA,WAYLAND NURSING AND REHABILITATION CENTER,,0
495229,19.0,0.0,81.57833333333335,1.2798726851851852,5.901046296296297,3.3200000000000007,92.17333333333335,,control,3.0,VA,HALIFAX  REGIONAL HOSPITAL SNF,,0
495230,60.0,4.5,88.60905982905985,0.147710641856013,2.9435934562593973,79.97345679012345,9.913311965811966,,control,3.0,VA,OAKHURST HEALTH & REHABILITATION,,0
495232,71.08974358974359,4.5,88.55538461538461,0.4153928683935506,3.7266284621266257,44.086625514403295,35.14190170940171,,control,3.0,VA,KEMPSVILLE HEALTH & REHAB CENTER,,0
495233,113.0,5.5,88.98440170940171,0.3475301753492067,3.4794682874304437,54.489259259259256,21.835384615384616,,control,3.0,VA,POPLAR HILL HEALTH AND REHAB,,0
495236,80.97435897435898,2.0,87.00970085470087,0.2642139386736239,3.391526974858844,74.06020576131688,11.401196581196583,,control,3.0,VA,CHELSEA REHABILITATION AND HEALTHCARE CENTER,,0
495242,60.0,1.5,87.89739316239316,0.27970127860143584,2.7196094890579956,77.10588477366255,13.103226495726497,,control,3.0,VA,HERITAGE HALL - BROOKNEAL,,0
495244,79.46153846153847,2.0,86.44145299145299,0.2822695315269611,3.613680403405579,64.48995884773662,15.082500000000001,,control,3.0,VA,AUTUMN CARE OF MADISON,,0
495245,60.0,0.5,83.28789886039885,0.2771416768020082,3.455869322126145,75.37300411522634,9.763482905982906,,control,3.0,VA,ARCADIA NURSING & REHAB CENT,,0
495246,118.25213675213675,1.0,89.80438034188035,0.5957828061376358,3.411284948274123,45.232016460905356,35.78735042735043,,control,3.0,VA,WOODMONT CENTER,,0
495249,120.0,3.5,90.77807692307694,0.1490311438975754,3.267563846303781,77.37148148148148,14.204423076923078,,control,3.0,VA,FARMVILLE HEALTH & REHAB CENTER,,0
495257,120.0,3.0,96.03,0.3869887918952801,3.3621474152268243,43.27283950617283,36.571666666666665,,control,3.0,VA,THE LAURELS OF WILLOW CREEK,,0
495258,120.0,7.5,91.89818376068376,0.24573945704643824,3.5160951492088293,83.00633744855966,7.026752136752137,,control,3.0,VA,AUTUMN CARE OF SUFFOLK,,0
495259,120.0,9.5,77.70630341880343,0.17706958729056355,2.9738085620293737,71.55094650205763,18.860534188034187,,control,3.0,VA,HERITAGE HALL GRUNDY,,0
495261,164.0,0.5,91.25262820512822,0.5760894902703304,2.9910599919632572,50.59306584362139,19.333547008547008,,control,3.0,VA,HERITAGE HALL-LEESBURG,,0
495262,60.0,3.5,87.51478632478633,0.37960261248981875,3.9100515199960117,48.72341563786008,24.951089743589748,,control,3.0,VA,SHENANDOAH NURSING HOME,,0
495271,12.0,0.0,74.99692918192919,3.007584423512995,6.444356227106228,0.0,92.98340048840049,,control,3.0,VA,LEWISGALE HOSPITAL PULASKI,,0
495274,180.0,3.5,90.32660256410256,0.17132926132865955,3.9405766799050537,47.57600823045268,6.560106837606838,,control,3.0,VA,VIRGINIA VETERANS CARE CENTER,,0
495276,183.52136752136752,4.5,85.80801282051283,0.2837868872085137,3.3015898531596783,77.31448559670781,11.98224358974359,,control,3.0,VA,WALTER REED NURSING & REHABILITATION CENTER,,0
495280,60.0,6.0,91.06497756410258,0.4912319754768438,4.458151198353427,11.775882716049384,26.835644230769233,,control,3.0,VA,WESTMINSTER AT LAKE RIDGE,,0
495281,300.0,1.5,90.67435897435898,0.15191870706644844,2.4647160312178453,79.2253086419753,12.822249287749287,,control,3.0,VA,BLUE RIDGE REHAB CENTER,,0
495286,172.27991452991455,2.5,89.18587606837607,0.1888415511361289,3.3389762697893848,64.3579012345679,16.627841880341883,,control,3.0,VA,JAMES RIVER NURSING AND REHABILITATION CENTER,,0
495288,67.84615384615385,1.0,66.10600427350428,0.26685701205523843,3.88512967060979,6.558888888888889,61.479829059829065,,control,3.0,VA,THE FOUNTAINS AT WASHINGTON HOUSE,,0
495292,60.0,4.0,83.67978632478632,0.38627714999884816,3.5721558849955075,75.50205173427396,12.367527472527474,,control,3.0,VA,LOVINGSTON HEALTH AND REHABILITATION CENTER,,0
495300,129.4871794871795,1.5,70.34288461538462,0.19986960853565483,2.967531003414607,74.52078189300411,9.909337606837608,,control,3.0,VA,HERITAGE HALL KING GEORGE,,0
495301,60.0,2.0,93.4201923076923,0.17511811789603318,3.1572248465766695,67.64440329218107,18.431282051282054,,control,3.0,VA,HERITAGE HALL FRONT ROYAL,,0
495305,180.0,1.5,83.1914911939912,0.14591287136029538,3.3443757809901618,68.8262177328844,12.258947811447811,,control,3.0,VA,COLISEUM NURSING AND REHABILITATION CENTER,,0
495311,32.56623931623932,1.0,89.66350427350429,0.338492351302875,4.234029792668155,43.21648148148147,35.784786324786324,,control,3.0,VA,OUR LADY OF HOPE HEALTH CENTER,,0
495312,48.401709401709404,0.0,81.90779914529915,0.8197909738189565,5.332401974030623,0.0,37.89841880341881,,control,3.0,VA,JOHNSON CNTR/FALCONS LANDING,,0
495315,88.0,1.5,94.7357264957265,0.29653360854028465,3.0221888776889645,57.63539094650205,22.699038461538464,,control,3.0,VA,Woodstock Valley Health and Rehabilitation,,0
495317,60.0,0.5,95.18527777777778,0.15342696672330336,2.82856469111237,79.37705761316872,10.412350427350429,,control,3.0,VA,HERITAGE HALL DILLWYN,,0
495318,120.0,2.0,79.22194444444445,0.2719486489718919,3.3022271568592574,83.28526748971193,8.724166666666669,,control,3.0,VA,BERRY HILL NURSING HOME,,0
495320,100.0,9.5,79.27136752136752,0.20896831871158192,2.9346715102338194,82.24814814814815,10.653226495726496,,control,3.0,VA,HERITAGE HALL CLINTWOOD,,0
495321,60.0,2.5,90.9581623931624,0.3021958898663219,3.0172578896470403,68.53106995884774,13.463226495726497,,control,3.0,VA,HERITAGE HALL LEXINGTON,,0
495323,60.0,4.0,89.46878205128206,0.23869832447295455,3.161959423980257,64.60604938271604,20.354444444444447,,control,3.0,VA,HERITAGE HALL - LAUREL MEADOWS,,0
495324,50.0,18.0,86.75213675213675,0.25984853458033386,4.200883758342593,0.0,36.71707264957266,,control,3.0,VA,SEASIDE HHC @ ATLANTIC SHORE,,0
495325,101.00000000000001,1.5,93.78076923076924,0.361234895191317,2.9561450131531544,56.60351851851851,23.304444444444446,,control,3.0,VA,Pheasant Ridge Nursing and Rehabilitation,,0
495326,180.0,3.0,90.82918803418804,0.1646645685673731,3.3034258727086283,80.61668724279835,10.394166666666667,,control,3.0,VA,MONROE HEALTH & REHAB CENTER,,0
495328,60.0,0.0,92.19826923076924,0.17833451469592235,3.388409729869325,83.90534979423867,7.15309829059829,,control,3.0,VA,CARRINGTON PLACE OF TAPPAHANNOCK,,0
495331,120.0,2.5,93.8484829059829,0.28481130218376044,3.670466860771401,68.55111111111111,11.565213675213675,,control,3.0,VA,Grayson Health and Rehabilitation,,0
495332,81.47435897435898,2.5,82.51696581196582,0.27766112060597353,3.877945380191704,47.056213991769546,14.235170940170942,,control,3.0,VA,RIVERSIDE LIFELONG HEALTH & REHAB SMITHFIELD,,0
495336,112.0,5.5,93.32709401709403,0.3893674522573536,3.31031326069418,53.50662551440329,24.94553418803419,,control,3.0,VA,AUGUSTA NURSING & REHAB CENTER,,0
495340,102.0,1.5,94.0976443926444,0.20957553974580784,3.327420182267287,63.40578376356154,19.79786842786843,,control,3.0,VA,NEWPORT NEWS NURSING & REHAB,,0
495342,67.3931623931624,3.0,91.9640811965812,0.23778862472917223,3.0563131839355804,48.30127572016462,19.079700854700857,,control,3.0,VA,YORK NURSING & REHABILITATION  CENTER,,0
495345,120.0,6.5,83.08882478632479,0.17046649464053032,2.868435206582264,79.44263374485598,10.954337606837608,,control,3.0,VA,LANCASHIRE NURSING & REHABILITATION CENTER,,0
495346,24.0,0.0,73.68772533022533,1.425915585761561,5.855271549142293,0.6152562663673774,86.74993783993784,,control,3.0,VA,"BON SECOURS DEPAUL,TCC",,0
495349,137.0,2.0,89.83459401709402,0.2945630599244221,3.3199388040879443,56.49757201646091,22.297820512820515,,control,3.0,VA,Holston Health and Rehabilitation,,0
495350,97.0,1.0,88.35446581196581,0.28650257130940165,3.220294305760848,73.00349794238683,14.263653846153847,,control,3.0,VA,HERITAGE HALL WISE,,0
495352,112.52136752136752,7.5,90.56884615384615,0.23550102258762548,3.301617045460173,67.6635390946502,17.26948717948718,,control,3.0,VA,LEE HEALTH AND REHAB CENTER,,0
495353,180.0,0.5,88.25824786324787,0.08841242834392987,3.0277501921931225,75.3544855967078,9.912478632478633,,control,3.0,VA,HERITAGE HALL-BLACKSTONE,,0
495354,141.54700854700855,1.0,91.82463675213675,0.4541315042574971,4.511890326065819,3.11395061728395,26.41207264957265,,control,3.0,VA,GREENSPRING VILLAGE,,0
495355,90.0,3.0,90.07314102564104,0.3127983964281731,3.554869321339481,41.16748971193415,40.41384615384615,,control,3.0,VA,RADFORD HEALTH AND REHAB CENTER,,0
495356,193.3706293706294,1.5,68.85630212380212,0.13989402960189318,3.4317247528996244,61.750157126823794,20.384905464905465,,control,3.0,VA,HERITAGE HALL BLACKSBURG,,0
495357,70.0,3.0,96.42896270396271,0.27675116521136345,3.8237126038153852,40.510267489711936,28.804493006993006,,control,3.0,VA,OUR LADY OF THE VALLEY,,0
495359,164.0,5.0,88.75049145299145,0.3017877528304168,3.6372071000383555,58.8233744855967,15.577329059829061,,control,3.0,VA,DOGWOOD VILLAGE OF ORANGE COUNTY HEALTH AND REHAB,,0
495360,60.0,2.0,94.39416666666668,0.5502453053819524,3.0318994822393877,65.58592592592592,18.62854700854701,,control,3.0,VA,THE WOODLANDS HEALTH AND REHAB CENTER,,0
495365,60.0,2.5,81.82662393162394,0.40795966507830894,3.635043366008447,64.3717695473251,27.229188034188038,,control,3.0,VA,MAPLE GROVE NURSING & REHAB CENTER,,0
495366,40.0,0.0,76.92841880341881,0.7334783503618562,4.644508004961195,0.0,21.443974358974362,,control,3.0,VA,"LAKE PRINCE WOODS, INC",,0
495367,63.43110593110593,3.0,93.24809116809118,0.22034659553510147,3.30735042976753,46.52067838882653,22.825510878010878,,control,3.0,VA,NORTHAMPTON NURSING AND REHABILITATION CENTER,,0
495368,53.06623931623932,5.0,85.03628205128206,0.2952632493429296,3.513604452333657,0.0,28.495021367521367,,control,3.0,VA,THE NEWPORT NURSING AND REHABILITATION CENTER,,0
495369,60.0,2.5,88.7148076923077,0.39046413098707866,4.961544024075799,0.0,29.312564102564107,,control,3.0,VA,RIVERSIDE LIFELONG HEALTH & REHABILITATION PATRI,,0
495370,137.30769230769232,1.5,85.62893162393162,0.4041875241776437,3.9788401182281814,33.33617283950617,14.262222222222224,,control,3.0,VA,"BRIDGEWATER HOME , INC.",,0
495371,120.0,3.0,91.03301282051282,0.0632973957966212,4.004839788506839,74.67094650205762,8.601495726495726,,control,3.0,VA,HERITAGE HALL-RICH CREEK,,0
495373,62.0,4.5,90.54965811965812,0.3148212974866644,3.7762671483324928,9.434526748971194,33.63997863247863,,control,3.0,VA,BRANDON OAKS NURSING AND REHABILITATION CENTER,,0
495374,44.0,5.5,81.92104700854702,0.36797361122376954,4.424738850555875,61.85034979423868,16.959893162393165,,control,3.0,VA,NORTON COMMUNITY HOSPITAL SNF UNIT,,0
495377,120.0,2.5,94.42002136752137,0.41131971947978063,3.3704384191210517,42.36197530864197,30.824358974358972,,control,3.0,VA,THE LAURELS OF CHARLOTTESVILLE,,0
495379,149.67948717948718,2.5,91.5182905982906,0.10206889339594974,3.2273613188318317,68.3864403292181,7.3128205128205135,,control,3.0,VA,CLARKSVILLE HEALTH & REHAB CENTER,,0
495380,120.0,2.0,92.44356837606838,0.12747975964627065,3.379435022936196,72.57347736625515,10.559807692307693,,control,3.0,VA,CHASE CITY HEALTH AND REHAB CENTER,,0
495383,47.43589743589744,0.0,79.88589743589743,0.6130568957582014,5.400934481689712,0.0,48.60130341880342,,control,3.0,VA,RIVERSIDE LIFELONG HEALTH & REHABILITATION SANDERS,,0
495384,109.62179487179488,11.5,88.32521367521369,0.2609815499584607,3.090860331607521,67.28901234567901,12.576794871794872,,control,3.0,VA,FRANCIS MARION MANOR HEALTH & REHABILITATION,,0
495385,120.0,1.5,92.41211538461539,0.32380540360882704,4.428261287535253,25.881975308641973,23.17311965811966,,control,3.0,VA,"VMRC, COMPLETE LIVING CARE",,0
495386,90.0,1.5,92.38728632478633,0.3567830410859451,3.3921337748643388,52.87098765432099,20.42784188034188,,control,3.0,VA,Daleville Health and Rehabilitation,,0
495387,84.0,5.5,91.83275641025642,0.19446400755814772,3.9953600319325675,29.139053497942385,14.049423076923079,,control,3.0,VA,SUNNYSIDE PRESBYTERIAN RETIREMENT COMMUNITY,,0
495388,120.0,1.0,91.8926282051282,0.3678869171633165,3.4212332296537356,57.971172839506174,18.38811965811966,,control,3.0,VA,GAINESVILLE HEALTH AND REHAB CENTER,,0
495390,180.0,1.5,96.66970085470086,0.2395842131334529,3.8143835898462,89.83353909465019,5.46965811965812,,control,3.0,VA,BIRMINGHAM GREEN,,0
495393,169.74358974358975,1.0,95.8515170940171,0.4594575333608202,4.923728027328326,53.32004115226337,8.774786324786325,,control,3.0,VA,SITTER AND BARFOOT VETERANS CARE CENTER,,0
495394,103.38461538461539,2.5,93.36273504273505,0.3923826660501576,3.8424704382480575,31.956213991769545,40.394658119658125,,control,3.0,VA,THE LAURELS OF BON AIR,,0
495395,33.0,0.0,86.1772435897436,0.6839943014959178,4.959176271063809,0.0,53.94782051282051,,control,3.0,VA,HARBOR'S EDGE,,0
495396,150.0,1.5,89.92865384615385,0.2428290839593175,3.404308231407752,58.416995884773655,22.59104700854701,,control,3.0,VA,CARRIAGE HILL HEALTH  & REHAB CENTER,,0
495397,52.0,2.5,88.98093822843823,0.6150782600703916,4.108547733966791,9.290108492330711,17.540398860398863,,control,3.0,VA,THE CHESAPEAKE,,0
495398,60.0,0.0,90.4622435897436,0.15462083123847828,3.5946503308138373,64.21349794238682,22.25346153846154,,control,3.0,VA,DINWIDDIE HEALTH AND REHAB CENTER,,0
495399,85.0,0.0,90.2228528878529,0.224130387663479,3.188718125932516,58.64098765432099,16.37123413623414,,control,3.0,VA,Chatham Health & Rehabilitation Center,,0
495400,47.0,7.0,69.44057692307692,0.6003996390370135,4.836276733150478,29.18736625514403,12.595982905982908,,control,3.0,VA,THE CULPEPER,,0
495401,90.0,0.0,93.61057051282052,0.2727343085112187,3.2842714952232024,49.94977403666291,23.312804487179488,,control,3.0,VA,TYLER'S RETREAT AT IRON BRIDGE,,0
495402,13.029807692307692,0.0,78.00038461538462,1.8714069487916625,6.8090201733122395,0.0,21.51204807692308,,control,3.0,VA,WINDSORMEADE OF WILLIAMSBURG,,0
495403,96.0,0.0,85.25595512820513,0.20352577157861176,4.60203666707738,0.0,26.894201923076928,,control,3.0,VA,LAKEWOOD MANOR,,0
495404,32.0,0.0,90.13987308987309,0.49992062193563863,4.524579962965392,0.0,14.50477725977726,,control,3.0,VA,THE GLEBE,,0
495405,18.0,2.0,94.72711926961928,0.809822227745022,4.244129387769094,18.310205761316872,15.271029526029528,,control,3.0,VA,SUMMIT SQUARE,,0
495406,60.0,0.5,90.74036324786326,0.5112224258014243,3.6734461655135178,43.376090534979426,12.26232905982906,,control,3.0,VA,THE WYBE AND MARIETJE KROONTJE HEALTH CARE CENTER,,0
495407,90.0,0.0,74.85361175861176,1.0436982217046753,6.291553573880309,42.615973063973065,29.93009842009842,,control,3.0,VA,FALLS RUN NURSING AND REHABILITATION,,0
495408,32.0,3.0,93.02457264957266,0.4266237082415244,5.853164614706282,15.79246913580247,11.057564102564104,,control,3.0,VA,KING'S GRANT RETIREMENT COMMUN,,0
495409,120.0,0.0,91.25669871794872,0.4416090607949504,3.708919760104652,46.50402263374485,31.484551282051285,,control,3.0,VA,ABINGDON HEALTH CARE LLC,,0
495410,49.0,0.0,93.55307692307693,0.4240172101800009,6.220825080281476,0.0,22.548354700854702,,control,3.0,VA,ARLEIGH BURKE PAVILION,,0
495411,90.0,0.0,81.66499999999999,0.382333109526257,3.190064393083249,64.725,24.38,,control,1.0,VA,LIBERTY RIDGE HEALTH & REHAB,,0
495412,90.0,0.0,88.73467032967034,0.388689803668478,3.5664807722677674,68.93169435215947,12.553296703296704,,control,3.0,VA,NOVA HEALTH AND REHAB,,0
495415,20.0,0.0,82.5,0.8133245614035087,5.146298245614035,0.0,30.19,,control,1.0,VA,THE VILLAGE AT ORCHARD RIDGE,,0
495416,44.0,0.0,77.27000000000001,1.1319687447431348,4.504098907940371,0.0,20.865000000000002,,control,1.0,VA,ASHBY PONDS INC,,0
495419,62.0,0.0,66.13,0.1924519524570403,3.0013131733617393,0.0,9.76,,control,1.0,VA,COVENANT WOODS NURSING HOME,,0
495421,120.0,0.0,91.67,0.4136410863756047,3.7511110996213066,50.0,35.45,,control,1.0,VA,FRIENDSHIP HEALTH AND REHAB CENTER - SOUTH,,0
495422,72.37209302325581,0.0,73.9713953488372,0.07569767441860466,2.6212332625881274,88.37333333333333,0.973953488372093,,control,2.0,VA,DOCKSIDE HEALTH & REHAB CENTER,,0
515001,120.0,2.0,87.15598290598291,0.2876616142924115,3.2593711947236086,69.94014403292181,17.562051282051286,,control,3.0,WV,PINE LODGE,,0
515007,186.0,4.5,95.3269658119658,0.29531987976799196,3.123361015580877,67.6362962962963,16.792222222222225,,control,3.0,WV,HUNTINGTON HEALTH AND REHABILITATION CENTER,,0
515012,57.0,3.0,98.34865384615387,0.3439259831305867,3.5440460543016723,58.153127572016466,5.8700213675213675,,control,3.0,WV,ST. BARBARA'S MEMORIAL NURSING HOME,,0
515025,111.0,0.5,91.84010360010362,0.44652333773121883,3.4965037093974685,76.95057613168724,12.614659414659416,,control,3.0,WV,ELKINS REHABILITATION & CARE CENTER,,0
515037,137.0,0.0,96.89698005698006,0.47746310235467393,4.284232231195138,86.31147449806707,3.199142709142709,,control,3.0,WV,WEIRTON GERIATRIC CENTER,,0
515038,192.0,8.5,94.86918803418804,0.4739459129984266,2.934290203601818,63.928436213991766,1.1039743589743591,,control,3.0,WV,GOOD SHEPHERD NURSING HOME,,0
515045,16.980056980056982,0.0,61.24643874643875,2.362944919278253,9.70893257359924,38.969311385459534,38.16310541310542,,control,3.0,WV,GRANT MEMORIAL HOSPITAL,,0
515051,17.410256410256412,2.0,91.10393162393163,0.8333151709401709,6.021336182336183,71.0954526748971,1.2899786324786326,,control,3.0,WV,ST. JOSEPH'S HOSPITAL,,0
515053,119.0,1.0,89.94104700854702,0.2955435431654606,3.029979454059153,78.35251028806583,9.697200854700855,,control,3.0,WV,TYGART CENTER AT FAIRMONT CAMPUS,,0
515055,135.42735042735043,4.5,85.67220085470085,0.5287067540447224,4.092460190229343,55.47860082304526,10.322457264957265,,control,3.0,WV,CONTINUOUS CARE CENTER WHEELING HOSPITAL,,0
515060,160.0,6.5,97.39517094017094,0.4408895662431719,3.447367477401582,80.84156378600822,12.072051282051284,,control,3.0,WV,HERITAGE CENTER,,0
515061,120.0,4.5,92.05350427350427,0.5168595944533962,3.3085223603844494,78.28172839506172,16.977179487179487,,control,3.0,WV,HILLTOP CENTER,,0
515063,94.0,2.5,95.50391025641025,0.27535558722290987,3.5817684151247065,78.341646090535,9.331880341880343,,control,3.0,WV,Cortland Acres Health and Rehabilitation,,0
515066,120.0,2.5,92.8855341880342,0.37319300276058803,3.1306044394216466,67.86654320987654,17.782649572649575,,control,3.0,WV,Dunbar Center,,0
515069,90.0,6.5,85.81547008547008,0.2492778777948259,3.1862290580996073,83.78884773662551,11.656923076923078,,control,3.0,WV,TRINITY HEALTH CARE OF MINGO,,0
515070,120.0,2.5,93.41444444444444,0.3368552297079505,2.896099680025266,71.84226337448561,16.581965811965812,,control,3.0,WV,PUTNAM CENTER,,0
515071,112.0,6.5,79.2533547008547,0.2532815903236944,3.513293833314453,79.91666666666666,9.87929487179487,,control,3.0,WV,Salem Center,,0
515075,41.0,2.5,89.08551282051282,0.7375416450458264,3.8322036181718686,95.6282098765432,0.0,,control,3.0,WV,Majestic Care of Manchin,,0
515076,118.97435897435898,4.0,81.23574786324787,0.17598667674206703,3.8200563759657085,82.56444444444443,10.050320512820514,,control,3.0,WV,HOLBROOK HEALTHCARE CENTER,,0
515077,33.0,0.0,72.23094535094535,1.6730178303793597,6.305239370957314,5.295,61.310382025382026,,control,3.0,WV,WEIRTON MEDICAL CENTER,,0
515080,30.0,2.0,97.15258547008548,0.1483801278794172,3.90063283673851,80.33232510288067,6.800576923076923,,control,3.0,WV,HAMPSHIRE MEMORIAL HOSPITAL,,0
515081,42.53664853664854,43.0,81.05125226625225,0.3143467117871557,3.823462512131202,67.73167901234567,20.10681170681171,,control,3.0,WV,MONTGOMERY GENERAL HOSPITAL,,0
515083,114.63675213675214,2.0,80.50521367521368,0.07705841637596968,3.4185526518329903,57.30798353909465,4.907692307692308,,control,3.0,WV,SUNDALE NURSING HOME,,0
515085,97.0,5.5,96.22410126910128,0.3614205660117978,3.594457905709389,76.5488165606684,13.406402486402486,,control,3.0,WV,WILLOWS CENTER,,0
515087,119.37820512820514,6.5,93.87600427350428,0.28980695162689624,3.189917911532069,65.4624279835391,22.12873931623932,,control,3.0,WV,CEDAR RIDGE CENTER,,0
515088,68.0,2.0,95.6496794871795,0.4952988882465921,3.252587772823766,69.21423868312758,24.699957264957263,,control,3.0,WV,Raleigh Center,,0
515099,35.0,5.5,92.92004273504274,1.0301579417314715,7.294583958525135,80.0053086419753,0.763974358974359,,control,3.0,WV,ROANE GENERAL HOSPITAL,,0
515100,66.991452991453,4.0,93.40698717948719,0.5137118418467909,3.3207325481715673,73.5216049382716,18.994273504273504,,control,3.0,WV,WHITE SULPHUR SPRINGS CENTER,,0
515102,66.0,3.0,95.61754338254339,0.328847030757503,3.3352002596237167,72.17229579748098,9.36471250971251,,control,3.0,WV,PARKERSBURG CENTER,,0
515104,62.0,0.5,90.65524993524994,0.5996491469884142,3.2019952757022905,45.4917124329717,21.854607614607616,,control,3.0,WV,"MADISON, THE",,0
515105,69.0,3.5,94.42794871794872,0.3263366005919256,3.087609421987183,85.19102880658437,8.483119658119659,,control,3.0,WV,ROSEWOOD CENTER,,0
515106,124.0,6.5,95.06596153846155,0.40306599228229545,3.211279684437335,74.70876543209876,11.993803418803418,,control,3.0,WV,TEAYS VALLEY CENTER,,0
515107,32.0,0.0,86.76773504273504,2.1354020730140553,5.797134249164136,0.0,90.82083333333334,,control,3.0,WV,UNITED TRANSITIONAL CARE CENTER,,0
515110,18.25,0.0,76.61925213675214,2.738560062351054,7.155804427026341,0.0,65.90655982905983,,control,3.0,WV,THOMAS HOSPITALS SKILLED NURSING UNIT,,0
515112,20.0,0.0,78.30555555555556,1.6509606192480524,5.359784502386106,0.0,64.51208547008547,,control,3.0,WV,REYNOLDS MEMORIAL HOSPITAL,,0
515113,19.0,0.0,77.35901320901321,3.4753893676826686,7.94281942880221,0.0,74.32520784770784,,control,3.0,WV,ST. MARY'S HOSPITAL,,0
515124,91.0,2.0,92.60787490287491,0.42214173448641773,3.331468388031288,77.75580221972814,7.411576016576017,,control,3.0,WV,Pendleton Manor,,0
515126,15.0,0.0,86.52937321937323,2.8241199868507563,6.658974139820294,0.0,77.14393874643875,,control,3.0,WV,CABELL HUNTINGTON HOSPITAL TCU,,0
515128,128.0,4.5,86.66535612535613,0.36731385577129994,3.0361725281545353,87.5970325476992,6.941982646982647,,control,3.0,WV,BRIGHTWOOD CENTER,,0
515129,60.0,1.0,92.5381623931624,0.31857192955217895,3.218809561981894,84.17113168724279,5.789380341880342,,control,3.0,WV,MANSFIELD PLACE,,0
515130,60.0,4.5,94.04205128205129,0.30007738991561794,3.5642136751796247,67.38162551440328,18.366581196581198,,control,3.0,WV,STONE PEAR PAVILION,,0
515131,68.0,4.5,81.40915565915566,0.43868265203445633,2.995034092966289,79.7562015213867,11.990699300699301,,control,3.0,WV,SISTERSVILLE CENTER,,0
515133,60.0,1.0,96.84467948717949,0.46711704941512966,3.0579703732622954,76.97222222222221,14.8141452991453,,control,3.0,WV,ANSTED CENTER,,0
515134,60.0,6.0,95.9742094017094,0.3939794219600504,3.8778758454426367,71.06874485596708,13.438952991452991,,control,3.0,WV,MEADOWBROOK ACRES,,0
515140,120.0,2.0,91.49160256410258,0.2288452236771275,3.318112884763457,79.48141975308641,13.85726495726496,,control,3.0,WV,TRINITY HEALTH CARE OF LOGAN,,0
515144,90.0,0.0,94.87196581196582,0.23555542248744657,3.316173299090325,75.00868312757203,13.187051282051284,,control,3.0,WV,LEWISBURG HEALTHCARE CENTER,,0
515145,25.0,0.0,80.66666666666667,2.398424603174603,6.02522619047619,0.0,80.85166666666667,,control,3.0,WV,CAMDEN CLARK MEM HOSP,,0
515146,90.0,5.0,97.30564102564104,0.3273929194165943,3.2729269900045277,72.7674074074074,16.442970085470087,,control,3.0,WV,MARMET CENTER,,0
515147,80.0,4.5,97.10470085470087,0.3166179297535573,3.133727950171736,76.24880658436214,14.693269230769232,,control,3.0,WV,HIDDEN VALLEY CENTER,,0
515151,110.0,4.0,95.90572649572651,0.3697231618341086,4.228670563146358,79.29078189300412,5.365769230769231,,control,3.0,WV,GRANT REHABILITATION AND CARE CENTER,,0
515152,60.0,4.0,91.68959401709402,0.14823336529881598,3.2819746059656443,85.91353909465019,7.356965811965813,,control,3.0,WV,MONTGOMERY GENERAL ELDERLY CARE,,0
515155,120.0,2.0,83.12168868168868,0.32858480007558244,3.1425983839281653,77.93160044893378,11.778273763273765,,control,3.0,WV,PIERPONT CENTER AT FAIRMONT CAMPUS,,0
515165,60.0,0.5,93.57247863247864,0.3418826049163456,3.250510502495487,84.49973251028806,11.220726495726495,,control,3.0,WV,WEBSTER HEALTHCARE CENTER,,0
515167,78.0,1.5,92.84429487179489,0.5434791931716015,3.1022560990912798,61.418148148148155,17.88138888888889,,control,3.0,WV,SHENANDOAH CENTER,,0
515169,130.0,8.0,94.5813888888889,0.49621191936055586,3.477346614361038,71.65946502057614,17.35425213675214,,control,3.0,WV,VALLEY CENTER,,0
515175,66.0,7.5,95.42732905982906,0.3254717785535907,2.8979860352056614,79.21687242798353,15.255320512820512,,control,3.0,WV,LOGAN CENTER,,0
515176,62.0,1.0,96.89281015281014,0.26562919390172846,2.7449693572548606,79.57107918693103,9.333677803677805,,control,3.0,WV,HAMPSHIRE CENTER,,0
515177,62.0,6.5,92.42764957264959,0.40113593820686627,3.3714168579276063,80.35812757201646,14.459722222222224,,control,3.0,WV,RAVENSWOOD VILLAGE,,0
515178,68.0,2.0,94.44564102564104,0.330432131584957,3.0597416395803485,76.87600823045267,13.196858974358976,,control,3.0,WV,CARE HAVEN CENTER,,0
515179,62.0,4.5,95.03779914529915,0.2873561025012672,3.282104446610839,71.80485596707818,15.826688034188036,,control,3.0,WV,CANTERBURY CENTER,,0
515182,62.0,7.5,96.79010683760684,0.29067485254037345,3.3906635682065747,81.9111111111111,8.931581196581197,,control,3.0,WV,MILETREE CENTER,,0
515183,68.0,2.0,97.52173076923077,0.3124171253830643,2.8142475152967137,82.87629629629629,7.7617735042735045,,control,3.0,WV,POCAHONTAS CENTER,,0
515187,120.0,2.5,94.30396270396271,0.15272916870346553,3.614753637389698,83.10941488963712,5.548666148666149,,control,3.0,WV,PRINCETON HEALTH CARE CENTER,,0
515189,120.0,2.0,94.92997863247864,0.33363486122420294,3.387370991590528,70.68148148148148,14.674871794871798,,control,3.0,WV,FAIRMONT REHABILITATION AND HEALTHCARE CENTER LLC,,0
515190,120.0,1.0,75.47157051282052,0.19593977610553698,3.719082172054998,83.7302829218107,9.512895299145299,,control,3.0,WV,NICHOLAS COUNTY NURSING AND REHABILITATION CENTER,,0
515193,20.0,0.0,92.5,0.4391081871345029,3.5997076023391807,0.0,8.335,,control,1.0,WV,"ARTHUR B HODGES CENTER, THE",,0
