ccn_str,provider_certified_beds,provider_avg_residents_per_day,pbj_mean_rn_hprd,pbj_mean_nurse_hprd,provider_health_rating,provider_overall_rating,provider_staffing_rating,chain_affiliated,for_profit,baseline_support_years,sample_role,valid_pseudocohorts,analysis_state,treatment_analysis_sample,provider_name,treat_year,treated_ever,for_profit_bin,chain_any_bin
056283,99.0,63.13333333333333,0.40113989443516934,4.231290865343444,2.25,2.5,2.75,0.0,0.8333333333333334,6.0,treated,,CA,gold_main,BIXBY KNOLLS TOWERS HEALTH CARE & REHAB CENTER,2023.0,1,1,0
105250,100.0,87.33333333333333,0.5754111007553657,3.937885679815402,2.0,2.0,3.0,0.0,1.0,3.0,treated,,FL,gold_main,HUNTINGTON PLACE,2020.0,1,1,0
105336,120.0,103.93333333333334,0.7712175217149873,4.107603005193189,1.5,2.25,4.25,0.0,1.0,6.0,treated,,FL,gold_main,PALMS CARE CENTER,2023.0,1,1,0
105375,120.0,104.96,0.3977662352891436,4.132345733873899,2.0,2.3333333333333335,3.3333333333333335,0.0,1.0,5.0,treated,,FL,gold_main,SOUTH CAMPUS CARE CENTER,2022.0,1,1,0
105467,120.0,104.46666666666665,0.3292585270507385,3.8555409241646683,1.25,1.75,2.5,0.0,1.0,6.0,treated,,FL,gold_main,WILLISTON CARE CENTER,2023.0,1,1,0
105640,85.0,69.32000000000001,0.4651569015638638,4.305717899658715,2.6666666666666665,4.333333333333333,4.333333333333333,0.0,1.0,5.0,treated,,FL,gold_main,NORTH LAKE CARE CENTER,2022.0,1,1,0
105649,180.0,163.8,0.3765888561548962,3.9263215512929492,1.3333333333333333,2.3333333333333335,4.0,0.0,1.0,5.0,treated,,FL,gold_main,CYPRESS CARE CENTER,2022.0,1,1,0
106095,67.6,57.02,0.7488090962763848,4.755991965474412,3.3333333333333335,3.6666666666666665,2.6666666666666665,0.0,1.0,5.0,treated,,FL,gold_main,CLUB HEALTH AND REHABILITATION CENTER AT THE VILLA,2022.0,1,1,0
106099,120.0,107.0,0.7627296405893352,4.931796710390174,2.0,3.0,3.75,0.0,1.0,6.0,treated,,FL,gold_main,VILLAGES REHABILITATION AND NURSING CENTER (THE),2023.0,1,1,0
165152,70.0,49.542857142857144,0.8599100487541723,5.575673044200796,3.4,4.2,3.8,0.14285714285714285,1.0,7.0,treated,,IA,gold_main,HARMONY HOUSE HEALTH CARE CENT,2024.0,1,1,1
165303,72.0,40.5,0.688057931736016,3.5300981720915465,3.8,4.2,3.6,0.14285714285714285,1.0,7.0,treated,,IA,gold_main,ABCM REHAB CENTERS OF INDEPENDENCE WEST CAMPUS,2024.0,1,1,1
165325,72.0,49.48571428571428,0.5680848165139025,3.883007287122011,3.6,4.0,3.4,0.14285714285714285,1.0,7.0,treated,,IA,gold_main,MANOR HOUSE CARE CENTER,2024.0,1,1,1
165326,91.0,54.55714285714286,0.8203837422738074,3.8718991082624847,3.2,3.0,4.4,0.14285714285714285,1.0,7.0,treated,,IA,silver_main,BLOOMFIELD CARE CENTER,2024.0,1,1,1
165334,93.0,45.857142857142854,0.7467408454538648,3.862184203793474,4.2,4.4,3.4,0.14285714285714285,1.0,7.0,treated,,IA,gold_main,GUTTENBERG CARE CENTER,2024.0,1,1,1
165338,50.0,38.94285714285714,0.7271800948243949,3.3434758692734867,4.8,5.0,3.4,0.14285714285714285,1.0,7.0,treated,,IA,gold_main,NORTHGATE CARE CENTER,2024.0,1,1,1
165340,93.0,49.300000000000004,0.7897008751793546,5.727088301761907,3.8,3.2,3.8,0.14285714285714285,1.0,7.0,treated,,IA,gold_main,GRANDVIEW HEALTHCARE CENTER,2024.0,1,1,1
165341,61.0,49.028571428571425,0.5504019815498699,3.4372551387353063,5.0,5.0,3.4,0.14285714285714285,1.0,7.0,treated,,IA,gold_main,OELWEIN HEALTH CARE CENTER,2024.0,1,1,1
165342,50.0,33.48571428571429,0.6211692042889593,4.143453346551605,4.2,4.4,4.2,0.14285714285714285,1.0,7.0,treated,,IA,gold_main,WILLOW DALE WELLNESS VILLAGE,2024.0,1,1,1
165343,77.0,42.528571428571425,0.6809223209497001,3.8130787986142467,3.2,4.0,4.0,0.14285714285714285,1.0,7.0,treated,,IA,gold_main,PARK VIEW REHABILITATION CENTER,2024.0,1,1,1
165346,50.0,24.928571428571427,0.9649060055851312,3.684807846650154,4.0,4.4,4.0,0.14285714285714285,1.0,7.0,treated,,IA,gold_main,MAPLE MANOR VILLAGE,2024.0,1,1,1
165347,50.0,44.1,0.4272871389054788,3.4859121800853994,4.6,4.8,3.2,0.14285714285714285,1.0,7.0,treated,,IA,silver_main,NORA SPRINGS CARE CENTER,2024.0,1,1,1
165352,50.0,36.857142857142854,0.855645529432267,3.671805923816742,4.4,4.4,4.2,0.14285714285714285,1.0,7.0,treated,,IA,silver_main,EMMETSBURG CARE CENTER,2024.0,1,1,1
165353,50.0,31.02857142857143,0.8037165946831683,3.8447289122164414,3.4,4.0,4.2,0.14285714285714285,1.0,7.0,treated,,IA,gold_main,VALLEY VUE CARE CENTER,2024.0,1,1,1
165361,69.0,45.4,0.5641375925637265,3.932021452643814,4.0,4.0,3.4,0.14285714285714285,1.0,7.0,treated,,IA,silver_main,ROLLING GREEN VILLAGE CARE CEN,2024.0,1,1,1
165363,71.0,48.05714285714286,0.5238048326210243,4.125434102599185,4.8,4.8,4.0,0.14285714285714285,1.0,7.0,treated,,IA,gold_main,WESTVIEW CARE CENTER,2024.0,1,1,1
165364,66.0,44.42857142857143,0.531296775211504,3.9420918764611548,4.6,5.0,3.4,0.14285714285714285,1.0,7.0,treated,,IA,gold_main,CONCORD CARE CENTER,2024.0,1,1,1
165365,90.0,56.457142857142856,0.5659285635256618,3.6138173208656448,4.2,4.2,3.0,0.14285714285714285,1.0,7.0,treated,,IA,gold_main,OAKWOOD CARE CENTER,2024.0,1,1,1
165366,78.0,47.271428571428565,0.5752414877462172,3.4117903260295894,4.2,4.6,3.4,0.14285714285714285,1.0,7.0,treated,,IA,gold_main,LAKE MILLS CARE CENTER,2024.0,1,1,1
165367,87.0,63.32857142857143,0.39813411371153457,3.899363029157717,3.0,4.0,3.2,0.14285714285714285,1.0,7.0,treated,,IA,silver_main,HERITAGE CARE AND REHABILITATION CENTER,2024.0,1,1,1
165369,83.0,61.114285714285714,0.5706091580441643,4.275619691225646,4.6,4.8,3.2,0.14285714285714285,1.0,7.0,treated,,IA,gold_main,WESTVIEW OF INDIANOLA CARE CENTER,2024.0,1,1,1
165380,86.0,43.01428571428572,0.7679466836990356,3.666064204336099,4.0,5.0,4.4,0.14285714285714285,1.0,7.0,treated,,IA,silver_main,REHABILITATION CENTER OF BELMOND,2024.0,1,1,1
165386,57.0,34.8,0.5980744912133182,3.4216998703825507,5.0,5.0,3.8,0.14285714285714285,1.0,7.0,treated,,IA,gold_main,COLONIAL MANOR OF ELMA,2024.0,1,1,1
215092,160.0,146.15,0.6997646680707581,4.022844658278861,3.0,4.0,3.0,0.0,1.0,2.0,treated,,MD,silver_main,COLLINGSWOOD NSG. & REHAB. CEN,2019.0,1,1,0
315128,180.0,134.64,1.06672000503934,4.146015947136293,3.0,4.0,4.666666666666667,0.0,0.0,5.0,treated,,NJ,gold_main,VIRTUA HEALTH & REHAB MT HOLLY,2022.0,1,0,0
315201,201.0,80.8,0.5725524744058181,3.2159906514822905,2.0,3.0,3.0,0.0,0.0,4.0,treated,,NJ,gold_main,LUTHERAN CROSSINGS ENHANCED LIVING AT MOORESTOWN,2021.0,1,0,0
315461,128.0,103.75999999999999,1.1419950278305513,4.20055557860522,3.6666666666666665,4.666666666666667,4.5,0.0,0.0,5.0,treated,,NJ,gold_main,VIRTUA H & R C AT BERLIN,2022.0,1,0,0
345081,111.0,96.075,0.44313911569543757,3.065224526880429,2.0,2.5,2.0,0.0,1.0,4.0,treated,,NC,silver_main,CONCORDIA TRANSITIONAL CARE & REHAB-ROSE MANOR,2021.0,1,1,0
395483,121.0,113.23333333333333,0.848217501307149,3.811281058629143,4.0,5.0,4.0,0.0,0.0,3.0,treated,,PA,silver_main,REGINA COMMUNITY NURSING CENTE,2020.0,1,0,0
395537,240.0,208.65,0.5301178516259876,3.6713712903521003,1.0,1.0,2.0,0.0,1.0,2.0,treated,,PA,silver_main,GLENDALE UPTOWN HOME,2019.0,1,1,0
395690,100.0,64.96666666666667,0.9881987057089175,3.5066455228596602,2.0,3.0,5.0,0.0,1.0,3.0,treated,,PA,silver_main,HARLEE MANOR NURSING AND REHABILITATION CENTER,2020.0,1,1,0
455599,194.0,187.26,0.2542222649565019,3.131395518939204,3.3333333333333335,2.6666666666666665,1.6666666666666667,0.0,1.0,5.0,treated,,TX,silver_main,HERITAGE PARK REHABILITATION AND SKILLED NURSING C,2022.0,1,1,0
495019,307.0,261.7,0.6779804238972728,4.291387129920364,3.0,4.0,3.0,0.0,1.0,3.0,treated,,VA,silver_main,WOODBINE REHABILITATION & HEALTHCARE CENTER,2020.0,1,1,0
495268,66.0,57.63333333333333,0.3966450961486368,2.9463553727944363,2.0,1.0,1.0,0.0,1.0,3.0,treated,,VA,silver_main,WESTMORELAND REHABILITATION & HEALTHCARE CENTER,2020.0,1,1,0
495272,190.0,164.6,0.289189487990406,3.2529948266894433,1.0,1.0,2.0,0.0,1.0,3.0,treated,,VA,silver_main,LEXINGTON COURT REHABILITATION & HEALTH CARE CTR,2020.0,1,1,0
555113,35.0,16.85,1.2072860374849457,4.427419205911545,4.5,4.5,3.0,0.0,0.0,4.0,treated,,CA,silver_main,LAKE PARK RETIREMENT RESIDENCE,2023.0,1,0,0
555542,49.333333333333336,36.21666666666667,0.4271460188907572,4.134783347204283,5.0,4.25,2.75,0.0,0.0,6.0,treated,,CA,gold_main,PIONEER HOUSE,2023.0,1,0,0
555645,59.285714285714285,45.55714285714286,0.3427218410492478,3.9179736910711775,3.4,4.2,3.2,0.14285714285714285,0.0,7.0,treated,,CA,gold_main,AUBURN RAVINE TERRACE,2024.0,1,0,1
675395,80.0,60.0,0.338180618750108,3.4167849023896637,3.3333333333333335,3.0,1.3333333333333333,0.0,0.8,5.0,treated,,TX,silver_main,VAL VERDE NURSING AND REHABILITATION CENTER,2022.0,1,1,0
676258,187.0,129.8,0.4557573360856879,3.523129707185909,3.3333333333333335,4.0,2.0,0.0,1.0,5.0,treated,,TX,silver_main,MEMORIAL CITY HEALTH AND REHABILITATION CENTER,2022.0,1,1,0
055001,78.0,70.89556851311954,0.4312606358625779,3.830587064246002,3.3734693877551023,3.9020408163265303,3.055102040816326,0.06997084548104955,1.0,,control,6.0,CA,,REDLANDS HEALTHCARE CENTER,,0,1,1
055002,99.0,85.54087463556851,0.5392068644840328,4.072576593869734,2.6265306122448977,4.626530612244897,4.226530612244899,0.06997084548104955,1.0,,control,6.0,CA,,COUNTRY MANOR HEALTHCARE,,0,1,1
055003,99.0,76.7672886297376,0.43542808065458133,3.532153467928622,1.0,1.4714285714285713,3.183673469387755,0.0,1.0,,control,6.0,CA,,"EUREKA REHABILITATION & WELLNESS CENTER, LP",,0,1,0
055008,192.0,184.3988921282799,1.292774995774315,5.747362367602294,5.0,5.0,5.0,0.0,0.0,,control,6.0,CA,,EDGEMOOR HOSPITAL,,0,0,0
055013,166.0,139.42285714285714,0.40314817397823133,4.954537443093963,2.5285714285714285,4.5285714285714285,4.226530612244899,0.0,0.0,,control,6.0,CA,,EISENBERG VILLAGE,,0,0,0
055016,82.600583090379,55.954139941690954,0.7818885045074118,6.215152717487991,3.0979591836734697,5.0,5.0,0.0,0.0,,control,6.0,CA,,MOUNT SAN ANTONIO GARDENS,,0,0,0
055022,61.0,46.54516034985423,0.8821065068128323,5.051555485086361,3.626530612244898,5.0,4.789795918367346,0.0,0.0,,control,6.0,CA,,MARY HEALTH OF THE SICK CONVALESCENT & NURSING HOS,,0,0,0
055032,87.0,67.1925364431487,0.40229021137658105,3.857658067435062,1.416326530612245,1.7040816326530612,2.0979591836734697,0.06997084548104955,1.0,,control,6.0,CA,,THE EARLWOOD,,0,1,1
055034,164.8411078717201,69.7671137026239,0.5721073208869232,5.464708167987606,3.789795918367347,5.0,4.4367346938775505,0.0,0.0,,control,6.0,CA,,MOTION PICTURE AND T.V. HOSP D/P SNF,,0,0,0
055039,98.0,85.0503498542274,0.4779984360298232,3.841530075950672,4.0,4.810204081632653,4.016326530612245,0.0,1.0,,control,6.0,CA,,GOOD SAMARITAN REHAB AND CARE CENTER,,0,1,0
055041,98.0,72.51883381924199,0.5244250391499146,3.8870872891776407,2.4714285714285715,3.6612244897959183,2.816326530612245,0.06997084548104955,1.0,,control,6.0,CA,,ROYAL CARE SKILLED NURSING CTR,,0,1,1
055042,99.0,91.99895043731779,0.47120286718456605,3.656253951314897,2.0979591836734697,2.5142857142857142,2.5020408163265304,0.06997084548104955,1.0,,control,6.0,CA,,ALTA VISTA HEALTHCARE & WELLNESS CENTRE,,0,1,1
055045,154.0,130.34865889212827,0.37473691197586356,3.887563321274389,1.5632653061224488,2.5632653061224486,3.189795918367347,0.0,1.0,,control,6.0,CA,,RIVIERA HEALTHCARE CENTER,,0,1,0
055056,75.0,68.0722448979592,0.464931611199561,3.9477468756925287,3.0,4.0,2.6,0.0,1.0,,control,6.0,CA,,"PINE GROVE HEALTHCARE & WELLNESS CENTRE, LP",,0,1,0
055064,96.0,80.29769679300291,0.41032669812086353,3.5841800582080614,2.8755102040816327,3.685714285714286,3.1122448979591835,0.06997084548104955,1.0,,control,6.0,CA,,COTTONWOOD CANYON HEALTHCARE CENTER,,0,1,1
055067,74.0,66.73078717201166,0.3218114981521147,3.9655513628659076,3.7693877551020405,4.271428571428572,2.7551020408163267,0.06997084548104955,0.6029154518950437,,control,6.0,CA,,PALOMAR VISTA HEALTHCARE CENTER,,0,1,1
055070,80.0,63.13367346938775,0.2825642849701831,4.12725012349079,3.33265306122449,4.33265306122449,3.1122448979591835,0.0,1.0,,control,6.0,CA,,SEACREST CONVALESCENT HOSPITAL,,0,1,0
055072,104.2131195335277,101.49014577259476,0.356610502940399,4.092545235645753,1.416326530612245,2.0061224489795917,3.497959183673469,0.0,0.5574344023323614,,control,6.0,CA,,ROSECRANS CARE CENTER,,0,1,0
055074,122.0,89.7968804664723,1.630358277510818,7.502923098133985,3.944897959183674,4.626530612244897,3.7122448979591836,0.0,0.0,,control,6.0,CA,,VILLA CORONADO D/P SNF,,0,0,0
055076,126.0,111.61440233236152,0.3694312582801158,4.222586688133519,1.0,1.0,2.6463414634146343,0.06997084548104955,1.0,,control,6.0,CA,,SPRING VALLEY POST ACUTE LLC,,0,1,1
055078,60.0,51.14822157434402,0.30135991407036633,3.200938016631863,2.0979591836734697,2.4714285714285715,2.316326530612245,0.06997084548104955,1.0,,control,6.0,CA,,PARKWAY HILLS NURSING & REHABILITATION,,0,1,1
055079,162.0,119.04845481049563,0.4132217220246991,4.8207045957644,4.226530612244899,5.0,3.887755102040816,0.06997084548104955,1.0,,control,6.0,CA,,MISSION VIEW HEALTH CENTER,,0,1,1
055092,59.0,52.116851311953354,0.4057184374444407,4.0566629819916615,1.836734693877551,2.6367346938775507,3.4306122448979592,0.06997084548104955,1.0,,control,6.0,CA,,YUBA CITY POST ACUTE,,0,1,1
055104,81.0,68.53303206997084,0.7908838418627271,5.715075924799721,2.6,3.6,2.6816326530612242,0.06997084548104955,1.0,,control,6.0,CA,,SUNSET MANOR CONV HOSP,,0,1,1
055109,85.26530612244898,76.51927113702624,0.6384380093408786,3.8004004594561023,1.8326530612244898,2.9244897959183676,4.275510204081632,0.06997084548104955,1.0,,control,6.0,CA,,DRIFTWOOD HEALTHCARE CENTER - SANTA CRUZ,,0,1,1
055111,99.0,82.76626822157434,0.6931134171532074,4.668236103120174,1.6265306122448981,1.9346938775510205,2.6612244897959183,0.06997084548104955,1.0,,control,6.0,CA,,FOUNTAIN VIEW SUBACUTE AND NURSING CENTER,,0,1,1
055114,100.0,90.68026239067055,0.5265376781593583,3.876761289099613,5.0,5.0,3.312244897959184,0.06997084548104955,1.0,,control,6.0,CA,,ARBOR HILLS NURSING CENTER,,0,1,1
055115,106.0,54.168804664723034,0.7440527477576713,4.6641006537096015,2.0,4.0,4.626530612244897,0.0,0.0,,control,6.0,CA,,HOLLENBECK PALMS,,0,0,0
055116,59.0,43.463148688046644,1.2366207945019692,4.093505523073517,4.0,5.0,4.271428571428572,0.06997084548104955,1.0,,control,6.0,CA,,LINDA MAR CARE CENTER,,0,1,1
055123,90.0,81.76518950437318,0.3858695618692396,4.072177895369782,2.4714285714285715,3.583673469387755,3.2408163265306125,0.06997084548104955,1.0,,control,6.0,CA,,SANTA FE CONVALESCENT HOSPITAL,,0,1,1
055126,102.0,97.93475218658892,0.36528389629531016,3.6383876083790048,1.989795918367347,2.8,3.016326530612245,0.06997084548104955,1.0,,control,6.0,CA,,CHINO VALLEY HEALTH CARE CENTE,,0,1,1
055135,59.0,50.795072886297376,0.4861434322231616,4.022351964184169,3.0,4.244897959183673,3.6,0.06997084548104955,1.0,,control,6.0,CA,,MONTROSE HEALTHCARE CENTER,,0,1,1
055142,99.0,90.62448979591836,0.431423711962909,3.7018387587332366,1.8918367346938776,3.2653061224489797,3.6,0.06997084548104955,1.0,,control,6.0,CA,,MAGNOLIA GARDENS CONVALESCENT HOSPITAL,,0,1,1
055146,92.0,76.78303206997086,0.5421938486516145,4.876740064823366,1.610204081632653,2.610204081632653,2.926530612244898,0.06997084548104955,1.0,,control,6.0,CA,,NORTH VALLEY NURSING CENTER,,0,1,1
055147,176.0,167.0125947521866,0.3062417542974944,3.6170877717651218,2.1204081632653065,2.8938775510204082,2.6,0.06997084548104955,1.0,,control,6.0,CA,,MADERA REHABILITATION & NURSING CENTER,,0,1,1
055153,99.0,86.83900874635569,0.44104068516785094,3.873416568883399,1.6918367346938776,2.2918367346938777,2.292682926829268,0.06997084548104955,1.0,,control,6.0,CA,,MONTEBELLO CARE CENTER,,0,1,1
055157,124.0,95.85483965014578,0.4412318218581939,4.396541984833717,2.373469387755102,3.2,3.446938775510204,0.0,1.0,,control,6.0,CA,,VIRGIL REHABILITATION & SKILLED NURSING CENTER,,0,1,0
055161,68.62478134110788,52.84481049562682,0.5886425739449799,4.207677627113872,2.0,3.210204081632653,3.6142857142857143,0.0,1.0,,control,6.0,CA,,GARDEN CREST REHABILITATION CENTER,,0,1,0
055162,89.0,84.58373177842566,0.6027856606181965,4.055736886114596,4.0,5.0,4.055102040816326,0.06997084548104955,1.0,,control,6.0,CA,,MONTEREY PARK CONV HOSP,,0,1,1
055163,90.0,74.71927113702624,0.4212286033362523,3.5407856313747734,2.816326530612245,3.0428571428571427,2.908163265306122,0.0,1.0,,control,6.0,CA,,"MONTECITO HEIGHTS HEALTHCARE & WELLNESS CENTRE, LP",,0,1,0
055167,99.0,89.86822157434402,0.3164820486701139,3.8635618426377003,1.0,1.1897959183673468,2.4346938775510205,0.06997084548104955,1.0,,control,6.0,CA,,VERNON HEALTHCARE CENTER,,0,1,1
055169,378.0,332.8472886297376,1.0237245390313374,4.633037227470903,2.0,3.2755102040816326,4.4,0.0,0.0,,control,6.0,CA,,JEWISH HOME D/P SNF,,0,0,0
055170,99.0,90.24618075801749,0.258583634887015,3.769188711858755,2.373469387755102,2.583673469387755,1.853061224489796,0.06997084548104955,1.0,,control,6.0,CA,,PICO RIVERA HEALTHCARE CENTER,,0,1,1
055173,99.0,76.81466472303208,0.5540679672689397,4.385621599870321,5.0,5.0,4.285714285714286,0.0,1.0,,control,6.0,CA,,FOLSOM CARE CENTER,,0,1,0
055181,151.0,115.23755102040816,0.5343301135828569,4.192119990355181,2.810204081632653,3.246938775510204,2.253061224489796,0.06997084548104955,1.0,,control,6.0,CA,,SAN GABRIEL CONV CENTER,,0,1,1
055182,158.0,145.00892128279884,0.36164394007544776,3.655869520751448,1.7551020408163265,2.5285714285714285,3.183673469387755,0.06997084548104955,1.0,,control,6.0,CA,,LEMON GROVE CARE AND REHABILITATION CENTER,,0,1,1
055183,110.0,99.03897959183675,0.282143691234953,3.6053414483738653,1.746938775510204,2.373469387755102,1.6816326530612247,0.06997084548104955,1.0,,control,6.0,CA,,HERITAGE GARDENS HEALTH CARE CENTER,,0,1,1
055185,104.0,92.46883381924198,0.44184120213043454,4.1670656014840075,3.4591836734693877,3.648979591836735,2.687755102040816,0.06997084548104955,1.0,,control,6.0,CA,,GARDEN CITY HEALTHCARE CENTER,,0,1,1
055188,98.51895043731778,75.65947521865888,0.6496076389814709,4.229491069305478,2.724489795918367,4.2877551020408164,4.0,0.0,0.0,,control,6.0,CA,,BROOKSIDE SKILLED NURSING HOSPITAL,,0,0,0
055189,90.0,71.85169096209913,0.6481434441719999,4.089956129908988,2.4857142857142858,3.4693877551020407,3.646938775510204,0.06997084548104955,1.0,,control,6.0,CA,,GREENFIELD CARE CENTER OF FAIRFIELD,,0,1,1
055192,52.0,36.83489795918367,0.22953113096177957,3.8956907946160215,3.983673469387755,4.357142857142858,1.4591836734693877,0.06997084548104955,0.16034985422740522,,control,6.0,CA,,PROVIDENCE ST ELIZABETH CARE CENTER,,0,0,1
055196,57.0,51.13810495626822,0.4012417548867704,4.249433828181976,3.351020408163265,4.626530612244897,3.7448979591836737,0.0,0.0,,control,6.0,CA,,MARYCREST MANOR,,0,0,0
055203,99.0,84.90775510204082,0.5274439226331479,4.856502698963618,2.5469387755102044,4.320408163265306,4.0,0.0,1.0,,control,6.0,CA,,SUNNY VIEW CARE CENTER,,0,1,0
055204,104.0,88.25816326530612,0.4057429675234011,3.7169304274699035,4.146938775510204,4.577551020408164,3.0,0.06997084548104955,1.0,,control,6.0,CA,,OAKWOOD GARDENS CARE CENTER,,0,1,1
055208,99.0,55.87746355685131,0.4801193487618378,3.7566204766392657,1.6265306122448981,2.6530612244897958,2.879591836734694,0.0,1.0,,control,6.0,CA,,"SEAVIEW REHABILITATION & WELLNESS CENTER, LP",,0,1,0
055210,30.0,28.116530612244897,1.161572131625557,5.015522682726589,4.318367346938776,4.691836734693878,4.46530612244898,0.06997084548104955,0.0,,control,6.0,CA,,THE TERRACES AT LOS ALTOS HEALTH FACILITY,,0,0,1
055211,185.0,148.00323615160352,0.4489887928275574,4.545775706111551,2.436734693877551,3.5183673469387755,4.09795918367347,0.0,1.0,,control,6.0,CA,,IDYLWOOD CARE CENTER,,0,1,0
055215,98.0,88.61448979591836,0.5291350000237122,3.594471690376901,4.0265306122448985,4.773469387755102,3.0489795918367344,0.06997084548104955,1.0,,control,6.0,CA,,OAKLAND HEALTHCARE & WELLNESS CENTER,,0,1,1
055223,99.0,73.0961807580175,0.6059479015354834,4.42157531847593,2.642857142857143,4.2877551020408164,4.09795918367347,0.06997084548104955,1.0,,control,6.0,CA,,SAN JACINTO HEALTHCARE,,0,1,1
055237,79.0,72.33825072886297,0.47094564740369216,4.187841462484022,4.210204081632654,5.0,3.973469387755102,0.06997084548104955,1.0,,control,6.0,CA,,VICTORIA HEALTHCARE AND REHABILITATION CENTER,,0,1,1
055239,91.0,75.27037900874635,0.42334356774809295,3.8179454172738545,3.626530612244898,4.681632653061224,3.522448979591837,0.06997084548104955,1.0,,control,6.0,CA,,EAST BAY POST-ACUTE,,0,1,1
055240,87.0,73.57909620991254,0.30513931041250253,3.5878027356654325,3.0,3.5285714285714285,2.4714285714285715,0.06997084548104955,1.0,,control,6.0,CA,,WATSONVILLE NURSING CENTER,,0,1,1
055241,81.0,76.32830903790088,0.4791372686839021,3.660047252401319,3.2755102040816326,3.4857142857142858,3.6816326530612242,0.0,1.0,,control,6.0,CA,,WILLOW PASS HEALTHCARE CENTER,,0,1,0
055247,81.0,71.10542274052479,0.7560996592881146,5.231768174558914,2.146938775510204,3.330612244897959,2.716326530612245,0.06997084548104955,1.0,,control,6.0,CA,,COUNTRY OAKS CARE CENTER,,0,1,1
055249,79.0,69.57151603498542,0.25254795379393863,3.6797265371377215,5.0,5.0,2.1897959183673468,0.06997084548104955,1.0,,control,6.0,CA,,MERCED NURSING & REHABILITATION CTR,,0,1,1
055252,112.0,94.8706997084548,0.4888378682140035,3.6303395064439767,1.6,2.389795918367347,2.226530612244898,0.06997084548104955,1.0,,control,6.0,CA,,"ORANGE HEALTHCARE & WELLNESS CENTRE, LLC",,0,1,1
055253,156.0,134.44061224489795,0.3582685384188403,3.908775315602531,1.0,1.9020408163265308,3.5285714285714285,0.0,0.0,,control,6.0,CA,,ST. JOHN OF GOD RETIREMENT,,0,0,0
055255,99.0,82.94177842565597,0.3833115086808784,3.9573828261953476,1.853061224489796,2.3244897959183675,2.9387755102040813,0.0,1.0,,control,6.0,CA,,CORONA HEALTH CARE CENTER,,0,1,0
055256,110.0,84.31110787172013,1.0055284152805903,4.6086594740357105,3.626530612244898,4.7122448979591836,4.014285714285714,0.0,0.0,,control,6.0,CA,,LOMPOC VALLEY MEDICAL CTR COMP CARE CTR D/P SNF,,0,0,0
055258,106.0,95.97889212827988,1.0642908430514995,5.349194176250057,1.5020408163265304,1.5365853658536586,3.9878048780487805,0.0,0.0,,control,6.0,CA,,COMMUNITY SUBACUTE AND TRANSITIONAL CARE CENTER,,0,0,0
055261,62.0,52.88172011661808,0.5142098205135281,4.195665877818183,2.0979591836734697,3.0979591836734697,3.148979591836735,0.0,0.0,,control,6.0,CA,,PILGRIM PLACE HEALTH SERVICES CENTER,,0,0,0
055271,68.0,54.522711370262385,0.2785099818874481,3.697855167099388,3.0693877551020408,3.357142857142857,2.7142857142857144,0.06997084548104955,1.0,,control,6.0,CA,,LA SIERRA CARE CENTER,,0,1,1
055282,59.0,54.245276967930025,0.4363166072284993,3.820515828233485,2.173469387755102,3.5469387755102044,3.4714285714285715,0.06997084548104955,1.0,,control,6.0,CA,,POMONA VISTA CARE CENTER,,0,1,1
055283,14.80874635568513,15.889533527696793,0.3158120351417183,6.065835748896271,5.0,4.583673469387755,0.9999999999999999,0.0,0.0,,control,6.0,CA,,JOHN C. FREMONT HEALTHCARE DISTRICT DP/SNF,,0,0,0
055286,98.0,74.41067055393586,0.6845922069387711,4.265284747605061,4.09795918367347,4.4367346938775505,3.8714285714285714,0.06997084548104955,1.0,,control,6.0,CA,,KEARNY MESA CONVALESCENT AND NURSING HOME,,0,1,1
055287,99.0,89.35084548104956,0.3840532078498301,3.790637801049253,2.571428571428571,3.571428571428571,2.630612244897959,0.06997084548104955,1.0,,control,6.0,CA,,VALLEY PALMS CARE CENTER,,0,1,1
055288,99.0,92.83288629737609,0.37040905302583144,3.799720155794281,3.1632653061224487,4.163265306122449,3.6,0.06997084548104955,1.0,,control,6.0,CA,,AUTUMN HILLS HEALTH CARE CENTER,,0,1,1
055292,84.0,76.6638775510204,0.6909776443413984,3.062005086827201,3.6,4.661224489795918,3.4346938775510205,0.0,1.0,,control,6.0,CA,,SHIELDS RICHMOND NURSING CENTER,,0,1,0
055293,391.0,325.6902332361516,0.2833384214494963,3.9281587687443005,1.0,1.5285714285714287,1.9571428571428573,0.0,1.0,,control,6.0,CA,,SANTA ANITA CONVALESCENT HOSP,,0,1,0
055298,93.0,70.95880466472303,0.5841025819448539,3.7375573447209165,4.253061224489796,5.0,2.987755102040816,0.06997084548104955,1.0,,control,6.0,CA,,FALLBROOK SKILLED NURSING,,0,1,1
055308,136.0,121.64612244897958,0.7358349124835956,3.9579528738581313,3.0428571428571427,4.253061224489796,4.5,0.0,1.0,,control,6.0,CA,,WINDSOR ELK GROVE CARE AND REHABILITATION CENTER,,0,1,0
055315,102.0,91.35944606413995,1.0004183846138373,4.019163920934785,2.773469387755102,4.302040816326531,4.155102040816327,0.06997084548104955,1.0,,control,6.0,CA,,GRANT CUESTA SUB-ACUTE AND REHABILITATION CENTER,,0,1,1
055318,253.0,235.59160349854227,0.47869385560646893,3.62380395803927,1.0,1.5632653061224488,3.226530612244898,0.06997084548104955,1.0,,control,6.0,CA,,SKYLINE HEALTHCARE CENTER - SAN JOSE,,0,1,1
055322,133.0,112.73930029154519,0.36067577460093647,3.7113721440815355,1.5285714285714287,2.430612244897959,3.146938775510204,0.06997084548104955,1.0,,control,6.0,CA,,POINT LOMA POST ACUTE CENTER,,0,1,1
055328,87.0,78.55991253644315,0.6689911573750428,3.7765050078536917,4.155102040816327,5.0,3.773469387755102,0.06997084548104955,1.0,,control,6.0,CA,,UNIVERSITY CARE CENTER,,0,1,1
055329,52.0,47.28985422740524,0.4523965195188015,3.943164682832183,3.7244897959183674,5.0,4.146341463414634,0.0,1.0,,control,6.0,CA,,VILLA SERENA HEALTHCARE CENTER,,0,1,0
055330,99.0,89.74460641399418,0.4588064533078296,4.084637078943198,2.7897959183673464,3.2918367346938777,3.226530612244898,0.06997084548104955,1.0,,control,6.0,CA,,ADVANCED REHAB CENTER OF TUSTIN,,0,1,1
055331,54.0,47.08830903790088,0.4865179290873316,3.8437242262660094,2.0632653061224486,2.9346938775510205,3.189795918367347,0.0,1.0,,control,6.0,CA,,"SAN RAFAEL HEALTHCARE & WELLNESS CENTER, LP",,0,1,0
055335,93.0,84.84379008746356,0.5284825631078012,3.943576767796139,3.76734693877551,4.183673469387755,3.404081632653061,0.06997084548104955,1.0,,control,6.0,CA,,LA PALOMA HEALTHCARE CENTER,,0,1,1
055338,99.0,73.36580174927113,0.15998904368632394,3.163959548267373,2.977551020408163,2.8489795918367347,1.4591836734693877,0.0,1.0,,control,6.0,CA,,HAYWARD CONVALESCENT HOSPITAL,,0,1,0
055341,75.0,57.8702915451895,0.8153692074697569,4.3852888314568865,2.6918367346938776,4.220408163265306,4.318367346938776,0.0,1.0,,control,6.0,CA,,GEM TRANSITIONAL,,0,1,0
055350,91.0,73.59755102040816,0.47580492394954066,4.162467659595279,2.524489795918367,3.1244897959183673,3.4551020408163264,0.0,1.0,,control,6.0,CA,,CULVER WEST HEALTH CENTER,,0,1,0
055353,75.0,62.64166180758018,0.5005808745406056,3.924522195538703,2.373469387755102,3.183673469387755,3.1204081632653065,0.06997084548104955,1.0,,control,6.0,CA,,SHORELINE HEALTHCARE CENTER,,0,1,1
055360,49.0,49.063994169096205,0.5948139747128696,4.2447274592541415,4.128571428571429,4.789795918367346,3.6775510204081634,0.0,1.0,,control,6.0,CA,,OAKPARK HEALTHCARE CENTER,,0,1,0
055361,49.0,48.24209912536443,0.27382070972141304,4.22121317616091,3.626530612244898,4.871428571428571,3.4244897959183676,0.0,1.0,,control,6.0,CA,,VISTA PACIFICA CONVALESCENT HOSPITAL,,0,1,0
055367,95.0,77.32854227405247,0.27941037156475756,3.628801316317767,2.112244897959184,3.146938775510204,2.716326530612245,0.06997084548104955,1.0,,control,6.0,CA,,MONROVIA GARDENS HEALTHCARE CENTER,,0,1,1
055374,206.0,183.50361516034985,0.4441295553410393,4.643937885821677,2.724489795918367,3.626530612244898,2.6,0.06997084548104955,1.0,,control,6.0,CA,,UPLAND REHABILITATION AND CARE CENTER,,0,1,1
055376,99.0,86.28483965014578,0.4307343772484146,3.9252308145579518,1.583673469387755,2.7469387755102037,2.8755102040816327,0.06997084548104955,1.0,,control,6.0,CA,,HUNTINGTON DRIVE HEALTH AND REHABILITATION CENTER,,0,1,1
055388,58.0,53.71221574344023,0.7807626875610052,4.023976164674568,4.4,5.0,3.4306122448979592,0.06997084548104955,1.0,,control,6.0,CA,,SAN JOSE HEALTHCARE & WELLNESS CENTER,,0,1,1
055394,99.0,88.66067055393586,0.3542941190225264,4.04332440434443,2.0,3.3734693877551023,2.973469387755102,0.06997084548104955,1.0,,control,6.0,CA,,CLAREMONT CARE CENTER,,0,1,1
055402,178.0,160.29431486880466,0.4142855273993162,3.7747104201215738,2.5632653061224486,2.936734693877551,2.6816326530612242,0.0,1.0,,control,6.0,CA,,WINDSOR EL CAMINO CARE CENTER,,0,1,0
055407,170.0,152.11527696793004,0.44684243926333106,3.5328036706248875,1.0,1.1897959183673468,2.4714285714285715,0.06997084548104955,1.0,,control,6.0,CA,,CUPERTINO HEALTHCARE & WELLNESS CENTER,,0,1,1
055408,59.0,47.42434402332361,0.37761579349799873,4.274994590401087,1.1897959183673468,2.1530612244897958,3.2877551020408164,0.06997084548104955,1.0,,control,6.0,CA,,BELLFLOWER POST ACUTE,,0,1,1
055409,162.0,144.8421865889213,0.3421214485665406,3.9624278333776686,1.2265306122448978,2.226530612244898,2.583673469387755,0.06997084548104955,1.0,,control,6.0,CA,,COMMUNITY CARE AND REHABILITATION CENTER,,0,1,1
055423,59.0,54.45440233236151,0.4170445963013406,3.8364215966972273,1.4714285714285713,2.1959183673469385,3.2693877551020405,0.0,1.0,,control,6.0,CA,,"MANNING GARDENS CARE CENTER, INC",,0,1,0
055430,160.0,142.1931778425656,0.3124400092842282,3.7254582097334232,1.8102040816326532,3.183673469387755,2.8448979591836734,0.06997084548104955,1.0,,control,6.0,CA,,WHITTIER HILLS HEALTH CARE CTR,,0,1,1
055441,98.0,88.55075801749271,0.5144504720715483,3.7870671207169275,2.887755102040816,3.942857142857143,3.6,0.0,1.0,,control,6.0,CA,,IVY CREEK HEALTHCARE & WELLNESS CENTRE,,0,1,0
055443,128.0,101.07536443148689,0.4460004405989515,3.7613247174161923,1.9795918367346939,2.5632653061224486,3.148979591836735,0.06997084548104955,1.0,,control,6.0,CA,,PROVIDENCE WEST VALLEY,,0,1,1
055446,84.0,69.65037900874637,0.39252129068577735,3.77625784383678,3.816326530612245,4.773469387755102,3.0183673469387755,0.06997084548104955,1.0,,control,6.0,CA,,ROCK CREEK CARE CENTER,,0,1,1
055448,97.0,85.4737026239067,0.14420906304520656,3.472027120913967,1.6428571428571428,2.3244897959183675,1.5816326530612246,0.06997084548104955,1.0,,control,6.0,CA,,DINUBA HEALTHCARE,,0,1,1
055449,99.0,89.5006413994169,0.6352699774495941,4.227405463246628,1.7734693877551022,2.357142857142857,2.871428571428571,0.06997084548104955,1.0,,control,6.0,CA,,COVINA REHABILITATION CENTER,,0,1,1
055457,86.0,77.80755102040817,0.5162814452868885,4.761606636571066,3.0428571428571427,4.042857142857143,2.226530612244898,0.06997084548104955,1.0,,control,6.0,CA,,INTERCOMMUNITY HEALTHCARE & REHABILITATION CENTER,,0,1,1
055459,99.0,87.29072886297375,0.40780319471399584,3.641472848991012,2.8469387755102042,4.220408163265306,3.055102040816326,0.06997084548104955,1.0,,control,6.0,CA,,BUENA VISTA CARE CENTER,,0,1,1
055462,119.0,91.07676384839651,1.0061777674420602,4.407014983928176,4.0,5.0,5.0,0.0,0.0,,control,6.0,CA,,HAZEL HAWKINS MEMORIAL HOSPITAL D/P SNF,,0,0,0
055466,43.0,27.455408163265304,1.2422827020370042,5.450644448342407,4.0,5.0,5.0,0.0,0.0,,control,6.0,CA,,"SEQUOIAS, THE",,0,0,0
055473,116.0,103.7897084548105,0.6348108955224947,4.788187572969836,1.5285714285714287,2.3387755102040817,3.0857142857142854,0.0,1.0,,control,6.0,CA,,NEW VISTA POST- ACUTE CARE CENTER,,0,1,0
055475,99.0,89.19186588921283,0.304941752891331,3.7485264700615297,2.6183673469387756,2.7469387755102037,2.6367346938775507,0.06997084548104955,1.0,,control,6.0,CA,,MAIN WEST POSTACUTE CARE,,0,1,1
055481,150.0,131.48104956268222,0.44812141432164576,4.224778680563412,4.7122448979591836,5.0,4.226530612244899,0.0,1.0,,control,6.0,CA,,VIENNA NURSING AND REHABILITATION CENTER,,0,1,0
055488,94.0,80.39941690962098,0.6513634951820377,3.7609621126449477,3.226530612244898,4.804081632653061,4.079591836734694,0.06997084548104955,1.0,,control,6.0,CA,,LA MESA HEALTHCARE CENTER,,0,1,1
055493,95.89912536443148,90.4333527696793,0.597246793546943,4.106477619935844,3.146938775510204,3.9204081632653063,3.146938775510204,0.06997084548104955,1.0,,control,6.0,CA,,MID-TOWN OAKS POST-ACUTE,,0,1,1
055497,99.0,81.00696793002916,0.6426804898297953,4.227675231597721,3.1734693877551017,3.757142857142857,3.8857142857142857,0.06997084548104955,1.0,,control,6.0,CA,,THE PINES AT PLACERVILLE HEALTHCARE CENTER,,0,1,1
055499,90.0,56.342448979591836,0.41621072397923,3.940759424952971,2.8918367346938774,4.26530612244898,3.3734693877551023,0.06997084548104955,1.0,,control,6.0,CA,,ROCKY POINT CARE CENTER,,0,1,1
055500,59.0,50.277725947521866,0.5191119296332292,3.7706741104185073,4.0265306122448985,4.871428571428571,3.5632653061224486,0.06997084548104955,1.0,,control,6.0,CA,,VALLE VISTA CONVALESCENT HOSPITAL,,0,1,1
055505,53.0,47.132128279883375,0.5475551574841734,3.966890391647911,4.210204081632654,5.0,3.2489795918367346,0.06997084548104955,1.0,,control,6.0,CA,,ARROYO VISTA NURSING CENTER,,0,1,1
055512,59.0,50.6038775510204,0.42589303998352485,3.6570457142130017,2.853061224489796,3.2530612244897963,2.173469387755102,0.06997084548104955,1.0,,control,6.0,CA,,WOLF CREEK CARE CENTER,,0,1,1
055517,65.0,52.73367346938775,0.6812745107229968,4.464812005746252,3.1244897959183673,3.314285714285714,2.561224489795918,0.06997084548104955,1.0,,control,6.0,CA,,WOODLANDS HEALTHCARE CENTER,,0,1,1
055518,59.0,41.760962099125365,0.8903640340114145,5.713840190207754,4.5285714285714285,5.0,3.9020408163265303,0.06997084548104955,1.0,,control,6.0,CA,,NEWPORT NURSING AND REHABILITATION CENTER,,0,1,1
055525,55.0,50.08370262390671,0.2424455638309018,3.781344601183738,3.2591836734693875,3.314285714285714,0.9999999999999999,0.06997084548104955,1.0,,control,6.0,CA,,CRENSHAW NURSING HOME,,0,1,1
055526,99.0,83.85431486880466,0.3346135058053646,3.805038610098513,1.7734693877551022,2.8857142857142857,3.6816326530612242,0.06997084548104955,1.0,,control,6.0,CA,,INGLEWOOD HEALTH CARE CENTER,,0,1,1
055527,99.0,79.52081632653062,0.38069653100174305,4.147083802275089,2.4204081632653063,3.695918367346939,3.3734693877551023,0.0,1.0,,control,6.0,CA,,LOS PALOS CONVALESCENT HOSPITAL,,0,1,0
055534,60.0,47.95498542274052,0.8148748151864906,4.876997884659064,4.4714285714285715,5.0,3.2122448979591836,0.0,0.0,,control,6.0,CA,,THE REUTLINGER COMMUNITY,,0,0,0
055538,59.0,50.13172011661808,0.2516669096659001,3.24052787788877,1.9081632653061225,3.0857142857142854,2.5408163265306123,0.0,1.0,,control,6.0,CA,,BONNIE BRAE CONVALESCENT HOSP,,0,1,0
055539,66.0,56.34507288629738,0.41183651137268656,4.5790884959093185,4.0,4.90204081632653,4.0,0.0,0.0,,control,6.0,CA,,ARTESIA CHRISTIAN HOME INC.,,0,0,0
055542,40.0,37.86349854227405,1.4545140361014495,6.490420669404906,4.626530612244897,4.626530612244897,2.8448979591836734,0.06997084548104955,1.0,,control,6.0,CA,,MISSION CARE CENTER,,0,1,1
055548,99.0,82.50221574344023,0.5274293610276672,3.935603317073576,2.6,3.6,2.7122448979591836,0.0,1.0,,control,6.0,CA,,PASADENA PARK HEALTHCARE AND WELLNESS CENTER,,0,1,0
055551,99.0,91.0105247813411,0.17711791926943685,3.53811065278158,1.4,2.026530612244898,2.0,0.06997084548104955,1.0,,control,6.0,CA,,PROVIDENCE SUN VILLA,,0,1,1
055559,80.0,67.22851311953352,0.3993862805101326,3.7442566853363997,1.3734693877551019,2.163265306122449,2.336734693877551,0.06997084548104955,1.0,,control,6.0,CA,,BAY CREST CARE CENTER,,0,1,1
055565,166.0,157.29956268221576,0.21849060345715426,3.7066029977637593,2.1551020408163266,2.683673469387755,2.373469387755102,0.06997084548104955,1.0,,control,6.0,CA,,PROVIDENCE WATERMAN,,0,1,1
055566,95.40437317784256,77.37367346938777,0.681664336487559,4.141783505814512,2.836734693877551,4.020408163265306,3.389795918367347,0.0,1.0,,control,6.0,CA,,COASTAL VIEW HEALTHCARE CENTER,,0,1,0
055568,139.0,117.46204081632654,0.43951090939633897,4.034095051855214,3.210204081632653,4.773469387755102,3.9020408163265303,0.06997084548104955,1.0,,control,6.0,CA,,SIERRA VALLEY REHAB CENTER,,0,1,1
055571,143.0,129.79481049562682,0.7007250314417564,5.3170078569534365,3.2530612244897963,4.626530612244897,3.6,0.06997084548104955,1.0,,control,6.0,CA,,BUENA PARK NURSING CENTER,,0,1,1
055573,86.0,81.26749271137027,0.3296730674841253,3.772463280076786,2.0,2.810204081632653,2.9183673469387754,0.06997084548104955,1.0,,control,6.0,CA,,KINGSBURG CENTER,,0,1,1
055575,99.0,89.520583090379,0.8721705918379079,5.617900958365704,3.0979591836734697,4.4714285714285715,3.6,0.0,1.0,,control,6.0,CA,,PACIFIC HAVEN SUBACUTE AND HEALTHCARE CENTER,,0,1,0
055581,143.0,133.06513119533528,0.24790369673827317,3.915290874804857,1.6265306122448981,2.5285714285714285,2.8448979591836734,0.06997084548104955,1.0,,control,6.0,CA,,PROVIDENCE MT RUBIDOUX,,0,1,1
055597,98.0,71.99437317784256,0.6367706800277879,3.9790808630290604,2.114285714285714,3.6775510204081634,4.09795918367347,0.0,1.0,,control,6.0,CA,,MAYWOOD ACRES HEALTHCARE,,0,1,0
055598,44.0,39.37217687074829,0.24961807165905006,3.8975044215117336,2.7469387755102037,3.1204081632653065,1.5128205128205126,0.0,1.0,,control,6.0,CA,,THE BRADLEY GARDENS,,0,1,0
055604,176.0,141.88093294460643,0.14256246330895575,3.6275276067661326,1.0,1.0979591836734692,1.6816326530612247,0.06997084548104955,1.0,,control,6.0,CA,,REDWOOD SPRINGS HEALTHCARE CENTER,,0,1,1
055608,69.0,60.28603498542274,0.27685484456204734,3.8115838836693623,1.0,1.7734693877551022,2.9204081632653063,0.06997084548104955,1.0,,control,6.0,CA,,PRIMROSE POST-ACUTE,,0,1,1
055619,216.0,188.4552478134111,0.2061629828835077,3.4640190642506767,1.6428571428571428,2.416326530612245,2.6183673469387756,0.06997084548104955,1.0,,control,6.0,CA,,PROVIDENCE ONTARIO,,0,1,1
055622,86.0,69.88577259475218,0.4052441809610471,3.7488220258719194,2.497959183673469,3.2877551020408164,2.724489795918367,0.0,1.0,,control,6.0,CA,,LA HABRA CONVALESCENT HOSPITAL,,0,1,0
055626,155.0,136.40399416909622,0.4628881941043311,3.6011815596865606,2.3469387755102042,2.6653061224489796,2.642857142857143,0.06997084548104955,1.0,,control,6.0,CA,,HEALTHCARE CENTRE OF FRESNO,,0,1,1
055632,90.0,73.07084548104956,0.9104495409608171,4.959602655081209,4.0653061224489795,4.90204081632653,4.373469387755103,0.06997084548104955,1.0,,control,6.0,CA,,GROSSMONT POST ACUTE CARE,,0,1,1
055635,145.0,121.41285714285715,0.37450530061980924,4.085654674285609,3.2755102040816326,3.648979591836735,3.3734693877551023,0.06997084548104955,0.0,,control,6.0,CA,,BRANDEL MANOR,,0,0,1
055640,86.0,63.010612244897956,0.3482784257231033,4.464466200959339,4.226530612244899,5.0,3.3244897959183675,0.0,1.0,,control,6.0,CA,,SPRING HILL MANOR,,0,1,0
055645,133.0,121.40868804664723,0.8908946357060867,3.9462927781359305,2.3081632653061224,3.7081632653061223,4.0265306122448985,0.06997084548104955,1.0,,control,6.0,CA,,MISSION SKILLED NURSING & SUBACUTE CENTER,,0,1,1
055646,66.0,54.67285714285714,1.3247315964261208,4.2375135719273285,2.7510204081632654,3.7510204081632654,4.0265306122448985,0.06997084548104955,1.0,,control,6.0,CA,,PALO ALTO SUB-ACUTE AND REHABILITATION CENTER,,0,1,1
055650,80.0,70.08565597667638,0.30015016162304753,3.858142786353536,4.048979591836735,4.6755102040816325,2.6,0.06997084548104955,1.0,,control,6.0,CA,,HIGHLAND CARE CENTER OF REDLANDS,,0,1,1
055658,50.0,40.16230320699708,0.38876963172918894,4.122909519340149,2.5020408163265304,3.593877551020408,2.830612244897959,0.0,0.0,,control,6.0,CA,,TWILIGHT HAVEN,,0,0,0
055662,92.0,71.9062390670554,0.37742583742473657,4.308070203546729,4.0,5.0,3.5285714285714285,0.0,0.0,,control,6.0,CA,,BETHANY HOME SOCIETY SAN JOAQUIN COUNTY,,0,0,0
055664,107.0,87.39204081632653,0.43481935650439174,3.6551696967439673,1.853061224489796,2.5142857142857142,2.742857142857143,0.0,1.0,,control,6.0,CA,,YORK HEALTHCARE & WELLNESS CENTRE,,0,1,0
055670,78.0,69.32559766763849,0.4302425601154103,3.9094590850940314,2.6,3.475510204081633,3.6183673469387756,0.06997084548104955,1.0,,control,6.0,CA,,BROADWAY MANOR CARE CENTER,,0,1,1
055671,41.0,35.16591836734694,0.33447066639493106,3.824877503884328,3.626530612244898,4.626530612244897,2.8204081632653057,0.06997084548104955,1.0,,control,6.0,CA,,PARKVIEW HEALTHCARE CENTER,,0,1,1
055677,49.0,43.713002915451895,0.16955905999821616,3.652960736996124,4.302040816326531,3.5122448979591834,1.9183673469387754,0.0,1.0,,control,6.0,CA,,PITTSBURG SKILLED NURSING CENTER,,0,1,0
055684,68.0,47.42501457725948,0.5242153381254941,4.368219116929643,4.226530612244899,5.0,4.0,0.0,1.0,,control,6.0,CA,,THE CALIFORNIAN,,0,1,0
055685,74.00728862973762,65.23253644314869,0.5163147431921431,3.6830002559746444,2.5142857142857142,3.789795918367347,3.8755102040816327,0.06997084548104955,1.0,,control,6.0,CA,,BRIGHTON PLACE SPRING VALLEY,,0,1,1
055704,49.0,46.12972789115646,0.37231937292040596,4.100336393221093,3.026530612244898,4.0265306122448985,3.226530612244898,0.0,1.0,,control,6.0,CA,,ANGELS NURSING HEALTH CENTER,,0,1,0
055706,162.0,142.10871720116617,0.2793128822765709,3.896983005671411,1.816326530612245,2.816326530612245,3.2816326530612248,0.06997084548104955,1.0,,control,6.0,CA,,THE ORCHARD - POST ACUTE CARE,,0,1,1
055707,59.0,53.94967930029155,0.42407735161302407,3.517976579181987,2.536734693877551,3.2489795918367346,2.6979591836734693,0.06997084548104955,1.0,,control,6.0,CA,,ONTARIO HEALTHCARE CENTER,,0,1,1
055711,59.0,50.825131195335274,0.6668157844654987,4.644253669675379,2.648979591836735,3.761224489795919,3.3938775510204082,0.06997084548104955,0.821865889212828,,control,6.0,CA,,BRENTWOOD HEALTH CARE CENTER,,0,1,1
055715,60.0,56.34460641399417,0.39275305709022,3.729209859930386,3.353061224489796,3.271428571428572,3.502040816326531,0.0,1.0,,control,6.0,CA,,KYAKAMEENA CARE CENTER,,0,1,0
055718,59.0,45.40244897959184,0.4054676518773074,4.152774023430373,4.0,5.0,3.502040816326531,0.06997084548104955,1.0,,control,6.0,CA,,MONTCLAIR MANOR CARE CENTER,,0,1,1
055733,80.0,57.96166180758018,0.7099180720157572,4.571094274304561,4.416326530612245,5.0,4.4714285714285715,0.06997084548104955,0.0,,control,6.0,CA,,VALLE VERDE HEALTH FACILITY,,0,0,1
055734,57.0,41.569271137026234,0.3193183953946449,4.252306994218011,1.846938775510204,2.559183673469388,2.2816326530612248,0.06997084548104955,1.0,,control,6.0,CA,,UKIAH POST ACUTE,,0,1,1
055735,128.0,113.43921282798834,0.6855076911243252,4.495753140088449,2.330612244897959,2.704081632653061,2.6612244897959183,0.0,1.0,,control,6.0,CA,,WINDSOR ELMHAVEN CARE CENTER,,0,1,0
055742,99.0,82.81737609329447,0.36968872291220933,3.7394396323293178,3.130612244897959,4.130612244897959,2.6,0.06997084548104955,0.8396501457725948,,control,6.0,CA,,HARBOR VILLA CARE CENTER,,0,1,1
055744,104.0,85.6177551020408,0.518757991231616,3.954341502025533,1.853061224489796,2.853061224489796,2.536585365853658,0.06997084548104955,1.0,,control,6.0,CA,,ATLANTIC MEMORIAL HEALTHCARE CENTER,,0,1,1
055753,198.0,183.31218658892126,0.4081277333993901,4.059705896887584,1.2102040816326531,1.583673469387755,3.0979591836734697,0.06997084548104955,1.0,,control,6.0,CA,,LONGWOOD MANOR CONV.HOSPITAL,,0,1,1
055755,86.0,74.3163556851312,0.5600878897504387,3.9139537015440338,1.7734693877551022,2.357142857142857,2.4857142857142858,0.06997084548104955,1.0,,control,6.0,CA,,SHARON CARE CENTER,,0,1,1
055756,72.0,50.65338192419825,0.31728186229448013,4.100881939006209,4.253061224489796,5.0,3.146938775510204,0.06997084548104955,1.0,,control,6.0,CA,,CLOVERDALE HEALTHCARE CENTER,,0,1,1
055758,59.0,49.04361516034986,0.412933045536949,4.096695016030688,2.0,3.2448979591836733,2.997959183673469,0.0,1.0,,control,6.0,CA,,NORTH WALK VILLA CONVAL. HOSP.,,0,1,0
055760,97.0,83.91061224489796,0.4053649374759417,3.803004913399092,2.373469387755102,3.536734693877551,3.055102040816326,0.0,1.0,,control,6.0,CA,,"ALHAMBRA HEALTHCARE & WELLNESS CENTRE, LP",,0,1,0
055761,99.0,78.41084548104956,0.6717879872548543,3.8945074351232183,4.189795918367347,4.90204081632653,4.014285714285714,0.06997084548104955,1.0,,control,6.0,CA,,ENCINITAS NURSING AND REHABILITATION CENTER,,0,1,1
055764,105.0,96.46635568513119,0.6314873759665465,4.511665738051045,2.6265306122448977,3.026530612244898,2.342857142857143,0.0,1.0,,control,6.0,CA,,SHEA REHABILITATION HEALTHCARE,,0,1,0
055775,47.0,41.65897959183673,0.5794996525024525,3.7946045332220972,2.8,3.3632653061224493,3.789795918367347,0.06997084548104955,1.0,,control,6.0,CA,,"ORINDA CARE CENTER, LLC",,0,1,1
055776,205.0,162.32685131195336,0.4319168666810467,3.7487557693140205,2.330612244897959,3.1204081632653065,2.8816326530612244,0.06997084548104955,1.0,,control,6.0,CA,,WESTVIEW HEALTHCARE CENTER,,0,1,1
055795,99.0,91.97775510204082,0.558989423110726,3.466694714791293,2.497959183673469,3.2714285714285714,2.773469387755102,0.06997084548104955,1.0,,control,6.0,CA,,BRIGHTON PLACE SAN DIEGO,,0,1,1
055797,134.0,123.65612244897959,0.5016960378796691,3.7070183356548343,2.810204081632653,3.9081632653061225,3.195918367346939,0.06997084548104955,1.0,,control,6.0,CA,,GILROY HEALTHCARE AND REHABILITATION CENTER,,0,1,1
055798,148.0,142.53005830903788,0.566509462217692,4.13569074339622,2.773469387755102,3.583673469387755,3.2408163265306125,0.06997084548104955,1.0,,control,6.0,CA,,VASONA CREEK HEALTHCARE CENTER,,0,1,1
055800,73.0,64.17425655976676,1.477370923020876,4.252448135176444,3.0,4.871428571428571,4.871428571428571,0.06997084548104955,1.0,,control,6.0,CA,,STONEBROOK HEALTH AND REHABILITATION,,0,1,1
055806,151.0,134.4167055393586,0.7018336369030619,4.050343562799386,3.773469387755102,4.773469387755102,3.183673469387755,0.06997084548104955,1.0,,control,6.0,CA,,VILLA LAS PALMAS HEALTHCARE CENTER,,0,1,1
055807,59.0,38.06469387755102,0.5495521657851445,3.7976550401453677,2.595918367346939,4.073170731707316,3.4146341463414633,0.06997084548104955,1.0,,control,6.0,CA,,SHASTA VIEW ESTATES,,0,1,1
055809,30.0,28.614985422740524,0.41757040107618376,3.8336864701606936,3.0428571428571427,4.226530612244899,3.7979591836734694,0.0,1.0,,control,6.0,CA,,ST ANTHONY CARE CENTER,,0,1,0
055816,99.0,88.80093294460642,0.703154604545059,5.368384190145562,3.626530612244898,5.0,3.6,0.06997084548104955,1.0,,control,6.0,CA,,CHAPMAN CARE CENTER,,0,1,1
055817,69.0,57.77495626822157,0.3202277393322006,3.7783760009740206,2.757142857142857,3.044897959183673,1.9142857142857144,0.06997084548104955,1.0,,control,6.0,CA,,MONTE VISTA HEALTHCARE CENTER,,0,1,1
055839,71.0,58.63938775510204,0.4794720095646752,3.8161668564838513,4.373469387755103,4.7122448979591836,2.96530612244898,0.06997084548104955,1.0,,control,6.0,CA,,SAN LUIS CARE CENTER,,0,1,1
055846,79.0,49.26775510204082,0.7400196704273482,4.586195369962763,3.9204081632653063,4.546938775510204,4.4,0.06997084548104955,0.0,,control,6.0,CA,,THE TERRACES AT SAN JOAQUIN GARDENS VILLAGE,,0,0,1
055849,99.0,89.23720116618077,0.29965808226095636,3.5589675147495456,3.746938775510204,4.163265306122449,2.373469387755102,0.06997084548104955,1.0,,control,6.0,CA,,MODESTO POST ACUTE CENTER,,0,1,1
055850,101.0,94.36314868804665,0.6849698747298085,3.7590839946053656,1.416326530612245,2.704081632653061,4.497959183673469,0.06997084548104955,1.0,,control,6.0,CA,,PINE RIDGE CARE CENTER,,0,1,1
055853,68.0,51.49620991253644,0.2677990961549099,3.9241626248232944,3.689795918367347,3.879591836734694,2.357142857142857,0.06997084548104955,1.0,,control,6.0,CA,,REDWOOD COVE HEALTHCARE CENTER,,0,1,1
055856,50.0,46.42708454810496,0.21146314576340633,3.845040509709775,2.879591836734694,3.689795918367347,2.036734693877551,0.0,1.0,,control,6.0,CA,,HIGH VALLEY LODGE,,0,1,0
055861,74.0,64.68218658892128,0.40926318340141027,3.8984546504689233,2.416326530612245,3.226530612244898,3.1795918367346943,0.06997084548104955,1.0,,control,6.0,CA,,PROVIDENCE OJAI,,0,1,1
055866,76.0,56.48067055393586,1.0205043429811522,4.479730829455045,3.1632653061224487,4.255102040816326,4.583673469387755,0.06997084548104955,1.0,,control,6.0,CA,,PLUM TREE CARE CENTER,,0,1,1
055870,99.0,87.5560641399417,0.5500670587775023,4.3818710695351815,2.6959183673469385,4.06938775510204,2.8448979591836734,0.06997084548104955,1.0,,control,6.0,CA,,SUNRAY HEALTHCARE CENTER,,0,1,1
055871,80.0,70.41944606413995,0.45144786805036813,3.7614995738759225,3.1632653061224487,4.0653061224489795,3.0,0.0,1.0,,control,6.0,CA,,WINDSOR SKYLINE CARE CENTER,,0,1,0
055872,99.0,91.69970845481049,0.379877352830193,4.038811299413874,3.5285714285714285,4.804081632653061,3.055102040816326,0.06997084548104955,1.0,,control,6.0,CA,,CITRUS NURSING CENTER,,0,1,1
055873,119.0,110.00463556851312,0.6536917155700952,4.384998803899459,2.908163265306122,3.4714285714285715,3.177551020408163,0.0,1.0,,control,6.0,CA,,COMMUNITY CARE CENTER,,0,1,0
055874,99.0,88.88819241982507,0.48232449440186775,3.7482471374387427,4.804081632653061,4.804081632653061,3.4714285714285715,0.06997084548104955,1.0,,control,6.0,CA,,HAYWARD HEALTHCARE & WELLNESS CENTER,,0,1,1
055885,126.0,108.79985422740523,0.7781615145199904,3.7286371383869357,2.973469387755102,3.4714285714285715,3.369387755102041,0.0,1.0,,control,6.0,CA,,WINDSOR COUNTRY DRIVE CARE CENTER,,0,1,0
055886,210.0,161.4751895043732,0.5392721164308891,3.9431680835523486,3.0,4.773469387755102,3.773469387755102,0.06997084548104955,1.0,,control,6.0,CA,,ROSEVILLE CARE CENTER,,0,1,1
055888,144.0,115.50833819241981,0.6375447063389709,4.191461906091236,3.0857142857142854,3.648979591836735,2.146938775510204,0.06997084548104955,1.0,,control,6.0,CA,,HUNTINGTON VALLEY HEALTHCARE CENTER,,0,1,1
055890,99.0,90.01591836734694,0.39844632459712603,3.811610167217812,2.642857142857143,3.642857142857143,3.0306122448979593,0.06997084548104955,1.0,,control,6.0,CA,,MAGNOLIA POST ACUTE CARE,,0,1,1
055892,36.0,32.82900874635568,0.24248243142480802,3.6559303367828955,5.0,4.90204081632653,1.9183673469387754,0.0,1.0,,control,6.0,CA,,BERKELEY PINES SKILLED NURSING CENTER,,0,1,0
055906,99.0,90.19189504373179,0.40236117024086404,3.8013752751186685,1.0,1.9020408163265308,2.1285714285714286,0.06997084548104955,1.0,,control,6.0,CA,,RINALDI CONVALESCENT HOSPITAL,,0,1,1
055910,99.0,90.7572886297376,0.46677736492519917,3.8630361891556175,4.681632653061224,5.0,3.226530612244898,0.06997084548104955,1.0,,control,6.0,CA,,COUNTRY MANOR LA MESA HEALTHCARE CENTER,,0,1,1
055914,48.0,35.12233236151603,0.603501407532659,4.77296318195146,3.416326530612245,4.5632653061224495,4.173469387755102,0.06997084548104955,0.0,,control,6.0,CA,,PLYMOUTH VILLAGE,,0,0,1
055916,99.0,88.39408163265307,0.2134246424051949,3.5521578159997045,1.0979591836734692,1.7897959183673469,2.4183673469387754,0.0,1.0,,control,6.0,CA,,KAWEAH MANOR CONVALESCENT HOSPITAL,,0,1,0
055919,95.0,83.59,0.4903106695953463,4.105145802252647,3.3387755102040817,4.7122448979591836,3.4714285714285715,0.06997084548104955,1.0,,control,6.0,CA,,APPLE VALLEY POST-ACUTE REHAB,,0,1,1
055922,112.0,98.84798833819242,0.6759065797341758,3.8313160333045015,3.353061224489796,4.4346938775510205,3.3387755102040817,0.06997084548104955,1.0,,control,6.0,CA,,COURTYARD HEALTH CARE CENTER,,0,1,1
055929,96.0,82.50087463556852,0.3627636780335477,3.72156605099128,2.5285714285714285,3.3183673469387758,2.373469387755102,0.06997084548104955,1.0,,control,6.0,CA,,CRYSTAL COVE CARE CENTER,,0,1,1
055932,201.0,169.1608163265306,0.39538786775769125,3.7217810256077692,1.0,1.6918367346938776,3.2612244897959184,0.0,1.0,,control,6.0,CA,,"FOUR SEASONS HEALTHCARE & WELLNESS CENTER, LP",,0,1,0
055935,46.0,41.040029154518955,0.19721372614911412,3.9073637693263508,3.746938775510204,3.685714285714286,2.86734693877551,0.06997084548104955,1.0,,control,6.0,CA,,CERES POSTACUTE CARE,,0,1,1
055952,195.0,173.0483381924198,0.24566143917329747,4.034928704312859,1.436734693877551,2.3387755102040817,3.4714285714285715,0.06997084548104955,1.0,,control,6.0,CA,,"TORRANCE CARE CENTER WEST, INC",,0,1,1
055954,98.0,85.38810495626822,0.4816881933644722,3.6895669993185494,3.4714285714285715,4.281632653061225,2.830612244897959,0.0,1.0,,control,6.0,CA,,WINDSOR GARDENS CONV CENTER OF SAN DIEGO,,0,1,0
055955,120.0,102.85571428571428,0.381420764474246,4.09245576607201,2.910204081632653,3.310204081632653,3.246938775510204,0.0,0.0,,control,6.0,CA,,CALIFORNIA HOME FOR THE AGED,,0,0,0
055959,95.0,80.35772594752186,0.29749432565765954,3.590814083454258,2.4,3.4551020408163264,2.7469387755102037,0.06997084548104955,1.0,,control,6.0,CA,,WATSONVILLE POST ACUTE CENTER,,0,1,1
055960,92.0,80.61548104956269,0.45890584164810005,3.943270572401857,1.6816326530612247,2.8918367346938774,3.4367346938775514,0.06997084548104955,1.0,,control,6.0,CA,,LA CRESCENTA HEALTHCARE CENTER,,0,1,1
055962,78.0,69.5731778425656,0.4371942806624156,3.6512282241122933,2.3183673469387753,2.5285714285714285,2.144897959183673,0.0,1.0,,control,6.0,CA,,WINDSOR MONTEREY CARE CENTER,,0,1,0
055964,104.0,91.86338192419825,0.6995606767330753,4.4523360176608175,3.6816326530612242,4.871428571428571,4.0,0.06997084548104955,1.0,,control,6.0,CA,,FRIENDSHIP MANOR NURSING & REHAB CENTER,,0,1,1
055975,60.0,59.218231292517004,0.02919792468879555,3.717622511491416,2.7591836734693875,3.342857142857143,1.9183673469387754,0.0,1.0,,control,6.0,CA,,HILLCREST MANOR SANITARIUM,,0,1,0
055979,71.0,77.76387755102041,0.32684111767392976,3.9464076259019873,3.5,4.5,3.3414634146341466,0.08163265306122448,1.0,,control,6.0,CA,,FRANCISCAN CONVALESCENT HOSPITAL,,0,1,1
055984,250.0,206.094110787172,0.36329302364537636,4.254405332412333,2.5632653061224486,3.9367346938775514,3.3734693877551023,0.06997084548104955,1.0,,control,6.0,CA,,"ANAHEIM HEALTHCARE CENTER, LLC",,0,1,1
055987,144.0,116.83247813411079,0.4485379334956521,3.7744998521034105,2.946938775510204,4.191836734693878,3.404081632653061,0.06997084548104955,1.0,,control,6.0,CA,,BROADWAY VILLA POST ACUTE,,0,1,1
055989,99.0,94.84778425655978,0.4427189812573783,3.69252310785353,3.0,4.373469387755103,3.1530612244897958,0.06997084548104955,1.0,,control,6.0,CA,,HERITAGE MANOR,,0,1,1
055992,97.0,81.60527696793002,0.38156788290134974,3.754139886234692,1.746938775510204,2.4387755102040813,2.373469387755102,0.06997084548104955,1.0,,control,6.0,CA,,WEST COVINA HEALTHCARE CENTER,,0,1,1
055995,120.0,96.36419825072886,0.48573491389362605,3.9884636030046585,2.4,3.46530612244898,3.502040816326531,0.0,1.0,,control,6.0,CA,,WINDSOR CONVALESCENT CENTER OF NORTH LONG BEACH,,0,1,0
056007,95.02915451895043,86.770583090379,0.7365617280044015,5.432621760453822,2.669387755102041,3.5918367346938775,3.7122448979591836,0.06997084548104955,1.0,,control,6.0,CA,,PACIFIC CARE NURSING CENTER,,0,1,1
056008,93.0,80.06807580174927,0.562079413522663,4.613487221576413,3.416326530612245,5.0,4.0,0.06997084548104955,1.0,,control,6.0,CA,,GUARDIAN REHABILITATION HOSPITAL,,0,1,1
056010,198.0,164.04396501457728,0.340012785033906,3.792962229931128,1.2102040816326531,1.9836734693877551,2.7469387755102037,0.06997084548104955,1.0,,control,6.0,CA,,SEAL BEACH HEALTH AND REHABILITATION CENTER,,0,1,1
056014,70.0,58.74075801749271,0.4818351729053788,3.883812821064425,3.626530612244898,5.0,3.310204081632653,0.06997084548104955,1.0,,control,6.0,CA,,BROOKFIELD HEALTHCARE CENTER,,0,1,1
056017,161.0,119.18626822157435,0.748084666905672,3.878293852671404,2.583673469387755,4.048979591836735,4.210204081632654,0.06997084548104955,1.0,,control,6.0,CA,,LA JOLLA NURSING AND REHABILITATION CENTER,,0,1,1
056019,74.0,60.482798833819245,0.35843682899824014,4.133914466955408,2.5285714285714285,3.5285714285714285,2.3775510204081636,0.0,1.0,,control,6.0,CA,,GARDENA CONVALESCENT CENTER,,0,1,0
056023,131.0,115.69495626822157,0.4048307124532075,3.99288588568683,1.4,1.9836734693877551,3.3081632653061224,0.0,1.0,,control,6.0,CA,,AVALON VILLA CARE CENTER,,0,1,0
056024,99.0,90.82326530612244,0.30649215208119396,3.7941690255682277,2.724489795918367,3.7244897959183674,2.773469387755102,0.06997084548104955,1.0,,control,6.0,CA,,HIGHLAND PALMS HEALTHCARE CENTER,,0,1,1
056026,63.9533527696793,53.24615160349855,0.5598758401663371,3.9166092894772646,3.583673469387755,4.4,2.6224489795918364,0.06997084548104955,1.0,,control,6.0,CA,,"EMPRESS CARE CENTER, LLC",,0,1,1
056031,121.0,104.50244897959183,0.4219574339938154,3.8241352311522103,1.9571428571428573,3.4428571428571426,3.5775510204081638,0.0,1.0,,control,6.0,CA,,NEW VISTA NURSING AND REHABILITATION CENTER,,0,1,0
056037,99.0,90.54314868804664,0.630921381300481,3.951199735066961,2.0,3.4,3.626530612244898,0.06997084548104955,1.0,,control,6.0,CA,,PACIFIC HILLS MANOR,,0,1,1
056043,196.0,185.2109912536443,0.47500616839353954,4.097783693359693,1.0,1.3734693877551019,2.8204081632653057,0.06997084548104955,1.0,,control,6.0,CA,,COLONIAL CARE CENTER,,0,1,1
056048,99.0,92.11527696793003,1.0728576533494496,3.9146013043562355,4.7122448979591836,5.0,3.7387755102040816,0.06997084548104955,1.0,,control,6.0,CA,,PACIFIC COAST MANOR,,0,1,1
056055,99.0,79.01128279883382,0.982555945558834,4.135613319097633,3.336734693877551,3.8346938775510204,4.497959183673469,0.0,1.0,,control,6.0,CA,,CARMEL HILLS CARE CENTER,,0,1,0
056056,159.0,89.19013605442177,0.5887616250723702,3.922112129838541,1.0,1.146341463414634,2.5,0.06997084548104955,0.8014577259475218,,control,6.0,CA,,,,0,1,1
056058,77.0,71.69967930029155,0.5695288664785236,3.740757486076599,3.0816326530612246,3.389795918367347,3.3081632653061224,0.06997084548104955,1.0,,control,6.0,CA,,ALMADEN HEALTH AND REHABILITATION  CENTER,,0,1,1
056062,50.0,43.71069970845481,0.5917766283489785,3.5614591738318095,3.4714285714285715,4.0,3.3734693877551023,0.06997084548104955,1.0,,control,6.0,CA,,AMAYA SPRINGS HEALTH CARE CENTER,,0,1,1
056063,99.0,85.74457725947522,0.27583464655794443,3.4630800196139253,1.436734693877551,2.210204081632653,2.1530612244897958,0.0,1.0,,control,6.0,CA,,INFINITY CARE OF EAST LOS ANGELES,,0,1,0
056066,157.0,129.87259475218661,0.4365088900750274,3.849338901536779,1.0,2.0,2.6,0.06997084548104955,1.0,,control,6.0,CA,,WOODLAND CARE CENTER,,0,1,1
056071,50.0,36.90419825072886,1.4384373692587977,5.1626552182788465,3.0979591836734697,5.0,5.0,0.0,0.0,,control,6.0,CA,,SEQUOIAS SAN FRANCISCO CONVALESCENT HOSPITAL,,0,0,0
056073,99.0,87.93571428571428,0.8821889025146883,4.852912202813639,3.626530612244898,4.6,3.2755102040816326,0.06997084548104955,1.0,,control,6.0,CA,,SACRAMENTO POST-ACUTE,,0,1,1
056076,99.0,88.76997084548105,0.44974641577062935,3.849196862976524,2.226530612244898,3.226530612244898,2.406122448979592,0.06997084548104955,1.0,,control,6.0,CA,,ANAHEIM TERRACE CARE CENTER,,0,1,1
056077,52.0,37.35731778425656,1.3029476518750713,5.350800902490653,4.0,5.0,4.871428571428571,0.0,0.19854227405247812,,control,6.0,CA,,THE TAMALPAIS,,0,0,0
056079,342.0,299.53562682215744,0.2764954551614979,3.9020243526966785,1.1285714285714286,1.8204081632653062,3.6,0.06997084548104955,1.0,,control,6.0,CA,,"GLENDORA GRAND, INC",,0,1,1
056082,199.0,157.82087463556852,0.37664371044894673,3.796096089176303,1.2102040816326531,2.4204081632653063,3.3571428571428568,0.06997084548104955,1.0,,control,6.0,CA,,CANYON SPRINGS POST-ACUTE,,0,1,1
056083,74.0,46.613935860058305,0.6059897882551624,4.551524672141282,2.0,2.742857142857143,3.0510204081632653,0.0,0.4425655976676385,,control,6.0,CA,,WOODS HEALTH SERVICES,,0,0,0
056084,218.0,151.8758309037901,0.4102904346172652,3.953982653749614,1.2265306122448978,2.226530612244898,3.626530612244898,0.0,1.0,,control,6.0,CA,,ASTORIA NURSING AND REHAB CENTER,,0,1,0
056092,112.0,100.32160349854227,0.9535308898929433,6.2899681751726195,2.773469387755102,4.146938775510204,3.6,0.0,1.0,,control,6.0,CA,,TOPANGA TERRACE,,0,1,0
056095,99.0,75.40673469387755,0.44897093131903815,4.018558120250835,3.146938775510204,4.238775510204082,3.5632653061224486,0.06997084548104955,1.0,,control,6.0,CA,,DEVONSHIRE CARE CENTER,,0,1,1
056096,94.0,68.02064139941692,1.0458911988222646,4.450376013165185,5.0,5.0,4.497959183673469,0.06997084548104955,0.0,,control,6.0,CA,,PIEDMONT GARDENS HEALTH FACILITY,,0,0,1
056103,151.0,114.32314868804664,0.500983344323465,3.578959906690379,3.3734693877551023,3.9571428571428573,3.6816326530612242,0.0,1.0,,control,6.0,CA,,CROWN BAY NURSING AND REHABILITATION CENTER,,0,1,0
056104,53.0,47.38941690962099,0.4133006080436236,3.8827240870820607,2.9897959183673466,4.23469387755102,3.336734693877551,0.06997084548104955,1.0,,control,6.0,CA,,ROSE VILLA HEALTH CARE CENTER,,0,1,1
056105,194.0,165.15795918367348,0.5697753296065164,4.103839907978438,2.5142857142857142,3.789795918367347,3.2448979591836733,0.06997084548104955,1.0,,control,6.0,CA,,BALBOA NURSING & REHABILITATION CENTER,,0,1,1
056107,84.0,33.36813411078717,1.1697742364457855,9.421719566177673,4.90204081632653,5.0,3.6,0.06997084548104955,0.0,,control,6.0,CA,,COMMUNITY CONVALESCENT CENTER OF SAN BERNARDINO,,0,0,1
056110,208.0,152.97137026239068,0.3550048828419868,3.9026296378147354,1.6918367346938776,2.2755102040816326,2.5020408163265304,0.06997084548104955,1.0,,control,6.0,CA,,LAGUNA HILLS HEALTH AND REHABILITATION CENTER,,0,1,1
056111,90.26297376093295,81.30571428571429,0.34223493034599284,3.863937785462902,1.0,1.2877551020408162,3.0,0.0,1.0,,control,6.0,CA,,GRIFFITH PARK HEALTHCARE CENTER,,0,1,0
056113,177.0,152.7751895043732,0.4784669586336206,3.8573360230690152,1.0,2.0,3.2857142857142856,0.06997084548104955,1.0,,control,6.0,CA,,ALEXANDRIA CARE CENTER,,0,1,1
056115,99.0,88.8566472303207,0.38844862402949,3.90244875920373,3.189795918367347,4.0265306122448985,2.561224489795918,0.06997084548104955,1.0,,control,6.0,CA,,IMPERIAL HEALTHCARE CENTER,,0,1,1
056116,152.0,132.701778425656,1.0182774611248888,4.097109217883244,2.1897959183673468,3.4918367346938775,3.816326530612245,0.06997084548104955,1.0,,control,6.0,CA,,LOS ALTOS SUB-ACUTE AND REHABILITATION CENTER,,0,1,1
056117,126.0,96.95510204081633,0.25594609695242665,3.928975406313028,1.0,1.0,2.451219512195122,0.0,1.0,,control,6.0,CA,,THE ROWLAND,,0,1,0
056121,99.0,87.44227405247814,0.5207459511198252,3.729812519453114,3.263265306122449,3.6367346938775507,2.853061224489796,0.06997084548104955,1.0,,control,6.0,CA,,WASHINGTON CENTER,,0,1,1
056127,99.0,90.08172011661807,0.3506182990536024,3.789354647864924,1.7938775510204081,2.3938775510204082,2.416326530612245,0.06997084548104955,1.0,,control,6.0,CA,,LIVE OAK REHAB CENTER,,0,1,1
056129,188.0,169.33857142857144,0.44027982656922193,3.910740530902248,1.0,1.8102040816326532,4.085714285714285,0.06997084548104955,1.0,,control,6.0,CA,,BURBANK HEALTHCARE & REHAB,,0,1,1
056133,145.0,125.2701166180758,0.5431370571284929,3.861085223413924,1.2265306122448978,2.0,3.8102040816326532,0.06997084548104955,1.0,,control,6.0,CA,,WEST HILLS HEALTH & REHAB CENTER,,0,1,1
056136,99.0,89.36189504373178,0.2914643372865512,3.775256265116784,2.4918367346938775,3.055102040816326,2.4346938775510205,0.0,1.0,,control,6.0,CA,,VILLA MESA CARE CENTER,,0,1,0
056139,98.0,79.99172011661807,0.60533837058688,4.039996254258405,3.4224489795918367,4.012244897959183,3.593877551020408,0.06997084548104955,1.0,,control,6.0,CA,,ROSEVILLE POINT HEALTH & WELLNESS CENTER,,0,1,1
056143,53.0,45.596122448979585,0.41447323230625543,3.776041388170495,2.1612244897959183,2.951020408163265,2.436734693877551,0.06997084548104955,1.0,,control,6.0,CA,,OSAGE HEALTHCARE & WELLNESS CENTRE,,0,1,1
056144,99.0,79.69932944606414,0.4123540765604812,3.9215166379857886,2.0979591836734697,3.0979591836734697,3.0,0.06997084548104955,1.0,,control,6.0,CA,,HUNTINGTON PARK NURSING CENTER,,0,1,1
056145,99.0,89.87973760932945,0.4580043096230573,3.939890441993401,3.6,4.410204081632653,3.0979591836734697,0.06997084548104955,1.0,,control,6.0,CA,,GARDEN GROVE CONVALESCENT HOSP,,0,1,1
056148,99.0,90.63067055393586,0.33470207082854164,3.531818756971319,2.0,3.183673469387755,2.557142857142857,0.06997084548104955,1.0,,control,6.0,CA,,CASITAS CARE CENTER,,0,1,1
056149,201.0,179.12472303206994,0.651752654505103,4.507363113212616,1.583673469387755,2.9571428571428573,3.071428571428571,0.06997084548104955,1.0,,control,6.0,CA,,CALIFORNIA HEALTHCARE AND REHABILITATION CENTER,,0,1,1
056150,80.02186588921282,63.560903790087465,0.5932758447931756,3.9360336006304797,1.3734693877551019,2.373469387755102,3.1122448979591835,0.06997084548104955,1.0,,control,6.0,CA,,CATERED MANOR NURSING CENTER,,0,1,1
056151,99.0,87.82151603498542,0.6045363741777712,4.035196072299253,3.626530612244898,5.0,3.4877551020408166,0.06997084548104955,1.0,,control,6.0,CA,,"GREENFIELD CARE CENTER OF FULLERTON, LLC",,0,1,1
056155,115.0,84.85064139941692,1.1076026273316566,4.427172848522257,3.1204081632653065,4.275510204081632,4.253061224489796,0.0,0.0,,control,6.0,CA,,OAKDALE NURSING AND REHABILITATION CENTER,,0,0,0
056159,108.0,94.23084548104957,0.6671276794501522,4.851919487714546,2.0,3.2448979591836733,2.936734693877551,0.06997084548104955,1.0,,control,6.0,CA,,SHERMAN VILLAGE HCC,,0,1,1
056162,99.0,88.55189504373178,0.2798370092089606,3.8792338343248884,3.3938775510204082,4.204081632653061,2.36734693877551,0.06997084548104955,1.0,,control,6.0,CA,,EXTENDED CARE HOSPITAL OF RIVERSIDE,,0,1,1
056164,133.0,86.61781341107871,0.4087354555097892,4.235933730729848,2.373469387755102,4.146938775510204,4.0,0.0,1.0,,control,6.0,CA,,PACIFIC PALMS HEALTHCARE,,0,1,0
056167,59.0,51.23195335276968,0.4075788783964505,3.714383392341221,3.0428571428571427,4.042857142857143,3.226530612244898,0.06997084548104955,1.0,,control,6.0,CA,,CENTINELA SKILLED NURSING & WELLNESS CENTRE WEST,,0,1,1
056168,48.0,40.31717201166181,0.46841498523220837,4.456223898373667,4.09795918367347,5.0,3.3816326530612244,0.0,1.0,,control,6.0,CA,,GRANADA HILLS CONVALESCENT,,0,1,0
056178,59.0,54.26629737609329,0.37022998285631753,3.4654154768785217,4.0,4.081632653061225,2.3693877551020406,0.0,1.0,,control,6.0,CA,,VALLEY CONVALESCENT HOSPITAL,,0,1,0
056183,109.0,95.77644314868805,0.36105023724900137,3.973046548030715,3.0,4.210204081632654,3.0510204081632653,0.06997084548104955,1.0,,control,6.0,CA,,VALLEY HEALTHCARE CENTER,,0,1,1
056186,109.0,95.62107871720116,0.44128231567957327,4.698227935003941,2.6612244897959183,3.8448979591836734,3.4306122448979592,0.06997084548104955,1.0,,control,6.0,CA,,CENTINELA GRAND INC,,0,1,1
056188,163.0,143.17816326530613,0.2965234865699754,3.8887606607934346,1.4979591836734696,2.0918367346938775,2.7122448979591836,0.06997084548104955,1.0,,control,6.0,CA,,"LONG BEACH CARE CENTER, INC",,0,1,1
056192,127.0,104.8063556851312,0.45127300211359056,3.833172071280389,2.0,3.3734693877551023,3.6,0.06997084548104955,1.0,,control,6.0,CA,,HARBOR POST ACUTE CARE CENTER,,0,1,1
056194,98.0,87.14154518950437,0.3849067250357007,3.8472218050693776,3.0693877551020408,3.695918367346939,2.5020408163265304,0.0,1.0,,control,6.0,CA,,WINDSOR GARDENS CONVALESCENT HOSPITAL,,0,1,0
056198,199.0,87.44040816326529,0.7436041935389321,4.2641826349720295,2.163265306122449,3.2183673469387752,3.4918367346938775,0.06997084548104955,1.0,,control,6.0,CA,,KIT CARSON NURSING & REHABILITATION CENTER,,0,1,1
056200,66.62973760932945,59.69440233236152,1.6524124892040597,4.744842064382906,2.4714285714285715,4.024489795918367,4.871428571428571,0.0,0.0,,control,6.0,CA,,OJAI VALLEY COMMUNITY SKILLED NURSING FACILITY,,0,0,0
056201,59.0,54.85110787172012,0.39493182664185517,3.8448231126894337,4.0,4.871428571428571,2.1795918367346943,0.06997084548104955,1.0,,control,6.0,CA,,BROADWAY HEALTHCARE CENTER,,0,1,1
056207,180.0,155.85962099125362,0.5214566737267012,3.871090945245391,3.6816326530612242,4.681632653061224,3.226530612244898,0.06997084548104955,1.0,,control,6.0,CA,,PACIFIC GARDENS NURSING AND REHABILITATION CENTER,,0,1,1
056212,152.0,130.41454810495628,0.44441629516587333,3.766325885857035,1.9020408163265308,2.9673469387755103,3.5632653061224486,0.06997084548104955,1.0,,control,6.0,CA,,WILLOW GLEN CENTER,,0,1,1
056214,104.0,80.10422740524783,0.4948405583509977,4.700863077311538,3.789795918367347,5.0,3.8102040816326532,0.0,1.0,,control,6.0,CA,,RAMONA REHABILITATION AND POST ACUTE CARE CENTER,,0,1,0
056215,70.0,39.797405247813415,0.4959882007321207,4.089022374468638,2.9020408163265303,4.048979591836735,4.0,0.06997084548104955,1.0,,control,6.0,CA,,NORTHBROOK HEALTHCARE CENTER,,0,1,1
056218,99.0,80.86554421768707,0.47410180673821734,3.24791617551979,1.0,1.7734693877551022,3.3061224489795915,0.0,1.0,,control,6.0,CA,,BELL CONVALESCENT HOSPITAL,,0,1,0
056220,135.0,117.20029154518951,0.5536551989104614,4.152619252961576,1.5632653061224488,2.8387755102040817,2.7469387755102037,0.06997084548104955,1.0,,control,6.0,CA,,BRIARCREST NURSING CENTER,,0,1,1
056222,180.0,121.06052478134112,0.6162843781790661,4.380782739974858,2.253061224489796,3.6530612244897958,4.0,0.06997084548104955,1.0,,control,6.0,CA,,MARQUIS CARE AT SHASTA,,0,1,1
056228,99.0,85.24723032069971,0.27413715084872026,3.8545423714109868,2.6,3.3414634146341466,3.1463414634146343,0.0,1.0,,control,6.0,CA,,WEST HAVEN HEALTHCARE,,0,1,0
056231,96.0,43.6001166180758,0.3280292862070285,3.927102697432985,1.9346938775510205,2.0816326530612246,2.520408163265306,0.06997084548104955,1.0,,control,6.0,CA,,LASSEN NURSING & REHABILITATION CENTER,,0,1,1
056234,99.0,84.78883381924197,0.4491712205849855,4.348937699651171,3.0,4.5632653061224495,3.4346938775510205,0.0,1.0,,control,6.0,CA,,MARLORA POST ACUTE REHAB HOSP,,0,1,0
056237,210.0,179.1340524781341,0.26303782190507946,3.6252758893459545,2.0979591836734697,2.724489795918367,2.4795918367346936,0.06997084548104955,1.0,,control,6.0,CA,,ALDEN TERRACE CONVALESCENT HOSPITAL,,0,1,1
056238,166.0,138.4776967930029,0.5396439238242228,3.689738202270171,1.0,1.6612244897959183,3.183673469387755,0.0,1.0,,control,6.0,CA,,WINDSOR VALLEJO NURSING & REHABILITATION CENTER,,0,1,0
056242,114.0,75.49912536443148,0.632399104670033,6.2513497186149145,2.7897959183673464,3.5795918367346937,3.3414634146341466,0.0,1.0,,control,6.0,CA,,WESTLAKE CONVALESCENT HOSPITAL,,0,1,0
056243,99.0,91.05860058309038,0.5342529006026179,4.1121190672728565,3.1020408163265305,4.038775510204082,3.6755102040816325,0.06997084548104955,1.0,,control,6.0,CA,,WESTERN SLOPE HEALTH CENTER,,0,1,1
056244,151.0,135.20752186588922,0.44323527350701175,3.9431524766354356,1.8877551020408163,3.224489795918367,4.163265306122449,0.0,1.0,,control,6.0,CA,,GRAND PARK CONVALESCENT HOSPITAL,,0,1,0
056245,38.0,26.14586005830904,5.4489693705521045,8.361481007905914,3.4714285714285715,4.90204081632653,4.90204081632653,0.0,0.0,,control,6.0,CA,,CALIFORNIA PACIFIC MEDICAL CTR- DAVIES CAMPUS HOSP,,0,0,0
056250,120.0,99.31177842565597,0.4877262299514029,4.0410525160206365,2.6265306122448977,3.210204081632653,3.3734693877551023,0.06997084548104955,1.0,,control,6.0,CA,,SHERMAN OAKS HEALTH & REHAB,,0,1,1
056261,99.0,83.70472303206998,0.17054154511984548,3.837258417799755,1.4714285714285713,1.3734693877551019,2.742857142857143,0.0,1.0,,control,6.0,CA,,MERRITT MANOR CONVALESCENT HOSPITAL,,0,1,0
056271,99.0,84.8837026239067,0.5203573111937778,4.068247359805575,3.2530612244897963,4.626530612244897,3.4714285714285715,0.06997084548104955,1.0,,control,6.0,CA,,MISSION PALMS HEALTHCARE CENTER,,0,1,1
056272,168.0,126.9206413994169,0.7595136544420072,3.9140429383323707,2.2693877551020405,3.283673469387755,3.916326530612245,0.0,1.0,,control,6.0,CA,,SAN FRANCISCO HEALTH CARE,,0,1,0
056274,58.0,46.701282798833816,0.3105503614779185,3.891846870844992,3.879591836734694,4.253061224489796,2.5693877551020408,0.0,1.0,,control,6.0,CA,,RED BLUFF HEALTH CARE CENTER,,0,1,0
056279,59.0,55.33734693877551,0.3274254930298123,4.672673243396971,3.1244897959183673,3.463265306122449,3.3081632653061224,0.0,0.0,,control,6.0,CA,,SIERRA VIEW HOMES,,0,0,0
056286,48.0,40.513527696793,0.20484842585202606,4.055794518734748,2.583673469387755,3.1734693877551017,1.9489795918367347,0.06997084548104955,0.19854227405247812,,control,6.0,CA,,MAYFLOWER GARDENS CONVALESCENT HOSPITAL,,0,0,1
056291,106.0,93.19685131195335,0.6161598286460795,4.53682382635113,2.497959183673469,3.0979591836734697,2.6,0.06997084548104955,1.0,,control,6.0,CA,,CASA BONITA CONVALESCENT HOSPITAL,,0,1,1
056293,121.0,109.18134110787172,0.6976274108206926,3.7262859970140356,3.2755102040816326,4.485714285714286,3.4551020408163264,0.06997084548104955,1.0,,control,6.0,CA,,ALCOTT REHABILITATION HOSPITAL,,0,1,1
056300,87.0,76.88734693877551,0.3877692397036907,3.586356449672463,1.7244897959183674,2.253061224489796,3.0,0.0,1.0,,control,6.0,CA,,"GRANADA REHABILITATION & WELLNESS CENTER, LP",,0,1,0
056308,161.0,120.95743440233237,0.5900174494793304,4.8017453032950534,2.373469387755102,4.373469387755103,4.226530612244899,0.06997084548104955,1.0,,control,6.0,CA,,HERITAGE REHABILITATION CENTER,,0,1,1
056311,89.0,72.48880466472303,0.9954982439780344,7.3154525798980075,1.0,1.4714285714285713,2.777551020408163,0.0,1.0,,control,6.0,CA,,HOLLYWOOD PRESBYTERIAN MEDICAL CENTER D/P SNF,,0,1,0
056313,99.0,85.65131195335277,0.18259956617065998,4.392358630254649,1.9448979591836735,2.944897959183674,3.204081632653061,0.06997084548104955,1.0,,control,6.0,CA,,"PACIFIC VILLA, INC",,0,1,1
056321,135.0,106.59391156462586,0.383107719140346,3.9411766520658746,1.6979591836734693,2.292682926829268,2.6585365853658534,0.0,1.0,,control,6.0,CA,,OLYMPIA CONVALESCENT HOSPITAL,,0,1,0
056322,138.0,112.66857142857143,0.4741663180372708,3.5537141005224226,1.436734693877551,2.226530612244898,3.226530612244898,0.06997084548104955,1.0,,control,6.0,CA,,VERDUGO VALLEY SKILLED NURSING & WELLNESS CT,,0,1,1
056324,120.0,108.07562682215743,0.40974126571227587,3.8010899761430923,2.7469387755102037,3.4081632653061225,3.0306122448979593,0.0,1.0,,control,6.0,CA,,WINDSOR HAMPTON CARE CENTER,,0,1,0
056326,124.0,110.41620991253644,0.3977696086725146,3.6195980461224475,1.6265306122448981,2.6265306122448977,2.351020408163265,0.06997084548104955,1.0,,control,6.0,CA,,BURLINGTON CONVALESCENT HOSPITAL,,0,1,1
056328,99.0,84.38483965014578,0.3563508773240974,3.8557641961510347,2.226530612244898,3.6,2.7469387755102037,0.06997084548104955,1.0,,control,6.0,CA,,PREMIER CARE CENTER FOR PALM SPRINGS,,0,1,1
056330,162.0,143.82274052478135,0.44297155758318907,3.8792936234504074,4.091836734693878,4.6755102040816325,2.9204081632653063,0.06997084548104955,1.0,,control,6.0,CA,,REO VISTA HEALTHCARE CENTER,,0,1,1
056333,114.0,100.66644314868805,0.5659398315632708,4.3123783149792185,1.3734693877551019,2.7469387755102037,2.7469387755102037,0.06997084548104955,1.0,,control,6.0,CA,,MOUNTAIN VIEW CONV HOSP,,0,1,1
056334,227.0,201.64551020408163,0.3926820280048717,4.1828487988722385,1.0,1.6918367346938776,2.7469387755102037,0.06997084548104955,1.0,,control,6.0,CA,,BEACHWOOD POST-ACUTE & REHAB,,0,1,1
056337,151.0,134.0458309037901,0.3337882719304369,3.6783603227023614,2.6265306122448977,4.0,3.1020408163265305,0.06997084548104955,1.0,,control,6.0,CA,,PANORAMA GARDENS,,0,1,1
056345,62.0,43.881749271137025,0.6798145185870743,4.322240392021915,4.691836734693878,4.691836734693878,4.128571428571429,0.0,0.8014577259475218,,control,6.0,CA,,SAN LEANDRO HEALTHCARE CENTER,,0,1,0
056348,180.0,152.48172011661808,0.41124616531451985,3.9205839082391716,2.6816326530612242,2.8536585365853657,3.0365853658536586,0.06997084548104955,1.0,,control,6.0,CA,,"BAY VIEW REHABILITATION HOSPITAL, LLC",,0,1,1
056353,50.0,43.958892128279885,0.34002088922607554,4.359751432658302,4.09795918367347,4.373469387755103,2.7510204081632654,0.0,0.0,,control,6.0,CA,,ATTERDAG CARE CENTER,,0,0,0
056359,108.0,97.4731778425656,0.6734183123518986,3.660281466754348,4.210204081632654,4.583673469387755,3.9938775510204083,0.06997084548104955,1.0,,control,6.0,CA,,SAN PABLO HEALTHCARE & WELLNESS CENTER,,0,1,1
056360,98.0,83.30889212827988,0.33430840621669833,3.968211273425043,1.583673469387755,2.9571428571428573,3.4714285714285715,0.06997084548104955,1.0,,control,6.0,CA,,ARBOR GLEN CARE CENTER,,0,1,1
056361,104.0,67.80303206997084,0.437027681503705,3.64822801744384,1.3734693877551019,2.146938775510204,3.5775510204081638,0.0,1.0,,control,6.0,CA,,"FORTUNA REHABILITATION AND WELLNESS CENTER, LP",,0,1,0
056362,80.0,72.09026239067056,0.5305215755558649,3.8886090627725007,1.4714285714285713,2.2448979591836737,3.0979591836734697,0.06997084548104955,0.8396501457725948,,control,6.0,CA,,MESA VERDE POST ACUTE CARE CENTER,,0,1,1
056363,99.0,85.00769679300292,0.5609073805174094,4.3857303918247705,2.536734693877551,2.6183673469387756,3.326530612244898,0.06997084548104955,1.0,,control,6.0,CA,,GRAND VALLEY HEALTH CARE CENTER,,0,1,1
056364,70.0,50.43303206997085,0.6312866943641223,4.241155410980451,3.5795918367346937,4.742857142857143,3.76734693877551,0.06997084548104955,1.0,,control,6.0,CA,,SUMMERFIELD HEALTH CARE CENTER,,0,1,1
056370,40.0,38.617900874635566,0.5393545734194822,3.9438335740470647,3.3734693877551023,4.485714285714286,4.502040816326531,0.0,0.0,,control,6.0,CA,,BETHESDA HOME,,0,0,0
056372,97.0,87.03437317784257,0.3704350041289463,3.9333874666980386,3.0,4.275510204081632,2.8448979591836734,0.06997084548104955,1.0,,control,6.0,CA,,BROOKSIDE HEALTHCARE CENTER,,0,1,1
056376,166.0,116.32428571428571,0.7844426272771603,4.878260225090508,2.0979591836734697,3.071428571428571,3.2816326530612248,0.0,1.0,,control,6.0,CA,,A GRACE SUB ACUTE & SKILLED CARE,,0,1,0
056379,82.0,71.5002915451895,0.4626014046853347,3.8769170776962802,2.4918367346938775,3.6244897959183673,3.4877551020408166,0.0,1.0,,control,6.0,CA,,OXNARD MANOR HEALTHCARE CENTER,,0,1,0
056382,75.0,59.6869387755102,0.27711309863953126,3.7100430934387063,2.357142857142857,3.540816326530612,2.9204081632653063,0.0,1.0,,control,6.0,CA,,THE GROVE POST-ACUTE CARE CENTER,,0,1,0
056388,86.0,83.01738095238096,0.7756767058984206,4.88533338261548,4.695121951219512,5.0,4.0,0.08163265306122448,1.0,,control,6.0,CA,,PARADISE VALLEY HEALTH CARE,,0,1,1
056392,139.0,118.59976676384841,0.9136456605859659,4.505380962506515,2.724489795918367,4.497959183673469,4.4,0.06997084548104955,1.0,,control,6.0,CA,,PLEASANTON NURSING AND REHABILITATION CENTER,,0,1,1
056401,75.0,67.81481049562682,0.77268657767339,3.864945983762473,2.7081632653061223,4.081632653061225,3.5571428571428574,0.06997084548104955,1.0,,control,6.0,CA,,MISSION HILLS POST ACUTE CARE,,0,1,1
056407,128.0,115.05556851311954,1.625759493075194,8.844185963107662,1.7734693877551022,2.336734693877551,3.6,0.0,1.0,,control,6.0,CA,,ALL SAINTS HEALTHCARE SUBACUTE,,0,1,0
056410,126.0,109.09271137026239,0.6023047544972759,4.039526115241802,2.8979591836734695,3.644897959183673,3.3734693877551023,0.06997084548104955,1.0,,control,6.0,CA,,WHITNEY OAKS CARE CENTER,,0,1,1
056411,116.0,110.17,0.6375848740475252,4.090350229663017,2.373469387755102,3.746938775510204,3.746938775510204,0.06997084548104955,1.0,,control,6.0,CA,,PARK VIEW POST ACUTE,,0,1,1
056412,97.0,86.65314868804666,0.410387211066529,3.911937091732474,1.0,1.7734693877551022,3.7122448979591836,0.06997084548104955,1.0,,control,6.0,CA,,NORTHRIDGE CARE CENTER,,0,1,1
056413,59.0,54.56040816326531,0.30374304798542073,3.9650611281424686,3.626530612244898,4.626530612244897,3.0428571428571427,0.0,1.0,,control,6.0,CA,,TEMPLE CITY HEALTHCARE,,0,1,0
056415,99.0,88.18967930029154,0.2361104014252802,3.477724085590479,1.583673469387755,2.4551020408163264,2.0551020408163265,0.06997084548104955,1.0,,control,6.0,CA,,LYNWOOD HEALTHCARE CENTER,,0,1,1
056416,99.0,77.69504373177843,0.27493826583045655,4.4428744394638615,2.4591836734693877,2.571428571428571,3.560975609756097,0.0,0.0,,control,6.0,CA,,MAYERS MEMORIAL HOSPITAL,,0,0,0
056417,163.0,146.78384839650147,0.29358193385534953,3.2072137907549303,1.8571428571428572,2.857142857142857,3.220408163265306,0.0,1.0,,control,6.0,CA,,VIEW HEIGHTS CONV HOSP,,0,1,0
056423,62.0,56.13002915451895,0.14896755243031834,3.6541707957599634,2.4714285714285715,3.2816326530612248,2.204081632653061,0.06997084548104955,1.0,,control,6.0,CA,,PROVIDENCE VALLEY CARE CENTER,,0,1,1
056426,51.0,46.992448979591835,1.2848284316294687,7.809191139616424,4.155102040816327,4.626530612244897,3.1163265306122447,0.0,0.19854227405247812,,control,6.0,CA,,DELANO REGIONAL MEDICAL CENTER,,0,0,0
056428,80.0,65.06685131195334,0.521224773622476,3.7079645160752808,1.6265306122448981,2.0,2.9428571428571426,0.06997084548104955,1.0,,control,6.0,CA,,CALIFORNIA NURSING & REHABILITATION CENTER,,0,1,1
056429,99.0,91.55142857142857,0.2426096720411215,3.5988799654406707,1.2265306122448978,2.0979591836734697,1.5653061224489795,0.06997084548104955,1.0,,control,6.0,CA,,LAUREL CONVALESCENT HOSPITAL,,0,1,1
056430,52.0,44.91335276967929,0.23805881607576163,3.7088415469856386,1.6,2.6183673469387756,2.5,0.06997084548104955,1.0,,control,6.0,CA,,NORTHGATE POSTACUTE CARE,,0,1,1
056431,234.96326530612245,218.05932944606414,0.49515309361400817,4.600626674587376,1.0,1.6612244897959183,2.7469387755102037,0.0,1.0,,control,6.0,CA,,INLAND VALLEY CARE AND REHABILITATION CENTER,,0,1,0
056433,200.0,146.6406413994169,0.4563931560648962,4.090924465054114,2.1285714285714286,3.9020408163265303,4.0,0.0,1.0,,control,6.0,CA,,VERMONT CONVALESCENT CENTER,,0,1,0
056436,99.0,78.76058309037901,0.34737720731942634,3.775553633352497,1.610204081632653,2.3224489795918366,2.6,0.06997084548104955,1.0,,control,6.0,CA,,MEDICAL CENTER CONVALESCENT HOSPITAL,,0,1,1
056437,99.0,96.07524781341108,0.6407460355746155,3.972710035167739,2.5448979591836736,3.446938775510204,3.33265306122449,0.06997084548104955,1.0,,control,6.0,CA,,CYPRESS RIDGE CARE CENTER,,0,1,1
056438,41.0,32.644723032069976,0.19604565042176464,4.022196338568128,1.9142857142857144,2.416326530612245,1.8461538461538458,0.06997084548104955,1.0,,control,6.0,CA,,"FLOWER VILLA, INC",,0,1,1
056443,28.408163265306122,21.153061224489797,0.9761861779569485,7.186175489743629,4.0,3.8000000000000003,2.6000000000000005,0.0,0.0,,control,6.0,CA,,GEORGE L MEE MEMORIAL HOSPITAL D/P SNF,,0,0,0
056444,140.0,125.92344023323616,0.621736184389853,5.34203987599294,3.5285714285714285,4.112244897959184,3.4714285714285715,0.06997084548104955,1.0,,control,6.0,CA,,COMMUNITY EXTENDED CARE HOSPITAL OF MONTCLAIR,,0,1,1
056446,59.0,55.13425655976677,0.6006257449325275,4.14724189778185,3.0979591836734697,4.09795918367347,2.887755102040816,0.06997084548104955,1.0,,control,6.0,CA,,PARAMOUNT CONVALESCENT HOSP.,,0,1,1
056447,74.0,69.64664723032071,0.6781327829384255,3.7297201233182182,4.163265306122449,4.6,3.8714285714285714,0.06997084548104955,1.0,,control,6.0,CA,,HAYWARD HILLS HEALTH CARE CENTER,,0,1,1
056449,53.0,48.709620991253644,0.4544723252547702,3.6486336786808384,2.3469387755102042,3.2183673469387752,3.6918367346938776,0.06997084548104955,1.0,,control,6.0,CA,,PROVIDENCE SAN FRANCISCO,,0,1,1
056451,99.0,76.57443148688047,0.41504503488828076,3.743397590533978,1.746938775510204,2.4081632653061225,2.7122448979591836,0.0,1.0,,control,6.0,CA,,WINDSOR CARE CENTER OF CHEVIOT HILLS,,0,1,0
056458,99.0,85.95874635568514,0.47866608490491314,3.9104324329822946,1.3734693877551019,2.373469387755102,3.451219512195122,0.06997084548104955,1.0,,control,6.0,CA,,GREENFIELD CARE CENTER OF SOUTH GATE,,0,1,1
056466,98.0,89.52795918367347,0.36240014477010873,3.924379093539531,2.7897959183673464,3.789795918367347,3.226530612244898,0.06997084548104955,1.0,,control,6.0,CA,,SIERRA VIEW CARE CENTER,,0,1,1
056476,113.0,93.90198250728864,0.8144304703392138,4.315010341242731,3.626530612244898,3.416326530612245,2.7122448979591836,0.0,1.0,,control,6.0,CA,,WINDSOR ROSEWOOD CARE CENTER,,0,1,0
056477,139.0,122.58163265306122,0.5794956700951714,4.363978107868036,1.7244897959183674,2.6265306122448977,3.3734693877551023,0.06997084548104955,1.0,,control,6.0,CA,,EASTLAND SUBACUTE AND REHABILITATION CENTER,,0,1,1
056478,149.0,125.86766763848397,0.2731119748211662,4.028466546133636,1.3734693877551019,1.8755102040816327,3.0979591836734697,0.06997084548104955,1.0,,control,6.0,CA,,LIGHTHOUSE  HEALTHCARE CENTER,,0,1,1
056479,109.0,107.6428862973761,1.3213410183859295,6.559496482890952,2.887755102040816,4.016326530612245,5.0,0.0,0.0,,control,6.0,CA,,ALAMEDA COUNTY MEDICAL CENTER D/P SNF,,0,0,0
056485,99.0,87.61020408163266,0.4612264223311964,4.2374286183470105,3.502040816326531,4.393877551020409,3.3571428571428568,0.06997084548104955,1.0,,control,6.0,CA,,ARLINGTON GARDENS CARE CENTER,,0,1,1
056487,200.0,173.43244897959184,0.5421008785134461,4.076049568543485,1.3734693877551019,2.163265306122449,2.5020408163265304,0.06997084548104955,1.0,,control,6.0,CA,,RIO HONDO SUBACUTE &  NURSING CENTER,,0,1,1
056488,299.0,203.48545189504372,0.46453738040830617,4.143908324273902,2.0,3.0,2.7122448979591836,0.0,0.0,,control,6.0,CA,,SUNNYSIDE NURSING CENTER,,0,0,0
056496,33.0,27.372099125364432,0.7764038239525188,4.892410303228696,5.0,5.0,4.5285714285714285,0.06997084548104955,0.0,,control,6.0,CA,,CARLSBAD BY THE SEA,,0,0,1
056499,115.0,54.53577259475219,3.262038865235163,6.905673519582828,4.2877551020408164,5.0,5.0,0.06997084548104955,0.0,,control,6.0,CA,,PROVIDENCE LITTLE CO OF MARY TRANSITIONAL CARE CTR,,0,0,1
105005,85.41166180758017,79.37291545189504,1.2524899502307356,4.383529404400157,4.09795918367347,4.871428571428571,4.497959183673469,0.0,1.0,,control,6.0,FL,,CORAL GABLES NURSING AND REHABILITATION CENTER,,0,1,0
105016,180.0,156.99291545189504,1.041087724494828,4.903253381483685,5.0,5.0,5.0,0.0,0.0,,control,6.0,FL,,RIVER GARDEN HEBREW HOME FOR THE AGED,,0,0,0
105029,120.0,107.45626822157435,0.4825235459563078,3.720654762758393,3.793877551020408,4.26530612244898,2.4714285714285715,0.0,0.06997084548104955,,control,6.0,FL,,COMMUNITY CONVALESCENT CENTER,,0,0,0
105030,438.0,363.51221574344027,1.1110011811712508,5.213594027483351,1.836734693877551,3.0469387755102044,5.0,0.0,0.0,,control,6.0,FL,,"MIAMI JEWISH HEALTH SYSTEMS, INC",,0,0,0
105039,105.02915451895043,95.30209912536442,1.0344736590602817,3.9481763816973627,2.6897959183673468,3.879591836734694,4.0,0.06997084548104955,0.0,,control,6.0,FL,,"REHABILITATION CENTER OF THE PALM BEACHES,THE",,0,0,1
105045,208.0,147.55244897959184,0.48438612491669425,4.145563859443097,2.6265306122448977,3.3387755102040817,3.2755102040816326,0.06997084548104955,1.0,,control,6.0,FL,,BRADEN RIVER REHABILITATION CENTER LLC,,0,1,1
105057,46.0,42.981632653061226,0.4153291370287472,4.229531625847997,2.057142857142857,2.3285714285714283,2.5469387755102044,0.0,1.0,,control,6.0,FL,,PINES NURSING HOME,,0,1,0
105067,167.0,136.56384839650144,0.6537174272204684,4.110291965548326,1.416326530612245,2.2877551020408164,3.228571428571428,0.06997084548104955,1.0,,control,6.0,FL,,BOULEVARD REHABILITATION CENTER,,0,1,1
105071,92.0,84.3269387755102,0.3549430264401032,4.147613064380806,2.7469387755102037,2.753061224489796,3.4346938775510205,0.0,1.0,,control,6.0,FL,,BAYSIDE CARE CENTER,,0,1,0
105083,198.0,144.4333527696793,0.679426831661625,4.785855344418808,3.0,3.8040816326530615,4.024489795918367,0.06997084548104955,1.0,,control,6.0,FL,,BROWARD NURSING & REHABILITATION CENTER,,0,1,1
105089,206.0,145.1626530612245,0.8933365828002396,4.243383352492568,2.76734693877551,3.16734693877551,4.0265306122448985,0.0,1.0,,control,6.0,FL,,MANOR PINES CONVALESCENT CENTER,,0,1,0
105117,69.0,56.93915451895044,0.49696597432535616,3.6977915309174256,3.8469387755102042,3.944897959183674,3.0816326530612246,0.0,0.0,,control,6.0,FL,,SOUTH HERITAGE HEALTH & REHABILITATION CENTER,,0,0,0
105120,143.0,101.94046647230321,0.42514082274319853,3.9971682144891982,2.804081632653061,2.987755102040816,2.9489795918367347,0.0,1.0,,control,6.0,FL,,KRYSTAL BAY NURSING AND REHABILITATION,,0,1,0
105128,120.0,101.24816326530613,1.3264821818682613,4.859337079115415,3.1632653061224487,4.46530612244898,4.5285714285714285,0.0,0.0,,control,6.0,FL,,MORTON PLANT REHABILITATION CENTER,,0,0,0
105132,93.0,84.84690962099125,0.5033216970784631,3.8498448685804236,2.3795918367346935,2.963265306122449,3.3081632653061224,0.06997084548104955,1.0,,control,6.0,FL,,LAKESIDE OAKS CARE CENTER,,0,1,1
105135,240.0,199.95766763848397,0.49416364453905853,3.8037302820114154,2.8857142857142857,3.5469387755102044,3.1734693877551017,0.06997084548104955,1.0,,control,6.0,FL,,RIVERWOOD CENTER,,0,1,1
105147,204.0,171.20390670553934,0.6193526339099704,4.533668780683907,2.0428571428571427,2.6061224489795913,4.255102040816327,0.0,0.0,,control,6.0,FL,,PINES OF SARASOTA,,0,0,0
105148,77.0,70.40119533527698,0.4434997680793436,3.975603647369909,3.789795918367347,4.291836734693878,2.871428571428571,0.06997084548104955,1.0,,control,6.0,FL,,EMERALD SHORES HEALTH AND REHABILITATION,,0,1,1
105153,100.0,84.70825072886298,0.44929936678391036,4.136146446189455,2.253061224489796,3.0877551020408163,2.6714285714285717,0.06997084548104955,1.0,,control,6.0,FL,,PINECREST REHABILITATION CENTER,,0,1,1
105155,144.0,117.06408163265306,0.5964728409869138,3.7733097621522806,1.9897959183673468,2.4918367346938775,3.404081632653061,0.06997084548104955,0.2874635568513119,,control,6.0,FL,,SARASOTA HEALTH AND REHABILITATION CENTER,,0,0,1
105158,113.0,43.45148688046647,3.843701208068345,8.609566783580906,3.026530612244898,3.8,5.0,0.0,0.0,,control,6.0,FL,,TALLAHASSEE MEMORIAL HOSPITAL EXTENDED CARE,,0,0,0
105166,119.0,110.23279883381925,0.43452561263913403,3.9959143529485797,2.351020408163265,2.977551020408163,2.3653061224489793,0.0,1.0,,control,6.0,FL,,MADISON POINTE CARE CENTER,,0,1,0
105172,139.0,132.2067055393586,0.7410695342398939,3.930441289963873,2.497959183673469,3.742857142857143,3.9020408163265303,0.0,1.0,,control,6.0,FL,,FOUNTAIN MANOR HEALTH & REHABILITATION CENTER,,0,1,0
105175,152.0,101.10507288629738,1.2171103139441444,4.881708099662686,3.4714285714285715,4.071428571428571,3.3734693877551023,0.06997084548104955,1.0,,control,6.0,FL,,PLANTATION NURSING & REHABILITATION CENTER,,0,1,1
105176,140.0,128.3848979591837,0.410473301730793,3.7074964961141315,1.5693877551020408,1.9428571428571428,2.5632653061224486,0.0,0.0,,control,6.0,FL,,WINTER HAVEN HEALTH AND REHABILITATION CENTER,,0,0,0
105178,97.0,76.80915451895044,0.7276900166214879,3.9346712389993224,2.183673469387755,3.63265306122449,4.26530612244898,0.06997084548104955,1.0,,control,6.0,FL,,HERITAGE HEALTHCARE & REHABILITATION CENTER,,0,1,1
105190,180.0,135.7305247813411,0.38995768304994566,4.1654838679635775,4.226530612244899,4.226530612244899,3.5632653061224486,0.06997084548104955,1.0,,control,6.0,FL,,"CRESTVIEW REHABILITATION CENTER, LLC",,0,1,1
105205,116.0,81.90725947521865,0.7323477920777557,4.0764684803487485,3.3183673469387758,4.275510204081632,3.583673469387755,0.0,1.0,,control,6.0,FL,,MANOR OAKS NURSING & REHABILITATION CENTER,,0,1,0
105210,69.0,48.36827988338192,0.6021100057078025,4.9084805600644925,3.9020408163265303,4.244897959183673,3.63265306122449,0.0,0.0,,control,6.0,FL,,W FRANK WELLS NURSING HOME,,0,0,0
105219,120.0,109.9894752186589,0.6773066788160151,3.676353158667406,2.0,3.055102040816326,3.2755102040816326,0.06997084548104955,0.0,,control,6.0,FL,,BOCA RATON REHABILITATION CENTER,,0,0,1
105232,212.0,188.33749271137026,0.4362767172808294,4.056526868266618,1.9571428571428573,3.16734693877551,3.3081632653061224,0.0,0.0,,control,6.0,FL,,VILLA MARIA NURSING CENTER,,0,0,0
105234,174.0,157.986472303207,0.7720763456998481,3.796294352943229,2.220408163265306,2.7489795918367346,2.983673469387755,0.06997084548104955,0.21749271137026238,,control,6.0,FL,,REHABILITATION AND HEALTHCARE CENTER OF TAMPA,,0,0,1
105237,120.0,107.60521865889211,0.5605455579003068,3.8666648721846846,2.573469387755102,2.573469387755102,2.489795918367347,0.0,0.8014577259475218,,control,6.0,FL,,WEST BROWARD REHABILITATION AND HEALTHCARE,,0,1,0
105248,180.0,142.1793586005831,0.3859363440994349,3.7201436433781474,2.973469387755102,3.389795918367347,2.5081632653061225,0.0,1.0,,control,6.0,FL,,OAK MANOR HEALTHCARE & REHABILITATION CENTER,,0,1,0
105252,163.0,151.087055393586,0.9168017237166897,4.586157352970634,2.2693877551020405,3.669387755102041,4.626530612244897,0.0,0.0,,control,6.0,FL,,JACKSON MEMORIAL PERDUE MEDICAL CENTER,,0,0,0
105255,194.0,166.71177842565598,0.7451378313122492,5.546623395524892,3.536734693877551,3.9367346938775514,4.210204081632654,0.0,0.39708454810495625,,control,6.0,FL,,JOHN KNOX VILLAGE OF POMPANO BEACH,,0,0,0
105257,171.0,133.3534110787172,0.8388033487396545,3.8279571084174018,1.0,1.7734693877551022,4.142857142857142,0.06997084548104955,1.0,,control,6.0,FL,,FORT PIERCE HEALTH CARE,,0,1,1
105258,83.0,70.84836734693877,0.5821146927228058,3.817626851261085,1.973469387755102,2.8448979591836734,3.742857142857143,0.06997084548104955,1.0,,control,6.0,FL,,SEAVIEW NURSING AND REHABILITATION CENTER,,0,1,1
105259,116.0,87.06886297376094,0.5896138664660662,4.1383683821079345,2.9897959183673466,3.702040816326531,3.9571428571428573,0.06997084548104955,1.0,,control,6.0,FL,,MEDICANA NURSING AND REHAB CENTER,,0,1,1
105265,120.0,99.63355685131194,0.5541371917435056,3.6882975785835006,2.3632653061224493,2.9204081632653063,3.3734693877551023,0.06997084548104955,0.0,,control,6.0,FL,,EMERALD COAST CENTER,,0,0,1
105268,107.0,99.44422740524782,0.9895652101788756,3.9081280043397166,1.973469387755102,2.9306122448979592,4.4,0.06997084548104955,1.0,,control,6.0,FL,,LAKESIDE HEALTH CENTER,,0,1,1
105269,120.0,110.34766763848395,0.5906943437127995,3.6772500430293875,1.8,2.3632653061224493,3.2448979591836733,0.06997084548104955,0.0,,control,6.0,FL,,GROVES CENTER,,0,0,1
105271,119.00728862973762,98.00326530612244,0.5730436678583388,3.7004709433704974,2.026530612244898,2.4,3.146938775510204,0.06997084548104955,0.0,,control,6.0,FL,,BOCA CIEGA CENTER,,0,0,1
105274,109.0,96.58475218658893,0.4151650207013594,3.688219907520394,3.189795918367347,3.3795918367346935,2.773469387755102,0.06997084548104955,0.0,,control,6.0,FL,,CLEARWATER CENTER,,0,0,1
105280,114.0,97.85758017492711,0.5833374743452406,3.647523721724572,3.226530612244898,3.128571428571429,3.0,0.06997084548104955,0.0,,control,6.0,FL,,TARPON BAYOU CENTER,,0,0,1
105282,120.0,98.72029154518951,0.6252028350857985,3.830877118623851,3.583673469387755,4.16734693877551,3.6816326530612242,0.0,1.0,,control,6.0,FL,,EDEN SPRINGS NURSING AND REHAB CENTER,,0,1,0
105283,120.0,107.56679300291545,0.5040003690307666,3.7569292204644578,2.8632653061224493,3.4816326530612245,3.2020408163265306,0.06997084548104955,0.0,,control,6.0,FL,,LAKELAND HILLS CENTER,,0,0,1
105286,120.0,106.34696793002915,0.4046199006592528,3.683720994880086,2.973469387755102,2.973469387755102,2.2448979591836737,0.06997084548104955,0.0,,control,6.0,FL,,BARTOW CENTER,,0,0,1
105289,180.0,129.2430612244898,0.7280763257928744,4.1874461508753855,3.887755102040816,4.789795918367346,4.061224489795919,0.06997084548104955,1.0,,control,6.0,FL,,LIFE CARE CENTER OF PUNTA GORDA,,0,1,1
105291,120.0,108.01323615160351,0.5741591141828879,4.240140995875468,3.071428571428571,4.261224489795919,4.0,0.06997084548104955,1.0,,control,6.0,FL,,LIFE CARE CENTER OF MELBOURNE,,0,1,1
105293,120.0,103.74361516034986,0.4828885557283547,3.72484923404439,2.242857142857143,2.9897959183673466,3.1632653061224487,0.06997084548104955,0.0,,control,6.0,FL,,EGRET COVE CENTER,,0,0,1
105295,120.0,98.95075801749272,0.6006861253757693,4.175097964321585,3.6816326530612242,4.153061224489796,3.6183673469387756,0.06997084548104955,1.0,,control,6.0,FL,,"FORT WALTON REHABILITATION CENTER, LLC",,0,1,1
105297,180.0,144.15291545189504,0.36261932053167634,4.0849197133925745,3.497959183673469,3.763265306122449,2.0816326530612246,0.06997084548104955,0.06997084548104955,,control,6.0,FL,,BROOKSVILLE HEALTHCARE CENTER,,0,0,1
105298,159.02448979591838,146.17320699708455,0.6260217081737482,4.322280220785896,3.3469387755102042,4.502040816326531,4.128571428571429,0.0,1.0,,control,6.0,FL,,FT LAUDERDALE HEALTH & REHABILITATION CENTER,,0,1,0
105299,236.0,225.50174927113702,0.9382789033366747,3.765302137607365,3.0142857142857142,4.479591836734694,4.112244897959184,0.0,0.0,,control,6.0,FL,,WHISPERING OAKS,,0,0,0
105301,259.1256559766764,213.6257725947522,0.5319256251790154,4.125493039833263,2.2,3.3469387755102042,3.8714285714285714,0.06997084548104955,1.0,,control,6.0,FL,,VALENCIA HILLS HEALTH AND REHABILITATION CENTER,,0,1,1
105304,103.2932944606414,92.26903790087464,0.5960480996968835,3.937195396844097,1.6265306122448981,2.2714285714285714,3.516326530612245,0.06997084548104955,1.0,,control,6.0,FL,,"AVANTE AT LEESBURG, INC",,0,1,1
105305,120.0,107.12556851311953,0.5432070449473716,3.8204185749307342,2.0428571428571427,2.9142857142857146,3.1734693877551017,0.06997084548104955,1.0,,control,6.0,FL,,FAIRWAY OAKS CENTER,,0,1,1
105307,138.0,94.59723032069971,0.9445430134324714,3.9734857224191114,2.0816326530612246,3.3571428571428568,3.757142857142857,0.06997084548104955,1.0,,control,6.0,FL,,MANOR CARE NURSING & REHABILITATION CENTER,,0,1,1
105308,104.0,90.4894752186589,0.48878382675891174,3.954195408165069,2.416326530612245,2.753061224489796,2.9204081632653063,0.06997084548104955,1.0,,control,6.0,FL,,AVANTE AT INVERNESS INC,,0,1,1
105310,133.0,92.41157434402334,0.8461891307958231,4.229039323704056,1.1959183673469387,1.9081632653061225,3.157142857142857,0.06997084548104955,1.0,,control,6.0,FL,,"AVANTE AT ORMOND BEACH, INC",,0,1,1
105311,180.0,129.94527696793003,0.43404024120702145,4.171094763603956,1.9020408163265308,2.8591836734693876,3.7122448979591836,0.06997084548104955,1.0,,control,6.0,FL,,DAYTONA BEACH HEALTH AND REHABILITATION CENTER,,0,1,1
105315,120.0,108.91542274052478,0.5347162625222982,3.9933489055443516,1.3734693877551019,1.9367346938775512,3.789795918367347,0.06997084548104955,1.0,,control,6.0,FL,,ST AUGUSTINE HEALTH AND REHABILITATION CENTER,,0,1,1
105317,150.0,128.6300583090379,0.4505109325059453,3.8461174745393523,2.373469387755102,2.2755102040816326,2.53469387755102,0.06997084548104955,1.0,,control,6.0,FL,,CRYSTAL RIVER HEALTH AND REHABILITATION CENTER,,0,1,1
105319,120.7927113702624,104.302944606414,0.7342468887879378,4.3232474023795175,3.789795918367347,4.691836734693878,4.26530612244898,0.06997084548104955,1.0,,control,6.0,FL,,SUN TERRACE HEALTH CARE CENTER,,0,1,1
105321,180.0,166.49758017492712,0.2920121200492185,3.9568503807309927,3.0,3.6612244897959183,2.6,0.06997084548104955,1.0,,control,6.0,FL,,OCALA HEALTH AND REHABILITATION CENTER,,0,1,1
105323,60.0,49.756530612244894,0.33838909415880936,3.8625884761548317,1.7897959183673469,1.746938775510204,2.330612244897959,0.0,1.0,,control,6.0,FL,,"OAKS OF CLEARWATER, THE",,0,1,0
105324,120.0,102.69309037900874,0.4198697826385802,3.8349245939199847,2.946938775510204,3.2551020408163263,2.9285714285714284,0.06997084548104955,1.0,,control,6.0,FL,,BAYVIEW CENTER,,0,1,1
105325,120.0,101.97192419825072,0.5176070900839458,3.9333310744452183,1.4,1.9836734693877551,3.4857142857142858,0.06997084548104955,1.0,,control,6.0,FL,,ISLAND HEALTH AND REHABILITATION CENTER,,0,1,1
105326,60.0,31.19274052478134,0.9296655459470387,6.177811578995043,4.261224489795919,5.0,5.0,0.0,0.0,,control,6.0,FL,,CANTERBURY TOWERS INC,,0,0,0
105327,240.0,197.2754810495627,0.44051260442750495,3.718969186463881,2.6,3.071428571428571,2.6,0.06997084548104955,0.0,,control,6.0,FL,,CASA MORA REHABILITATION AND EXTENDED CARE,,0,0,1
105333,116.0,101.38618075801749,0.765355534185366,4.0490570214548836,2.83265306122449,3.4,2.377551020408163,0.06997084548104955,1.0,,control,6.0,FL,,"AVANTE AT MT DORA, INC",,0,1,1
105335,100.0,90.67667638483965,0.9949725606319393,4.427995573966115,2.1285714285714286,3.4306122448979592,4.90204081632653,0.06997084548104955,0.26443148688046647,,control,6.0,FL,,ABBEY DELRAY,,0,0,1
105342,120.0,112.28930029154519,0.607426793708967,3.7782908132906945,2.804081632653061,3.889795918367347,2.8653061224489793,0.06997084548104955,0.0,,control,6.0,FL,,REHAB & HEALTHCARE CENTER OF CAPE CORAL,,0,0,1
105343,105.0,86.74078717201166,0.4276365623796161,3.867371321594239,2.1897959183673468,2.0612244897959187,2.4551020408163264,0.06997084548104955,0.0,,control,6.0,FL,,HEATHER HILL HEALTHCARE CENTER,,0,0,1
105353,214.05830903790087,181.57586005830905,0.7845305640388143,4.759129084353845,2.2183673469387757,2.7469387755102037,3.626530612244898,0.0,0.06997084548104955,,control,6.0,FL,,FLORIDA LIVING NURSING CENTER,,0,0,0
105354,185.0,158.162944606414,0.3720788830013424,3.944194222869088,1.4714285714285713,1.9428571428571428,2.644897959183673,0.06997084548104955,1.0,,control,6.0,FL,,LAKELAND NURSING & REHABILITATION,,0,1,1
105355,89.0,72.7969387755102,0.762009511839015,4.3550272286202345,4.318367346938776,4.416326530612245,4.416326530612245,0.06997084548104955,0.19854227405247812,,control,6.0,FL,,WILLOWBROOKE COURT AT ST ANDREWS,,0,0,1
105358,240.0,174.3877551020408,0.7071408798883,3.915518145425293,1.0,1.7734693877551022,4.112244897959184,0.06997084548104955,0.0,,control,6.0,FL,,"ST CATHERINE LABOURE MANOR, INC",,0,0,1
105360,120.0,87.33166180758018,0.7926748353640345,4.206831257293448,3.226530612244898,4.5285714285714285,3.7081632653061223,0.0,1.0,,control,6.0,FL,,TAMARAC REHABILITATION AND HEALTH CENTER,,0,1,0
105364,156.0,136.31731778425655,0.5995618492954125,4.281574284342948,3.389795918367347,3.789795918367347,3.8714285714285714,0.06997084548104955,1.0,,control,6.0,FL,,SEVEN HILLS HEALTH & REHABILITATION CENTER,,0,1,1
105365,234.90262390670554,208.02247813411077,0.6442222601519564,4.1302560818067136,3.0,4.275510204081632,3.773469387755102,0.06997084548104955,1.0,,control,6.0,FL,,LIFE CARE CENTER OF ALTAMONTE SPRINGS,,0,1,1
105371,181.0,167.31323615160346,0.6785039690643762,4.21117372235001,1.8102040816326532,3.522448979591837,4.338775510204082,0.0,0.19854227405247812,,control,6.0,FL,,ST JOHNS NURSING CENTER,,0,0,0
105372,138.0,97.69099125364431,0.9100508163842995,4.082468807013678,1.0979591836734692,1.7122448979591838,2.940816326530612,0.06997084548104955,1.0,,control,6.0,FL,,"AVANTE AT LAKE WORTH, INC.",,0,1,1
105374,150.0,130.72303206997083,0.7976942750761563,4.794931504081054,4.042857142857143,4.646341463414634,4.341463414634146,0.0,0.0,,control,6.0,FL,,MAJESTIC OAKS,,0,0,0
105376,180.0,153.11037900874635,0.3296905161079944,3.930396371006207,1.746938775510204,1.746938775510204,2.908163265306122,0.06997084548104955,1.0,,control,6.0,FL,,WEST MELBOURNE HEALTH & REHABILITATION CENTER,,0,1,1
105378,80.0,61.028717201166174,0.6121069267794932,4.7949918891432635,4.09795918367347,4.810204081632653,3.53469387755102,0.0,0.0,,control,6.0,FL,,ST MARK VILLAGE,,0,0,0
105385,120.0,101.07166180758018,0.5689302042794604,3.9468878815215844,3.8714285714285714,4.326530612244898,2.855102040816327,0.06997084548104955,0.16034985422740522,,control,6.0,FL,,ROYAL OAK NURSING CENTER,,0,0,1
105392,180.0,173.7938192419825,1.0057101656690635,4.790920333318677,2.463265306122449,3.1204081632653065,3.663265306122449,0.0,0.0,,control,6.0,FL,,JACKSON MEMORIAL LONG TERM CARE CENTER,,0,0,0
105393,120.0,100.68766763848396,0.595039398382967,4.131230454678596,4.0,4.455102040816326,3.0183673469387755,0.06997084548104955,0.0,,control,6.0,FL,,BEAR CREEK NURSING CENTER,,0,0,1
105395,60.0,48.36020408163266,0.9497630485844699,4.335106147453194,4.626530612244897,5.0,4.485714285714286,0.06997084548104955,1.0,,control,6.0,FL,,WESTWOOD NURSING AND REHABILITATION CENTER,,0,1,1
105396,106.0,89.27492711370263,0.9823139116792452,5.132481040609563,5.0,5.0,4.626530612244897,0.0,0.0,,control,6.0,FL,,"CHATEAU AT MOORINGS PARK, THE",,0,0,0
105397,119.20583090379009,109.87285714285714,1.0041208554453749,3.968812603741914,3.2306122448979595,3.977551020408163,2.9204081632653063,0.06997084548104955,0.1271137026239067,,control,6.0,FL,,EVERGREEN WOODS,,0,0,1
105398,120.0,113.28857142857143,0.3362765819763188,3.7597551308407917,3.3183673469387758,3.6918367346938776,2.1285714285714286,0.06997084548104955,1.0,,control,6.0,FL,,TIERRA PINES CENTER,,0,1,1
105401,120.0,103.24478134110788,0.4835016250808213,4.007567768742421,4.0,4.871428571428571,3.2408163265306125,0.06997084548104955,0.1271137026239067,,control,6.0,FL,,AYERS HEALTH AND REHABILITATION CENTER,,0,0,1
105402,139.0,112.98793002915451,0.5066802115127615,3.7762289861305405,3.2530612244897963,3.3816326530612244,3.0306122448979593,0.06997084548104955,1.0,,control,6.0,FL,,BRIDGEVIEW CENTER,,0,1,1
105404,60.0,56.43632653061225,1.2896912205858437,4.506430028396308,2.436734693877551,3.5183673469387755,4.0265306122448985,0.06997084548104955,0.16034985422740522,,control,6.0,FL,,"WATERFORD, THE",,0,0,1
105407,120.0,98.14279883381924,0.6000733380303496,3.875828407027675,1.0,1.7734693877551022,4.061224489795919,0.06997084548104955,1.0,,control,6.0,FL,,SPRINGWOOD CENTER,,0,1,1
105408,176.0,166.12892128279884,0.715803524984429,3.7718069477526006,1.583673469387755,2.793877551020408,3.4,0.0,0.0,,control,6.0,FL,,TREASURE ISLE CARE CENTER,,0,0,0
105411,90.0,72.82854227405248,0.9490887232968528,4.168177871755477,2.6265306122448977,3.853061224489796,4.810204081632653,0.06997084548104955,0.0,,control,6.0,FL,,ABBEY DELRAY SOUTH,,0,0,1
105413,120.0,108.76699708454811,0.4413643970371607,3.7901353554997472,2.9285714285714284,3.7020408163265306,2.963265306122449,0.06997084548104955,1.0,,control,6.0,FL,,HERON POINTE HEALTH AND REHABILITATION,,0,1,1
105420,132.0,114.85067055393586,1.1378704646032098,4.607097026380664,2.210204081632653,3.6653061224489796,4.661224489795918,0.0,0.3154518950437317,,control,6.0,FL,,LOURDES-NOREEN MCKEEN RESIDENCE FOR GERIATRIC CARE,,0,0,0
105423,180.0,173.42134110787174,0.40539544244682435,3.7937825372118525,2.6040816326530614,2.8795918367346935,3.0489795918367344,0.0,1.0,,control,6.0,FL,,"TERRACE OF JACKSONVILLE, THE",,0,1,0
105426,120.0,110.77489795918368,0.8513193516111247,4.010675084810972,3.0,3.836734693877551,3.5285714285714285,0.0,1.0,,control,6.0,FL,,WOODBRIDGE CARE CENTER,,0,1,0
105427,120.0,116.75787172011661,0.5801349075659468,4.801990901644123,2.330612244897959,2.5408163265306123,4.0,0.06997084548104955,1.0,,control,6.0,FL,,FORT MYERS REHABILITATION AND NURSING CENTER,,0,1,1
105429,100.0,89.80854227405248,0.6034524167400478,3.614789010094751,3.23265306122449,3.816326530612245,3.4,0.0,0.0,,control,6.0,FL,,FIRST COAST HEALTH & REHABILITATION CENTER,,0,0,0
105431,120.0,105.25332361516035,0.48176608221134176,4.349088110747292,2.704081632653061,3.0428571428571427,3.583673469387755,0.0,1.0,,control,6.0,FL,,COURTYARDS OF ORLANDO CARE CENTER,,0,1,0
105432,120.0,114.8028862973761,1.1931842665270374,4.693510168699859,3.9183673469387754,4.789795918367346,4.626530612244897,0.0,1.0,,control,6.0,FL,,RIVERSIDE CARE CENTER,,0,1,0
105437,120.0,107.47104956268221,0.4145742930944163,3.905056309310377,3.063265306122449,3.8061224489795915,2.742857142857143,0.0,0.0,,control,6.0,FL,,CYPRESS COVE CARE CENTER,,0,0,0
105440,180.0,161.55620991253645,0.3362775220792208,3.81992952813959,1.9285714285714286,1.8,2.4551020408163264,0.06997084548104955,1.0,,control,6.0,FL,,COLONIAL LAKES HEALTH CARE,,0,1,1
105444,82.0,54.68673469387755,0.9287077902094029,4.522819115896028,4.320408163265306,4.418367346938775,4.871428571428571,0.06997084548104955,0.0,,control,6.0,FL,,WILLOWBROOKE COURT AT AZALEA TRACE,,0,0,1
105445,120.0,109.6502332361516,0.49631114683431804,3.8440086049641162,1.1285714285714286,1.9020408163265308,3.6755102040816325,0.06997084548104955,1.0,,control,6.0,FL,,UNIVERSITY HILLS HEALTH AND REHABILITATION,,0,1,1
105447,120.0,108.92973760932945,0.5757913891804947,3.819357973619248,1.0,1.7122448979591838,3.2591836734693875,0.06997084548104955,1.0,,control,6.0,FL,,DELTONA HEALTH CARE,,0,1,1
105448,153.4408163265306,108.3933527696793,0.5460433432852232,3.6719031040710086,3.063265306122449,3.9387755102040813,3.146938775510204,0.06997084548104955,0.0,,control,6.0,FL,,TITUSVILLE REHABILITATION & NURSING CENTER,,0,0,1
105449,99.0,90.36763848396501,0.735795499212168,4.691878938263037,3.5795918367346937,4.5632653061224495,3.516326530612245,0.0,0.821865889212828,,control,6.0,FL,,MIAMI SHORES NURSING AND REHAB CENTER,,0,1,0
105452,120.0,104.0701749271137,0.5366234623761644,3.9487819013857015,1.3244897959183675,1.9081632653061225,3.3734693877551023,0.06997084548104955,1.0,,control,6.0,FL,,ENGLEWOOD HEALTHCARE AND REHAB,,0,1,1
105460,120.0,101.61163265306124,0.3714324309813231,3.925659625308914,1.2265306122448978,1.6,2.8081632653061224,0.06997084548104955,1.0,,control,6.0,FL,,NORTH FLORIDA REHABILITATION AND SPECIALTY CARE,,0,1,1
105461,120.0,109.77314868804665,0.4300479871016028,3.8458433618814785,1.5142857142857142,2.2877551020408164,2.6979591836734693,0.06997084548104955,1.0,,control,6.0,FL,,HEALTH CENTER AT BRENTWOOD,,0,1,1
105462,155.0,122.307055393586,0.48810626441549904,3.9030818135623893,3.0653061224489795,3.6551020408163266,3.8714285714285714,0.06997084548104955,1.0,,control,6.0,FL,,CLEWISTON NURSING & REHABILITATION,,0,1,1
105471,120.0,105.14661807580174,0.4491798716956846,3.800978048965769,2.373469387755102,2.520408163265306,2.5469387755102044,0.06997084548104955,1.0,,control,6.0,FL,,PARKS HEALTHCARE AND REHABILITATION CENTER,,0,1,1
105472,60.182507288629736,51.150087463556844,1.1411523385541462,5.102903831439572,3.669387755102041,4.626530612244897,5.0,0.0,0.0,,control,6.0,FL,,VILLAGE ON THE ISLE,,0,0,0
105473,150.0,122.63714285714285,0.4004464430940299,4.121773668509593,4.416326530612245,4.416326530612245,3.3734693877551023,0.06997084548104955,1.0,,control,6.0,FL,,RIVER VALLEY REHABILITATION CENTER,,0,1,1
105477,117.52827988338193,105.63052478134111,0.3730754159496543,3.7523913203064123,1.6795918367346938,1.6795918367346938,2.336734693877551,0.06997084548104955,0.0,,control,6.0,FL,,BAY POINTE NURSING PAVILION,,0,0,1
105479,181.27405247813414,166.2438192419825,0.5231624160245585,4.068523660697298,3.3938775510204087,4.140816326530612,3.673469387755102,0.0,0.0,,control,6.0,FL,,HEALTH CENTRAL PARK,,0,0,0
105485,120.0,102.28577259475219,0.9168075256677402,4.092360323369668,2.071428571428571,3.1204081632653065,3.510204081632653,0.0,0.0,,control,6.0,FL,,HAMLIN PLACE OF BOYNTON BEACH,,0,0,0
105489,101.0,54.08020408163265,1.103929613586597,4.784431853264366,3.0428571428571427,4.042857142857143,4.626530612244897,0.06997084548104955,0.33586005830903787,,control,6.0,FL,,WILLOWBROOKE COURT SKILLED CARE CENTER - EDGEWATER,,0,0,1
105496,180.0,143.46239067055393,1.0471872767271289,3.835465983912305,2.6346938775510202,3.4387755102040813,3.204081632653061,0.0,0.5574344023323614,,control,6.0,FL,,MANORCARE HEALTH SERVICES BOYNTON BEACH,,0,1,0
105498,120.0,104.81991253644316,0.9273344929749358,4.737440634160739,4.09795918367347,5.0,4.0265306122448985,0.0,0.0,,control,6.0,FL,,SUSANNA WESLEY HEALTH CENTER,,0,0,0
105504,180.0,147.5421865889213,0.8466752131170904,4.822116760009527,4.226530612244899,4.626530612244897,4.4,0.0,0.0,,control,6.0,FL,,MARION AND BERNARD L SAMSON NURSING CENTER,,0,0,0
105507,120.0,106.55524781341109,0.5765571002279553,3.726478216242973,1.0979591836734692,1.4,2.830612244897959,0.06997084548104955,1.0,,control,6.0,FL,,CONSULATE HEALTH CARE OF NORTH FORT MYERS,,0,1,1
105508,74.0,63.84017492711371,1.013572785440128,4.875405670113002,2.373469387755102,3.6755102040816325,4.155102040816327,0.0,0.0,,control,6.0,FL,,EAST RIDGE RETIREMENT VILLAGE INC,,0,0,0
105511,106.0,100.64693877551021,1.0255406650331238,4.350468888134588,3.891836734693878,4.871428571428571,4.4,0.0,1.0,,control,6.0,FL,,HIALEAH SHORES NURSING AND REHAB CENTER,,0,1,0
105512,180.41166180758017,171.76437317784257,0.9330016288014651,3.869281556945478,2.416326530612245,3.189795918367347,4.0,0.0,0.0,,control,6.0,FL,,CLERMONT HEALTH AND REHABILITATION CENTER,,0,0,0
105516,220.0,169.5395335276968,0.9039920708825095,4.112128436007582,1.746938775510204,2.520408163265306,3.8714285714285714,0.06997084548104955,1.0,,control,6.0,FL,,DARCY HALL OF LIFE CARE,,0,1,1
105521,144.0,94.44795918367348,1.055154004628411,4.431707432656161,1.0,1.9020408163265308,4.014285714285714,0.06997084548104955,1.0,,control,6.0,FL,,"AVANTE AT BOCA RATON, INC.",,0,1,1
105524,138.1131195335277,120.78798833819242,0.4724221425816843,4.3826320299804244,4.0,4.373469387755103,3.0653061224489795,0.06997084548104955,1.0,,control,6.0,FL,,PORT CHARLOTTE REHABILITATION CENTER,,0,1,1
105525,120.0,112.08647230320699,0.34606508600390923,3.9356754226163058,1.6428571428571428,2.3959183673469386,3.6612244897959183,0.06997084548104955,1.0,,control,6.0,FL,,MANATEE SPRINGS REHABILITATION AND NURSING CENTER,,0,1,1
105530,120.0,102.68137026239067,0.41064254926164245,3.779468848644544,1.746938775510204,3.1204081632653065,3.3734693877551023,0.06997084548104955,1.0,,control,6.0,FL,,VISTA MANOR,,0,1,1
105531,120.0,95.43702623906705,0.4765282284489133,3.7443490813432367,1.2102040816326531,1.2102040816326531,2.644897959183673,0.06997084548104955,1.0,,control,6.0,FL,,SAN JOSE HEALTH AND REHABILITATION CENTER,,0,1,1
105537,109.0,97.91801749271137,0.7963712852953821,4.384032608375155,3.3734693877551023,4.081632653061225,4.0,0.06997084548104955,1.0,,control,6.0,FL,,SPRINGS AT BOCA CIEGA BAY,,0,1,1
105538,117.43440233236151,97.54714285714286,0.7585640509429592,4.599766828051399,3.626530612244898,4.681632653061224,4.09795918367347,0.06997084548104955,1.0,,control,6.0,FL,,HARBOUR HEALTH CENTER,,0,1,1
105539,114.0,99.55317784256559,0.6748293869137059,3.691439797698668,2.648979591836735,3.2755102040816326,3.5469387755102044,0.0,0.0,,control,6.0,FL,,HEALTHCARE AND REHAB OF SANFORD,,0,0,0
105541,88.0,86.25198250728863,0.5500453703547002,3.9196716431485,3.351020408163265,4.0632653061224495,4.0,0.0,1.0,,control,6.0,FL,,HOMESTEAD MANOR A PALACE COMMUNITY,,0,1,0
105548,120.0,107.83049562682217,0.4041520392322746,4.1660871690775005,3.626530612244898,3.816326530612245,2.4551020408163264,0.06997084548104955,1.0,,control,6.0,FL,,MOULTRIE CREEK NURSING AND REHAB CENTER,,0,1,1
105549,120.0,107.6459475218659,0.5325628303361766,3.800389604836952,2.0,2.163265306122449,3.3734693877551023,0.06997084548104955,1.0,,control,6.0,FL,,CONSULATE HEALTH CARE OF SAFETY HARBOR,,0,1,1
105551,110.0,93.30766763848396,0.3229826852988196,3.9674580256587744,2.6816326530612242,3.1183673469387756,2.6530612244897958,0.0,1.0,,control,6.0,FL,,BAY VUE NURSING AND REHABILITATION CENTER,,0,1,0
105553,120.0,111.95069970845482,0.7508252255766608,3.7810888018098447,2.8244897959183675,3.6346938775510207,2.773469387755102,0.06997084548104955,0.2874635568513119,,control,6.0,FL,,CARROLLWOOD CARE CENTER,,0,0,1
105556,38.623906705539355,29.455276967930033,1.4323259990490238,6.094535856220423,4.4,5.0,4.773469387755102,0.06997084548104955,0.0,,control,6.0,FL,,VILLAGE ON THE GREEN,,0,0,1
105558,120.0,98.86446064139942,0.5793629732707511,3.87978694137657,1.3387755102040815,2.5489795918367344,3.5285714285714285,0.06997084548104955,1.0,,control,6.0,FL,,RENAISSANCE HEALTH AND REHABILITATION,,0,1,1
105559,161.0,143.48349854227405,0.9011836343541922,4.314238990368905,2.330612244897959,3.314285714285714,4.302040816326531,0.06997084548104955,0.1271137026239067,,control,6.0,FL,,GOOD SAMARITAN SOCIETY-KISSIMMEE VILLAGE,,0,0,1
105560,213.0,185.34889212827989,0.6920048458992208,4.175982195369771,2.6,3.3734693877551023,4.189795918367347,0.0,0.0,,control,6.0,FL,,"ST ANNES NURSING CENTER, ST ANNES RESIDENCE INC",,0,0,0
105562,180.0,163.09174927113702,0.3677470294635452,3.8633500885958147,1.8877551020408163,2.6,2.773469387755102,0.06997084548104955,1.0,,control,6.0,FL,,PALM GARDEN OF OCALA,,0,1,1
105563,132.05830903790087,116.9805247813411,0.4592052998705868,4.410494015914756,4.481632653061224,4.691836734693878,3.8102040816326532,0.06997084548104955,1.0,,control,6.0,FL,,CENTRE POINTE HEALTH AND REHAB CENTER,,0,1,1
105566,120.0,105.98979591836735,0.688150278399057,4.0016496803688515,2.436734693877551,3.7081632653061223,3.773469387755102,0.06997084548104955,1.0,,control,6.0,FL,,PALM GARDEN OF WINTER HAVEN,,0,1,1
105567,119.0,97.57483965014578,0.6349716157702234,4.169383622028152,3.069387755102041,3.6530612244897958,3.9224489795918367,0.06997084548104955,1.0,,control,6.0,FL,,SPRINGS AT LAKE POINTE WOODS,,0,1,1
105568,103.0,94.12451895043733,0.49722574307924167,3.745609818210026,2.4428571428571426,2.540816326530612,2.0979591836734697,0.06997084548104955,0.0,,control,6.0,FL,,WINDSOR WOODS REHAB AND HEALTHCARE CENTER,,0,0,1
105571,144.04373177842567,129.84565597667637,0.48570453552664317,3.962125408872803,2.1285714285714286,2.810204081632653,3.3734693877551023,0.06997084548104955,1.0,,control,6.0,FL,,PALM GARDEN OF GAINESVILLE,,0,1,1
105572,127.0,116.47962099125364,0.7122241758902685,3.7266055006166656,1.4979591836734696,2.461224489795918,3.8714285714285714,0.06997084548104955,0.0,,control,6.0,FL,,POMPANO HEALTH AND REHABILITATION CENTER,,0,0,1
105574,136.17696793002915,129.57690962099124,0.5636614141160117,4.008051137012094,3.4,4.0265306122448985,2.8,0.06997084548104955,1.0,,control,6.0,FL,,PALM GARDEN OF LARGO,,0,1,1
105575,90.0,83.07183673469387,1.3721295023769278,4.437094634065762,2.706122448979592,3.295918367346939,4.155102040816327,0.0,1.0,,control,6.0,FL,,PALMETTO CARE CENTER,,0,1,0
105577,121.09037900874635,113.89711370262391,0.7572822569275774,4.072059282504213,2.76734693877551,3.879591836734694,4.146938775510204,0.06997084548104955,1.0,,control,6.0,FL,,PALM GARDEN OF ORLANDO,,0,1,1
105578,59.0,50.18612244897959,0.5773612825128536,3.7859020380931794,1.9367346938775512,2.704081632653061,3.3571428571428568,0.06997084548104955,1.0,,control,6.0,FL,,HARBOR BEACH NURSING AND REHABILITATION CENTER,,0,1,1
105581,136.69154518950438,121.87204081632653,0.5777232620386968,3.901528886908376,2.571428571428571,3.2530612244897963,3.189795918367347,0.06997084548104955,1.0,,control,6.0,FL,,PALM GARDEN OF CLEARWATER,,0,1,1
105584,120.0,101.82472303206998,0.6554377907322853,4.807537801637508,4.055102040816326,5.0,4.226530612244899,0.0,0.0,,control,6.0,FL,,SARASOTA MEMORIAL NURSING AND REHABILITATION CENTE,,0,0,0
105587,120.0,99.72825072886297,0.7562294633528657,4.00276435234702,2.4428571428571426,2.9142857142857146,2.314285714285714,0.06997084548104955,1.0,,control,6.0,FL,,COUNTRYSIDE REHAB AND HEALTHCARE CENTER,,0,1,1
105588,120.0,101.40411078717202,0.686554620506449,3.8050843775934626,1.3183673469387753,1.7183673469387757,2.9285714285714284,0.06997084548104955,1.0,,control,6.0,FL,,CORAL TRACE HEALTH CARE,,0,1,1
105589,120.0,101.51991253644314,0.47018683227016705,3.770725498185607,3.2530612244897963,3.069387755102041,2.26734693877551,0.06997084548104955,1.0,,control,6.0,FL,,COQUINA CENTER,,0,1,1
105591,120.0,108.84253644314869,0.5645624484993337,4.129353827212543,3.583673469387755,4.455102040816326,3.3183673469387758,0.06997084548104955,1.0,,control,6.0,FL,,PALM GARDEN OF TAMPA,,0,1,1
105592,177.59650145772594,149.1127696793003,0.44657782894727466,4.022572545710263,1.2265306122448978,1.453061224489796,2.724489795918367,0.06997084548104955,1.0,,control,6.0,FL,,PALM GARDEN OF VERO BEACH,,0,1,1
105593,120.0,99.6972303206997,0.8109251108721758,4.36063654723087,3.4306122448979592,4.804081632653061,4.626530612244897,0.06997084548104955,0.0,,control,6.0,FL,,WILLOWBROOKE COURT AT INDIAN RIVER ESTATES,,0,0,1
105598,54.0,49.52862973760932,1.2539372742715698,5.402185238479152,2.724489795918367,4.626530612244897,4.626530612244897,0.06997084548104955,0.2685131195335277,,control,6.0,FL,,HARBOURS EDGE,,0,0,1
105600,120.0,104.0465306122449,0.7690836908593588,4.095124976662855,2.016326530612245,2.887755102040816,4.0,0.06997084548104955,1.0,,control,6.0,FL,,PALM GARDEN OF PORT SAINT LUCIE,,0,1,1
105603,120.0,96.21413994169097,0.5780600920333165,4.119959593301964,2.210204081632653,3.695918367346939,3.3571428571428568,0.06997084548104955,1.0,,control,6.0,FL,,RIVIERA PALMS REHABILITATION CENTER,,0,1,1
105604,60.0,49.98711370262391,0.8202753865439114,4.256538651314625,2.5142857142857142,4.061224489795919,4.081632653061225,0.06997084548104955,0.0,,control,6.0,FL,,COVENANT VILLAGE CARE CENTER,,0,0,1
105607,176.0,136.43067055393587,0.783805474163789,3.9625190258879486,1.6979591836734693,2.973469387755102,4.044897959183674,0.06997084548104955,1.0,,control,6.0,FL,,PALM GARDEN OF WEST PALM BEACH,,0,1,1
105610,120.0,108.1000583090379,0.865588941997312,4.0540068859098675,1.7551020408163265,2.944897959183674,4.302040816326531,0.06997084548104955,1.0,,control,6.0,FL,,PALM GARDEN OF AVENTURA,,0,1,1
105611,120.0,98.80708454810495,0.8175418249497044,3.8305918887351638,1.416326530612245,2.477551020408163,3.983673469387755,0.06997084548104955,1.0,,control,6.0,FL,,WOOD LAKE HEALTH AND REHABILITATION CENTER,,0,1,1
105616,120.0,109.93895043731779,0.2707557246283199,3.7904669614897344,2.210204081632653,2.3387755102040817,2.112244897959184,0.0,1.0,,control,6.0,FL,,CARRINGTON PLACE OF ST PETE,,0,1,0
105617,165.0,122.75250728862974,0.7755485502888428,4.018233814851271,2.253061224489796,3.3285714285714287,3.157142857142857,0.06997084548104955,1.0,,control,6.0,FL,,AVANTE VILLA AT JACKSONVILLE BEACH INC,,0,1,1
105620,179.0,147.33157434402335,0.4738024376670946,3.9029630105640236,3.3734693877551023,4.16734693877551,2.906122448979592,0.06997084548104955,1.0,,control,6.0,FL,,HIGHLANDS LAKE CENTER,,0,1,1
105621,90.0,79.68918367346939,0.35546569089141117,4.080151844011922,3.0857142857142854,3.4591836734693877,3.2755102040816326,0.0,0.35889212827988337,,control,6.0,FL,,NORTH CAMPUS REHABILITATION AND NURSING CENTER,,0,0,0
105622,194.0,173.68373177842565,0.7586558751412307,3.8255003091915962,1.8102040816326532,2.7122448979591836,2.8979591836734695,0.06997084548104955,0.19854227405247812,,control,6.0,FL,,DEERFIELD BEACH HEALTH AND REHABILITATION CENTER,,0,0,1
105623,120.0,92.7530612244898,1.6673328738281126,4.869383527376304,2.4204081632653063,3.4204081632653063,4.773469387755102,0.06997084548104955,1.0,,control,6.0,FL,,WEST GABLES HEALTH CARE CENTER,,0,1,1
105624,180.0,153.29918367346937,0.35123909112259255,4.09425079539381,3.669387755102041,4.253061224489796,3.3734693877551023,0.06997084548104955,1.0,,control,6.0,FL,,BONIFAY NURSING AND REHAB CENTER,,0,1,1
105629,74.0,58.47962099125365,0.7474901493532973,4.9347326742938264,4.09795918367347,5.0,4.112244897959184,0.06997084548104955,1.0,,control,6.0,FL,,SURREY PLACE HEALTHCARE AND REHABILITATION,,0,1,1
105630,30.0,25.132682215743444,1.612672978905695,6.301656648379967,5.0,5.0,4.253061224489796,0.0,0.0,,control,6.0,FL,,VICAR'S LANDING NURSING HOME,,0,0,0
105632,180.0,156.11498542274052,0.2726581066129471,3.77929967771885,1.0979591836734692,1.6918367346938776,3.0489795918367344,0.06997084548104955,1.0,,control,6.0,FL,,HARTS HARBOR HEALTH CARE CENTER,,0,1,1
105635,162.48950437317785,141.670583090379,0.6240986426606885,4.563718586054874,3.295918367346939,3.669387755102041,4.373469387755103,0.06997084548104955,1.0,,control,6.0,FL,,MELBOURNE TERRACE REHABILITATION CENTER,,0,1,1
105636,120.0,110.35154518950438,0.5588870850942746,4.072955196653056,4.0,4.810204081632653,3.061224489795918,0.06997084548104955,1.0,,control,6.0,FL,,BELLEAIR HEALTH CARE CENTER,,0,1,1
105638,119.60291545189504,109.51177842565598,0.2656030321473955,3.7277786220387936,1.0,1.4489795918367347,2.63265306122449,0.0,1.0,,control,6.0,FL,,PARKLANDS CARE CENTER,,0,1,0
105643,120.0,108.12568513119534,0.5340437697832714,3.878586427151358,4.0,4.0,3.46530612244898,0.06997084548104955,1.0,,control,6.0,FL,,ISLAND LAKE CENTER,,0,1,1
105644,120.0,109.96486880466472,0.648505855913659,3.8322543286005937,2.1183673469387756,2.783673469387755,3.130612244897959,0.06997084548104955,1.0,,control,6.0,FL,,FLETCHER HEALTH AND REHABILITATION CENTER,,0,1,1
105645,100.0,93.9231778425656,0.9503323056582174,4.998183857702827,4.189795918367347,5.0,4.0,0.0,0.16034985422740522,,control,6.0,FL,,BARTRAM CROSSING,,0,0,0
105650,117.0,100.00309037900874,0.8980405154511708,4.218214206663826,2.4,3.757142857142857,3.757142857142857,0.06997084548104955,1.0,,control,6.0,FL,,BAYSHORE POINTE NURSING AND REHAB CENTER,,0,1,1
105653,120.0,101.05107871720116,0.3733357169452223,3.8314717471714004,1.0,1.0,1.7081632653061225,0.06997084548104955,1.0,,control,6.0,FL,,CONSULATE HEALTH CARE OF ORANGE PARK,,0,1,1
105654,120.0,107.74793002915453,0.5939710141183261,4.110274993777719,4.583673469387755,4.583673469387755,3.3020408163265307,0.06997084548104955,1.0,,control,6.0,FL,,WESTCHESTER GARDENS HEALTH & REHABILITATION,,0,1,1
105655,120.0,89.39655976676384,0.6772183368716912,4.623404362831559,2.4591836734693877,3.0428571428571427,4.0,0.06997084548104955,1.0,,control,6.0,FL,,"NURSING CENTER AT FREEDOM VILLAGE, THE",,0,1,1
105657,142.0,110.79180758017492,0.6705556698879307,4.412811740829552,1.3734693877551019,2.2448979591836737,3.773469387755102,0.06997084548104955,1.0,,control,6.0,FL,,DIAMOND RIDGE HEALTH AND REHABILITATION CENTER,,0,1,1
105660,72.0,58.17930029154518,0.9302220640650153,5.058402323989207,3.2530612244897963,4.253061224489796,4.246938775510204,0.0,0.0,,control,6.0,FL,,"MANOR AT CARPENTERS, THE",,0,0,0
105665,65.0,55.18559766763849,0.43541919757027586,3.712620700149997,2.7081632653061223,3.210204081632653,3.9571428571428573,0.06997084548104955,1.0,,control,6.0,FL,,OAKTREE HEALTHCARE,,0,1,1
105668,120.0,105.63396501457726,1.2044267942640174,4.6760736988759986,2.724489795918367,4.09795918367347,5.0,0.0,0.19854227405247812,,control,6.0,FL,,MEMORIAL MANOR,,0,0,0
105670,123.80408163265307,105.23513119533527,0.9228483344295577,4.236773403895624,2.226530612244898,3.2448979591836733,3.916326530612245,0.06997084548104955,1.0,,control,6.0,FL,,AVANTE AT ST CLOUD INC,,0,1,1
105671,110.0,89.2998833819242,0.7522981395892903,4.165248523129897,1.9795918367346939,2.830612244897959,3.404081632653061,0.06997084548104955,1.0,,control,6.0,FL,,AVANTE AT MELBOURNE INC,,0,1,1
105672,101.02915451895043,88.9565889212828,0.9178410364415408,4.510792355003969,2.804081632653061,3.7877551020408164,3.6040816326530614,0.0,0.0,,control,6.0,FL,,GULF COAST VILLAGE,,0,0,0
105673,179.0,162.3012244897959,0.6002783286216576,3.7703622036610698,2.6653061224489796,3.038775510204082,3.4857142857142858,0.06997084548104955,1.0,,control,6.0,FL,,INDIAN RIVER CENTER,,0,1,1
105682,120.0,101.9299416909621,0.5812754862007743,3.881677950202166,2.9204081632653063,3.130612244897959,2.9387755102040813,0.06997084548104955,1.0,,control,6.0,FL,,PALM GARDEN OF JACKSONVILLE,,0,1,1
105686,110.0,96.02956268221574,0.7104929854525606,4.438247376466295,2.853061224489796,4.108163265306123,4.163265306122449,0.06997084548104955,1.0,,control,6.0,FL,,SPRINGTREE REHABILITATION & HEALTH CARE CENTER,,0,1,1
105690,118.56268221574344,109.34192419825072,0.45829303296016755,3.684637144461084,2.1285714285714286,2.4714285714285715,2.2448979591836737,0.06997084548104955,0.19854227405247812,,control,6.0,FL,,HIGHLAND PINES REHABILITATION CENTER,,0,0,1
105694,244.0,217.00793002915452,0.6930334477033386,3.876218198977562,3.110204081632653,3.110204081632653,3.0489795918367344,0.06997084548104955,1.0,,control,6.0,FL,,SABAL PALMS HEALTH CARE CENTER,,0,1,1
105697,120.0,111.41032069970845,0.7285482673700728,4.2078475296174584,2.879591836734694,3.7816326530612248,4.0,0.06997084548104955,1.0,,control,6.0,FL,,EAST BAY REHABILITATION CENTER,,0,1,1
105703,116.0,85.96883381924198,0.4483236952406089,4.066134235806949,3.4,3.4,3.0487804878048776,0.06997084548104955,1.0,,control,6.0,FL,,ARBOR TRAIL REHAB AND SKILLED NURSING CENTER,,0,1,1
105705,115.99125364431487,91.7269970845481,0.633099216403233,4.6091059913519565,2.573469387755102,3.720408163265306,3.9877551020408166,0.06997084548104955,1.0,,control,6.0,FL,,LAKE HARRIS HEALTH CENTER,,0,1,1
105710,163.0,144.7262390670554,0.385694310698959,3.995127026673061,3.3816326530612244,4.155102040816327,2.7122448979591836,0.06997084548104955,1.0,,control,6.0,FL,,JACKSONVILLE NURSING AND REHAB CENTER,,0,1,1
105713,57.0,53.253673469387756,0.4971198158035622,3.698519002068832,4.583673469387755,4.681632653061224,2.9020408163265303,0.0,0.0,,control,6.0,FL,,ALPINE HEALTH AND REHABILITATION CENTER,,0,0,0
105714,39.0,33.78717201166181,0.5630940199004102,3.8768546240337853,4.416326530612245,4.789795918367346,3.3183673469387758,0.0,0.0,,control,6.0,FL,,CONCORDIA MANOR,,0,0,0
105715,120.0,111.56825072886298,0.6007492766618558,4.373187526678192,4.90204081632653,5.0,3.502040816326531,0.0,1.0,,control,6.0,FL,,HAMPTON COURT NURSING AND REHABILITATION CENTER,,0,1,0
105719,180.0,171.04868804664724,1.0289143322730947,4.273752052210936,5.0,5.0,4.112244897959184,0.0,1.0,,control,6.0,FL,,PALACE AT KENDALL NURSING AND REHABILITATION CENTE,,0,1,0
105720,60.0,50.647842565597664,1.209743031900524,5.091690030926519,3.016326530612245,4.2877551020408164,4.871428571428571,0.0,0.0,,control,6.0,FL,,MAYFLOWER HEALTHCARE CENTER,,0,0,0
105724,109.31195335276968,100.87078717201166,0.4225170276618563,4.123420732925958,2.226530612244898,2.226530612244898,2.871428571428571,0.06997084548104955,1.0,,control,6.0,FL,,OCALA OAKS REHABILITATION CENTER,,0,1,1
105725,96.0,80.96361516034986,0.4551411902424292,3.8516720530367916,2.0979591836734697,3.4714285714285715,3.146938775510204,0.0,0.0,,control,6.0,FL,,"HOME ASSOCIATION, THE",,0,0,0
105728,396.9562682215743,345.02078717201164,0.866308982190199,3.8621115060540174,2.46530612244898,3.2591836734693875,3.583673469387755,0.0,0.19854227405247812,,control,6.0,FL,,ORLANDO HEALTH AND REHABILITATION CENTER,,0,0,0
105730,129.61749271137026,121.29472303206995,0.38047530661053836,4.4221944480676605,2.573469387755102,3.9469387755102043,3.4714285714285715,0.06997084548104955,1.0,,control,6.0,FL,,SPRING LAKE REHABILITATION CENTER,,0,1,1
105731,163.63206997084546,138.9769970845481,0.6160582718869381,4.519332202973728,3.789795918367347,5.0,3.210204081632653,0.0,0.0,,control,6.0,FL,,COMMONS AT ORLANDO LUTHERAN TOWERS,,0,0,0
105732,100.0,63.09836734693877,0.6861713407116288,4.68934488557937,4.0,4.810204081632653,4.0632653061224495,0.0,0.0,,control,6.0,FL,,MEASE CONTINUING CARE,,0,0,0
105733,120.0,107.60743440233236,0.5069245775386374,3.8748896244197306,2.6,3.128571428571429,3.4918367346938775,0.06997084548104955,1.0,,control,6.0,FL,,PALM GARDEN OF PINELLAS,,0,1,1
105735,120.0,105.95723032069971,0.6754624406597638,4.188997134642217,3.789795918367347,4.502040816326531,3.061224489795918,0.06997084548104955,1.0,,control,6.0,FL,,ORANGE CITY NURSING AND REHAB CENTER,,0,1,1
105736,115.02915451895043,109.58276967930028,0.4848133468008933,3.9753782509200066,3.789795918367347,4.4714285714285715,2.9020408163265303,0.06997084548104955,1.0,,control,6.0,FL,,PALM GARDEN OF SUN CITY,,0,1,1
105737,120.0,103.73743440233235,0.49218582499365027,4.013013303331617,2.4795918367346936,3.5,3.4551020408163264,0.06997084548104955,1.0,,control,6.0,FL,,MACCLENNY NURSING AND REHAB CENTER,,0,1,1
105743,74.81049562682216,54.08769679300292,0.8218165715909901,5.416642246763739,4.6,4.810204081632653,4.210204081632654,0.0,0.0,,control,6.0,FL,,FLEET LANDING,,0,0,0
105744,60.0,51.8469387755102,1.1602910293137567,4.504043224856196,4.079591836734694,4.706122448979592,4.4,0.06997084548104955,1.0,,control,6.0,FL,,SYLVAN HEALTH CENTER,,0,1,1
105745,120.0,100.16233236151604,0.9983081377101881,4.4665718764228535,3.0,4.173469387755102,4.189795918367347,0.06997084548104955,1.0,,control,6.0,FL,,CYPRESS VILLAGE,,0,1,1
105749,132.0,120.00760932944607,0.5341676791824883,3.660286303117032,2.7897959183673464,3.1632653061224487,3.3734693877551023,0.0,0.0,,control,6.0,FL,,ABBEY REHABILITATION AND NURSING CENTER,,0,0,0
105754,120.0,109.61930029154519,0.9095710769978789,4.313035561767238,3.9020408163265303,4.583673469387755,3.9020408163265303,0.06997084548104955,1.0,,control,6.0,FL,,CONWAY LAKES HEALTH & REHABILITATION CENTER,,0,1,1
105757,120.0,105.91055393586007,0.8886132985370656,3.9937086832105018,2.724489795918367,3.995918367346939,4.210204081632654,0.06997084548104955,0.0,,control,6.0,FL,,WESTMINSTER TOWERS,,0,0,1
105764,114.09096209912536,104.98781341107872,0.2689944019080127,3.9413458822916088,1.0,1.0,2.351020408163265,0.06997084548104955,1.0,,control,6.0,FL,,CONSULATE HEALTH CARE OF TALLAHASSEE,,0,1,1
105770,80.90962099125365,72.68556851311953,0.7428959385616646,4.071459294694162,3.2530612244897963,4.626530612244897,4.455102040816326,0.0,0.3154518950437317,,control,6.0,FL,,TRI-COUNTY NURSING HOME,,0,0,0
105776,120.0,103.74755102040817,0.5323800450265099,4.160866640952974,3.416326530612245,4.583673469387755,3.5469387755102044,0.06997084548104955,1.0,,control,6.0,FL,,PORT ORANGE NURSING AND REHAB CENTER,,0,1,1
105779,112.0,89.55084548104956,1.2716815791436344,5.9908398679953505,4.071428571428571,5.0,5.0,0.0,0.26443148688046647,,control,6.0,FL,,HEALTHPARK CARE CENTER,,0,0,0
105780,104.0,91.12860058309037,0.488584402915082,3.7993716916510802,3.479591836734694,4.253061224489796,2.373469387755102,0.06997084548104955,0.0,,control,6.0,FL,,OAKS AT AVON,,0,0,1
105784,120.0,105.74892128279883,0.856434127424329,4.761919191221454,5.0,5.0,3.96530612244898,0.0,1.0,,control,6.0,FL,,"MANOR AT BLUE WATER BAY, THE",,0,1,0
105785,40.0,36.41758017492712,1.0336051268011959,4.430221059099894,4.33265306122449,4.90204081632653,3.879591836734694,0.0,0.0,,control,6.0,FL,,THE GARDENS AT DEPUGH,,0,0,0
105791,77.48454810495627,70.99997084548104,0.9264340304008867,3.9027576686877783,4.122448979591836,4.804081632653061,3.4,0.0,0.178134110787172,,control,6.0,FL,,DELANEY PARK HEALTH AND REHABILITATION CENTER,,0,0,0
105792,177.0,153.34384839650147,0.4407078521923919,4.1997671891597586,2.0,3.1632653061224487,3.312244897959184,0.06997084548104955,1.0,,control,6.0,FL,,LIFE CARE CENTER OF WINTER HAVEN,,0,1,1
105793,120.0,109.89239067055394,0.53667399107333,4.405376043239921,4.177551020408163,4.804081632653061,3.0,0.06997084548104955,1.0,,control,6.0,FL,,ROYAL OAKS NURSING AND REHAB CENTER,,0,1,1
105796,120.0,95.33950437317785,0.9124771028756734,4.575484243729697,3.416326530612245,5.0,4.210204081632654,0.0,0.0,,control,6.0,FL,,EDGEWATER AT WATERMAN VILLAGE,,0,0,0
105797,113.96326530612245,101.13093294460641,0.6931522037204363,4.324711083537727,1.973469387755102,2.648979591836735,3.706122448979592,0.0,0.0,,control,6.0,FL,,GUARDIAN CARE NURSING & REHABILITATION CENTER,,0,0,0
105801,278.1049562682216,253.54892128279883,0.9189415890155523,4.675351893285684,5.0,5.0,5.0,0.0,0.0,,control,6.0,FL,,JOSEPH L MORSE HEALTH CENTER INC THE,,0,0,0
105807,60.0,53.55609329446064,0.5734596570608467,4.363856840428653,5.0,4.789795918367346,4.0,0.06997084548104955,1.0,,control,6.0,FL,,MADISON HEALTH AND REHABILITATION CENTER,,0,1,1
105809,161.0,135.78037900874637,0.47003766550849446,4.4692668019452215,3.7551020408163263,4.502040816326531,4.226530612244899,0.0,0.0,,control,6.0,FL,,GOOD SAMARITAN CENTER,,0,0,0
105810,120.0,95.61927113702623,0.3482844301737393,3.916244161231336,1.9857142857142858,2.083673469387755,3.2755102040816326,0.0,0.0,,control,6.0,FL,,"MIRACLE HILL NURSING & REHABILITATION CENTER, INC",,0,0,0
105812,90.0,80.71215743440233,0.5930982386231733,3.99427355642969,3.226530612244898,4.220408163265306,2.993877551020408,0.0,1.0,,control,6.0,FL,,ROYAL CARE OF AVON PARK,,0,1,0
105817,56.0,37.87183673469387,0.7392444167393625,6.225801214068889,4.09795918367347,5.0,4.23469387755102,0.0,0.0,,control,6.0,FL,,PLYMOUTH HARBOR INCORPORATED,,0,0,0
105819,120.0,103.49486880466472,0.5133397537311161,4.178456731997371,2.6,3.2,3.183673469387755,0.06997084548104955,1.0,,control,6.0,FL,,TIFFANY HALL NURSING AND REHAB CENTER,,0,1,1
105821,120.0,95.65262390670554,0.5948378455729693,4.201955190806547,4.626530612244897,4.626530612244897,3.6142857142857143,0.0,0.0,,control,6.0,FL,,TAYLOR CARE CENTER,,0,0,0
105823,60.0,45.90886297376093,0.7803798375133582,4.16697625125273,4.253061224489796,4.626530612244897,4.024489795918367,0.0,0.0,,control,6.0,FL,,"ROHR HOME, THE",,0,0,0
105827,48.970845481049565,41.58408163265306,0.6607591922597589,4.228460710777413,1.6428571428571428,2.83265306122449,4.416326530612245,0.0,0.0,,control,6.0,FL,,FINNISH-AMERICAN VILLAGE,,0,0,0
105831,120.0,104.26134110787171,0.722838980455225,4.230254370730315,1.816326530612245,2.7081632653061223,3.583673469387755,0.06997084548104955,1.0,,control,6.0,FL,,PALM CITY NURSING & REHAB CENTER,,0,1,1
105837,168.0,141.93830903790086,0.6333222577365436,4.2265065179003,1.6816326530612247,2.8285714285714283,3.773469387755102,0.06997084548104955,1.0,,control,6.0,FL,,BOYNTON BEACH REHABILITATION CENTER,,0,1,1
105838,120.0,115.64517006802721,1.060857047260836,5.130199179184467,4.09795918367347,5.0,5.0,0.0,0.0,,control,6.0,FL,,EDWARD J HEALEY REHABILITATION AND NURSING CENTER,,0,0,0
105840,120.0,105.48950437317784,0.9272760780389064,5.0935827626156405,3.16734693877551,4.06938775510204,4.90204081632653,0.0,0.0,,control,6.0,FL,,EMORY L BENNETT MEMORIAL VETERANS NURSING HOME,,0,0,0
105849,60.0,50.88311953352769,0.600764742478777,3.850196281579427,4.485714285714286,4.614285714285714,2.5061224489795917,0.0,1.0,,control,6.0,FL,,WRIGHTS HEALTHCARE AND REHABILITATION CENTER,,0,1,0
105854,120.0,112.09107871720116,0.7988739489132374,3.9042524358041306,3.222448979591837,3.720408163265306,3.8857142857142857,0.06997084548104955,0.0,,control,6.0,FL,,WESTMINSTER OAKS,,0,0,1
105855,138.0,110.7062973760933,0.5170665495986859,3.8257504484175366,3.3081632653061224,3.2306122448979595,2.5122448979591834,0.06997084548104955,1.0,,control,6.0,FL,,RULEME CENTER,,0,1,1
105856,42.0,33.928746355685135,1.7709388600660847,5.398723059555577,5.0,5.0,5.0,0.0,0.0,,control,6.0,FL,,PREMIER PLACE AT THE GLENVIEW,,0,0,0
105858,111.0,97.65586005830903,0.39286555767953846,4.139023862927673,2.5673469387755103,3.940816326530612,3.0857142857142854,0.0,1.0,,control,6.0,FL,,CITRUS HEALTH AND REHABILITATION CENTER,,0,1,0
105866,113.0,98.23172011661808,0.9823074159873972,4.834385477546851,3.8102040816326532,4.626530612244897,4.4367346938775505,0.06997084548104955,1.0,,control,6.0,FL,,PLAZA WEST,,0,1,1
105868,120.0,105.41104956268222,0.6815246547093463,4.1686390166372975,3.3040816326530615,4.789795918367346,3.6755102040816325,0.06997084548104955,1.0,,control,6.0,FL,,METRO WEST NURSING AND REHAB CENTER,,0,1,1
105870,120.0,96.05110787172012,0.5614682676568507,4.086771532625537,2.114285714285714,3.071428571428571,3.7122448979591836,0.06997084548104955,1.0,,control,6.0,FL,,LIFE CARE CENTER OF CITRUS COUNTY,,0,1,1
105872,98.0,85.08285714285714,0.6264197136257021,4.3528075599857745,2.9714285714285715,3.289795918367347,3.2755102040816326,0.06997084548104955,1.0,,control,6.0,FL,,TUSKAWILLA NURSING AND REHAB CENTER,,0,1,1
105878,59.74577259475219,52.926413994169096,0.3298611699742936,3.937736327697121,3.2530612244897963,3.879591836734694,2.773469387755102,0.06997084548104955,1.0,,control,6.0,FL,,PINELLAS POINT NURSING AND REHAB CENTER,,0,1,1
105879,95.88338192419825,79.68830903790088,1.1785964243899991,4.187556158971815,2.5061224489795917,3.879591836734694,4.497959183673469,0.06997084548104955,0.0,,control,6.0,FL,,WESTMINSTER WINTER PARK,,0,0,1
105882,120.0,110.61481049562683,0.5612918966903427,3.776142382123952,3.0857142857142854,3.76734693877551,3.2448979591836733,0.06997084548104955,0.0,,control,6.0,FL,,WINKLER COURT,,0,0,1
105884,120.0,111.8067055393586,0.4591106398458013,3.9435283615505545,1.0,1.5285714285714287,2.871428571428571,0.0,1.0,,control,6.0,FL,,EXCEL CARE CENTER,,0,1,0
105886,39.0,32.927055393586,0.7217870024828821,4.761114966512449,3.0653061224489795,4.238775510204082,3.9020408163265303,0.0,1.0,,control,6.0,FL,,SAVANNAH COVE,,0,1,0
105888,120.0,112.43078717201166,0.6444892242727491,3.80050491624421,2.3020408163265307,3.0755102040816324,3.773469387755102,0.06997084548104955,1.0,,control,6.0,FL,,PLANTATION BAY REHABILITATION CENTER,,0,1,1
105895,120.0,94.92536443148688,0.43466718753249406,3.7548842757423886,1.416326530612245,1.4714285714285713,2.5326530612244897,0.06997084548104955,1.0,,control,6.0,FL,,CONSULATE HEALTH CARE OF ST PETERSBURG,,0,1,1
105901,60.0,53.6965306122449,1.1862660591543406,4.140721237926272,4.626530612244897,5.0,4.357142857142858,0.06997084548104955,0.0,,control,6.0,FL,,WESTMINSTER WOODS ON JULINGTON CREEK,,0,0,1
105904,120.0,100.63332361516035,0.49016139442940326,4.112390621726103,2.8448979591836734,3.2183673469387752,3.146938775510204,0.06997084548104955,1.0,,control,6.0,FL,,ATLANTIC SHORES NURSING AND REHAB CENTER,,0,1,1
105912,32.0,25.41758017492711,1.6670048715187258,5.566416715157137,3.4551020408163264,4.136734693877551,3.6285714285714286,0.0,0.0,,control,6.0,FL,,FLORIDA HOSPITAL NORTH PINELLAS,,0,0,0
105917,116.0,100.20807580174927,0.3869792620505238,3.7086747708215224,1.416326530612245,1.7897959183673469,2.4857142857142858,0.06997084548104955,1.0,,control,6.0,FL,,CONSULATE HEALTH CARE OF JACKSONVILLE,,0,1,1
105921,120.0,102.3265889212828,1.3198302709257814,4.3390373984199995,2.7408163265306125,4.016326530612245,4.626530612244897,0.06997084548104955,1.0,,control,6.0,FL,,GARDENS COURT,,0,1,1
105926,120.0,110.3811078717201,1.0144473742219897,4.005820506812173,3.583673469387755,4.146938775510204,3.6755102040816325,0.06997084548104955,0.0,,control,6.0,FL,,WESTMINSTER SUNCOAST,,0,0,1
105928,180.0,161.15807580174925,0.5540770437970668,4.069241856626754,3.789795918367347,5.0,3.4,0.06997084548104955,1.0,,control,6.0,FL,,LIFE CARE CENTER OF ORANGE PARK,,0,1,1
105949,68.0,47.344314868804666,0.9749256820456678,5.000982479527211,2.416326530612245,3.6612244897959183,4.583673469387755,0.0,0.0,,control,6.0,FL,,FLORIDA PRESBYTERIAN HOMES INC,,0,0,0
105951,120.0,107.69556851311953,0.6810627030115065,4.035200852732847,1.6265306122448981,2.0816326530612246,3.0183673469387755,0.06997084548104955,1.0,,control,6.0,FL,,BRANDON HEALTH AND REHABILITATION CENTER,,0,1,1
105952,120.0,103.30967930029155,0.45854174370888173,3.8495960725182963,1.0979591836734692,1.5632653061224488,2.8857142857142857,0.06997084548104955,1.0,,control,6.0,FL,,GRAND OAKS HEALTH AND REHABILITATION CENTER,,0,1,1
105961,56.0,36.10361702127659,2.981537648390999,6.290979755177549,4.353658536585366,4.5,1.8205128205128205,0.0,0.0,,control,6.0,FL,,SHANDS JACKSONVILLE MEDICAL CENTER,,0,0,0
105962,120.0,105.62309037900874,0.641654629605545,4.239012374552313,2.226530612244898,2.873469387755102,3.646938775510204,0.06997084548104955,1.0,,control,6.0,FL,,LIFE CARE CENTER AT WELLS CROSSING,,0,1,1
105963,60.0,53.06696793002916,0.6013376915063489,4.161011060864526,3.4367346938775514,4.626530612244897,4.373469387755103,0.06997084548104955,1.0,,control,6.0,FL,,LAFAYETTE NURSING AND REHABILITATION CENTER,,0,1,1
105966,219.0,144.8975218658892,1.2112436910852291,5.464722306212772,4.177551020408163,4.90204081632653,5.0,0.0,0.0,,control,6.0,FL,,SHELL POINT NURSING PAVILION,,0,0,0
105968,60.0,46.85107871720116,1.593209985619021,5.4672153799790255,4.016326530612245,5.0,4.871428571428571,0.06997084548104955,1.0,,control,6.0,FL,,VI AT LAKESIDE VILLAGE,,0,1,1
105974,124.67755102040817,108.5957142857143,0.9417396111283907,4.344206402171167,2.36734693877551,3.7653061224489797,4.23469387755102,0.0,1.0,,control,6.0,FL,,LIFE CARE CENTER OF ORLANDO,,0,1,0
105975,120.0,99.64224489795919,0.42284478774928586,4.192672488641727,4.90204081632653,4.90204081632653,2.9693877551020407,0.0,1.0,,control,6.0,FL,,COMMUNITY HEALTH AND REHABILITATION CENTER,,0,1,0
105985,120.0,112.94918367346938,0.5659535841696078,3.9022127983486965,2.536734693877551,3.310204081632653,3.583673469387755,0.06997084548104955,1.0,,control,6.0,FL,,"PALMS REHABILITATION AND HEALTHCARE CENTER, THE",,0,1,1
105986,105.48104956268222,96.23259475218659,0.716390782413438,4.656992850691172,2.2612244897959184,3.13265306122449,4.546938775510204,0.0,0.3154518950437317,,control,6.0,FL,,"ZEPHYRHILLS HEALTH & REHAB CENTER, INC",,0,0,0
105987,116.0,106.39795918367346,0.6599469819033347,4.51896668884124,2.2693877551020405,2.5775510204081633,2.6816326530612242,0.06997084548104955,1.0,,control,6.0,FL,,HUNTERS CREEK NURSING AND REHAB CENTER,,0,1,1
105996,120.0,110.80795918367346,0.7035044548093309,3.8386064926663015,2.173469387755102,3.1367346938775507,3.189795918367347,0.06997084548104955,1.0,,control,6.0,FL,,SPRING HILL HEALTH AND REHABILITATION CENTER,,0,1,1
105999,120.0,105.15463556851311,0.7272387347743818,4.233598456320489,3.0979591836734697,4.4714285714285715,3.8102040816326532,0.06997084548104955,1.0,,control,6.0,FL,,LIFE CARE CENTER OF OCALA,,0,1,1
106000,120.0,108.2936443148688,0.385118439946624,3.77721606005936,2.2183673469387757,2.5918367346938775,2.5632653061224486,0.06997084548104955,1.0,,control,6.0,FL,,EVANS HEALTH CARE,,0,1,1
106002,120.0,108.06504373177842,0.4201631263761304,3.8181978734597304,1.6265306122448981,2.210204081632653,2.9204081632653063,0.06997084548104955,1.0,,control,6.0,FL,,WEDGEWOOD HEALTHCARE CENTER,,0,1,1
106006,120.0,107.3759475218659,0.9564950577602689,5.408125055063721,4.6,5.0,4.4,0.0,0.0,,control,6.0,FL,,BALDOMERO LOPEZ MEMORIAL VETERANS NURSING HOME,,0,0,0
106007,90.0,82.40784256559766,1.1828069767843221,4.412770253188461,3.1510204081632653,3.7510204081632654,4.275510204081632,0.06997084548104955,1.0,,control,6.0,FL,,"FLORIDEAN NURSING AND REHABILITATION CENTER, THE",,0,1,1
106009,60.0,54.15405247813411,0.5601545200279131,4.1926694588932385,4.318367346938776,4.5285714285714285,3.142857142857143,0.06997084548104955,1.0,,control,6.0,FL,,CROSS CITY NURSING AND REHABILITATION CENTER,,0,1,1
106013,73.75510204081633,45.8734693877551,1.1950046322674128,4.405092270927387,3.016326530612245,4.389795918367347,5.0,0.0,1.0,,control,6.0,FL,,CHATSWORTH AT PGA NATIONAL,,0,1,0
106017,105.0,87.50501457725946,0.633712585876798,4.061307559764832,2.983673469387755,3.8857142857142857,3.216326530612245,0.06997084548104955,1.0,,control,6.0,FL,,BRADENTON HEALTH CARE,,0,1,1
106018,120.0,74.46915451895043,0.6578654443350855,4.369306772024913,2.7448979591836733,3.4367346938775514,4.128571428571429,0.0,0.0,,control,6.0,FL,,GLADES HEALTH CARE CENTER,,0,0,0
106019,64.0,51.33303206997084,0.9089710769365192,5.63216637066566,4.226530612244899,5.0,4.4367346938775505,0.0,0.0,,control,6.0,FL,,"LODGE AT CYPRESS COVE, THE",,0,0,0
106022,60.0,51.624489795918365,0.8603065752562739,4.711185861291725,2.430612244897959,3.204081632653061,3.757142857142857,0.06997084548104955,1.0,,control,6.0,FL,,BROOKDALE PALMER RANCH SNF,,0,1,1
106027,118.0,95.84204081632654,0.8359100859115706,4.220380031230205,1.836734693877551,2.7653061224489797,3.7755102040816326,0.0,1.0,,control,6.0,FL,,AVANTE AT ORLANDO INC,,0,1,0
106028,120.0,109.8165889212828,0.39299738663883466,3.849177832636357,3.387755102040816,4.1,2.810204081632653,0.06997084548104955,1.0,,control,6.0,FL,,SHOAL CREEK REHABILITATION CENTER,,0,1,1
106030,120.0,110.19924198250729,0.9815799631634349,3.882188528337916,3.887755102040816,5.0,4.081632653061225,0.06997084548104955,0.0,,control,6.0,FL,,WESTMINSTER TOWERS AND SHORES OF BRADENTON,,0,0,1
106031,272.01749271137027,264.3086297376093,1.5196832178179367,4.965163978893596,3.8714285714285714,4.583673469387755,4.014285714285714,0.0,1.0,,control,6.0,FL,,"VICTORIA NURSING & REHABILITATION CENTER, INC.",,0,1,0
106032,120.0,108.27489795918368,0.3695267277949378,3.7486945131571225,1.0,1.5632653061224488,2.583673469387755,0.06997084548104955,1.0,,control,6.0,FL,,MAGNOLIA HEALTH AND REHABILITATION CENTER,,0,1,1
106033,96.0,83.95723032069971,0.47882028329824716,4.029701186164477,1.846938775510204,2.9591836734693877,3.8714285714285714,0.06997084548104955,1.0,,control,6.0,FL,,ST PETERSBURG NURSING & REHABILITATION,,0,1,1
106035,44.0,38.104198250728864,0.973490596189477,5.393114766303584,4.0,5.0,4.6,0.0,1.0,,control,6.0,FL,,INN AT SARASOTA BAY CLUB,,0,1,0
106038,120.0,103.2769387755102,0.9604673447965415,6.431437553034862,2.779591836734694,4.363265306122449,4.626530612244897,0.0,0.0,,control,6.0,FL,,ALEXANDER NININGER STATE VETERANS NURSING HOME,,0,0,0
106042,116.0,93.9904081632653,0.8279545612965041,4.39144104578601,2.163265306122449,3.4081632653061225,4.4,0.06997084548104955,1.0,,control,6.0,FL,,FREEDOM SQUARE REHABILITATION & NURSING SERVICES,,0,1,1
106047,120.0,106.76498542274052,1.182898762824382,4.353620775471563,3.3020408163265307,4.546938775510204,4.4,0.06997084548104955,1.0,,control,6.0,FL,,LIFE CARE CENTER OF INVERRARY,,0,1,1
106048,120.0,104.88408163265305,0.7044795650897452,4.105380052374985,2.526530612244898,3.3,3.816326530612245,0.06997084548104955,1.0,,control,6.0,FL,,PRUITTHEALTH - SANTA ROSA,,0,1,1
106049,113.0,104.61909620991254,0.5321159967040084,4.369702757937356,2.573469387755102,2.973469387755102,3.0816326530612246,0.06997084548104955,1.0,,control,6.0,FL,,LIFE CARE CENTER OF NEW PORT RICHEY,,0,1,1
106052,120.0,102.53067055393586,0.7655283609443804,4.984661625004374,5.0,5.0,4.112244897959184,0.0,0.0,,control,6.0,FL,,HAVEN OF OUR LADY OF PEACE,,0,0,0
106053,60.0,53.928892128279884,0.7265636436076464,5.0629511026746465,4.253061224489796,5.0,4.810204081632653,0.0,0.0,,control,6.0,FL,,SUNNYSIDE NURSING HOME,,0,0,0
106055,34.0,30.11128279883382,0.34151289585639377,4.539718046128983,4.183673469387755,3.9387755102040813,3.642857142857143,0.0,1.0,,control,6.0,FL,,NORTHWEST FLORIDA COMMUNITY HOSPITAL (SNU),,0,1,0
106056,120.0,106.98055393586006,0.9131666338120967,6.042508762965345,4.789795918367346,4.742857142857143,4.112244897959184,0.0,0.0,,control,6.0,FL,,CLIFFORD CHESTER SIMS STATE VETERANS NURSING HOME,,0,0,0
106057,155.0,134.8090670553936,0.7030201182626461,4.169089680300246,3.6,4.6,3.626530612244898,0.06997084548104955,1.0,,control,6.0,FL,,LIFE CARE CENTER OF ESTERO,,0,1,1
106059,120.0,103.62938775510204,0.8869660340559844,5.376016079331518,4.155102040816327,5.0,4.497959183673469,0.0,0.0,,control,6.0,FL,,DOUGLAS JACOBSON STATE VETERANS NURSING HOME,,0,0,0
106060,141.0,126.88160349854228,0.6870894847946101,4.073504838623826,3.6918367346938776,4.502040816326531,3.497959183673469,0.06997084548104955,1.0,,control,6.0,FL,,LIFE CARE CENTER OF PALM BAY,,0,1,1
106062,100.0,54.640320699708454,1.4189239926339867,6.661646824273948,3.8183673469387758,4.222448979591837,4.608163265306123,0.06997084548104955,1.0,,control,6.0,FL,,BENTLEY CARE CENTER,,0,1,1
106063,61.0,49.543673469387755,1.3691614771812408,5.494505364656937,5.0,5.0,5.0,0.0,0.0,,control,6.0,FL,,GLENRIDGE ON PALMER RANCH INC.,,0,0,0
106064,120.0,98.06192419825074,0.7901262551767405,4.272176483256519,3.03469387755102,3.8081632653061224,3.983673469387755,0.06997084548104955,1.0,,control,6.0,FL,,LIFE CARE CENTER OF JACKSONVILLE,,0,1,1
106066,73.0,59.81816326530612,0.5325144714339975,4.6314728520021475,3.6,4.6204081632653065,3.559183673469388,0.0,0.0,,control,6.0,FL,,OAK HAMMOCK AT THE UNIVERSITY OF FLORIDA INC,,0,0,0
106067,40.0,39.29622448979592,1.4488531448923938,4.904768439599932,4.646341463414634,5.0,4.353658536585366,0.08163265306122448,1.0,,control,6.0,FL,,"NURSING CENTER AT LA POSADA, THE",,0,1,1
106070,78.0,42.78503401360544,0.3588319321152278,4.469897146220116,1.0,1.0,2.6410256410256405,0.0,1.0,,control,6.0,FL,,DESOTO HEALTH AND REHAB,,0,1,0
106073,120.0,109.19956268221574,0.840055493669378,4.270399753278162,4.4714285714285715,4.681632653061224,4.210204081632654,0.06997084548104955,1.0,,control,6.0,FL,,LIFE CARE CENTER OF PENSACOLA,,0,1,1
106074,120.0,103.45478134110786,0.8803182985465196,3.8891247442953367,1.0,1.846938775510204,4.295918367346939,0.06997084548104955,1.0,,control,6.0,FL,,KEYSTONE REHABILITATION AND HEALTH CENTER,,0,1,1
106076,40.0,27.833556851311954,1.526596442255241,6.688489680912597,4.308163265306122,5.0,5.0,0.06997084548104955,1.0,,control,6.0,FL,,VI AT AVENTURA,,0,1,1
106077,72.0,30.72303206997084,1.1640306801076634,5.999508104453773,3.6,5.0,5.0,0.0,0.0,,control,6.0,FL,,MOOSEHAVEN,,0,0,0
106079,120.0,113.26938775510204,0.4226208630092648,3.837726861954791,3.583673469387755,4.183673469387755,2.9571428571428573,0.0,1.0,,control,6.0,FL,,TRINITY REGIONAL REHAB CENTER,,0,1,0
106080,27.0,22.67326530612245,1.6456637917362302,6.442799798883845,3.626530612244898,4.626530612244897,5.0,0.0,0.0,,control,6.0,FL,,VILLA MARIA WEST SKILLED NURSING FACILITY,,0,0,0
106081,90.0,71.66154518950438,0.35086170659264115,3.6832191608935183,3.3285714285714287,3.989795918367347,3.210204081632653,0.06997084548104955,1.0,,control,6.0,FL,,ST JAMES HEALTH AND REHABILITATION CENTER,,0,1,1
106083,72.0,64.19259475218658,1.1672689691122473,5.042162247406756,2.016326530612245,3.169387755102041,4.281632653061225,0.06997084548104955,1.0,,control,6.0,FL,,FREEDOM POINTE AT THE VILLAGES REHABILITATION AND,,0,1,1
106084,133.0,117.5668804664723,0.5233999010305999,3.971857266574549,1.963265306122449,2.336734693877551,2.7367346938775508,0.06997084548104955,1.0,,control,6.0,FL,,"AVANTE AT OCALA, INC",,0,1,1
106085,95.0,60.140320699708454,0.9024531685578041,5.649341633099038,2.6,3.7285714285714286,4.626530612244897,0.0,0.16034985422740522,,control,6.0,FL,,BAY VILLAGE OF SARASOTA,,0,0,0
106086,125.09737609329446,109.84848396501457,0.4692458188196196,4.329056354654458,2.773469387755102,3.4,2.724489795918367,0.0,1.0,,control,6.0,FL,,ASTORIA HEALTH AND REHABILITATION CENTER,,0,1,0
106088,120.0,108.4065306122449,0.9328914433970735,5.854971023204743,3.2714285714285714,4.044897959183674,4.5285714285714285,0.0,0.0,,control,6.0,FL,,CLYDE E LASSEN STATE VETERANS NURSING HOME,,0,0,0
106090,45.0,38.29772594752186,0.7286678100314222,4.954962654989885,2.669387755102041,3.571428571428571,4.0,0.0,0.0,,control,6.0,FL,,BENDERSON FAMILY SKILLED NURSING AND REHAB CENTER,,0,0,0
106094,223.0,212.4374052478134,1.325030364945831,4.954180199768643,2.8918367346938774,4.583673469387755,4.90204081632653,0.0,1.0,,control,6.0,FL,,RIVIERA HEALTH RESORT,,0,1,0
106096,42.87463556851312,36.26373177842566,0.7967967199370403,5.120751456051845,4.626530612244897,5.0,4.789795918367346,0.0,0.0,,control,6.0,FL,,"PAVILION FOR HEALTH CARE, THE",,0,0,0
106102,120.0,93.26810495626822,0.44529977085416705,4.062079854166512,1.3551020408163266,1.853061224489796,3.3183673469387758,0.06997084548104955,1.0,,control,6.0,FL,,SARASOTA POINT REHABILITATION CENTER,,0,1,1
106104,40.0,33.63930029154519,0.9093509237154196,5.711405860923108,4.7122448979591836,4.789795918367346,4.626530612244897,0.0,0.0,,control,6.0,FL,,RENAISSANCE AT THE TERRACES,,0,0,0
106105,19.907580174927116,23.150641399416912,1.5586283445132794,5.58468126113261,3.983673469387755,4.553061224489796,3.726530612244898,0.0,0.0,,control,6.0,FL,,SKYTOP VIEW REHABILITATION CENTER,,0,0,0
106106,114.65597667638484,105.88504373177842,0.8017674984556418,4.371500830966177,3.2877551020408164,4.124489795918367,3.836734693877551,0.0,1.0,,control,6.0,FL,,GLADES WEST REHABILITATION AND NURSING C,,0,1,0
106108,44.0,37.16091836734694,1.5254346223229573,5.471673589243127,4.0,4.810204081632653,4.7122448979591836,0.06997084548104955,0.06997084548104955,,control,6.0,FL,,"THE ARLINGTON OF NAPLES, INC,",,0,0,1
106109,30.0,23.533206997084548,2.884657897998954,6.111808106632535,2.026530612244898,3.1244897959183673,4.871428571428571,0.06997084548104955,1.0,,control,6.0,FL,,KINDRED HOSPITAL SOUTH FLORIDA HOLLYWOOD,,0,1,1
106110,36.0,32.806382978723406,2.3865965368915454,5.922342071190187,2.426829268292683,2.6219512195121952,3.0,0.0,0.0,,control,6.0,FL,,CHILDRENS COMPREHENSIVE CARE CENTER INC,,0,0,0
106111,60.0,43.463702623906705,1.8456121830899086,6.37491333898644,4.0,4.695121951219512,3.7804878048780486,0.0,0.13731778425655977,,control,6.0,FL,,HEALTH CENTER AT SINAI RESIDENCES,,0,0,0
106112,179.0,97.15125364431486,1.1479960294939897,5.961810400094784,1.792682926829268,2.951219512195122,4.317073170731707,0.06997084548104955,1.0,,control,6.0,FL,,TAMPA LAKES HEALTH AND REHABILITATION CENTER,,0,1,1
106113,18.0,15.181428571428572,3.8922630261479743,7.316631122931979,5.0,5.0,5.0,0.0,0.0,,control,6.0,FL,,LEE MEMORIAL HOSPITAL SKILLED NURSING UNIT,,0,0,0
106115,120.0,97.41006802721088,0.6219637088459194,5.202091732575481,2.975609756097561,3.317073170731707,3.5,0.0,1.0,,control,6.0,FL,,BRIDGEWATER PARK HEALTH & REHABILITATION CENTER,,0,1,0
106116,158.0,90.62255102040817,0.6387438092699331,4.170544605120394,1.6585365853658536,1.9634146341463414,2.6585365853658534,0.08163265306122448,1.0,,control,6.0,FL,,LARGO HEALTH AND REHABILITATION CENTER,,0,1,1
106118,40.0,33.505744680851066,1.5631724822898456,4.438856985467696,3.6585365853658534,4.463414634146341,4.658536585365853,0.0,0.0,,control,6.0,FL,,WESTMINSTER BALDWIN PARK,,0,0,0
106119,120.0,86.77787234042553,1.6412956174080202,7.7329797505415705,3.48780487804878,3.9878048780487805,3.646341463414634,0.0,0.0,,control,6.0,FL,,"FOUNTAIN INN NURSING AND REHABILITATION CENTER, IN",,0,0,0
106120,120.0,80.67085106382979,0.7473308885805774,4.605491572536802,3.719512195121951,3.719512195121951,3.8048780487804876,0.10212765957446808,1.0,,control,5.0,FL,,SCOTT LAKE HEALTH AND REHABILITATION CENTER,,0,1,1
106121,79.45106382978722,59.035106382978725,0.7736406865873837,4.8928838410771665,4.0,4.353658536585366,3.8536585365853657,0.10212765957446808,1.0,,control,5.0,FL,,PRUITTHEALTH - PANAMA CITY,,0,1,1
106124,97.0,74.79268292682926,1.2618319051917468,5.035113186532966,3.205128205128205,3.9999999999999996,4.794871794871795,0.10212765957446808,1.0,,control,5.0,FL,,PRUITTHEALTH - FLEMING ISLAND,,0,1,1
106125,45.0,34.13414634146341,1.9208834612918362,4.782912641913479,3.9999999999999996,4.487179487179487,3.9999999999999996,0.0,0.0,,control,5.0,FL,,ADVENTHEALTH DADE CITY,,0,0,0
106126,113.0,73.24024390243903,1.2610029359673605,6.067448873504979,2.5128205128205128,3.025641025641025,3.7948717948717943,0.10212765957446808,1.0,,control,5.0,FL,,"REHABILITATION CENTER OF LAKE CITY, THE",,0,1,1
106128,269.0,138.13780487804877,1.3548004274293188,7.192678118829751,1.0,1.8048780487804879,4.5,0.10212765957446808,1.0,,control,5.0,FL,,FAIR HAVENS CENTER,,0,1,1
106129,30.0,24.65243902439024,2.8731026421860277,6.6783976869472745,5.0,5.0,4.512820512820512,0.10212765957446808,1.0,,control,5.0,FL,,GARDENS AT TERRACINA HEALTH & REHABILITATION,,0,1,1
106130,109.99999999999999,57.26410256410256,0.4927839555606416,4.420395525901929,2.7435897435897436,3.256410256410256,3.9999999999999996,0.0,0.0,,control,3.0,FL,,ORLANDO HEALTH CENTER FOR REHABILITATION,,0,0,0
106131,180.0,161.1829268292683,0.5156730150447424,3.4822808107935237,2.6,2.6,2.8000000000000003,0.14634146341463414,1.0,,control,4.0,FL,,GOLDEN GLADES NURSING AND REHABILITATION CENTER,,0,1,1
106132,180.0,169.3048780487805,0.9932812598670147,3.7465898443364494,1.6,1.6,3.0000000000000004,0.14634146341463414,1.0,,control,4.0,FL,,SOUTH DADE NURSING AND REHABILITATION CENTER,,0,1,1
106133,245.0,198.25641025641025,0.6906169998288788,3.4922730797355315,2.2,2.6,2.4,0.14634146341463414,1.0,,control,4.0,FL,,NORTH DADE NURSING AND REHABILITATION CENTER,,0,1,1
106134,80.0,48.321951219512194,0.9700715734778789,4.641629780718224,4.0,4.0,2.4,0.14634146341463414,0.6585365853658536,,control,4.0,FL,,LAKES OF CLERMONT HEALTH AND REHABILITATION CENTER,,0,1,1
106135,146.0,76.96585365853659,1.4298305850113122,7.479175764435009,1.8,2.2,2.4,0.0,1.0,,control,4.0,FL,,DOLPHIN POINTE HEALTH CARE CENTER,,0,1,0
106137,57.926829268292686,53.22307692307692,1.620058139376714,5.5865169290649455,3.6000000000000005,3.6000000000000005,4.0,0.0,0.0,,control,4.0,FL,,THE PRESERVE,,0,0,0
106139,119.99999999999999,78.12820512820511,0.7679699040777921,4.499391280765941,4.0,4.6,2.8,0.0,0.9999999999999999,,control,3.0,FL,,CHATHAM GLEN HEALTHCARE AND REHABILITATION CENTER,,0,1,0
106140,69.41463414634146,47.3280487804878,1.5077870837510783,9.169823074628443,4.4,5.0,4.6,0.14634146341463414,1.0,,control,4.0,FL,,PRUITTHEALTH - SOUTHWOOD,,0,1,1
106142,115.99999999999999,81.67948717948718,0.4852415141760816,3.934997554219505,4.0,4.0,2.4,0.0,0.9999999999999999,,control,3.0,FL,,RIVER CITY REHAB CENTER,,0,1,0
106144,180.0,91.26666666666665,0.7943156797940176,4.943340151845188,1.0,1.0,2.0,0.2051282051282051,0.5128205128205128,,control,3.0,FL,,APOPKA HEALTH AND REHABILITATION CENTER,,0,1,1
106145,108.99999999999999,49.44615384615384,2.05016691350102,6.652382204829489,3.0,3.0,4.0,0.0,0.9999999999999999,,control,3.0,FL,,OAK HILL HEALTH & REHABILITATION,,0,1,0
106146,119.99999999999999,97.46000000000001,0.6575486328893716,4.235497581637713,1.0,2.0,3.0,0.2051282051282051,0.7948717948717947,,control,3.0,FL,,LAKE GIBSON VILLAGE HEALTH AND REHABILITATION CENT,,0,1,1
106147,106.0,72.9,1.2132648106909718,6.165679884958928,2.0,3.0,4.0,0.0,0.9999999999999999,,control,3.0,FL,,BLUE HERON HEALTH AND REHABILITATION,,0,1,0
106148,129.0,57.580000000000005,1.1634645961201011,5.431726753702211,2.4,3.4000000000000004,4.2,0.0,0.9999999999999999,,control,3.0,FL,,LUXE AT JUPITER REHABILITATION CENTER (THE),,0,1,0
106149,89.80000000000001,69.04,0.8777297091883531,6.234381273525481,3.0,3.0,4.0,0.0,1.0,,control,2.0,FL,,MAGNOLIA RIDGE HEALTH AND REHABILITATION CENTER,,0,1,0
165006,72.0,50.673032069970844,0.9392020345428238,5.6083665586314435,2.853061224489796,3.7816326530612248,4.90204081632653,0.0,0.0,,control,6.0,IA,,IOWA JEWISH SENIOR LIFE CENTER,,0,0,0
165019,54.588338192419826,43.84157434402333,0.6103749305695628,3.6085407428978935,4.773469387755102,5.0,3.4530612244897956,0.0,1.0,,control,6.0,IA,,CHAUTAUQUA GUEST HOME #2,,0,1,0
165030,58.0,49.35478134110787,1.2093817354768683,4.98330062791617,4.308163265306122,5.0,5.0,0.0,0.13731778425655977,,control,6.0,IA,,OAKNOLL RETIREMENT RESIDENCE,,0,0,0
165049,137.0,70.00635568513121,0.5208573222942718,4.817972978522881,2.589795918367347,3.2714285714285714,3.6816326530612242,0.0,0.26443148688046647,,control,6.0,IA,,RIDGECREST VILLAGE,,0,0,0
165072,210.0,178.4040524781341,0.4148257287724031,3.523881391407183,2.026530612244898,2.236734693877551,2.9020408163265303,0.0,0.0,,control,6.0,IA,,GOOD SHEPHERD HEALTH CENTER,,0,0,0
165081,72.0,60.464752186588925,0.6395226452033469,3.5906681312161113,3.044897959183673,4.208163265306123,4.416326530612245,0.0,0.0,,control,6.0,IA,,FRIENDSHIP VILLAGE RETIREMENT,,0,0,0
165110,160.0,125.1565306122449,1.2134493399392015,4.643379823628292,4.128571428571429,5.0,5.0,0.0,0.0,,control,6.0,IA,,GREAT RIVER KLEIN CENTER,,0,0,0
165118,116.74227405247814,72.94921282798833,0.6381946558575339,4.1501297552135625,1.836734693877551,2.4,3.5632653061224486,0.0,0.0,,control,6.0,IA,,MADRID HOME FOR THE AGED,,0,0,0
165135,40.159183673469386,33.30055393586006,1.1894040262354053,3.8474251522004965,3.3244897959183675,4.6,4.5285714285714285,0.0,0.0,,control,6.0,IA,,STRAWBERRY POINT LUTHERAN HOME,,0,0,0
165146,131.85131195335276,98.95125364431487,0.8660989874132317,4.814376351795097,1.3244897959183675,2.293877551020408,4.497959183673469,0.06997084548104955,0.0,,control,6.0,IA,,KAHL HOME FOR THE AGED & INFIRMED,,0,0,1
165151,126.0,78.92629737609329,0.7674995874768455,4.787272428230354,1.9448979591836735,2.3183673469387753,3.4714285714285715,0.0,1.0,,control,6.0,IA,,LEXINGTON SQUARE,,0,1,0
165155,74.0,57.7064139941691,0.4973147585924144,3.014088442819574,1.9367346938775512,2.683673469387755,3.0489795918367344,0.0,0.0,,control,6.0,IA,,SALEM LUTHERAN HOME,,0,0,0
165156,65.0,54.39355685131194,0.5579708383673507,2.974852205221379,1.3081632653061224,1.806122448979592,2.6918367346938776,0.06997084548104955,1.0,,control,6.0,IA,,FORT DODGE HEALTH AND REHABILITATION,,0,1,1
165157,74.13119533527697,67.85396501457726,0.6726883655775905,3.8071784423038384,1.7897959183673469,2.5979591836734697,4.163265306122449,0.0,0.0,,control,6.0,IA,,ROYALE MEADOWS CARE CENTER,,0,0,0
165163,28.0,26.87156462585034,3.141653255368006,6.6762779279794,5.0,5.0,3.585365853658536,0.0,0.0,,control,6.0,IA,,ON WITH LIFE,,0,0,0
165165,94.0,83.46862973760932,0.6681340896408263,3.3723961416074886,2.0,2.0,2.773469387755102,0.06997084548104955,0.21749271137026238,,control,6.0,IA,,NORTHCREST SPECIALTY CARE,,0,0,1
165167,54.0,46.30600583090379,1.1064235725549458,4.08798581474891,2.389795918367347,3.4081632653061225,4.387755102040816,0.06997084548104955,0.13731778425655977,,control,6.0,IA,,THE VILLAGE,,0,0,1
165169,190.0,107.77548104956267,0.7077262422414922,3.6390025371770203,2.373469387755102,3.238775510204081,3.5775510204081638,0.06997084548104955,0.0,,control,6.0,IA,,GOOD SAMARITAN SOCIETY - DAVENPORT,,0,0,1
165172,62.79416909620991,49.05081632653061,0.7436605513171323,4.304099320081692,4.373469387755103,4.6755102040816325,4.373469387755103,0.0,1.0,,control,6.0,IA,,BRIARWOOD HEALTHCARE CENTER,,0,1,0
165177,68.0,63.691778425655976,0.8588658546213671,3.6972403055963623,2.330612244897959,3.4428571428571426,4.691836734693878,0.0,0.0,,control,6.0,IA,,COMMUNITY MEMORIAL HEALTH CENTER,,0,0,0
165178,103.00728862973762,74.23769679300291,0.6838357804820008,3.556170943955637,3.0918367346938775,4.36734693877551,3.4857142857142858,0.0,0.09037900874635567,,control,6.0,IA,,AASE HAUGEN HOME,,0,0,0
165180,43.7002915451895,26.34790087463557,0.6521711342200527,3.3504526243743284,2.6265306122448977,2.0979591836734697,2.644897959183673,0.06997084548104955,0.13731778425655977,,control,6.0,IA,,ODEBOLT SPECIALTY CARE,,0,0,1
165183,22.0,19.34551020408163,3.996302795785307,6.745533230789734,4.357142857142858,5.0,5.0,0.06997084548104955,0.0,,control,6.0,IA,,MERCY HEALTH SERVICES- IOWA CORP,,0,0,1
165185,58.0,32.009446064139944,0.5399602809087971,3.7964607344075567,2.183673469387755,2.7122448979591836,2.7816326530612248,0.06997084548104955,0.8014577259475218,,control,6.0,IA,,RED OAK HEALTHCARE COMMUNITY,,0,1,1
165186,131.0,83.4930612244898,0.5689031571892544,3.5263775799863386,1.3244897959183675,1.436734693877551,2.6408163265306124,0.06997084548104955,0.19854227405247812,,control,6.0,IA,,GOOD SAMARITAN SOCIETY - INDIANOLA,,0,0,1
165187,67.55043731778426,43.49247813411078,0.7553744107207103,3.1528290770675964,3.626530612244898,3.836734693877551,3.2530612244897963,0.06997084548104955,0.06997084548104955,,control,6.0,IA,,GOOD SAMARITAN SOCIETY - WEST UNION,,0,0,1
165189,46.0,35.2968804664723,0.6582189681120658,3.226429859038398,3.4714285714285715,3.6755102040816325,2.9285714285714284,0.06997084548104955,0.0,,control,6.0,IA,,GOOD SAMARITAN SOCIETY - VILLISCA,,0,0,1
165190,90.0,72.57215743440233,0.5997594373359119,3.3847474785045106,2.0979591836734697,2.6816326530612242,3.583673469387755,0.06997084548104955,0.0,,control,6.0,IA,,GOOD SAMARITAN SOCIETY - ALGONA,,0,0,1
165191,81.20349854227405,49.25874635568513,0.5374593197936355,2.9359485184969287,1.2877551020408162,1.9142857142857144,3.1183673469387756,0.06997084548104955,0.09037900874635567,,control,6.0,IA,,GOOD SAMARITAN SOCIETY - RED OAK,,0,0,1
165192,90.0,63.9198250728863,0.8446096622539012,3.6407123636035226,1.1897959183673468,1.963265306122449,4.116326530612245,0.06997084548104955,0.0,,control,6.0,IA,,GOOD SAMARITAN SOCIETY - ESTHERVILLE,,0,0,1
165193,57.0,39.9969970845481,0.5878442604630858,2.948329679046022,1.9571428571428573,1.9571428571428573,2.6755102040816325,0.06997084548104955,0.0,,control,6.0,IA,,DUNLAP SPECIALTY CARE,,0,0,1
165199,74.0,56.477784256559765,0.48609226886453183,3.127978177967157,3.5469387755102044,3.3469387755102042,1.4,0.06997084548104955,0.39708454810495625,,control,6.0,IA,,CRESTON SPECIALTY CARE,,0,0,1
165205,68.01457725947522,58.632769679300296,0.6065694372657171,3.7107407044399805,1.5142857142857142,2.3857142857142857,3.9020408163265303,0.06997084548104955,0.19854227405247812,,control,6.0,IA,,GOOD SAMARITAN SOCIETY - LEMARS,,0,0,1
165207,60.0,50.07419825072886,0.6011677463512629,3.6240893774480196,3.0,3.520408163265306,3.1163265306122447,0.06997084548104955,0.0,,control,6.0,IA,,GOOD SAMARITAN SOCIETY - HOLSTEIN,,0,0,1
165209,82.0,69.43524781341108,0.40047908092857926,3.128078478248964,2.3183673469387753,2.6918367346938776,2.4714285714285715,0.06997084548104955,0.0,,control,6.0,IA,,SOUTHRIDGE SPECIALTY CARE,,0,0,1
165210,42.79416909620991,36.316647230320704,0.7343677788345588,3.4443879984101065,4.16734693877551,4.583673469387755,3.583673469387755,0.06997084548104955,0.0,,control,6.0,IA,,GOOD SAMARITAN SOCIETY - SAINT ANSGAR,,0,0,1
165211,146.0,126.49443148688047,0.688433512484059,3.68206214935166,2.0,2.983673469387755,3.6816326530612242,0.06997084548104955,0.0,,control,6.0,IA,,GOOD SAMARITAN SOCIETY - OTTUMWA,,0,0,1
165213,56.0,43.62139941690962,0.5674235081060208,3.4572511747304313,2.1020408163265305,3.377551020408163,3.8714285714285714,0.06997084548104955,0.0,,control,6.0,IA,,GOOD SAMARITAN SOCIETY - FOREST CITY,,0,0,1
165214,90.0,80.40787172011662,0.6099820363461965,3.121604058644854,2.620408163265306,2.620408163265306,2.026530612244898,0.06997084548104955,0.06997084548104955,,control,6.0,IA,,LANTERN PARK SPECIALTY CARE,,0,0,1
165215,47.30087463556852,36.00402332361516,0.5443501317696327,3.187881356761572,2.648979591836735,3.2591836734693875,2.793877551020408,0.06997084548104955,0.178134110787172,,control,6.0,IA,,LYON SPECIALTY CARE,,0,0,1
165219,38.0,33.182157434402335,0.7055216548764063,3.902902430769486,2.4714285714285715,3.1408163265306124,3.33265306122449,0.0,0.0,,control,6.0,IA,,LAURENS CARE CENTER,,0,0,0
165220,62.0,47.74871720116619,0.6193502504449151,3.423463608839076,2.871428571428571,3.2714285714285714,3.497959183673469,0.06997084548104955,1.0,,control,6.0,IA,,PRAIRIE RIDGE CARE & REHABILIT,,0,1,1
165222,71.0,64.90510204081633,0.4472097363642278,2.7690499460087614,2.5632653061224486,2.936734693877551,2.773469387755102,0.06997084548104955,0.0,,control,6.0,IA,,CORYDON SPECIALTY CARE,,0,0,1
165223,65.75218658892129,48.550233236151605,0.6721349413327368,2.791560465752829,1.5183673469387755,2.210204081632653,2.1897959183673468,0.06997084548104955,0.0,,control,6.0,IA,,RIDGEWOOD SPECIALTY CARE,,0,0,1
165224,46.0,34.60921282798834,0.5378472103594064,3.056664256732904,2.6979591836734693,3.0979591836734697,3.497959183673469,0.0,1.0,,control,6.0,IA,,MOUNT AYR HEALTH CARE CENTER,,0,1,0
165225,67.0,49.24483965014578,0.4187489393662738,3.043322079505298,2.5632653061224486,2.644897959183673,2.3693877551020406,0.06997084548104955,0.0,,control,6.0,IA,,CENTERVILLE SPECIALTY CARE,,0,0,1
165226,44.38979591836735,31.055568513119532,0.7195492594640953,3.869279421258676,4.4,4.773469387755102,4.546938775510204,0.06997084548104955,0.0,,control,6.0,IA,,MANLY SPECIALTY CARE,,0,0,1
165228,95.75510204081633,60.6937026239067,0.51647347327811,3.0949942529584984,3.571428571428571,3.361224489795918,2.6755102040816325,0.06997084548104955,0.0,,control,6.0,IA,,DUBUQUE SPECIALTY CARE,,0,0,1
165230,61.0,40.40104956268222,0.5823764690347519,3.2568046405151474,1.0,1.0,2.357142857142857,0.06997084548104955,1.0,,control,6.0,IA,,OAKLAND MANOR,,0,1,1
165232,62.39650145772595,44.50376093294461,0.4821369448391891,3.921242047205836,3.746938775510204,4.275510204081632,3.626530612244898,0.0,0.0,,control,6.0,IA,,FRIENDSHIP HOME ASSOCIATION,,0,0,0
165234,62.0,47.98116618075802,0.6926063720014819,3.1013196928956717,1.436734693877551,1.8714285714285714,2.446938775510204,0.06997084548104955,1.0,,control,6.0,IA,,PARKVIEW MANOR,,0,1,1
165236,42.0,29.77,0.8652000286500015,3.2222998174249966,3.96530612244898,4.626530612244897,4.179591836734694,0.06997084548104955,0.0,,control,6.0,IA,,GOOD SAMARITAN SOCIETY - MANSON,,0,0,1
165240,80.60174927113702,56.01174927113702,0.8687825031300533,3.5164361421240935,3.7244897959183674,4.308163265306122,3.8857142857142857,0.06997084548104955,0.06997084548104955,,control,6.0,IA,,GOOD SAMARITAN SOCIETY - WAUKON,,0,0,1
165243,65.0,48.60227405247814,0.6299975190148108,3.6495822797819217,3.816326530612245,4.871428571428571,3.5795918367346937,0.0,1.0,,control,6.0,IA,,CHAUTAUQUA GUEST HOME #3,,0,1,0
165245,64.0,44.61134110787172,0.713223328988095,2.9913246946376963,2.0,2.0816326530612246,2.610204081632653,0.06997084548104955,1.0,,control,6.0,IA,,HILLCREST HEALTH CARE CENTER,,0,1,1
165247,43.72565597667638,31.262303206997085,0.9825906348040776,2.9466956234208075,3.3020408163265307,3.8857142857142857,3.4,0.06997084548104955,0.0,,control,6.0,IA,,GOOD SAMARITAN SOCIETY - GEORGE,,0,0,1
165251,187.50437317784258,132.37542274052478,0.6664605145933737,3.2981120416890786,1.9020408163265308,2.1897959183673468,3.061224489795918,0.06997084548104955,0.40583090379008746,,control,6.0,IA,,RAVENWOOD SPECIALTY CARE,,0,0,1
165252,57.286297376093295,43.07903790087463,0.6156040301081395,3.5168648595201106,3.020408163265306,3.583673469387755,3.8714285714285714,0.0,1.0,,control,6.0,IA,,WESTVIEW ACRES CARE CENTER,,0,1,0
165253,71.88483965014578,38.791924198250726,0.42597914002150605,3.043178566972844,1.7244897959183674,1.7244897959183674,2.373469387755102,0.06997084548104955,0.0,,control,6.0,IA,,PANORA SPECIALTY CARE,,0,0,1
165254,46.0,40.98699708454811,0.47179079536663615,3.1995506137901923,3.6,4.09795918367347,3.836734693877551,0.0,1.0,,control,6.0,IA,,"OAKVIEW, INC.",,0,1,0
165255,94.96326530612245,67.87492711370263,0.6046872876184824,3.5326820053665573,1.0,1.3734693877551019,3.3734693877551023,0.0,1.0,,control,6.0,IA,,CARLISLE CENTER FOR WELLNESS AND REHAB,,0,1,0
165256,54.0,43.4732361516035,0.5516393986442506,3.0096548572918294,1.6,2.0653061224489795,2.8653061224489793,0.06997084548104955,1.0,,control,6.0,IA,,ELMWOOD CARE CENTRE,,0,1,1
165257,63.83381924198251,45.13084548104956,0.6690947986820549,3.486932391302644,2.2755102040816326,2.46530612244898,2.877551020408163,0.0,1.0,,control,6.0,IA,,GOLDEN AGE CARE CENTER,,0,1,0
165259,58.075801749271136,37.252390670553936,0.8975202815234611,3.6582947142560123,4.253061224489796,4.626530612244897,4.626530612244897,0.0,0.5329446064139941,,control,6.0,IA,,THORNTON MANOR,,0,1,0
165261,60.0,51.693527696793,1.3980619728383576,4.3620351232391315,4.0265306122448985,5.0,5.0,0.06997084548104955,0.0,,control,6.0,IA,,MILL-POND,,0,0,1
165263,44.55918367346939,32.7398833819242,0.5078900878286616,3.110997372299708,4.5285714285714285,4.5285714285714285,3.0816326530612246,0.06997084548104955,0.6233236151603498,,control,6.0,IA,,MECHANICSVILLE SPECIALTY CARE,,0,1,1
165266,92.8804664723032,75.71265306122449,0.6019545679350753,3.892645572432861,1.5632653061224488,2.520408163265306,3.6020408163265305,0.0,0.0,,control,6.0,IA,,HOLY SPIRIT RETIREMENT HOME,,0,0,0
165267,67.97551020408163,46.124577259475224,0.7217462402359291,4.0046652916979575,2.6,3.583673469387755,4.0,0.0,1.0,,control,6.0,IA,,MAPLE HEIGHTS,,0,1,0
165268,74.0,64.99527696793004,0.6769158379541157,3.5847699946798617,1.0,1.3734693877551019,2.0,0.06997084548104955,1.0,,control,6.0,IA,,REHABILITATION CENTER OF DES MOINES,,0,1,1
165269,82.0,66.04137026239067,0.6282231941289098,3.3753389254898876,3.6142857142857143,3.142857142857143,3.8102040816326532,0.0,1.0,,control,6.0,IA,,CLEARVIEW HOME,,0,1,0
165270,60.47784256559767,41.7502332361516,0.5842707608900393,3.1319617242340394,1.6,1.8448979591836734,2.8061224489795915,0.06997084548104955,0.24810495626822154,,control,6.0,IA,,STRATFORD SPECIALTY CARE,,0,0,1
165271,85.0,73.42078717201167,0.6564331437897968,3.168475455551335,1.583673469387755,1.583673469387755,2.773469387755102,0.06997084548104955,0.4425655976676385,,control,6.0,IA,,WESTWOOD SPECIALTY CARE,,0,0,1
165273,111.08862973760932,73.69344023323615,0.4611428935939794,4.25217782882223,1.0,1.3734693877551019,2.9,0.0,1.0,,control,6.0,IA,,FLEUR HEIGHTS CENTER FOR WELLNESS AND REHAB,,0,1,0
165274,72.6466472303207,65.6267055393586,0.4830012948551515,3.1681125447081318,2.357142857142857,2.9204081632653063,2.4551020408163264,0.06997084548104955,0.0,,control,6.0,IA,,NORTHERN MAHASKA SPECIALTY CARE,,0,0,1
165278,100.0,77.44667638483965,0.739683737954577,3.3649309950863007,3.789795918367347,4.871428571428571,3.773469387755102,0.0,0.2874635568513119,,control,6.0,IA,,LIVING CENTER WEST,,0,0,0
165279,94.25072886297376,66.14766763848397,0.718672474019705,3.339542244884378,3.6755102040816325,3.6755102040816325,3.8040816326530615,0.06997084548104955,1.0,,control,6.0,IA,,MONTICELLO NURSING & REHAB CEN,,0,1,1
165280,86.0,54.43244897959184,0.594536388233907,3.3822417531347417,1.0,1.5632653061224488,3.336734693877551,0.06997084548104955,1.0,,control,6.0,IA,,BETTENDORF HEALTH CARE CENTER,,0,1,1
165281,32.0,31.09591836734694,1.4273299173945322,5.3680760155412965,3.973469387755102,4.291836734693878,3.979591836734694,0.0,0.0,,control,6.0,IA,,ON WITH LIFE AT GLENWOOD,,0,0,0
165283,40.0,37.24154518950438,0.8953538909500657,3.494681958017659,3.9571428571428573,4.4346938775510205,4.09795918367347,0.0,0.0,,control,6.0,IA,,FELLOWSHIP VILLAGE,,0,0,0
165284,38.0,19.741020408163266,1.0405321700827772,3.4825631436483473,1.3734693877551019,1.9571428571428573,3.1367346938775507,0.06997084548104955,1.0,,control,6.0,IA,,SUNNY KNOLL CARE CENTRE,,0,1,1
165285,42.779591836734696,27.8634693877551,0.6612111581544702,3.082065084978602,3.2653061224489797,4.16734693877551,3.520408163265306,0.06997084548104955,0.5329446064139941,,control,6.0,IA,,CORNING SPECIALTY CARE,,0,1,1
165286,76.0,60.17609329446064,0.5360243120590406,3.8117510985401135,3.789795918367347,4.7122448979591836,3.3816326530612244,0.0,1.0,,control,6.0,IA,,SUNRISE HILL CARE CENTER,,0,1,0
165287,65.0,60.819271137026234,0.6471683901113231,3.458681307256549,4.706122448979592,4.706122448979592,2.8816326530612244,0.06997084548104955,0.0,,control,6.0,IA,,CRESTVIEW SPECIALTY CARE,,0,0,1
165288,90.0,70.01516034985423,0.5573734762363046,3.0927415595827714,1.9367346938775512,2.520408163265306,2.4551020408163264,0.06997084548104955,0.09037900874635567,,control,6.0,IA,,ATLANTIC SPECIALTY CARE,,0,0,1
165290,62.0,54.48262390670554,0.45558308033614525,3.38777560664164,3.061224489795918,3.706122448979592,2.4346938775510205,0.0,0.7355685131195335,,control,6.0,IA,,NORTH CREST LIVING CENTER,,0,1,0
165291,155.0,104.64061224489797,1.082696919994234,4.773220688983176,2.557142857142857,3.76734693877551,5.0,0.0,0.0,,control,6.0,IA,,"FRIENDSHIP HAVEN, INC",,0,0,0
165292,42.970845481049565,27.898309037900873,0.55940541366807,3.1283393080610624,4.583673469387755,4.90204081632653,3.159183673469388,0.06997084548104955,0.3154518950437317,,control,6.0,IA,,BEDFORD SPECIALTY CARE,,0,0,1
165293,90.0,85.83425655976674,0.3506560265255595,2.963601630981075,2.0,1.6571428571428573,1.8673469387755102,0.06997084548104955,0.0,,control,6.0,IA,,SOUTHERN HILLS SPECIALTY CARE,,0,0,1
165294,46.0,36.82466472303207,0.5834776510491186,3.2157507837160813,1.610204081632653,1.8204081632653062,2.6653061224489796,0.06997084548104955,0.19854227405247812,,control,6.0,IA,,AVOCA SPECIALTY CARE,,0,0,1
165295,42.588338192419826,25.647201166180757,0.5261381066207343,3.0119778047127044,4.275510204081632,4.36734693877551,2.946938775510204,0.06997084548104955,0.5329446064139941,,control,6.0,IA,,MONTEZUMA SPECIALTY CARE,,0,1,1
165296,89.30029154518951,65.09314868804665,0.7272779745004985,4.088774082701919,2.6918367346938776,4.255102040816326,4.416326530612245,0.0,1.0,,control,6.0,IA,,PLEASANT VIEW CARE CENTER,,0,1,0
165297,68.82565597667639,45.41443148688047,0.871250319208777,3.469773194386739,3.610204081632653,4.173469387755102,4.189795918367347,0.0,1.0,,control,6.0,IA,,NEW HAMPTON NURSING & REHAB CE,,0,1,0
165298,100.0,85.2826530612245,0.7086943496426932,3.2597982126279197,2.416326530612245,3.3183673469387758,3.128571428571429,0.06997084548104955,0.09037900874635567,,control,6.0,IA,,PINNACLE SPECIALTY CARE,,0,0,1
165300,46.0,41.712040816326535,0.734923465035652,3.127367454118834,4.5285714285714285,4.5285714285714285,3.3020408163265307,0.06997084548104955,0.0,,control,6.0,IA,,LAPORTE CITY SPECIALTY CARE,,0,0,1
165305,77.36413994169095,48.084139941690964,0.38094093293084796,2.921606878084378,3.130612244897959,2.757142857142857,1.4979591836734696,0.06997084548104955,0.09037900874635567,,control,6.0,IA,,CHARITON SPECIALTY CARE,,0,0,1
165306,70.0,55.1100583090379,0.5691434680825844,3.6191544308345773,1.0979591836734692,1.3536585365853657,3.060975609756097,0.06997084548104955,1.0,,control,6.0,IA,,PARKVIEW CARE CENTER,,0,1,1
165308,78.0,70.15693877551021,0.47912524190494776,2.765790877930979,2.5020408163265304,2.5020408163265304,2.1897959183673468,0.06997084548104955,0.0,,control,6.0,IA,,WEST RIDGE SPECIALTY CARE,,0,0,1
165309,44.0,32.721661807580176,0.5570661032924112,3.422891957511067,3.1734693877551017,4.110204081632653,3.553061224489796,0.06997084548104955,1.0,,control,6.0,IA,,SHELL ROCK SENIOR LIVING,,0,1,1
165310,201.0,121.47670553935862,0.42654231011182003,3.3145349878598807,2.8653061224489793,3.977551020408163,2.8857142857142857,0.06997084548104955,0.1271137026239067,,control,6.0,IA,,HERITAGE SPECIALTY CARE,,0,0,1
165312,46.0,36.144635568513124,0.6675663763730575,3.070649078987777,2.5632653061224486,2.871428571428571,2.855102040816327,0.06997084548104955,0.0,,control,6.0,IA,,FONDA SPECIALTY CARE,,0,0,1
165313,71.45072886297376,41.8865306122449,0.4860856625084194,3.0459671598217666,2.0040816326530613,2.0040816326530613,2.0,0.06997084548104955,0.35481049562682215,,control,6.0,IA,,OAKWOOD SPECIALTY CARE,,0,0,1
165314,43.0,30.616967930029155,0.4191558184702332,3.5437401068123537,3.7081632653061223,3.983673469387755,2.4857142857142858,0.06997084548104955,0.06997084548104955,,control,6.0,IA,,LAMONI SPECIALTY CARE,,0,0,1
165316,42.41661807580175,31.420874635568513,0.6569442515370798,3.154288858813718,3.1448979591836737,3.646938775510204,3.793877551020408,0.06997084548104955,0.2874635568513119,,control,6.0,IA,,ELDORA SPECIALTY CARE,,0,0,1
165318,60.0,45.47443148688046,0.7120580064413053,3.404071368288972,4.583673469387755,4.7122448979591836,4.128571428571429,0.0,1.0,,control,6.0,IA,,COLONIAL MANOR OF AMANA,,0,1,0
165320,40.0,28.31384839650146,0.8696857790997647,3.133968477940179,2.351020408163265,2.2693877551020405,3.1795918367346943,0.0,1.0,,control,6.0,IA,,"ZEARING HEALTH CARE, LLC",,0,1,0
165322,57.097376093294464,44.9863556851312,1.037069064540452,4.638243481616856,3.626530612244898,4.497959183673469,4.773469387755102,0.0,0.0,,control,6.0,IA,,COTTAGE GROVE PLACE - THE CLUB,,0,0,0
165323,39.0,33.14198250728863,0.796687151941547,3.3159815563740094,3.4489795918367347,3.904081632653061,3.044897959183673,0.06997084548104955,0.0,,control,6.0,IA,,CORRECTIONVILLE SPECIALTY CARE,,0,0,1
165324,53.0,46.71061224489796,0.4958669954239844,3.230467189723986,1.2102040816326531,1.4,3.0857142857142854,0.06997084548104955,1.0,,control,6.0,IA,,"ACCURA HEALTHCARE OF PLEASANTVILLE, LLC",,0,1,1
165327,48.30087463556851,34.10600583090379,0.9862078640928335,3.7773076484578576,5.0,5.0,4.871428571428571,0.0,1.0,,control,6.0,IA,,SUNRISE TERRACE NURSING & REHABILITATION CENTER,,0,1,0
165329,43.0,33.480379008746354,0.8176739032219587,3.2143490165491535,2.373469387755102,3.2591836734693875,3.2591836734693875,0.06997084548104955,0.06997084548104955,,control,6.0,IA,,KINGSLEY SPECIALTY CARE,,0,0,1
165330,62.0,43.308221574344024,0.5752464348157365,3.1115658674966573,3.146938775510204,3.520408163265306,2.773469387755102,0.06997084548104955,0.0,,control,6.0,IA,,CHEROKEE SPECIALTY CARE,,0,0,1
165331,50.0,34.18288629737609,1.0464244402675642,3.77375840315945,4.4367346938775505,4.5285714285714285,4.189795918367347,0.06997084548104955,1.0,,control,6.0,IA,,MORNING SUN CARE CENTER,,0,1,1
165332,46.0,39.49250728862974,0.7889552215465898,3.5749609567633196,4.546938775510204,4.546938775510204,3.773469387755102,0.06997084548104955,1.0,,control,6.0,IA,,ACCURA HEALTHCARE OF STANTON,,0,1,1
165335,60.0,46.53720116618076,0.8842705946427992,3.6241675334969043,4.626530612244897,5.0,4.4,0.0,0.0,,control,6.0,IA,,HUBBARD CARE CENTER,,0,0,0
165345,90.0,80.46597667638486,0.6721225868764945,3.1560322922968864,1.8,2.010204081632653,2.5469387755102044,0.06997084548104955,0.3766763848396501,,control,6.0,IA,,PARKRIDGE SPECIALTY CARE,,0,0,1
165349,60.25072886297376,37.079679300291545,0.46456728291154525,2.9871429618292624,4.146938775510204,4.259183673469388,2.5469387755102044,0.06997084548104955,0.0,,control,6.0,IA,,BELLE PLAINE SPECIALTY CARE,,0,0,1
165350,140.0,74.76137026239067,0.4431362152027022,3.894007868245491,1.3183673469387753,1.8816326530612244,3.5632653061224486,0.06997084548104955,1.0,,control,6.0,IA,,FOUNTAIN WEST HEALTH CENTER,,0,1,1
165351,42.0,31.542215743440234,0.7435346067361106,3.8091454226106203,1.4,2.3836734693877553,4.091836734693878,0.0,1.0,,control,6.0,IA,,GRISWOLD REHABILITATION & HEALTH CARE CENTER,,0,1,0
165357,76.0,58.79586005830904,0.6329976088314059,3.7336611479027093,3.0,4.16734693877551,3.4551020408163264,0.06997084548104955,1.0,,control,6.0,IA,,"ROSE VISTA HOME, INC.",,0,1,1
165358,57.0,38.3900583090379,0.6899056431481432,3.9051978253499824,2.76734693877551,3.571428571428571,4.208163265306123,0.0,0.09037900874635567,,control,6.0,IA,,THOMAS REST HAVEN,,0,0,0
165359,93.0,79.9734110787172,0.8974675963599855,4.332324973111006,3.3734693877551023,3.9020408163265303,4.155102040816327,0.0,0.0,,control,6.0,IA,,METHODIST MANOR RETIREMENT COM,,0,0,0
165362,76.0,49.19478134110787,0.6438374935548515,2.9040651595467306,1.4979591836734696,2.3693877551020406,3.5571428571428574,0.06997084548104955,1.0,,control,6.0,IA,,CLARION WELLNESS AND REHABILITATION CENTER,,0,1,1
165372,71.0,52.79259475218659,0.7511161297953101,4.361885921444949,2.416326530612245,3.589795918367347,4.4,0.06997084548104955,0.0,,control,6.0,IA,,ELM CREST RETIREMENT COMMUNITY,,0,0,1
165374,65.75510204081633,42.466064139941686,0.6991805098438881,3.3968200865143294,2.793877551020408,3.187755102040816,2.7020408163265306,0.0,1.0,,control,6.0,IA,,MILL VALLEY CARE CENTER,,0,1,0
165375,70.90262390670554,56.261078717201165,0.581542001714436,3.3352800148210955,4.163265306122449,4.691836734693878,3.9367346938775514,0.06997084548104955,0.9096209912536443,,control,6.0,IA,,ANAMOSA CARE CENTER,,0,1,1
165377,44.0,38.337667638483964,0.6927131872533119,3.61918018262426,5.0,5.0,2.8469387755102042,0.0,1.0,,control,6.0,IA,,WHEATLAND MANOR,,0,1,0
165379,57.565014577259475,50.642536443148686,0.5896528310620704,3.055231880271201,4.226530612244899,4.226530612244899,2.853061224489796,0.0,1.0,,control,6.0,IA,,EDGEWOOD CONVALESCENT HOME,,0,1,0
165382,68.11807580174927,46.97244897959183,0.6175662782649194,3.097783650531624,1.0,1.0,2.9693877551020407,0.06997084548104955,1.0,,control,6.0,IA,,"ACCURA HEALTHCARE OF KNOXVILLE, LLC",,0,1,1
165383,46.0,41.08938775510204,0.582084546489538,3.3152610596943948,3.183673469387755,3.4285714285714284,2.6755102040816325,0.0,1.0,,control,6.0,IA,,GREENFIELD REHABILITATION & HEALTH CARE CENTER,,0,1,0
165384,45.0,28.78547619047619,0.7546941005237133,4.071443964459748,2.1951219512195124,2.573170731707317,3.3780487804878048,0.0,0.0,,control,6.0,IA,,SHEFFIELD CARE CENTER,,0,0,0
165388,44.0,32.041224489795916,0.818725561114003,3.7174837860053214,3.0428571428571427,3.9183673469387754,3.336734693877551,0.0,1.0,,control,6.0,IA,,LONE TREE HEALTH CARE CENTER,,0,1,0
165389,61.53819241982507,31.887492711370264,1.4045779556955127,4.820461202065442,4.112244897959184,4.90204081632653,3.836734693877551,0.0,0.0,,control,6.0,IA,,LIVING CENTER EAST,,0,0,0
165390,43.87084548104956,29.04338192419825,0.8046620938539053,3.1848721241498152,3.3571428571428568,3.5673469387755103,2.9183673469387754,0.06997084548104955,0.0,,control,6.0,IA,,STATE CENTER SPECIALTY CARE,,0,0,1
165396,83.42478134110787,63.1097084548105,0.8119207039336531,4.568408831022513,1.8877551020408163,2.5693877551020408,3.9081632653061225,0.06997084548104955,0.06997084548104955,,control,6.0,IA,,RIVER HILLS VILLAGE IN KEOKUK,,0,0,1
165397,32.2997084548105,27.567492711370264,1.0013289870974638,4.672798542627527,2.5918367346938775,2.8938775510204082,4.479591836734694,0.0,0.0,,control,6.0,IA,,HEARTLAND CARE CENTER,,0,0,0
165399,101.0,71.64962099125364,0.44619802646030493,3.429071848598857,1.3183673469387753,2.108163265306122,2.810204081632653,0.06997084548104955,1.0,,control,6.0,IA,,REGENCY CARE CENTER,,0,1,1
165401,51.0,36.80749271137026,0.7232789682982148,3.304480837231563,4.90204081632653,5.0,3.8102040816326532,0.06997084548104955,0.0,,control,6.0,IA,,SIBLEY SPECIALTY CARE,,0,0,1
165402,49.72011661807581,41.910087463556856,0.7088491047387206,3.7045202176703556,4.146938775510204,4.418367346938775,3.044897959183673,0.06997084548104955,1.0,,control,6.0,IA,,ACCURA HEALTHCARE OF  MILFORD,,0,1,1
165404,48.137609329446065,35.460320699708454,0.5267628995851152,3.246207947054921,3.5306122448979593,3.720408163265306,2.257142857142857,0.06997084548104955,0.0,,control,6.0,IA,,NEW LONDON SPECIALTY CARE,,0,0,1
165405,62.0,49.71096209912536,0.6989028724210553,3.3842343998075037,1.9448979591836735,2.3448979591836734,3.8714285714285714,0.0,0.0,,control,6.0,IA,,HAPPY SIESTA NURSING HOME,,0,0,0
165406,45.03790087463557,24.813702623906707,0.6904409913380204,4.276005382429105,4.042857142857143,5.0,4.626530612244897,0.0,1.0,,control,6.0,IA,,ROCKWELL COMMUNITY NURSING HOM,,0,1,0
165408,34.138192419825074,22.235714285714288,1.2404595156859333,3.8555503447639143,3.816326530612245,4.90204081632653,4.5285714285714285,0.06997084548104955,1.0,,control,6.0,IA,,ACCURA HEALTHCARE OF BANCROFT,,0,1,1
165412,60.0,48.37399416909622,0.6123362877213987,3.3017624489705004,2.773469387755102,2.871428571428571,3.5142857142857142,0.0,0.5752186588921282,,control,6.0,IA,,EXIRA CARE CENTER,,0,1,0
165414,37.12536443148688,23.046851311953354,0.9271499444033531,4.3720085802589885,1.9510204081632652,3.1408163265306124,4.318367346938776,0.06997084548104955,1.0,,control,6.0,IA,,"ACCURA HEALTHCARE OF POMEROY, LLC",,0,1,1
165418,63.39650145772595,42.74755102040817,0.6667035013095803,3.5857688689168477,2.1020408163265305,2.973469387755102,3.626530612244898,0.0,0.09037900874635567,,control,6.0,IA,,SIMPSON MEMORIAL HOME,,0,0,0
165420,53.0,40.63320699708454,0.4660531960382425,3.277511397075251,3.8081632653061224,3.6795918367346943,3.3061224489795915,0.06997084548104955,1.0,,control,6.0,IA,,"ACCURA HEALTHCARE OF NEWTON WEST, LLC",,0,1,1
165421,55.588338192419826,44.542040816326534,0.524325349564829,2.844509413713677,2.2448979591836737,2.2448979591836737,2.173469387755102,0.06997084548104955,1.0,,control,6.0,IA,,"ACCURA HEALTHCARE OF NEWTON EAST, LLC",,0,1,1
165423,105.18950437317784,56.42577259475219,0.7391341500653046,3.0717935724502974,2.0040816326530613,2.0040816326530613,2.871428571428571,0.06997084548104955,1.0,,control,6.0,IA,,"ACCURA HEALTHCARE OF AMES, LLC",,0,1,1
165424,169.89008746355685,135.092361516035,0.7107233469872916,4.134697261328153,1.3244897959183675,2.0,3.706122448979592,0.0,0.0,,control,6.0,IA,,BETHANY LIFE,,0,0,0
165425,47.8600583090379,38.00390670553935,0.7372905263360361,4.035351977412429,3.1795918367346943,4.142857142857142,4.373469387755103,0.06997084548104955,1.0,,control,6.0,IA,,"ACCURA HEALTHCARE OF CHEROKEE, LLC",,0,1,1
165428,44.0,34.462740524781346,0.6963883842178427,3.038237487240871,1.1897959183673468,1.963265306122449,3.16734693877551,0.06997084548104955,1.0,,control,6.0,IA,,CAREAGE HILLS REHABILITATION AND HEALTHCARE,,0,1,1
165431,37.0,27.5667055393586,0.9731213465180404,4.046609968020597,2.644897959183673,3.6081632653061226,3.5285714285714285,0.0,0.19854227405247812,,control,6.0,IA,,TITONKA CARE CENTER,,0,0,0
165432,152.78717201166182,134.39804664723033,0.5552705332896234,3.9367879435017263,1.416326530612245,1.6265306122448981,3.0816326530612246,0.0,0.0,,control,6.0,IA,,LUTHERAN LIVING SENIOR CAMPUS,,0,0,0
165433,60.0,45.47758017492711,0.784363050113322,3.621515781594125,3.222448979591837,3.8489795918367347,3.2530612244897963,0.0,0.0,,control,6.0,IA,,FAITH LUTHERAN HOME,,0,0,0
165434,46.0,39.55667638483965,0.7643684995827371,3.062759829603319,1.6428571428571428,2.206122448979592,3.6,0.06997084548104955,0.8014577259475218,,control,6.0,IA,,"ACCURA HEALTHCARE OF OGDEN, LLC",,0,1,1
165435,47.42507288629738,35.98244897959184,0.7735224598951995,3.92710107275089,1.7897959183673469,2.6551020408163266,4.210204081632654,0.06997084548104955,1.0,,control,6.0,IA,,"ACCURA HEALTHCARE OF SIOUX CITY, LLC",,0,1,1
165436,87.59475218658892,57.4697084548105,0.5540472177183917,3.55095278016272,1.0,1.0,3.0653061224489795,0.06997084548104955,1.0,,control,6.0,IA,,"ACCORDIUS HEALTH AT ST MARY, LLC",,0,1,1
165437,55.0,45.31413994169096,0.5440348044288432,3.839605156512866,2.76734693877551,3.540816326530612,4.091836734693878,0.0,1.0,,control,6.0,IA,,MAPLE CREST MANOR,,0,1,0
165438,34.0,18.570874635568515,0.6245170693980678,4.699010654872022,4.373469387755103,4.244897959183673,3.9693877551020407,0.0,0.0,,control,6.0,IA,,STACYVILLE COMMUNITY NURSING HOME,,0,0,0
165439,60.0,48.6130612244898,0.7504239451172836,3.685584219725313,2.4714285714285715,3.746938775510204,3.742857142857143,0.0,1.0,,control,6.0,IA,,BLAIR HOUSE,,0,1,0
165441,94.0,81.42734693877551,0.49963729909571714,3.1533476113083205,2.2877551020408164,2.742857142857143,3.326530612244898,0.0,1.0,,control,6.0,IA,,SUNNY VIEW CARE CENTER,,0,1,0
165442,120.0,95.13979591836734,0.8420439519417942,3.7818358419197864,2.6979591836734693,3.942857142857143,4.469387755102041,0.0,0.0,,control,6.0,IA,,WOODLAND TERRACE,,0,0,0
165443,66.38250728862974,47.20250728862974,0.559250660817958,3.459543280851892,2.7387755102040816,3.3020408163265307,3.189795918367347,0.0,0.0,,control,6.0,IA,,GRAND JI VANTE,,0,0,0
165444,45.19854227405248,34.45469387755102,0.9530949566862801,3.1845349228078206,3.9571428571428573,4.387755102040816,2.614285714285714,0.06997084548104955,1.0,,control,6.0,IA,,WEST BEND HEALTH AND REHABILITATION,,0,1,1
165446,54.0,47.0434110787172,0.38431276631961236,3.294413078578278,3.8040816326530615,3.7387755102040816,3.773469387755102,0.0,1.0,,control,6.0,IA,,WESTBROOK ACRES,,0,1,0
165447,98.27521865889213,76.47620991253645,0.6025258125960478,3.265279760300837,2.6265306122448977,3.8979591836734695,4.0,0.0,1.0,,control,6.0,IA,,MIDLANDS LIVING CENTER L L C,,0,1,0
165448,150.0,121.04562682215743,0.699044151789791,3.532416945906473,1.5285714285714287,2.451020408163265,3.6142857142857143,0.06997084548104955,0.0,,control,6.0,IA,,BISHOP DRUMM RETIREMENT CENTER,,0,0,1
165451,94.95510204081633,64.46769679300292,0.520656935412309,3.268803609111333,2.6,3.1632653061224487,3.189795918367347,0.06997084548104955,1.0,,control,6.0,IA,,ACCURA HEALTHCARE OF MARSHALLTOWN,,0,1,1
165452,48.34752186588921,35.858425655976674,0.6261785924939872,3.0648497001265147,3.6224489795918364,3.7142857142857144,2.6755102040816325,0.06997084548104955,0.0,,control,6.0,IA,,WAPELLO SPECIALTY CARE,,0,0,1
165455,94.61049562682216,56.2898833819242,0.49383753166365735,3.2836807173831772,1.3551020408163266,2.159183673469388,2.9326530612244897,0.06997084548104955,1.0,,control,6.0,IA,,ACCURA HEALTHCARE OF CARROLL,,0,1,1
165456,60.0,39.8965306122449,0.845395155299678,3.305236703847924,4.583673469387755,4.804081632653061,3.4306122448979592,0.0,1.0,,control,6.0,IA,,ENGLISH VALLEY NURSING CARE CENTER,,0,1,0
165460,36.54198250728863,32.244110787172005,0.6478539963138406,2.9266720985442016,3.2530612244897963,3.853061224489796,3.5632653061224486,0.0,1.0,,control,6.0,IA,,KAREN ACRES CARE CENTER,,0,1,0
165462,57.0,49.80947521865889,0.5899898367385032,3.0221959515496604,4.055102040816326,4.553061224489796,2.5795918367346937,0.0,1.0,,control,6.0,IA,,SUNNY HILL CARE CENTER,,0,1,0
165463,75.55918367346939,54.37827988338193,0.4279407852488545,3.866260028334655,1.5448979591836736,2.3183673469387753,3.9020408163265303,0.0,1.0,,control,6.0,IA,,CRESTVIEW NURSING & REHAB,,0,1,0
165465,135.0,118.41787172011661,0.7653868862737265,4.6524765171396165,4.0,4.210204081632654,4.0,0.0,0.0,,control,6.0,IA,,NEWALDAYA LIFESCAPES,,0,0,0
165466,102.0,75.30157434402332,0.7828932318347778,4.216890778313061,1.0,1.583673469387755,4.373469387755103,0.06997084548104955,0.19854227405247812,,control,6.0,IA,,RISEN SON CHRISTIAN VILLAGE,,0,0,1
165467,32.90262390670554,21.94230320699708,1.232127245256254,3.992560447256637,4.0,5.0,4.308163265306122,0.0,1.0,,control,6.0,IA,,"KANAWHA COMMUNITY HOME, INC.",,0,1,0
165468,76.0,68.89696793002915,0.7688525147694306,4.959826948205261,1.853061224489796,2.6265306122448977,4.773469387755102,0.0,0.0,,control,6.0,IA,,EASTERN STAR MASONIC HOME,,0,0,0
165470,79.30029154518951,62.340233236151605,0.9099642560671921,4.425311761935991,4.0632653061224495,5.0,5.0,0.0,0.09037900874635567,,control,6.0,IA,,PLEASANTVIEW HOME,,0,0,0
165471,211.97084548104957,189.07466472303207,0.9069048249841076,3.9482839794620483,2.853061224489796,3.853061224489796,4.810204081632653,0.0,0.0,,control,6.0,IA,,STONEHILL CARE CENTER,,0,0,0
165472,81.40233236151603,63.863790087463556,0.5128240859912399,3.634346438981514,3.416326530612245,4.0,3.4714285714285715,0.0,1.0,,control,6.0,IA,,SCENIC MANOR,,0,1,0
165473,74.0,64.09227405247813,1.0260014962164588,5.152306737590532,2.3081632653061224,3.9081632653061225,5.0,0.0,0.0,,control,6.0,IA,,SUNRISE RETIREMENT COMMUNITY,,0,0,0
165474,46.79416909620991,38.17320699708455,0.6590082655142827,3.3003502293694114,2.226530612244898,3.148979591836735,3.583673469387755,0.06997084548104955,1.0,,control,6.0,IA,,THE AMBASSADOR SIDNEY INC,,0,1,1
165475,55.0072886297376,47.87408163265306,0.6272560817711916,3.3923843494805546,4.577551020408164,4.577551020408164,2.9346938775510205,0.0,0.0,,control,6.0,IA,,WELLINGTON PLACE,,0,0,0
165476,41.72886297376093,35.45615160349854,0.6532189542907141,3.6525189954403876,2.373469387755102,2.7469387755102037,3.789795918367347,0.0,1.0,,control,6.0,IA,,COLONIAL MANORS OF COLUMBUS COMMUNITY,,0,1,0
165479,59.0,51.61172011661808,0.9363511589494414,5.846587131785067,3.0979591836734697,4.159183673469387,4.581632653061224,0.0,0.0,,control,6.0,IA,,CALVIN COMMUNITY,,0,0,0
165480,78.0,55.61416909620991,0.9999641399452783,4.928024645924172,4.6,5.0,4.626530612244897,0.0,0.09037900874635567,,control,6.0,IA,,ST FRANCIS MANOR,,0,0,0
165481,58.600583090379004,38.6266472303207,0.9942298648242354,4.844824734105276,3.642857142857143,4.416326530612245,4.773469387755102,0.0,0.0,,control,6.0,IA,,MAYFLOWER HOME,,0,0,0
165482,54.327696793002914,51.473790087463556,0.5676358552391749,3.9193076677516396,1.6918367346938776,1.9367346938775512,3.13265306122449,0.0,0.0,,control,6.0,IA,,UNITED PRESBYTERIAN HOME,,0,0,0
165483,54.0,49.33897959183673,1.2949882325420534,4.715150295489626,2.7408163265306125,4.016326530612245,5.0,0.06997084548104955,0.0,,control,6.0,IA,,HALCYON HOUSE,,0,0,1
165484,97.39650145772595,77.53915451895045,0.848520393485443,4.218743491095757,2.226530612244898,3.4,4.4,0.0,0.0,,control,6.0,IA,,ST LUKE LUTHERAN NURSING HOME,,0,0,0
165485,51.55918367346939,38.362274052478135,0.6188595285034788,4.181320988117033,4.261224489795919,5.0,4.626530612244897,0.0,0.0,,control,6.0,IA,,LUTHERAN RETIREMENT HOME,,0,0,0
165486,47.15043731778425,32.37443148688047,0.7711316953866778,3.0349914770499016,2.8448979591836734,3.7,3.3020408163265307,0.0,0.0,,control,6.0,IA,,RUTHVEN COMMUNITY CARE CENTER,,0,0,0
165487,80.0,68.9601749271137,0.8727314683040601,4.243614261818957,2.4,3.6081632653061226,3.720408163265306,0.06997084548104955,0.09037900874635567,,control,6.0,IA,,WESLEY ACRES,,0,0,1
165488,50.629737609329446,31.941224489795918,0.9355220862607528,4.165448356989536,1.7734693877551022,3.336734693877551,4.308163265306122,0.0,0.26443148688046647,,control,6.0,IA,,TWILIGHT ACRES,,0,0,0
165489,46.95102040816327,33.404606413994166,0.7324685018998309,3.7422842468464106,3.0,4.208163265306123,4.308163265306122,0.0,1.0,,control,6.0,IA,,GOLDENROD MANOR,,0,1,0
165490,58.113119533527694,37.90548104956268,0.6875609069986446,3.3532764724438278,3.904081632653061,3.524489795918367,2.861224489795918,0.06997084548104955,1.0,,control,6.0,IA,,ACCURA HEALTHCARE OF CRESCO,,0,1,1
165491,49.45131195335277,38.71991253644315,0.564039243434858,3.4884776692695745,4.4714285714285715,4.661224489795918,3.626530612244898,0.0,0.0,,control,6.0,IA,,EVANS MEMORIAL HOME,,0,0,0
165492,56.98542274052478,43.30772594752186,0.5504153155853486,3.9520171564977544,2.0979591836734697,2.6816326530612242,4.244897959183673,0.0,0.0,,control,6.0,IA,,LAKESIDE LUTHERAN HOME,,0,0,0
165494,28.0,22.941836734693876,0.7545415868018255,4.200110115778628,3.4367346938775514,4.4346938775510205,3.4183673469387754,0.0,0.0,,control,6.0,IA,,TRIPOLI NURSING & REHAB,,0,0,0
165495,42.0,31.63262390670554,0.8547035454394891,4.322148549125268,3.351020408163265,4.253061224489796,4.4,0.0,1.0,,control,6.0,IA,,CLARKSVILLE SKILLED NURSING & REHAB CENTER,,0,1,0
165498,100.0,78.13469387755103,0.5605894225466923,3.325352922033139,2.1285714285714286,2.7387755102040816,3.4367346938775514,0.0,0.26443148688046647,,control,6.0,IA,,WESTHAVEN COMMUNITY,,0,0,0
165499,47.978134110787174,27.173819241982507,0.8895815340782787,4.043171264143883,4.0,4.773469387755102,4.546938775510204,0.06997084548104955,1.0,,control,6.0,IA,,BLACKHAWK LIFE CARE CENTER,,0,1,1
165500,46.0,34.502682215743434,0.606761322189658,3.6254701047119,1.9020408163265308,2.983673469387755,3.044897959183673,0.0,0.0,,control,6.0,IA,,ROTARY SENIOR LIVING,,0,0,0
165501,71.89679300291544,55.43591836734694,0.5690426842212919,3.235717950321182,2.226530612244898,2.6265306122448977,3.6061224489795918,0.0,1.0,,control,6.0,IA,,COMMUNITY CARE CENTER,,0,1,0
165502,66.75218658892129,45.26618075801749,0.5398696396842417,3.657576708931805,4.373469387755103,4.244897959183673,3.4183673469387754,0.0,0.0,,control,6.0,IA,,HILLCREST HOME,,0,0,0
165503,130.45772594752185,105.06309037900874,0.8143543193925313,3.997757787761948,3.8040816326530615,4.3061224489795915,4.226530612244899,0.0,0.0,,control,6.0,IA,,GOOD NEIGHBOR HOME,,0,0,0
165504,57.755102040816325,38.694373177842564,0.9470829727777972,3.721494442447436,2.826530612244898,3.6979591836734693,4.210204081632654,0.06997084548104955,1.0,,control,6.0,IA,,ALGONA MANOR CARE CENTER,,0,1,1
165507,79.0,73.01574344023324,0.8064866153530804,4.406503482059735,2.416326530612245,3.6061224489795918,4.210204081632654,0.06997084548104955,0.09037900874635567,,control,6.0,IA,,VALLEY VIEW VILLAGE,,0,0,1
165508,66.2804664723032,69.61510204081632,0.7331495589912111,4.779957784027101,3.626530612244898,4.226530612244899,3.8061224489795915,0.0,0.0,,control,6.0,IA,,"MARTIN HEALTH CENTER, INC",,0,0,0
165509,103.0600583090379,90.02332361516035,0.7141627602150621,3.4114536106966167,3.789795918367347,4.373469387755103,4.112244897959184,0.06997084548104955,0.0,,control,6.0,IA,,THE ALVERNO HEALTH CARE CENTER,,0,0,1
165510,98.0,74.95201166180757,0.3769388829354294,4.42450997855708,2.1897959183673468,2.4346938775510205,3.326530612244898,0.0,0.0,,control,6.0,IA,,DAVENPORT LUTHERAN HOME,,0,0,0
165511,38.0,30.16804664723032,0.622985355868029,4.16587412105474,2.536734693877551,2.906122448979592,3.516326530612245,0.0,0.0,,control,6.0,IA,,LINN MANOR CARE CENTER,,0,0,0
165514,78.0,57.79314868804665,0.9429178107423044,4.005109860563575,3.2448979591836733,4.044897959183674,3.855102040816327,0.0,0.09037900874635567,,control,6.0,IA,,RAMSEY VILLAGE,,0,0,0
165522,40.0,31.033906705539362,1.122905450586936,3.7341080566855833,4.0,4.7122448979591836,3.497959183673469,0.0,1.0,,control,6.0,IA,,PARKVIEW MANOR CARE CENTER,,0,1,0
165524,121.0,102.07603498542274,0.45688590576857313,4.421356144630039,1.7734693877551022,2.16734693877551,3.5775510204081633,0.0,0.0,,control,6.0,IA,,BETHANY LUTHERAN HOME,,0,0,0
165528,108.57026239067055,61.92632653061224,0.8012783769553742,3.821078618895217,2.8448979591836734,3.746938775510204,3.2530612244897963,0.06997084548104955,1.0,,control,6.0,IA,,ACCURA HEALTHCARE OF SPIRIT LAKE,,0,1,1
165530,75.0,58.61854227405247,0.6283392916355186,4.103998603086666,1.6265306122448981,2.026530612244898,3.442857142857143,0.0,0.09037900874635567,,control,6.0,IA,,GLEN HAVEN HOME,,0,0,0
165532,96.03615160349855,79.06915451895044,0.686583173944338,3.4172508796153602,3.210204081632653,4.275510204081632,4.189795918367347,0.0,0.0,,control,6.0,IA,,EVENTIDE LUTHERAN HOME FOR THE,,0,0,0
165536,88.0,73.9601166180758,0.34653149792421595,4.048524351549373,1.583673469387755,1.583673469387755,3.0979591836734697,0.0,0.09037900874635567,,control,6.0,IA,,I O O F HOME AND COMMUNITY THERAPY CENTER,,0,0,0
165537,109.0,101.81253644314869,0.7574218824489987,4.071576283973996,3.502040816326531,5.0,4.09795918367347,0.06997084548104955,1.0,,control,6.0,IA,,HIAWATHA CARE CENTER,,0,1,1
165538,90.23498542274052,83.64440233236152,0.828830051286608,3.589049015109709,2.3795918367346935,3.1224489795918364,4.112244897959184,0.0,0.0,,control,6.0,IA,,PRAIRIE RIDGE CARE CENTER,,0,0,0
165539,94.0265306122449,74.7165889212828,0.6213635045859013,3.8394273264235332,2.724489795918367,3.7244897959183674,3.6979591836734693,0.0,0.0,,control,6.0,IA,,MARIAN HOME,,0,0,0
165541,36.34752186588921,25.898250728862973,0.7329748707967475,3.748603823599494,3.3081632653061224,4.336734693877551,3.76734693877551,0.0,0.0,,control,6.0,IA,,RICEVILLE FAMILY CARE AND THERAPY CENTER,,0,0,0
165542,66.14985422740524,61.04717201166181,0.7982170468836659,4.301837887887153,3.063265306122449,4.626530612244897,4.416326530612245,0.0,0.1271137026239067,,control,6.0,IA,,METH-WICK HEALTH CENTER,,0,0,0
165543,66.0,60.66122448979592,0.7117905168843319,4.17161372716898,3.2530612244897963,4.0,4.244897959183673,0.06997084548104955,0.0,,control,6.0,IA,,WESLEY PARK CENTRE,,0,0,1
165545,120.0,90.39326530612244,0.6365543898898252,3.503986944183426,3.657142857142857,3.657142857142857,3.3387755102040817,0.06997084548104955,0.0,,control,6.0,IA,,WINDMILL MANOR,,0,0,1
165546,64.98775510204081,50.296938775510206,0.3842688479009828,3.5709324056238474,2.2755102040816326,2.704081632653061,2.377551020408163,0.0,1.0,,control,6.0,IA,,TABOR MANOR CARE CENTER,,0,1,0
165547,34.0,28.084577259475218,0.9147923335710957,4.206164379662688,2.226530612244898,3.4714285714285715,4.871428571428571,0.0,0.0,,control,6.0,IA,,PARKVIEW HOME,,0,0,0
165549,60.0,46.80510204081632,0.8643955803879976,3.8827791495446258,3.416326530612245,4.5285714285714285,4.4,0.0,1.0,,control,6.0,IA,,VISTA WOODS CARE CENTER,,0,1,0
165550,94.41166180758017,75.0001749271137,0.7131756246746855,3.5590902657640022,2.5408163265306123,3.0693877551020408,3.983673469387755,0.0,1.0,,control,6.0,IA,,SOLON NURSING CARE CENTER,,0,1,0
165552,61.0,53.93303206997085,0.5944044626395049,4.24149492544198,2.373469387755102,3.7102040816326536,4.0,0.0,0.0,,control,6.0,IA,,THE VINTON LUTHERAN HOME,,0,0,0
165554,59.561516034985424,37.62064139941691,0.7611837300752172,3.3119596572528276,2.416326530612245,3.2877551020408164,4.09795918367347,0.0,1.0,,control,6.0,IA,,COUNTRY VIEW MANOR INC,,0,1,0
165555,50.0,36.54113702623906,0.4439198571693638,3.0884696090814234,2.0,2.0612244897959187,2.0612244897959187,0.06997084548104955,1.0,,control,6.0,IA,,ADEL ACRES,,0,1,1
165556,77.0,68.89367346938776,0.9149178888036689,4.612627987216764,3.1951219512195124,3.5,5.0,0.0,0.0,,control,6.0,IA,,SUNNYCREST MANOR,,0,0,0
165561,61.0,56.247142857142855,0.707327193621996,4.043156918547539,3.502040816326531,4.485714285714286,4.210204081632654,0.06997084548104955,0.0,,control,6.0,IA,,HERITAGE HOUSE,,0,0,1
165562,60.0,45.12465986394558,0.5571576357559467,3.0156348264533257,1.5,1.7073170731707317,2.3076923076923075,0.0,1.0,,control,6.0,IA,,MONROE CARE CENTER,,0,1,0
165565,80.0,62.68446064139941,0.7958657352559557,3.913096122092839,3.3734693877551023,3.9571428571428573,3.8102040816326532,0.0,1.0,,control,6.0,IA,,HAWKEYE CARE CENTER DUBUQUE,,0,1,0
165566,59.0,55.3095335276968,0.9702379487536367,4.491436668554829,4.079591836734694,4.577551020408164,4.626530612244897,0.0,0.0,,control,6.0,IA,,"HIGHLAND RIDGE CARE CENTER, LLC",,0,0,0
165567,60.0,46.87457725947522,1.213461639735374,4.831390812200256,3.773469387755102,4.5285714285714285,4.5285714285714285,0.0,1.0,,control,6.0,IA,,WEST RIDGE CARE CENTER,,0,1,0
165569,46.0,28.284344023323616,0.886751538139768,4.275929875151331,2.0,2.9571428571428573,3.4551020408163264,0.06997084548104955,1.0,,control,6.0,IA,,WEST POINT CARE CENTER INC,,0,1,1
165574,73.0,62.47606413994169,0.5514792062401808,3.5595317830048265,4.416326530612245,5.0,3.416326530612245,0.0,0.0,,control,6.0,IA,,PRAIRIE VIEW HOME,,0,0,0
165576,46.0,41.65259475218659,0.8232459499962665,4.11140712230533,3.9571428571428573,4.16734693877551,4.020408163265306,0.0,0.0,,control,6.0,IA,,OSSIAN SENIOR HOSPICE,,0,0,0
165577,56.0,47.12626822157435,1.0487322093147782,4.500406742091391,4.253061224489796,5.0,5.0,0.0,1.0,,control,6.0,IA,,GREEN HILLS HEALTH CARE CENTER,,0,1,0
165584,66.0,64.69591836734693,0.5586394412807749,2.9956170845481394,3.8183673469387758,3.6219512195121952,2.102564102564102,0.0,0.0,,control,6.0,IA,,BETHANY HOME,,0,0,0
165586,46.0,31.563527696793003,0.5340314263473813,3.3754314779524446,2.059183673469388,2.4326530612244897,3.226530612244898,0.0,0.3766763848396501,,control,6.0,IA,,TIMELY MISSION NURSING HOME,,0,0,0
165589,80.2204081632653,67.31880952380952,0.5603300116871086,3.3455329681577126,3.669387755102041,4.295918367346939,3.0979591836734697,0.0,1.0,,control,6.0,IA,,OSKALOOSA CARE CENTER,,0,1,0
165590,46.0,43.29268221574344,0.5509188114875566,2.922403919807884,4.055102040816326,4.681632653061224,2.9346938775510205,0.0,0.0,,control,6.0,IA,,CLARENCE NURSING HOME,,0,0,0
165591,55.0,48.35912536443149,1.0797828954845037,5.01591084911303,2.76734693877551,4.075510204081633,4.871428571428571,0.0,0.0,,control,6.0,IA,,SPURGEON MANOR,,0,0,0
165592,50.0,31.19938775510204,1.223486597979346,4.078636985532958,2.642857142857143,3.416326530612245,3.9938775510204083,0.06997084548104955,1.0,,control,6.0,IA,,PLEASANT MANOR CARE CENTER,,0,1,1
165593,51.0,27.340816326530614,0.8416499918871306,5.5421634975747445,4.0,5.0,4.540816326530612,0.0,0.09037900874635567,,control,6.0,IA,,SCOTTISH RITE PARK INC,,0,0,0
165594,60.0,40.62381924198251,0.5057900175451171,3.189813318325041,4.789795918367346,5.0,3.183673469387755,0.0,1.0,,control,6.0,IA,,BROOKLYN COMMUNITY ESTATES,,0,1,0
165595,45.0,42.829912536443146,0.8827502679180254,3.7806482013916836,4.0,4.626530612244897,5.0,0.0,0.0,,control,6.0,IA,,"AKRON  CARE CENTER, INC",,0,0,0
165597,40.0,36.73586005830904,1.4415120300376754,4.7204848181660894,2.836734693877551,4.308163265306122,4.871428571428571,0.06997084548104955,0.0,,control,6.0,IA,,"EDGEWATER, A WESLEYLIFE COMMUNITY",,0,0,1
165599,60.0,52.979504373177846,0.5693312576230594,3.75177627708521,3.9204081632653063,4.448979591836735,3.7551020408163263,0.0,0.39708454810495625,,control,6.0,IA,,CEDAR MANOR NURSING HOME,,0,0,0
165603,31.0,27.937230320699708,0.88709214967265,3.6701439008949324,3.583673469387755,4.357142857142858,3.983673469387755,0.0,0.0,,control,6.0,IA,,DENVER SUNSET HOME,,0,0,0
165604,51.029154518950435,44.35612244897959,0.3656322827006111,3.648825374056562,4.90204081632653,5.0,3.4857142857142858,0.0,1.0,,control,6.0,IA,,KEYSTONE NURSING CARE CENTER INC,,0,1,0
165605,39.36734693877551,36.850787172011664,1.0587480999478582,4.516190083738327,3.6530612244897958,4.626530612244897,4.871428571428571,0.06997084548104955,1.0,,control,6.0,IA,,KENNYBROOK VILLAGE,,0,1,1
165606,71.44314868804665,63.686618075801746,0.6053879800731881,3.468538093017915,1.7408163265306122,2.304081632653061,3.8775510204081636,0.0,0.0,,control,6.0,IA,,PERRY LUTHERAN HOME,,0,0,0
165607,66.51895043731778,62.46448979591837,0.7133147909936616,4.244090292179802,3.226530612244898,4.4,4.0,0.06997084548104955,0.0,,control,6.0,IA,,THE COTTAGES,,0,0,1
165609,24.0,21.649825072886294,1.2650340326341625,4.364991002846198,4.128571428571429,5.0,5.0,0.06997084548104955,0.0,,control,6.0,IA,,NEWTON VILLAGE HEALTH CARE CENTER,,0,0,1
165610,40.2997084548105,36.572274052478136,0.8484761686546285,4.4128068860016745,4.0,4.626530612244897,3.836734693877551,0.06997084548104955,1.0,,control,6.0,IA,,PRAIRIE VISTA VILLAGE,,0,1,1
165611,34.0,31.196763848396504,0.6224950243383384,4.561249630830415,3.5551020408163265,4.4,4.09795918367347,0.0,0.0,,control,6.0,IA,,WILTON RETIREMENT COMMUNITY,,0,0,0
165612,120.0,107.15760932944606,0.4983027176075374,4.034293929415641,1.0,1.4,3.365853658536585,0.0,0.0,,control,6.0,IA,,TRINITY CENTER AT LUTHER PARK,,0,0,0
165613,38.0,32.18370262390671,1.2349220109848718,4.570078309059147,4.048979591836735,4.546938775510204,4.497959183673469,0.06997084548104955,1.0,,control,6.0,IA,,NORTHRIDGE VILLAGE,,0,1,1
165614,58.0,45.39425655976677,0.46242743871906755,2.9927272748167546,1.836734693877551,1.836734693877551,1.7551020408163265,0.0,0.6845481049562683,,control,6.0,IA,,ROSE HAVEN NURSING HOME,,0,1,0
165615,77.1603498542274,42.59860058309038,0.8453734900949192,4.120573517572849,2.669387755102041,3.0693877551020408,3.6755102040816325,0.0,1.0,,control,6.0,IA,,PIONEER VALLEY LIVING AND REHAB,,0,1,0
165620,20.0,13.76639455782313,2.7467334024978407,7.006666985670625,4.0,4.048780487804878,3.4390243902439024,0.08163265306122448,0.267687074829932,,control,6.0,IA,,MERCY MEDICAL CENTER - SIOUX CITY,,0,0,1
165621,40.0,30.052857142857142,0.9293800426793707,4.20045309241303,3.7073170731707314,4.365853658536585,4.317073170731707,0.0,1.0,,control,6.0,IA,,THE GARDENS OF CEDAR RAPIDS,,0,1,0
165622,91.99999999999999,80.33446808510638,0.970027927741454,5.574561985345797,3.0487804878048776,3.548780487804878,4.304878048780488,0.0,0.0,,control,5.0,IA,,THE SUITES AT WESTERN HOME COMMUNITIES,,0,0,0
165623,55.0,46.73702127659574,0.7739652186725058,4.385314137677332,2.792682926829268,3.5975609756097557,4.146341463414634,0.0,0.0,,control,6.0,IA,,CREEKSIDE,,0,0,0
165624,36.0,28.768723404255322,1.2744954838050235,5.051096729454267,2.341463414634146,3.0,4.658536585365853,0.10212765957446808,0.13404255319148936,,control,5.0,IA,,"BRIO OF JOHNSTON, LLC",,0,0,1
165625,40.0,26.975957446808508,1.552828567421237,4.864050850174925,4.170731707317072,4.317073170731707,4.804878048780488,0.10212765957446808,1.0,,control,5.0,IA,,TERRACE GLEN VILLAGE,,0,1,1
165626,40.0,33.0670731707317,0.8908102285998143,3.24949570192469,2.230769230769231,3.538461538461538,3.7948717948717943,0.0,1.0,,control,5.0,IA,,OAKVIEW NURSING & REHABLITATION - MARION,,0,1,0
165790,40.0,23.820000000000004,1.3858351394948931,5.264049619678174,3.6000000000000005,5.0,5.0,0.4,1.0,,control,2.0,IA,,CEDAR RIDGE VILLAGE,,0,1,1
165791,60.0,18.020000000000003,1.7194128612261501,6.191286113358231,5.0,5.0,5.0,0.4,1.0,,control,2.0,IA,,WALNUT RIDGE,,0,1,1
165792,60.0,35.18,1.6099907105705258,4.960076756816231,4.0,5.0,5.0,0.4,0.0,,control,2.0,IA,,MOUNT CARMEL BLUFFS,,0,0,1
165793,40.0,21.180000000000003,1.5324382021900047,5.982987428736998,3.0,3.0,4.0,0.4,0.6000000000000001,,control,2.0,IA,,THE SUMMIT OF BETTENDORF,,0,1,1
165795,57.0,15.040000000000001,1.663537830595371,8.103645497125806,4.0,5.0,3.0,0.0,1.0,,control,2.0,IA,,PERRY LUTHERAN HOMES EDEN ACRES CAMPUS,,0,1,0
215007,102.0,74.83221574344023,0.6459511179970698,3.8726413785038787,2.7469387755102037,3.1408163265306124,3.33265306122449,0.0,0.0,,control,6.0,MD,,WICOMICO NURSING HOME,,0,0,0
215013,160.0,129.7478134110787,0.4647907239094984,3.7332023479533634,4.226530612244899,4.871428571428571,2.716326530612245,0.0,0.19854227405247812,,control,6.0,MD,,ST. MARY'S NURSING CENTER INC,,0,0,0
215015,92.0,75.08271137026239,0.9424433871036155,4.273940192091098,1.3244897959183675,1.4714285714285713,2.357142857142857,0.06997084548104955,1.0,,control,6.0,MD,,FAIRLAND CENTER,,0,1,1
215020,160.84956268221575,150.0786005830904,0.4300057552834159,3.359289220160487,3.055102040816326,3.8285714285714283,2.0,0.06997084548104955,1.0,,control,6.0,MD,,FORESTVILLE HEALTH & REHABILITATION CENTER,,0,1,1
215022,100.0,88.2367055393586,0.5565693092654386,3.977477903963978,2.210204081632653,2.793877551020408,3.3571428571428568,0.06997084548104955,1.0,,control,6.0,MD,,KING DAVID NURSING AND REHABILITATION CENTER,,0,1,1
215029,172.0,129.7239358600583,1.058675773555596,3.580289920365129,3.416326530612245,4.373469387755103,4.0,0.0,0.39708454810495625,,control,6.0,MD,,MANOR CARE HEALTH SERVICES - CHEVY CHASE,,0,0,0
215033,210.0,194.8545772594752,0.8811365861537721,4.395485998638421,2.5285714285714285,3.3020408163265307,4.0,0.06997084548104955,0.0,,control,6.0,MD,,LEVINDALE HEBREW GER CTR & HSP,,0,0,1
215037,242.0,204.4378134110787,0.8540752046567429,4.236839561917826,2.0632653061224486,2.836734693877551,4.0,0.0,0.0,,control,6.0,MD,,KESWICK MULTI-CARE CENTER,,0,0,0
215039,184.0,131.21533527696792,0.6537192818523894,3.8419906850787253,2.416326530612245,3.189795918367347,3.4,0.0,0.0,,control,6.0,MD,,CITIZENS CARE CENTER,,0,0,0
215043,140.0,130.63072886297377,0.48932887098313477,3.191628945972906,1.836734693877551,2.0469387755102044,2.773469387755102,0.06997084548104955,1.0,,control,6.0,MD,,KENSINGTON HEALTHCARE  CENTER,,0,1,1
215058,76.0,67.08104956268222,0.9571974607743994,3.705932982258875,3.3734693877551023,3.773469387755102,4.210204081632654,0.0,0.0,,control,6.0,MD,,ALICE BYRD TAWES NURSING HOME,,0,0,0
215060,92.0,70.43443148688047,0.8024126516629959,3.303824440337672,2.5795918367346937,3.271428571428572,2.6061224489795913,0.06997084548104955,1.0,,control,6.0,MD,,"REGENCY CARE OF SILVER SPRING, LLC",,0,1,1
215065,100.0,85.64279883381926,0.5518279118495393,3.3298198486552106,2.8,2.763265306122449,1.8,0.06997084548104955,1.0,,control,6.0,MD,,BEL PRE HEALTH & REHABILITATION CENTER,,0,1,1
215071,558.0,439.1709620991254,0.8321354279039068,4.3840666655025995,3.789795918367347,4.810204081632653,4.226530612244899,0.0,0.0,,control,6.0,MD,,HEBREW HOME OF GREATER WASHINGTON,,0,0,0
215088,129.0,101.91422740524781,0.7171660976553397,3.690327405805348,2.1285714285714286,2.7551020408163263,2.9020408163265303,0.06997084548104955,1.0,,control,6.0,MD,,HAMMONDS LANE CENTER,,0,1,1
215099,285.0,218.22790087463557,0.894375074994533,4.443842633417111,3.416326530612245,4.810204081632653,4.128571428571429,0.06997084548104955,0.0,,control,6.0,MD,,WILSON HEALTH CARE CENTER,,0,0,1
215105,170.0,156.12804664723032,0.6770723701388792,4.035558941403971,2.373469387755102,3.648979591836735,3.03469387755102,0.0,0.0,,control,6.0,MD,,CITIZENS CARE AND REHABILITATION CENTER OF FREDERI,,0,0,0
215108,130.0,120.21801749271137,0.9379279835117975,4.153720607911584,3.626530612244898,4.871428571428571,4.302040816326531,0.06997084548104955,1.0,,control,6.0,MD,,DOCTORS COMMUNITY REHABILITATION AND PATIENT CARE,,0,1,1
215110,63.0,34.881700680272104,2.3150389230284287,6.1142678079368835,2.879591836734694,3.879591836734694,5.0,0.0,0.0,,control,6.0,MD,,WESTERN MD HOSPITAL CENTER,,0,0,0
215111,122.08017492711369,92.95956268221573,0.6202219385515002,3.2466118311278773,1.0,1.0,1.8714285714285714,0.06997084548104955,1.0,,control,6.0,MD,,LAURELWOOD CARE CENTER AT ELKTON,,0,1,1
215112,205.0,176.42860058309037,0.774069926230045,4.155488536134698,4.189795918367347,4.189795918367347,3.226530612244898,0.06997084548104955,1.0,,control,6.0,MD,,LORIEN HEALTH SYSTEMS - COLUMBIA,,0,1,1
215117,412.0,341.4214285714286,0.7347241528095001,4.155624297442336,2.6265306122448977,3.4,3.773469387755102,0.0,0.0,,control,6.0,MD,,"STELLA MARIS, INC.",,0,0,0
215118,141.0,121.98670553935861,0.9944239944122353,3.749579694759348,3.0,4.275510204081632,3.8102040816326532,0.06997084548104955,1.0,,control,6.0,MD,,FUTURE CARE OLD COURT,,0,1,1
215123,70.0,48.429693877551024,1.2134799000198266,5.844410271649393,4.5,5.0,5.0,0.0,0.0,,control,6.0,MD,,BROADMEAD,,0,0,0
215125,160.0,141.2025364431487,1.0430360198447848,4.377586254263677,3.1204081632653065,4.018367346938776,4.0,0.06997084548104955,0.0,,control,6.0,MD,,THE VILLAGE AT ROCKVILLE,,0,0,1
215126,165.0,102.462944606414,0.84509688912096,3.6268038249223453,3.2877551020408164,3.061224489795918,2.5469387755102044,0.06997084548104955,1.0,,control,6.0,MD,,BERLIN NURSING AND REHABILITATION CENTER,,0,1,1
215128,151.0,130.20183673469387,0.8845513970096825,3.8009028124138986,2.804081632653061,3.387755102040816,3.4367346938775514,0.06997084548104955,1.0,,control,6.0,MD,,"COURTLAND, LLC",,0,1,1
215132,80.0,38.354081632653056,3.3918986313230377,8.974900782828605,4.416326530612245,5.0,5.0,0.0,0.0,,control,6.0,MD,,DEER'S HEAD CENTER,,0,0,0
215133,103.0,81.05408163265307,0.6766306914303344,3.9082132311945434,1.6265306122448981,1.8102040816326532,3.5714285714285716,0.0,0.0,,control,6.0,MD,,CARROLL LUTHERAN VILLAGE,,0,0,0
215138,95.0,88.32795918367347,0.6887458556526864,3.5499557409322313,3.3734693877551023,4.357142857142858,2.8857142857142857,0.06997084548104955,1.0,,control,6.0,MD,,MARLEY NECK HEALTH AND REHABILITATION CENTER,,0,1,1
215146,150.0,142.6288921282799,0.6174314942501715,3.409523778591211,2.96530612244898,3.5795918367346937,2.3020408163265307,0.06997084548104955,1.0,,control,6.0,MD,,FORT WASHINGTON HEALTH & REHABILITATION CENTER,,0,1,1
215147,168.93586005830903,136.81416909620992,0.9080589917380874,3.767336187600182,3.210204081632653,3.4,3.210204081632653,0.06997084548104955,1.0,,control,6.0,MD,,FUTURE CARE NORTHPOINT,,0,1,1
215154,71.0,39.29769679300291,0.9690987794507533,5.626422342105838,4.244897959183673,4.6755102040816325,4.608163265306123,0.0,0.0,,control,6.0,MD,,ROLAND PARK PLACE,,0,0,0
215160,182.0,158.6363556851312,0.5811576710280946,3.404817568799959,1.0,1.7734693877551022,2.4551020408163264,0.06997084548104955,1.0,,control,6.0,MD,,ELLICOTT CITY HEALTH & REHABILITATION CENTER,,0,1,1
215171,158.0,137.64568513119534,1.1728444410735146,3.7481964080595005,5.0,4.90204081632653,3.706122448979592,0.06997084548104955,0.5752186588921282,,control,6.0,MD,,MANORCARE HEALTH SERVICES - POTOMAC,,0,1,1
215174,55.0,40.57460641399417,1.0913657946538797,5.665746925432416,3.626530612244898,4.369387755102041,4.485714285714286,0.0,0.0,,control,6.0,MD,,GINGER COVE,,0,0,0
215176,152.25685131195334,139.41539358600582,0.831041524545781,3.9611169852175863,1.746938775510204,2.373469387755102,3.4367346938775514,0.06997084548104955,1.0,,control,6.0,MD,,FUTURE CARE CANTON HARBOR,,0,1,1
215183,156.0,135.33973760932946,0.517761112325203,3.4471097466207663,2.373469387755102,2.4714285714285715,2.373469387755102,0.06997084548104955,1.0,,control,6.0,MD,,FAYETTE HEALTH AND REHABILITATION CENTER,,0,1,1
215186,154.0,128.73405247813412,1.1527432373034778,4.167058391946735,1.853061224489796,2.253061224489796,4.0265306122448985,0.06997084548104955,1.0,,control,6.0,MD,,FUTURE CARE CHESAPEAKE,,0,1,1
215192,166.4134110787172,143.53991253644313,0.9333515931247286,3.9156505314579344,2.1204081632653065,2.8938775510204082,3.189795918367347,0.06997084548104955,1.0,,control,6.0,MD,,FUTURE CARE CHERRYWOOD,,0,1,1
215198,121.0,114.74431486880466,0.6233305986873431,4.363202460043972,1.3734693877551019,1.7734693877551022,3.626530612244898,0.0,0.0,,control,6.0,MD,,WILLIAMSPORT NURSING HOME,,0,0,0
215200,177.3451895043732,159.00134110787172,1.0323487881158495,4.414918817276628,4.0,4.773469387755102,4.0,0.0,0.0,,control,6.0,MD,,BROOKE GROVE REHAB. & NSG CTR,,0,0,0
215204,75.0,67.63285714285713,0.8129335834077662,3.91841589819098,1.6816326530612247,1.989795918367347,2.983673469387755,0.06997084548104955,1.0,,control,6.0,MD,,HOLLY HILL NURSING AND REHABILITATION CENTER,,0,1,1
215207,200.0,184.67679300291547,0.7589776001958417,3.977148669290006,3.789795918367347,4.789795918367346,3.128571428571429,0.06997084548104955,1.0,,control,6.0,MD,,"LOCHEARN NURSING HOME, LLC",,0,1,1
215211,82.0,59.535364431486876,0.7183941105999361,4.779882409257258,4.789795918367346,4.789795918367346,4.0,0.0,0.0,,control,6.0,MD,,FRIENDS NURSING HOME,,0,0,0
215215,105.0,90.67037900874635,0.3332173740643209,3.7575495218550263,2.610204081632653,2.8857142857142857,2.146938775510204,0.06997084548104955,1.0,,control,6.0,MD,,AUTUMN LAKE HEALTHCARE AT ALICE MANOR,,0,1,1
215217,196.0,138.47781341107873,0.6205563552386879,3.6069025690415946,1.3734693877551019,1.9571428571428573,2.871428571428571,0.06997084548104955,1.0,,control,6.0,MD,,NORTHAMPTON MANOR NURSING AND REHABILITATION CENTE,,0,1,1
215219,200.0,175.7041690962099,1.1145150182891013,4.271057320677109,2.536734693877551,2.7469387755102037,3.1530612244897958,0.06997084548104955,1.0,,control,6.0,MD,,FUTURE CARE IRVINGTON,,0,1,1
215223,193.89620991253645,133.33839650145774,0.6873258330762028,3.6854941340347134,3.055102040816326,4.146938775510204,3.9183673469387754,0.0,0.0,,control,6.0,MD,,CHARLESTOWN COMMUNITY INC,,0,0,0
215225,82.0,71.92752186588922,0.6571115748588714,4.1082781042302425,2.0,3.0816326530612246,3.3081632653061224,0.06997084548104955,0.5329446064139941,,control,6.0,MD,,HOMEWOOD AT WILLIAMSPORT MD,,0,1,1
215228,50.0,43.61768707482993,0.5386518631655571,3.3938412903620145,1.7346938775510203,1.489795918367347,2.510204081632653,0.0,1.0,,control,6.0,MD,,ALTHEA WOODLAND NURSING HOME,,0,1,0
215230,153.0,119.90116618075803,0.6698699925200908,3.2909350612945873,4.0,4.4,2.4,0.06997084548104955,1.0,,control,6.0,MD,,ALLEGANY HEALTH NURSING AND REHAB,,0,1,1
215231,267.0,249.21349854227407,0.5679014431498576,3.1518492190168863,1.7183673469387757,2.3448979591836734,2.026530612244898,0.06997084548104955,1.0,,control,6.0,MD,,CLINTON HEALTHCARE  CENTER,,0,1,1
215232,100.0,61.232944606413994,0.5782953601055669,3.274620761568982,2.7469387755102037,2.520408163265306,2.146938775510204,0.06997084548104955,1.0,,control,6.0,MD,,OAKLAND NURSING & REHABILITATION CENTER,,0,1,1
215236,96.0,78.52160349854228,0.7962811782553867,3.4936724720489836,2.879591836734694,3.2530612244897963,3.2448979591836733,0.06997084548104955,1.0,,control,6.0,MD,,FAIRFIELD NURSING & REHABILITATION CENTER,,0,1,1
215240,130.0,71.17183673469387,0.5404977621030104,3.4347168898002796,2.497959183673469,2.253061224489796,2.1244897959183673,0.06997084548104955,1.0,,control,6.0,MD,,MORAN  NURSING AND REHABILITATION CENTER,,0,1,1
215241,146.0,125.52134110787173,0.7466335426861423,3.9641295816628626,2.7897959183673464,3.189795918367347,3.3387755102040817,0.06997084548104955,1.0,,control,6.0,MD,,"GSNH OPERATOR, LLC",,0,1,1
215244,124.0,99.97673469387755,0.793217548383005,3.127044246623801,2.253061224489796,2.253061224489796,2.1897959183673468,0.06997084548104955,1.0,,control,6.0,MD,,DEVLIN MANOR NURSING AND REHABILITATION CENTER,,0,1,1
215245,118.27434402332361,96.94314868804665,0.9022093669919347,4.545366572738457,3.497959183673469,4.90204081632653,4.5285714285714285,0.06997084548104955,0.0,,control,6.0,MD,,HOMEWOOD AT CRUMLAND FARMS,,0,0,1
215247,60.160349854227405,48.583556851311954,0.7498628601366798,3.9215628722361338,2.7469387755102037,3.7306122448979595,3.816326530612245,0.06997084548104955,1.0,,control,6.0,MD,,BRINTON WOODS NURSING & REHABILITATION CENTER,,0,1,1
215249,141.0,127.02600583090378,1.3743556325857296,4.492708821872719,2.428571428571429,2.9918367346938775,3.789795918367347,0.06997084548104955,1.0,,control,6.0,MD,,FUTURE CARE HOMEWOOD,,0,1,1
215250,107.0,101.82326530612245,0.6117278519550573,4.2704720947233294,3.0979591836734697,4.583673469387755,4.0,0.0,0.0,,control,6.0,MD,,"GOODWILL MENNONITE HOME, INC.",,0,0,0
215252,167.0,141.4381924198251,0.43198568816761296,3.6848779324466996,1.4714285714285713,2.373469387755102,2.6,0.06997084548104955,1.0,,control,6.0,MD,,FOREST HAVEN NURSING AND REHABILITATION CTR,,0,1,1
215253,137.0,118.23131195335276,0.9349196644119152,3.649806458886383,2.416326530612245,3.189795918367347,3.3734693877551023,0.06997084548104955,1.0,,control,6.0,MD,,FUTURE CARE COLD SPRING,,0,1,1
215255,38.98542274052478,35.50067055393586,1.1339435799684514,4.2683205119292005,5.0,5.0,4.583673469387755,0.06997084548104955,1.0,,control,6.0,MD,,CHESTNUT GRN HLTH CTR BLAKEHUR,,0,1,1
215259,43.0,33.815131195335276,0.7979670287784475,4.430533379381376,5.0,5.0,4.308163265306122,0.0,0.0,,control,6.0,MD,,PICKERSGILL RETIREMENT COMMUNITY,,0,0,0
215261,117.0,106.39253644314869,1.025064716608644,3.784788452187808,2.583673469387755,3.2306122448979595,2.9346938775510205,0.06997084548104955,1.0,,control,6.0,MD,,FRANKLIN WOODS CENTER,,0,1,1
215264,120.0,104.97877551020409,0.5475226659783526,3.7704161633996023,3.204081632653061,3.2857142857142856,2.5306122448979593,0.0,1.0,,control,6.0,MD,,LARKIN CHASE CENTER,,0,1,0
215269,167.86705539358599,161.6769970845481,0.7021140796169776,3.391027557721464,2.16734693877551,2.16734693877551,2.9204081632653063,0.0,1.0,,control,6.0,MD,,ELKTON TRANSITIONAL CARE CENTER,,0,1,0
215271,148.0,127.4301749271137,0.6308057664864732,3.7528423703559097,3.626530612244898,4.210204081632654,3.226530612244898,0.06997084548104955,1.0,,control,6.0,MD,,FUTURE CARE SANDTOWN-WINCHESTER,,0,1,1
215273,115.0,107.21008746355685,0.6313085927686226,3.5800540867909914,3.626530612244898,3.5408163265306123,2.026530612244898,0.06997084548104955,1.0,,control,6.0,MD,,WALDORF  CENTER,,0,1,1
215278,31.0,22.35061224489796,1.8916148730546256,5.102383079498965,4.210204081632654,4.626530612244897,4.626530612244897,0.06997084548104955,0.0,,control,6.0,MD,,GLEN MEADOWS RETIREMENT COM.,,0,0,1
215283,35.0,22.212332361516037,3.085373517481786,7.274277523040638,4.626530612244897,5.0,4.804878048780488,0.0,0.0,,control,6.0,MD,,TRANSITIONAL CARE SERVICES AT MERCY MEDICAL CENTER,,0,0,0
215287,29.411661807580174,18.71880466472303,1.4382560274596514,6.619835538707132,5.0,5.0,5.0,0.0,1.0,,control,6.0,MD,,MAPLEWOOD PARK PLACE,,0,1,0
215297,111.0,98.40862973760933,0.5688559825711424,3.431907531277677,2.373469387755102,2.9020408163265303,1.4183673469387754,0.06997084548104955,1.0,,control,6.0,MD,,SOUTH RIVER HEALTH AND REHABILITATION CENTER,,0,1,1
215299,120.0,112.25845481049564,0.48547068096271506,3.2978608446171087,1.416326530612245,1.8816326530612244,2.4387755102040813,0.06997084548104955,1.0,,control,6.0,MD,,WESTGATE HILLS REHAB & HEALTHCARE CTR,,0,1,1
215304,48.0,42.741020408163266,0.8497040614900889,4.264204985903284,4.773469387755102,5.0,4.2877551020408164,0.06997084548104955,0.0,,control,6.0,MD,,ASBURY SOLOMONS,,0,0,1
215307,66.0,62.727638483965016,0.91539769250975,3.9993542576479766,4.0,4.189795918367347,3.3734693877551023,0.0,1.0,,control,6.0,MD,,EGLE NURSING HOME,,0,1,0
215308,190.95043731778426,141.50915451895042,0.9101457026571198,3.698759082790462,2.5142857142857142,3.7591836734693875,3.887755102040816,0.06997084548104955,0.0,,control,6.0,MD,,OAK CREST VILLAGE,,0,0,1
215314,26.159183673469386,26.5565306122449,2.7227806477858243,5.797822316401215,4.23469387755102,5.0,5.0,0.0,0.0,,control,6.0,MD,,GREATER BALTIMORE MEDICAL CENTER SUB ACUTE UNIT,,0,0,0
215321,130.0,108.34510204081633,0.5381941603705052,3.4062914453753765,2.0306122448979593,2.430612244897959,2.0612244897959187,0.06997084548104955,1.0,,control,6.0,MD,,JULIA MANOR NURSING AND REHABILITATION  CENTER,,0,1,1
215324,109.0,87.4300583090379,1.01813369466001,3.6461728390107346,3.626530612244898,3.626530612244898,3.128571428571429,0.06997084548104955,1.0,,control,6.0,MD,,FUTURE CARE CHARLES VILLAGE,,0,1,1
215328,182.38250728862974,156.14795918367346,1.3216581028319538,4.2893547770212725,2.571428571428571,3.571428571428571,3.224489795918367,0.06997084548104955,1.0,,control,6.0,MD,,FUTURE CARE PINEVIEW,,0,1,1
215335,62.0,54.89778425655977,1.2854985849752143,4.7472433255146615,2.6918367346938776,3.6755102040816325,3.8102040816326532,0.06997084548104955,1.0,,control,6.0,MD,,LORIEN HEALTH SYSTEMS MT AIRY,,0,1,1
215337,106.0,90.91454810495627,0.706523605129997,4.35398316271012,2.226530612244898,3.3183673469387758,3.979591836734694,0.0,0.4247813411078717,,control,6.0,MD,,FAHRNEY-KEEDY MEMORIAL HOME,,0,0,0
215339,126.0,95.6134110787172,0.62714673715022,3.479043844364724,1.7897959183673469,1.746938775510204,1.9571428571428573,0.06997084548104955,1.0,,control,6.0,MD,,ANCHORAGE HEALTHCARE  CENTER,,0,1,1
215340,135.0,121.8869387755102,0.5802133294372496,3.3178323974204726,2.0,2.9020408163265303,2.220408163265306,0.06997084548104955,1.0,,control,6.0,MD,,BLUE POINT HEALTHCARE CENTER,,0,1,1
215341,69.0,67.1461807580175,1.682063350535024,4.4268618546232155,3.3734693877551023,4.146938775510204,4.773469387755102,0.06997084548104955,1.0,,control,6.0,MD,,LORIEN NSG & REHAB CTR BELAIR,,0,1,1
215343,117.0,93.02731778425655,1.236310395203804,4.945316686724114,4.0,5.0,5.0,0.06997084548104955,0.0,,control,6.0,MD,,RIDERWOOD VILLAGE,,0,0,1
215344,44.0,22.82845481049563,1.0427713101486664,4.9677747589961685,4.373469387755103,5.0,4.626530612244897,0.0,0.0,,control,6.0,MD,,VANTAGE HOUSE,,0,0,0
215345,27.0,21.893702623906705,0.874281140071768,4.838242059877151,2.0,3.210204081632653,4.2877551020408164,0.0,1.0,,control,6.0,MD,,THE ARBOR,,0,1,0
215346,91.0,80.6869970845481,0.6674395547982293,3.336801761963631,1.3734693877551019,1.9571428571428573,3.1632653061224487,0.06997084548104955,1.0,,control,6.0,MD,,NORTHWEST HEALTHCARE CENTER,,0,1,1
215348,63.0,54.4734693877551,0.48807512545976994,4.278792693914958,3.226530612244898,3.226530612244898,2.3469387755102042,0.06997084548104955,1.0,,control,6.0,MD,,"LORIEN TANEYTOWN, INC",,0,1,1
215350,107.0,83.70498542274052,0.8985949623806564,3.775536351988812,3.416326530612245,4.4367346938775505,3.1122448979591835,0.06997084548104955,1.0,,control,6.0,MD,,"VILLA ROSA NURSING AND REHABILITATION, LLC",,0,1,1
215351,93.0,78.35463556851312,0.689706326855698,3.6153054249501615,3.3734693877551023,3.5632653061224486,3.189795918367347,0.06997084548104955,1.0,,control,6.0,MD,,LORIEN MAYS CHAPEL,,0,1,1
215353,45.0,27.487055393586008,1.2538718969173401,5.3254027540473965,5.0,5.0,5.0,0.0,0.3154518950437317,,control,6.0,MD,,INGLESIDE AT KING FARM,,0,0,0
215354,36.74052478134111,31.508921282798834,1.0062052029788657,6.146546642367432,4.804081632653061,4.90204081632653,4.626530612244897,0.0,0.5329446064139941,,control,6.0,MD,,LITTLE SISTERS OF THE POOR,,0,1,0
215355,79.88163265306122,68.16895043731779,0.8613255006861351,4.002439245862284,4.173469387755102,4.546938775510204,3.773469387755102,0.06997084548104955,1.0,,control,6.0,MD,,ENCORE AT TURF VALLEY,,0,1,1
215356,49.0,45.06472303206998,0.5424596382289808,4.466835967787638,1.0,1.9020408163265308,3.16734693877551,0.0,0.8014577259475218,,control,6.0,MD,,THE NURSING AND REHAB CENTER AT STADIUM PLACE,,0,1,0
215357,70.0,59.00399416909621,0.8122571967941425,3.9244343671971684,4.253061224489796,4.626530612244897,3.16734693877551,0.06997084548104955,1.0,,control,6.0,MD,,LORIEN NURSING & REHAB CTR - ELKRIDGE,,0,1,1
215359,78.0,59.43443148688046,0.9915891614678956,4.245290727603157,2.853061224489796,3.853061224489796,4.210204081632654,0.06997084548104955,1.0,,control,6.0,MD,,LORIEN BULLE ROCK,,0,1,1
215360,26.335276967930028,24.854402332361516,0.8226641338395425,3.230420901374557,3.5285714285714285,4.773469387755102,3.7530612244897963,0.0,0.0,,control,6.0,MD,,MARYLAND BAPTIST AGED HOME,,0,0,0
215361,88.0,66.37723032069971,0.7329126604334786,4.225988608945234,2.793877551020408,3.5673469387755103,3.910204081632653,0.0,0.0,,control,6.0,MD,,MARYLAND MASONIC HOMES,,0,0,0
215362,73.48979591836735,57.42069970845481,0.7867695068181492,3.700679733535544,3.4306122448979592,3.9938775510204083,3.3571428571428568,0.06997084548104955,1.0,,control,6.0,MD,,RESTORE HEALTH REHABILITATION CENTER,,0,1,1
215363,12.0,10.797021276595743,1.8357367057131426,7.374673303911572,4.853658536585366,4.695121951219512,2.6666666666666665,0.0,0.0,,control,5.0,MD,,THE LUTHERAN VILLAGE AT MILLER'S GRANT,,0,0,0
215364,150.0,100.60632653061225,2.285328602633294,6.494167961943381,3.8048780487804876,4.609756097560975,4.353658536585366,0.08163265306122448,1.0,,control,6.0,MD,,FUTURE CARE CAPITAL REGION,,0,1,1
315001,200.0,168.09413994169097,0.8423951467189501,3.481416250401516,1.9836734693877551,3.5673469387755103,3.4857142857142858,0.0,1.0,,control,6.0,NJ,,MERWICK CARE & REHABILITATION CENTER,,0,1,0
315002,64.0,51.774606413994164,1.3878276464401311,4.268534174903029,4.09795918367347,5.0,3.6,0.06997084548104955,1.0,,control,6.0,NJ,,CARE ONE AT SOMERSET VALLEY,,0,1,1
315008,104.32069970845481,90.06854227405248,0.5392420582812756,3.2632202923842817,2.351020408163265,3.063265306122449,3.0,0.06997084548104955,1.0,,control,6.0,NJ,,LAUREL MANOR HEALTHCARE AND REHABILITATION CENTER,,0,1,1
315009,300.0,213.64408163265307,0.45675818632979964,3.458670214406929,1.4,1.9836734693877551,3.1632653061224487,0.06997084548104955,1.0,,control,6.0,NJ,,RUNNELLS CENTER FOR REHABILITATION & HEALTHCARE,,0,1,1
315010,200.0,168.66778425655974,0.5023317003594956,3.7030413914579325,4.112244897959184,4.90204081632653,3.0,0.06997084548104955,1.0,,control,6.0,NJ,,ELMORA HILLS HEALTH & REHABILITATION CENTER,,0,1,1
315013,108.0,94.83247813411079,0.45758095781838515,3.076921693189301,2.0,2.2448979591836737,1.6816326530612247,0.06997084548104955,1.0,,control,6.0,NJ,,BARCLAYS REHABILITATION AND HEALTHCARE CENTER,,0,1,1
315017,574.0,475.2320991253644,0.7855372780140242,3.362836872397992,2.016326530612245,2.5020408163265304,3.091836734693877,0.0,0.0,,control,6.0,NJ,,BERGEN REGIONAL MEDICAL CENTER,,0,0,0
315019,28.0,20.60483965014577,3.158955399530823,6.408956496342634,5.0,5.0,3.746938775510204,0.06997084548104955,1.0,,control,6.0,NJ,,DWELLING PLACE AT ST CLARE'S,,0,1,1
315022,60.0,46.1795335276968,0.8349681966320269,3.8969935159249527,2.7510204081632654,3.7510204081632654,3.9183673469387754,0.0,0.0,,control,6.0,NJ,,PRESBYTERIAN HOME - MEADOW  LAKES,,0,0,0
315029,303.0,215.11204081632653,0.6823278276955875,3.350176246479366,2.773469387755102,3.773469387755102,3.016326530612245,0.0,0.0,,control,6.0,NJ,,DAUGHTERS OF ISRAEL PLEASANT VALLEY HOME,,0,0,0
315036,122.0,100.8265306122449,0.8188422526734833,3.3876296579435254,3.1551020408163266,4.155102040816327,3.836734693877551,0.06997084548104955,1.0,,control,6.0,NJ,,ARBOR GLEN CENTER,,0,1,1
315039,356.0,165.022361516035,0.7331050788119099,4.0230681272781155,2.1285714285714286,3.657142857142857,3.7551020408163263,0.0,0.0,,control,6.0,NJ,,ROOSEVELT CARE CENTER,,0,0,0
315042,189.0,162.69793002915452,0.7383125923569531,4.276572323392376,2.7469387755102037,3.177551020408163,3.3938775510204082,0.06997084548104955,1.0,,control,6.0,NJ,,LINCOLN PARK RENAISSANCE REHAB & NURSING,,0,1,1
315053,102.0,85.64026239067056,0.4492046183248417,3.4128785934410253,4.018367346938776,4.644897959183673,2.3387755102040817,0.06997084548104955,1.0,,control,6.0,NJ,,PINE ACRES CONVALESCENT CENTER,,0,1,1
315054,214.0,139.30915451895044,0.5586493205924379,3.665803464208163,1.0,2.0,3.226530612244898,0.06997084548104955,1.0,,control,6.0,NJ,,OUR LADY'S CENTER FOR REHABILITATION & HC,,0,1,1
315057,113.0,94.03950437317785,1.0286992241055073,4.240748635326568,4.226530612244899,5.0,4.0,0.0,1.0,,control,6.0,NJ,,MERRY HEART NURSING HOME,,0,1,0
315058,116.0,77.70119533527696,0.40904435898436253,3.5006549839440915,3.4,3.3836734693877553,2.357142857142857,0.06997084548104955,1.0,,control,6.0,NJ,,GOLDEN REHABILITATION AND NURSING CENTER,,0,1,1
315060,215.0,175.6987755102041,0.5556461247418476,3.390265984954814,2.373469387755102,3.669387755102041,3.3571428571428568,0.06997084548104955,1.0,,control,6.0,NJ,,ST MARY'S CENTER FOR REHABILITATION & HEALTHCARE,,0,1,1
315061,167.0,112.14463556851312,0.24503725259378734,2.8948936839678763,1.2102040816326531,1.0,1.6428571428571428,0.0,1.0,,control,6.0,NJ,,SOUTH JERSEY EXTENDED CARE,,0,1,0
315064,114.0,93.90542274052478,0.6597899047252169,3.1653009330420026,2.6816326530612242,4.055102040816326,3.193877551020408,0.0,1.0,,control,6.0,NJ,,ASHBROOK CARE & REHABILITATION CENTER,,0,1,0
315066,131.0,115.64533527696793,0.423067528016127,3.2688000782647215,1.7734693877551022,2.4,2.4714285714285715,0.06997084548104955,1.0,,control,6.0,NJ,,STRATFORD MANOR REHABILITATION AND CARE CENTER,,0,1,1
315069,60.0,53.44918367346939,0.4550374855112005,3.1397930061657076,2.836734693877551,2.995918367346939,2.6244897959183673,0.0,1.0,,control,6.0,NJ,,TOWER LODGE CARE CENTER,,0,1,0
315072,100.44314868804665,84.0793002915452,1.1524315133533447,4.354368912209317,4.773469387755102,4.871428571428571,4.308163265306122,0.0,0.0,,control,6.0,NJ,,HEATH VILLAGE,,0,0,0
315087,127.0,89.66416909620992,0.6622254010984276,3.6101502903224985,3.626530612244898,4.09795918367347,3.128571428571429,0.06997084548104955,1.0,,control,6.0,NJ,,CARE ONE AT KING JAMES,,0,1,1
315092,130.0,103.83483965014577,0.8432557601532986,3.5162648932761087,3.8714285714285714,4.871428571428571,3.0,0.06997084548104955,1.0,,control,6.0,NJ,,CARE ONE AT HOLMDEL,,0,1,1
315104,177.0,130.89927113702623,0.5313840298107126,3.4044650927719347,1.4081632653061225,2.4081632653061225,3.7448979591836737,0.0,1.0,,control,6.0,NJ,,CORNELL HALL CARE & REHABILITATION CENTER,,0,1,0
315105,110.0,93.48632653061225,0.4185352156929688,2.899095049810206,3.789795918367347,4.789795918367346,3.03469387755102,0.06997084548104955,1.0,,control,6.0,NJ,,CORAL HARBOR REHABILITATION AND HEALTHCARE CENTER,,0,1,1
315106,102.0,79.70530612244897,0.7025124450939051,3.0100213729595344,1.9857142857142858,3.0469387755102044,2.9489795918367347,0.0,1.0,,control,6.0,NJ,,ELIZABETH NURSING AND REHAB,,0,1,0
315111,126.0,98.23145772594752,0.4974286064830234,3.250778141355038,1.7408163265306122,2.642857142857143,2.6755102040816325,0.06997084548104955,0.6029154518950437,,control,6.0,NJ,,ARCADIA NURSING AND REHAB,,0,1,1
315115,160.0,135.12320699708454,0.38856681904652335,3.487102561051471,2.944897959183674,3.6918367346938776,3.183673469387755,0.06997084548104955,1.0,,control,6.0,NJ,,ATLANTIC COAST REHAB & HEALTH,,0,1,1
315120,108.0,86.10268221574344,0.4485345562129514,3.4644406873238256,2.9020408163265303,4.275510204081632,2.936734693877551,0.06997084548104955,1.0,,control,6.0,NJ,,CHATHAM HILLS SUBACUTE CARE CENTER,,0,1,1
315126,182.0,149.98469387755102,0.5138039582151689,3.3175041166534087,1.7081632653061225,2.0469387755102044,2.871428571428571,0.06997084548104955,1.0,,control,6.0,NJ,,BISHOP MCCARTHY CENTER FOR REHABILITATION & HC,,0,1,1
315129,96.0,79.59518950437317,0.8635341763299587,4.0687397828782865,3.9020408163265303,4.7122448979591836,3.9020408163265303,0.06997084548104955,1.0,,control,6.0,NJ,,DELLRIDGE HEALTH & REHABILITATION CENTER,,0,1,1
315132,122.0,106.17845481049562,1.0233758291002142,3.9481797311253612,3.2693877551020405,4.253061224489796,3.3020408163265307,0.06997084548104955,1.0,,control,6.0,NJ,,CARE ONE AT THE HIGHLANDS,,0,1,1
315133,114.0,80.23341107871721,0.8390088838195768,4.020365211022552,3.210204081632653,4.773469387755102,4.275510204081632,0.06997084548104955,1.0,,control,6.0,NJ,,WOODCLIFF LAKE HEALTH & REHABILITATION CENTER,,0,1,1
315138,130.0,100.75361516034985,0.95220144522898,3.4566489049408653,2.085714285714286,3.330612244897959,4.210204081632654,0.06997084548104955,1.0,,control,6.0,NJ,,TROY HILLS CENTER,,0,1,1
315141,180.0,133.83364431486882,0.4158191337941938,2.995318912953527,1.3734693877551019,2.7469387755102037,2.9530612244897956,0.0,1.0,,control,6.0,NJ,,ABINGDON CARE & REHABILITATION CENTER,,0,1,0
315142,180.0,140.92034985422742,0.6212713272416311,2.9097665415616,1.6571428571428573,1.9020408163265308,3.0183673469387755,0.0,1.0,,control,6.0,NJ,,LLANFAIR HOUSE CARE & REHABILITATION CENTER,,0,1,0
315143,124.0,99.03247813411079,0.6595536507817439,3.4649280814747163,3.8040816326530615,4.112244897959184,3.0816326530612246,0.06997084548104955,1.0,,control,6.0,NJ,,HOLLY MANOR CENTER,,0,1,1
315144,24.0,12.601982507288628,4.051977144793669,8.620460590005118,4.416326530612245,4.681632653061224,4.240816326530613,0.0,0.0,,control,6.0,NJ,,MEDFORD LEAS,,0,0,0
315146,24.0,19.107026239067054,2.731190605311358,6.745757365133759,4.308163265306122,5.0,4.5285714285714285,0.06997084548104955,1.0,,control,6.0,NJ,,CARE CONNECTION RAHWAY,,0,1,1
315149,124.0,96.26367346938775,0.2487522105385387,3.157976367681336,1.746938775510204,2.1204081632653065,1.973469387755102,0.0,1.0,,control,6.0,NJ,,STERLING MANOR,,0,1,0
315152,128.0,106.2901166180758,0.9578235293139722,3.5919974167546425,2.9591836734693877,4.23469387755102,3.3734693877551023,0.06997084548104955,1.0,,control,6.0,NJ,,CARE ONE AT WELLINGTON,,0,1,1
315153,123.0,88.95320699708455,0.8236783647969734,3.9965679075944145,3.593877551020408,4.706122448979592,4.5285714285714285,0.0,0.0,,control,6.0,NJ,,"MANOR, THE",,0,0,0
315158,90.0,69.68081632653062,0.5662753583797471,3.406248563336803,1.7734693877551022,1.9836734693877551,2.610204081632653,0.06997084548104955,1.0,,control,6.0,NJ,,RIDGEWOOD CENTER,,0,1,1
315159,300.0,275.5147813411079,0.43433031507328124,2.843904494110937,2.430612244897959,2.804081632653061,2.5020408163265304,0.06997084548104955,1.0,,control,6.0,NJ,,ELMWOOD HILLS HEALTHCARE CENTER LLC,,0,1,1
315166,264.0,127.95781341107872,1.177316015202793,5.971729984746121,2.83265306122449,4.416326530612245,4.626530612244897,0.0,0.0,,control,6.0,NJ,,MASONIC VILLAGE AT BURLINGTON,,0,0,0
315171,215.0,190.9430029154519,0.5905215306170846,3.422983652956746,3.8040816326530615,4.804081632653061,3.0653061224489795,0.06997084548104955,1.0,,control,6.0,NJ,,OAKLAND REHABILITATION AND HEALTHCARE  CENTER,,0,1,1
315174,240.0,208.2063556851312,0.3991519500940086,2.9993657152446236,1.0,1.583673469387755,2.2448979591836737,0.0,1.0,,control,6.0,NJ,,DEPTFORD CENTER FOR REHABILITATION AND HEALTHCARE,,0,1,0
315176,180.0,102.56294460641399,0.9012168408741964,3.199411382443089,1.7122448979591838,2.648979591836735,3.146938775510204,0.06997084548104955,1.0,,control,6.0,NJ,,MEDFORD CARE CENTER,,0,1,1
315177,178.0,149.76594752186588,0.4138048963856942,2.836689110377291,3.0571428571428574,3.706122448979592,3.2551020408163263,0.0,1.0,,control,6.0,NJ,,GATEWAY CARE CENTER,,0,1,0
315179,120.0,99.20209912536443,0.3640384455474327,4.418161438694519,3.2714285714285714,4.018367346938776,3.3734693877551023,0.06997084548104955,1.0,,control,6.0,NJ,,AUTUMN LAKE HEALTHCARE AT OCEANVIEW,,0,1,1
315180,250.0,216.2672303206997,0.40071192237229003,3.2322997827095468,1.6612244897959183,2.0612244897959187,2.1551020408163266,0.06997084548104955,1.0,,control,6.0,NJ,,ALAMEDA CENTER FOR REHABILITATION AND HEALTHCARE,,0,1,1
315182,150.40437317784256,133.09521865889212,0.9509381030846301,3.9586224284751292,4.128571428571429,4.90204081632653,4.210204081632654,0.0,1.0,,control,6.0,NJ,,BRIDGEWAY CARE AND REHAB CENTER AT BRIDGEWATER,,0,1,0
315183,118.39708454810496,109.88279883381924,0.7052831033132796,3.3810220237574886,1.0,1.336734693877551,3.010204081632653,0.06997084548104955,1.0,,control,6.0,NJ,,PREMIER CADBURY OF CHERRY HILL,,0,1,1
315190,242.0,183.11256559766764,0.4243875883306185,3.507492693530799,3.8591836734693876,3.9571428571428573,3.016326530612245,0.0,1.0,,control,6.0,NJ,,LEISURE CHATEAU REHABILITATION,,0,1,0
315192,120.0,99.8063556851312,0.8392731342407436,3.7818331816197057,3.583673469387755,4.706122448979592,4.7122448979591836,0.06997084548104955,1.0,,control,6.0,NJ,,ALARIS HEALTH AT KEARNY,,0,1,1
315195,130.0,87.433527696793,0.7547417973492047,3.9572989973377135,2.428571428571429,3.2020408163265306,3.789795918367347,0.06997084548104955,1.0,,control,6.0,NJ,,AUTUMN LAKE HEALTHCARE AT BERKELEY HEIGHTS,,0,1,1
315196,165.0,134.54606413994168,0.48414811127028584,3.7793021842562293,3.4306122448979592,4.6755102040816325,2.926530612244898,0.06997084548104955,1.0,,control,6.0,NJ,,ARISTACARE AT MANCHESTER,,0,1,1
315199,121.0,95.15387755102041,0.6114745385916972,3.5317178890028247,3.642857142857143,4.789795918367346,3.9020408163265303,0.0,1.0,,control,6.0,NJ,,IMPERIAL CARE CENTER,,0,1,0
315200,240.0,183.96702623906705,0.37922885180241606,3.6160588348914917,1.8448979591836734,2.7469387755102037,2.7285714285714286,0.06997084548104955,1.0,,control,6.0,NJ,,ARISTACARE AT DELAIRE,,0,1,1
315202,153.0,124.1844606413994,0.8115672167610337,3.3011629671679072,2.853061224489796,3.4081632653061225,2.6530612244897958,0.06997084548104955,1.0,,control,6.0,NJ,,LOPATCONG CENTER,,0,1,1
315204,180.0,140.24685131195335,0.6240582212342298,3.288606508369255,1.0,1.7734693877551022,3.4857142857142858,0.0,1.0,,control,6.0,NJ,,CANTERBURY AT CEDAR GROVE,,0,1,0
315205,120.0,95.4930029154519,0.2765918606451395,3.4421512773854572,2.7142857142857144,3.2979591836734694,1.7551020408163265,0.06997084548104955,1.0,,control,6.0,NJ,,MAJESTIC CENTER FOR REHAB & SUB-ACUTE CARE,,0,1,1
315209,236.02915451895043,199.9569970845481,0.5863392269527047,3.2799937526454737,1.0,1.9020408163265308,3.146938775510204,0.0,1.0,,control,6.0,NJ,,HAMMONTON CENTER FOR REHABILITATION AND HEALTHCARE,,0,1,0
315210,120.0,100.22495626822158,0.45428847744394474,3.5486864022764726,1.3081632653061224,2.1183673469387756,3.183673469387755,0.06997084548104955,1.0,,control,6.0,NJ,,"HEALTH CENTER AT GALLOWAY, THE",,0,1,1
315213,160.82332361516035,138.425889212828,0.45195569390281853,3.1388964226653715,2.8918367346938774,4.16734693877551,2.7469387755102037,0.06997084548104955,1.0,,control,6.0,NJ,,WILLOW SPRINGS REHABILITATION AND HEALTHCARE CTR,,0,1,1
315214,230.0,206.58551020408163,0.4387459903653459,3.360914196806931,2.593877551020408,3.9673469387755103,3.2448979591836733,0.06997084548104955,1.0,,control,6.0,NJ,,ARISTACARE AT CEDAR OAKS,,0,1,1
315215,137.0,112.31749271137026,0.985883316511834,5.292408332390685,3.3734693877551023,4.691836734693878,4.626530612244897,0.0,0.0,,control,6.0,NJ,,GREENWOOD HOUSE HOME FOR THE JEWISH AGED,,0,0,0
315217,120.0,96.36049562682217,0.4133450536720545,3.7015213878927016,3.4,4.644897959183673,3.0183673469387755,0.06997084548104955,1.0,,control,6.0,NJ,,ARISTACARE AT NORWOOD TERRACE,,0,1,1
315222,115.19854227405247,92.67962099125364,0.42740717682652124,3.3017133578850926,2.5020408163265304,2.8448979591836734,2.4551020408163264,0.06997084548104955,1.0,,control,6.0,NJ,,BARNEGAT REHABILITATION AND NURSING CENTER,,0,1,1
315224,120.0,93.87979591836735,0.4176471672868902,3.0108770476997586,1.8448979591836734,1.973469387755102,2.5142857142857142,0.0,1.0,,control,6.0,NJ,,FOREST MANOR HCC,,0,1,0
315226,185.0,161.45174927113703,0.6428773107802576,3.7404235568482314,2.7387755102040816,3.7387755102040816,3.4367346938775514,0.06997084548104955,1.0,,control,6.0,NJ,,HUNTERDON CARE CENTER,,0,1,1
315228,120.0,96.06393586005831,0.6002208168593125,3.496510514923673,3.189795918367347,4.4,3.4551020408163264,0.06997084548104955,1.0,,control,6.0,NJ,,COURT HOUSE CENTER,,0,1,1
315233,188.01457725947523,156.07014577259474,0.4871028098204708,3.981807792016924,2.3183673469387753,2.804081632653061,3.210204081632653,0.06997084548104955,1.0,,control,6.0,NJ,,LINCOLN SPECIALTY CARE CENTER,,0,1,1
315236,430.0,331.886472303207,0.29359389809059,3.094068034023108,1.0979591836734692,1.9020408163265308,1.853061224489796,0.06997084548104955,1.0,,control,6.0,NJ,,SINAI POST ACUTE NURSING AND REHAB CENTER,,0,1,1
315237,152.0,115.68769679300291,0.4665196405934201,3.989119304314775,2.3183673469387753,3.8653061224489798,3.773469387755102,0.06997084548104955,1.0,,control,6.0,NJ,,SOUTHGATE HEALTH CARE CTR,,0,1,1
315239,46.2798833819242,44.126501457725944,2.4088321100837478,6.815417023024331,3.2612244897959184,4.661224489795918,4.4714285714285715,0.0,0.0,,control,6.0,NJ,,CHILDRENS SPECIALIZED HOSPITAL MOUNTAINSIDE,,0,0,0
315243,167.0,139.8163556851312,0.6431568279733896,3.5732405393880704,1.416326530612245,2.0,3.3387755102040817,0.06997084548104955,1.0,,control,6.0,NJ,,MILLVILLE CENTER,,0,1,1
315245,120.0,105.18326530612245,0.35471925350251193,3.568414424862401,1.3734693877551019,2.7469387755102037,2.7469387755102037,0.06997084548104955,1.0,,control,6.0,NJ,,ARISTACARE AT CHERRY HILL,,0,1,1
315249,547.0,482.3599125364432,0.561104418788748,3.0471136583227,2.9020408163265303,4.302040816326531,3.5285714285714285,0.06997084548104955,1.0,,control,6.0,NJ,,LINCOLN PARK CARE CENTER,,0,1,1
315253,120.0,98.93046647230321,1.3029235585229064,5.051339460944385,4.153061224489796,5.0,4.789795918367346,0.0,0.0,,control,6.0,NJ,,PARKER AT MCCARRICK,,0,0,0
315260,197.6466472303207,182.56793002915452,0.3434520565600505,3.141547104953651,3.13265306122449,3.112244897959184,2.389795918367347,0.06997084548104955,1.0,,control,6.0,NJ,,ASPEN HILLS HEALTHCARE CENTER,,0,1,1
315262,68.0,56.83994169096211,0.757310183974361,3.766343583640655,3.626530612244898,5.0,3.887755102040816,0.0,0.0,,control,6.0,NJ,,HARROGATE,,0,0,0
315263,165.0,151.4016326530612,0.26173276638077014,2.2907993661652237,1.746938775510204,2.4938775510204083,2.7469387755102037,0.0,1.0,,control,6.0,NJ,,"PALACE REHABILITATION AND CARE CENTER, THE",,0,1,0
315265,182.1137026239067,125.49758017492712,0.5417916297852541,3.54904389606469,3.0,4.183673469387755,2.993877551020408,0.06997084548104955,1.0,,control,6.0,NJ,,"GREEN ACRES REHAB AND NURSING, LLC",,0,1,1
315266,190.0,161.25513119533528,0.5505169823880489,3.557509928203305,3.4,4.4,2.810204081632653,0.06997084548104955,1.0,,control,6.0,NJ,,PARK CRESCENT HEALTHCARE & REHABILITATION CENTER,,0,1,1
315267,188.0,164.7685422740525,0.3964613438886508,2.913406995918943,3.33265306122449,4.608163265306123,3.0653061224489795,0.0,1.0,,control,6.0,NJ,,ABIGAIL HOUSE FOR NURSING & REHABILITATION LLC,,0,1,0
315271,161.0,127.61186588921282,0.2978250272542185,3.8397696990905796,2.4,3.6755102040816325,3.224489795918367,0.06997084548104955,1.0,,control,6.0,NJ,,CARNEYS POINT REHABILITATION AND NURSING CENTER,,0,1,1
315274,180.0,90.11743440233236,0.7455850325344622,3.541144545466711,2.583673469387755,3.3020408163265307,3.4,0.06997084548104955,1.0,,control,6.0,NJ,,LAURELTON VILLAGE CARE CENTER,,0,1,1
315275,120.0,97.95355685131196,0.4562828478259241,3.4766706708596793,4.583673469387755,4.7122448979591836,2.773469387755102,0.0,1.0,,control,6.0,NJ,,CONCORD HEALTHCARE & REHABILITATION CENTER,,0,1,0
315280,254.01457725947523,174.12536443148687,0.8324987424996944,3.7549429889741814,1.0,1.0,3.2439024390243905,0.0,1.0,,control,6.0,NJ,,SILVER HEALTHCARE CENTER,,0,1,0
315283,195.0,163.57620991253646,0.9104807158030177,3.9121324314594146,3.626530612244898,5.0,3.789795918367347,0.06997084548104955,1.0,,control,6.0,NJ,,SOUTH MOUNTAIN HC,,0,1,1
315289,119.0,106.38008746355686,2.5229342788283313,6.45085496976909,2.4571428571428573,3.4571428571428573,4.373469387755103,0.06997084548104955,1.0,,control,6.0,NJ,,VOORHEES PEDIATRIC FACILITY,,0,1,1
315290,240.0,191.77702623906708,0.6042749518335038,3.21203010249652,2.330612244897959,3.330612244897959,3.146938775510204,0.0,1.0,,control,6.0,NJ,,"BUCKINGHAM AT NORWOOD, THE",,0,1,0
315291,170.0,128.5099416909621,0.6167900847289622,2.9342466942371392,2.4591836734693877,2.961224489795918,2.8816326530612244,0.0,1.0,,control,6.0,NJ,,ATRIUM POST ACUTE CARE OF WAYNEVIEW,,0,1,0
315292,60.0,44.556239067055394,0.9481491500607739,4.571891576322992,4.253061224489796,5.0,4.418367346938775,0.0,0.0,,control,6.0,NJ,,APPLEWOOD ESTATES,,0,0,0
315294,180.0,104.19927113702624,0.43832310847614825,4.203071131536303,1.2938775510204081,2.0979591836734697,2.887755102040816,0.0,0.0,,control,6.0,NJ,,CREST HAVEN NURSING AND REHABILITATION CENTER,,0,0,0
315298,64.0,49.95052478134111,0.4989894273709118,3.5636260812634015,3.9571428571428573,4.357142857142858,3.0979591836734697,0.06997084548104955,0.0,,control,6.0,NJ,,CRESTWOOD MANOR,,0,0,1
315299,120.0,97.82431486880466,0.37977685467833816,2.897056069458448,2.5142857142857142,2.6122448979591835,2.9857142857142858,0.0,1.0,,control,6.0,NJ,,KING MANOR CARE AND REHABILITATION CENTER,,0,1,0
315300,260.0,179.5997084548105,0.9662635500740319,3.7732641528974398,3.210204081632653,4.583673469387755,3.9081632653061225,0.0,1.0,,control,6.0,NJ,,ALARIS HEALTH AT HAMILTON PARK,,0,1,0
315302,67.0,56.29,0.6422039416052086,3.797182786511711,3.8714285714285714,4.871428571428571,3.416326530612245,0.06997084548104955,1.0,,control,6.0,NJ,,ROLLING HILLS CARE CENTER,,0,1,1
315304,180.0,97.10072886297377,0.4520221318480608,2.862409183384655,1.3081632653061224,1.3081632653061224,2.416326530612245,0.0,1.0,,control,6.0,NJ,,WARREN HAVEN REHAB AND NURSING CENTER,,0,1,0
315306,236.0,191.69489795918366,0.6637271947045726,3.138576239492194,2.3183673469387753,2.7489795918367346,2.1857142857142855,0.06997084548104955,1.0,,control,6.0,NJ,,CARE ONE AT NEW MILFORD,,0,1,1
315309,180.0,140.4150728862974,0.4483374026338358,3.45529961670818,3.5244897959183676,4.142857142857142,2.8081632653061224,0.06997084548104955,1.0,,control,6.0,NJ,,ARISTACARE AT WHITING,,0,1,1
315312,204.0,176.46871720116619,0.4961003737037266,3.3769190212097255,3.789795918367347,4.789795918367346,2.773469387755102,0.06997084548104955,1.0,,control,6.0,NJ,,HAMPTON RIDGE HEALTHCARE AND REHABILITATION,,0,1,1
315313,111.21311953352769,85.03440233236151,1.129695650077277,4.078863818909545,4.90204081632653,4.90204081632653,3.8102040816326532,0.06997084548104955,1.0,,control,6.0,NJ,,CARE ONE AT CRESSKILL,,0,1,1
315318,51.0,43.40790087463557,0.8440107062225157,4.432109381964392,3.8183673469387758,4.320408163265306,4.061224489795919,0.0,0.0,,control,6.0,NJ,,"ST JOSEPH'S HOME AL & NC, INC",,0,0,0
315322,136.41166180758017,96.45160349854228,1.2696923530610438,4.568378076485796,4.626530612244897,5.0,4.681632653061224,0.0,1.0,,control,6.0,NJ,,INGLEMOOR REHABILITATION AND CARE CENTER OF LIVING,,0,1,0
315324,215.0,133.06425655976676,0.43424808223573685,3.8403239937437323,2.9285714285714284,3.4306122448979592,3.4367346938775514,0.0,1.0,,control,6.0,NJ,,WATERS EDGE HEALTHCARE & REHAB,,0,1,0
315327,123.0,100.05326530612246,0.40037772090233725,3.044609388604994,2.889795918367347,3.571428571428571,3.3734693877551023,0.0,1.0,,control,6.0,NJ,,FOUNTAIN VIEW CARE CENTER,,0,1,0
315328,159.39708454810494,123.07702623906707,1.0623222249475683,3.368944493116489,3.0,4.4,3.626530612244898,0.06997084548104955,1.0,,control,6.0,NJ,,MAPLE GLEN CENTER,,0,1,1
315331,180.0,135.3737609329446,0.6894184061199456,3.1579258047804295,1.3734693877551019,2.4387755102040813,3.3734693877551023,0.06997084548104955,1.0,,control,6.0,NJ,,COMPLETE CARE AT PASSAIC COUNTY,,0,1,1
315332,136.0,105.8397084548105,0.6036927067276723,3.45968280866248,2.336734693877551,3.228571428571428,3.210204081632653,0.06997084548104955,1.0,,control,6.0,NJ,,SOUTHERN OCEAN CENTER,,0,1,1
315335,209.0,153.26979591836735,0.7354578399878965,3.449056706189212,2.648979591836735,3.7408163265306125,3.46530612244898,0.0,1.0,,control,6.0,NJ,,ATRIUM POST ACUTE CARE OF WAYNE,,0,1,0
315336,136.0,92.31373177842565,0.9795183769356938,4.108552371941109,2.593877551020408,4.495918367346939,4.789795918367346,0.0,1.0,,control,6.0,NJ,,"GARDENS AT MONROE HEALTHCARE AND REHABILITATION, T",,0,1,0
315337,74.0,68.11466472303206,0.6926508427504461,4.364205608710012,3.853061224489796,5.0,4.626530612244897,0.0,0.0,,control,6.0,NJ,,MCAULEY HALL HEALTH CARE CENTE,,0,0,0
315339,154.0,117.45495626822157,0.8167989696736851,3.814992258740973,2.26734693877551,3.4571428571428573,3.189795918367347,0.06997084548104955,1.0,,control,6.0,NJ,,CARE ONE AT ORADELL,,0,1,1
315340,151.0,122.402944606414,0.6281358639442196,3.560420066903718,2.7469387755102037,2.977551020408163,2.683673469387755,0.0,0.0,,control,6.0,NJ,,SEASHORE GARDENS LIVING CENTER,,0,0,0
315343,78.0,62.96437317784257,0.8924936595391288,3.76314729670447,4.804081632653061,5.0,4.661224489795918,0.0,0.0,,control,6.0,NJ,,BROADWAY HOUSE FOR CONTINUING,,0,0,0
315346,336.0,265.837055393586,1.0767725016162357,4.324681823096138,1.6020408163265305,2.3755102040816327,4.112244897959184,0.0,0.0,,control,6.0,NJ,,N J VETERANS MEM HOME PARAMUS,,0,0,0
315347,66.0,50.87887755102041,0.537545396482219,3.3664830511018353,4.189795918367347,4.626530612244897,2.4428571428571426,0.0,0.178134110787172,,control,6.0,NJ,,HAMILTON PLACE AT THE PINES AT WHITING,,0,0,0
315348,120.0,96.77460641399416,0.5487850093192894,3.4807729791102733,3.9204081632653063,4.546938775510204,3.4857142857142858,0.06997084548104955,1.0,,control,6.0,NJ,,HEALTH CENTER AT BLOOMINGDALE,,0,1,1
315350,120.0,94.95897959183674,0.5459691525023285,3.2961842869060387,3.8040816326530615,4.014285714285714,2.983673469387755,0.06997084548104955,1.0,,control,6.0,NJ,,NORTH CAPE CENTER,,0,1,1
315352,188.0,160.1242857142857,1.1153027245141676,4.549869646963291,1.779591836734694,3.1530612244897958,3.6,0.0,1.0,,control,6.0,NJ,,ALARIS HEALTH AT ST MARY'S,,0,1,0
315353,154.0,113.84349854227406,0.6133184366939086,3.5407375717588447,3.1122448979591835,3.5285714285714285,3.4,0.06997084548104955,1.0,,control,6.0,NJ,,CRANBURY CENTER,,0,1,1
315354,60.0,47.36160349854227,0.8720744520536781,4.365178227267819,4.042857142857143,5.0,4.485714285714286,0.0,1.0,,control,6.0,NJ,,SUNNYSIDE MANOR,,0,1,0
315356,54.90962099125365,45.920903790087465,1.8250590112356,5.306370534255745,5.0,5.0,4.90204081632653,0.0,0.0,,control,6.0,NJ,,SKILLED NURSING AT FELLOWSHIP VILLAGE,,0,0,0
315357,230.0,172.42244897959185,1.0299245791773237,4.0292182565291315,3.33265306122449,4.706122448979592,4.308163265306122,0.06997084548104955,1.0,,control,6.0,NJ,,ALARIS HEALTH AT CEDAR GROVE,,0,1,1
315358,180.0,134.44725947521866,0.5425555095924128,3.7066711845650047,2.7469387755102037,2.8448979591836734,3.3244897959183675,0.0,0.0,,control,6.0,NJ,,MEADOWVIEW NURSING AND REHABILITATION CENTER,,0,0,0
315360,155.0,127.49947521865889,0.8087608109814222,3.662138997304518,5.0,5.0,3.7877551020408164,0.0,1.0,,control,6.0,NJ,,EMERSON HEALTH CARE CENTER,,0,1,0
315361,406.0,319.0948396501458,1.0170509412576159,4.576155536750639,1.3081632653061224,2.3081632653061224,5.0,0.0,0.0,,control,6.0,NJ,,PREAKNESS HEALTHCARE CENTER,,0,0,0
315364,158.0,136.14413994169095,0.7178494251255487,3.374645611019773,3.330612244897959,4.038775510204082,3.646938775510204,0.06997084548104955,1.0,,control,6.0,NJ,,JERSEY SHORE CENTER,,0,1,1
315366,120.0,93.29236151603499,1.520856218373795,4.11343250594363,2.8469387755102042,4.030612244897959,3.6612244897959183,0.06997084548104955,1.0,,control,6.0,NJ,,ALARIS HEALTH AT BELGROVE,,0,1,1
315367,265.0,197.43314868804666,0.6218017702231273,3.2786837589743163,3.314285714285714,4.271428571428572,3.183673469387755,0.0,1.0,,control,6.0,NJ,,REGENCY HERITAGE NURSING AND REHABILITATION CENTER,,0,1,0
315369,118.46064139941691,94.62475218658892,1.1106555254138692,3.8427061215604907,4.0,5.0,4.0653061224489795,0.06997084548104955,1.0,,control,6.0,NJ,,CARE ONE AT VALLEY,,0,1,1
315374,32.0,27.198396501457722,0.6041718656265831,3.9925410407847037,2.8489795918367347,3.757142857142857,4.246938775510204,0.0,0.0,,control,6.0,NJ,,DE LA SALLE HALL,,0,0,0
315376,298.0,268.6924781341108,0.9080158098389914,3.676650141489817,3.502040816326531,4.502040816326531,3.6,0.0,0.0,,control,6.0,NJ,,CHRISTIAN HEALTH CARE CENTER,,0,0,0
315377,102.03644314868805,90.87214285714285,0.7460467080594233,4.252601572930192,3.9346938775510205,5.0,3.836734693877551,0.0,0.0,,control,6.0,NJ,,"ACTORS FUND HOME, THE",,0,0,0
315378,123.43352769679299,90.46329446064141,0.5437178812845903,3.4939254761532936,2.6816326530612242,3.3081632653061224,2.871428571428571,0.06997084548104955,1.0,,control,6.0,NJ,,HOMESTEAD REHABILITATION & HEALTH CARE CENTER,,0,1,1
315381,120.0,97.8935860058309,0.47940898669879367,3.5335832145047616,4.5285714285714285,4.90204081632653,2.9795918367346936,0.06997084548104955,1.0,,control,6.0,NJ,,SUMMER HILL NURSING HOME,,0,1,1
315383,35.0,33.4532361516035,1.1555424692990068,7.724460999719394,4.271428571428572,4.742857142857143,4.295918367346939,0.0,0.0,,control,6.0,NJ,,CHESHIRE HOME,,0,0,0
315384,112.0,84.62332361516034,0.4121430341572768,3.0455471654683555,2.8918367346938774,3.573469387755102,2.7469387755102037,0.0,1.0,,control,6.0,NJ,,ROSE MOUNTAIN CARE CENTER,,0,1,0
315392,40.0,38.75373177842565,1.5480514041135238,6.248360800911033,4.416326530612245,4.789795918367346,4.789795918367346,0.0,0.0,,control,6.0,NJ,,JOB HAINES HOME FOR AGED PEOPL,,0,0,0
315393,180.0,62.60146258503402,0.7793056236563686,5.617125386209171,2.146341463414634,3.2560975609756095,4.024390243902438,0.0,0.08163265306122448,,control,6.0,NJ,,NEW COMMUNITY EXTENDED CARE FACILITY,,0,0,0
315394,60.0,49.2230029154519,1.5842310408736935,4.431362635425005,3.928571428571429,4.626530612244897,4.253061224489796,0.0,0.0,,control,6.0,NJ,,UNITED METHODIST COMMUNITIES AT THE SHORES,,0,0,0
315397,135.0,114.18061224489796,0.5175924872338549,3.2844992215038986,3.1408163265306124,4.416326530612245,3.146938775510204,0.06997084548104955,1.0,,control,6.0,NJ,,PREFERRED CARE AT WALL,,0,1,1
315404,60.0,48.65381924198251,1.646373151021998,4.732531145909389,4.0,5.0,4.626530612244897,0.0,0.0,,control,6.0,NJ,,UNITED METHODIST COMMUNITIES AT COLLINGSWOOD,,0,0,0
315405,60.19854227405248,52.07291545189504,0.4673558011023994,3.753131707869307,3.773469387755102,5.0,3.4530612244897956,0.0,0.0,,control,6.0,NJ,,SHADY LANE GLOUCESTER CO HOME,,0,0,0
315409,31.595626822157435,21.4734110787172,0.7901157961802188,4.072610532077903,3.3734693877551023,3.685714285714286,3.0306122448979593,0.0,1.0,,control,6.0,NJ,,VALLEY VIEW REHABILITATION AND HEALTHCARE CTR,,0,1,0
315413,120.0,105.16518950437317,0.9283684413568324,3.736628549760036,3.1632653061224487,4.244897959183673,4.014285714285714,0.0,0.0,,control,6.0,NJ,,PEACE CARE ST ANN'S,,0,0,0
315416,77.0,53.097376093294464,0.9012158952054224,4.855331340850704,3.7387755102040816,4.773469387755102,4.051020408163265,0.0,0.0,,control,6.0,NJ,,GREEN HILL,,0,0,0
315417,108.0,91.24448979591835,1.3537961398160756,4.214125845499634,4.373469387755103,5.0,4.626530612244897,0.0,0.0,,control,6.0,NJ,,REFORMED CHURCH HOME,,0,0,0
315418,75.07084548104956,54.23116618075802,1.7664628952007297,4.905553000964613,3.648979591836735,4.404081632653061,4.626530612244897,0.0,0.0,,control,6.0,NJ,,WILEY MISSION,,0,0,0
315419,82.0,69.78367346938775,0.7014116925411544,4.3804686616661765,3.416326530612245,5.0,4.416326530612245,0.0,0.0,,control,6.0,NJ,,N J EASTERN STAR HOME,,0,0,0
315421,127.20583090379009,112.84055393586007,0.557790365171093,3.6361155651156842,4.373469387755103,4.90204081632653,2.987755102040816,0.0,1.0,,control,6.0,NJ,,ROSE GARDEN NURSING AND REHABILITATION CENTER,,0,1,0
315423,218.0,180.6842857142857,0.5301051278321605,3.147226387744306,1.0,1.836734693877551,3.0,0.06997084548104955,1.0,,control,6.0,NJ,,"HAMILTON GROVE HEALTHCARE AND REHABILITATION, LLC",,0,1,1
315425,200.0,147.132361516035,0.7321644497695725,4.069116795213551,1.746938775510204,3.1204081632653065,4.09795918367347,0.0,1.0,,control,6.0,NJ,,FOOTHILL ACRES REHABILITATION & NURSING CENTER,,0,1,0
315426,110.0,86.4669970845481,1.214989140479117,4.188528262837334,4.681632653061224,5.0,3.3734693877551023,0.06997084548104955,1.0,,control,6.0,NJ,,CARE ONE AT RIDGEWOOD AVENUE,,0,1,1
315427,72.0,62.59857142857143,1.3825560635769147,3.8645082899211616,3.9020408163265303,5.0,4.253061224489796,0.0,0.0,,control,6.0,NJ,,UNITED METHODIST COMMUNITIES AT PITMAN,,0,0,0
315433,130.0,104.10405247813412,0.6929833256237476,3.5714180617173445,2.773469387755102,4.259183673469388,3.3571428571428568,0.0,1.0,,control,6.0,NJ,,COUNTRY ARCH CARE CENTER,,0,1,0
315437,123.0,88.19399416909621,0.4615479022738306,3.2509111745860837,1.436734693877551,1.7551020408163265,1.9510204081632652,0.0,1.0,,control,6.0,NJ,,LAUREL BAY HEALTH & REHABILITATION CENTER,,0,1,0
315438,210.0,139.11568513119533,0.7818733202873445,3.3186789712815843,1.6122448979591837,2.6734693877551017,3.26734693877551,0.0,1.0,,control,6.0,NJ,,ATRIUM POST ACUTE CARE OF PARK RIDGE,,0,1,0
315439,60.0,48.0930029154519,1.704106229333784,4.612180442351129,3.226530612244898,3.9020408163265303,3.73265306122449,0.0,0.0,,control,6.0,NJ,,UNITED METHODIST COMMUNITIES AT BRISTOL GLEN,,0,0,0
315442,123.13002915451895,104.53580174927113,0.7075675445971137,3.433083601234774,2.2714285714285714,3.024489795918367,3.377551020408163,0.0,0.0,,control,6.0,NJ,,TRINITAS HOSPITAL,,0,0,0
315443,24.80874635568513,21.6401749271137,2.6741657864110304,6.168164644424172,4.210204081632654,5.0,5.0,0.0,0.0,,control,6.0,NJ,,CHILDRENS SPECIALIZED HOSPITAL TOMS RIVER,,0,0,0
315449,120.0,98.90787172011662,1.1860221421716917,4.159316721824405,2.173469387755102,3.9469387755102043,4.0,0.06997084548104955,1.0,,control,6.0,NJ,,ALARIS HEALTH AT WEST ORANGE,,0,1,1
315452,139.0,110.38475218658893,0.8340167826243194,4.046599601916822,2.263265306122449,3.473469387755102,4.318367346938776,0.0,0.0,,control,6.0,NJ,,PEACE CARE ST JOSEPH'S,,0,0,0
315453,180.0,134.09125364431486,0.39942234726379716,3.4927056353967254,2.173469387755102,2.8346938775510204,2.3183673469387753,0.06997084548104955,1.0,,control,6.0,NJ,,SHORROCK GARDENS CARE CENTER,,0,1,1
315457,61.75218658892128,35.492915451895044,1.0796041961055236,5.361088245829984,4.16734693877551,4.485714285714286,3.5816326530612246,0.0,0.0,,control,6.0,NJ,,LUTHERAN SOCIAL MINISTRIES CRA,,0,0,0
315459,328.0,249.95612244897958,0.8782127742750294,4.608966187274546,1.3734693877551019,2.373469387755102,4.626530612244897,0.0,0.0,,control,6.0,NJ,,NEW JERSEY VETERANS MEMORIAL HOME MENLO,,0,0,0
315462,180.0,158.79967930029153,0.41864450933118547,2.7832810138292774,3.0979591836734697,3.9081632653061225,2.5020408163265304,0.0,1.0,,control,6.0,NJ,,TALLWOODS CARE CENTER,,0,1,0
315464,144.0,111.94349854227406,0.7647565489923228,3.675998040951346,1.3244897959183675,1.9244897959183673,3.2755102040816326,0.06997084548104955,1.0,,control,6.0,NJ,,CARE ONE AT EVESHAM,,0,1,1
315467,36.0,27.89061224489796,0.4519450088335122,2.8404101954868715,3.693877551020408,3.504081632653061,1.9183673469387754,0.0,1.0,,control,6.0,NJ,,LITTLE BROOK NURSING AND CONVALESCENT HOME,,0,1,0
315468,118.0,85.24134110787173,0.7714456965175274,3.5343250590597175,1.8714285714285714,3.1163265306122447,3.2551020408163263,0.06997084548104955,1.0,,control,6.0,NJ,,CARE ONE AT MORRIS,,0,1,1
315469,86.0,68.08594752186588,0.8241050027615167,4.321300579448501,2.6979591836734693,3.8448979591836734,4.583673469387755,0.06997084548104955,0.0,,control,6.0,NJ,,CONTINUING CARE AT SEABROOK,,0,0,1
315471,30.0,25.6265306122449,0.8447453754144171,4.229089040203231,4.318367346938776,4.691836734693878,4.459183673469388,0.0,0.0,,control,6.0,NJ,,ST CATHERINE OF SIENA,,0,0,0
315472,132.0,100.80361516034986,0.8448121341616158,4.01770976997652,4.4367346938775505,5.0,3.6918367346938776,0.06997084548104955,1.0,,control,6.0,NJ,,CARE ONE AT EAST BRUNSWICK,,0,1,1
315473,180.0,163.50548104956266,0.9947900432734987,4.962259419357972,3.3734693877551023,5.0,4.789795918367346,0.0,0.0,,control,6.0,NJ,,JEWISH HOME AT ROCKLEIGH,,0,0,0
315477,73.0,59.52125364431487,1.4357825410363623,4.381976830971457,3.351020408163265,4.626530612244897,4.0653061224489795,0.06997084548104955,1.0,,control,6.0,NJ,,CARE ONE AT WAYNE - SNF,,0,1,1
315479,109.67580174927113,67.64638483965015,0.7498911032605334,4.132619073424069,2.0979591836734697,3.4714285714285715,3.2918367346938777,0.06997084548104955,1.0,,control,6.0,NJ,,CARE ONE AT LIVINGSTON,,0,1,1
315482,65.0,59.03451895043732,1.5987567709689312,4.619943843800084,3.183673469387755,4.357142857142858,4.373469387755103,0.06997084548104955,1.0,,control,6.0,NJ,,CARE ONE AT MOORESTOWN,,0,1,1
315483,128.0,103.4397667638484,0.3348123698547314,3.0986394791725402,2.773469387755102,2.773469387755102,1.2551020408163267,0.0,1.0,,control,6.0,NJ,,PLAZA HEALTHCARE & REHABILITATION CENTER,,0,1,0
315485,138.0,102.76930029154519,0.9437947347093065,3.898250684198074,3.7918367346938777,4.418367346938775,3.773469387755102,0.06997084548104955,1.0,,control,6.0,NJ,,CARE ONE AT WALL,,0,1,1
315486,48.01457725947522,34.59157434402333,1.286637216057536,4.583423830778535,2.3469387755102042,3.444897959183674,5.0,0.06997084548104955,0.0,,control,6.0,NJ,,STONEBRIDGE AT MONTGOMERY HEALTH CARE CENTER,,0,0,1
315487,100.0,83.45778425655976,0.6022676719481119,3.52764692660705,3.1551020408163266,4.155102040816327,2.416326530612245,0.06997084548104955,1.0,,control,6.0,NJ,,PREFERRED CARE AT MERCER,,0,1,1
315488,178.0,101.48230320699707,0.916366818380991,4.119410414957308,2.1959183673469385,3.630612244897959,3.6918367346938776,0.06997084548104955,1.0,,control,6.0,NJ,,CARE ONE AT MADISON AVENUE,,0,1,1
315490,25.0,16.082886297376092,4.20572612297358,6.315853168068698,3.8,4.810204081632653,5.0,0.0,0.0,,control,6.0,NJ,,COMMUNITY MEDICAL CENTER TCU,,0,0,0
315491,113.0,104.857055393586,0.8437248848697894,4.189015373486743,3.0979591836734697,4.871428571428571,4.09795918367347,0.06997084548104955,0.0,,control,6.0,NJ,,CEDAR CREST/MOUNTAINVIEW GARDENS,,0,0,1
315494,85.45481049562682,84.69683673469387,2.1893367310858647,5.959212005481944,3.8469387755102042,4.90204081632653,4.438775510204081,0.06997084548104955,1.0,,control,6.0,NJ,,ALARIS HEALTH AT THE CHATEAU,,0,1,1
315496,300.0,274.14005830903795,0.948948761904862,4.508069016767003,3.1551020408163266,4.155102040816327,5.0,0.0,0.0,,control,6.0,NJ,,NEW JERSEY VETERANS MEMORIAL VINELAND,,0,0,0
315499,110.0,94.60574344023324,1.0861060171732184,4.621254662538382,2.810204081632653,4.4714285714285715,4.871428571428571,0.0,0.0,,control,6.0,NJ,,LIONS GATE,,0,0,0
315502,128.0,93.67548104956268,1.1868317389788783,4.301089476907646,2.9142857142857146,3.7510204081632654,3.1551020408163266,0.06997084548104955,1.0,,control,6.0,NJ,,CARE ONE AT TEANECK,,0,1,1
315503,186.0,152.15862973760932,0.5130401347780376,3.3313119254622303,3.585714285714286,4.057142857142857,2.6918367346938776,0.06997084548104955,1.0,,control,6.0,NJ,,ROYAL SUITES HEALTH CARE & REHABILITATION,,0,1,1
315504,151.0,113.97801749271137,0.681168790282014,3.4455129922200807,3.706122448979592,4.706122448979592,3.3734693877551023,0.0,1.0,,control,6.0,NJ,,WEDGWOOD GARDENS CARE CENTER,,0,1,0
315507,68.0,68.41425170068027,1.1338709713717747,4.345806423741175,3.2346938775510203,3.9530612244897956,3.377551020408163,0.06997084548104955,1.0,,control,6.0,NJ,,"BARNERT SUBACUTE REHABILITATION CENTER, LLC",,0,1,1
315509,180.0,164.88489795918366,0.6457412024671491,3.862245538363727,1.7346938775510203,2.524489795918367,3.6,0.0,0.0,,control,6.0,NJ,,ROOSEVELT CARE CENTER AT OLD BRIDGE,,0,0,0
315510,126.0,114.48172011661808,1.166754706570268,4.680548684431503,2.4938775510204083,2.9918367346938775,4.6755102040816325,0.0,1.0,,control,6.0,NJ,,BRIDGEWAY CARE AND REHAB CENTER AT HILLSBOROUGH,,0,1,0
315511,94.0,59.09661807580174,0.9046170251904356,4.146034676238118,3.026530612244898,3.963265306122449,3.593877551020408,0.06997084548104955,1.0,,control,6.0,NJ,,CARE ONE AT HANOVER TOWNSHIP,,0,1,1
315512,15.0,9.831078717201166,5.757283847901446,8.313646828932654,4.318367346938776,5.0,5.0,0.0,1.0,,control,6.0,NJ,,HOBOKEN UNIVERSITY MEDICAL CENTER TCU,,0,1,0
315515,43.0,37.24297376093294,1.0566951858337073,4.55406298231957,3.3734693877551023,4.691836734693878,5.0,0.06997084548104955,0.0,,control,6.0,NJ,,"ATRIUM AT NAVESINK HARBOR, THE",,0,0,1
315516,139.0,109.64766763848397,0.5398482174894109,3.932564980392922,2.5632653061224486,3.8591836734693876,3.583673469387755,0.06997084548104955,1.0,,control,6.0,NJ,,ADVANCED SUBACUTE REHABILITATION CENTER AT SEWELL,,0,1,1
315518,180.0,153.19615160349855,0.5992399433072715,3.429149689943008,2.7959183673469385,3.3959183673469386,3.177551020408163,0.0,1.0,,control,6.0,NJ,,"VENETIAN CARE & REHABILITATION CENTER, THE",,0,1,0
315520,148.0,105.39172011661807,0.4564106980612157,3.399086217718885,2.475510204081633,2.6653061224489796,2.5142857142857142,0.0,1.0,,control,6.0,NJ,,SOMERSET WOODS REHABILITATION & NURSING CENTER,,0,1,0
315523,40.0,31.02700680272109,1.698494638889922,5.895898928502172,4.341463414634146,5.0,4.804878048780488,0.06997084548104955,0.0,,control,6.0,NJ,,,,0,0,1
315524,220.0,140.91625850340137,0.6139157203571318,3.570012231551798,2.6951219512195124,3.695121951219512,2.3048780487804876,0.08163265306122448,1.0,,control,6.0,NJ,,LAUREL BROOK REHABILITATION AND HEALTHCARE CENTER,,0,1,1
315527,30.0,15.669148936170213,3.0784414826024227,7.3714783584092345,2.6463414634146343,4.646341463414634,5.0,0.08163265306122448,0.0,,control,6.0,NJ,,WINCHESTER GARDENS HEALTH CARE CENTER,,0,0,1
315529,86.0,42.421951219512195,1.4192604357958865,5.400787132387716,3.0,5.0,5.0,0.0,1.0,,control,4.0,NJ,,SYCAMORE LIVING AT EAST HANOVER,,0,1,0
345001,77.14965986394557,69.04758503401361,0.9460199532044089,5.796444913356002,4.341463414634146,4.341463414634146,4.341463414634146,0.0,1.0,,control,6.0,NC,,HILLCREST CONVALESCENT CENTER,,0,1,0
345002,90.0,77.64218658892128,0.5064634209053198,3.1760241357981642,3.226530612244898,3.3081632653061224,1.7734693877551022,0.06997084548104955,1.0,,control,6.0,NC,,CYPRESS POINTE REHABILITATION CENTER,,0,1,1
345003,90.0,72.13104956268222,0.4711178119034603,3.577288270258504,2.9877551020408166,3.1979591836734693,1.7244897959183674,0.06997084548104955,0.7825072886297376,,control,6.0,NC,,SILAS CREEK REHABILITATION CENTER,,0,1,1
345004,56.0,53.502536443148685,0.7032498077589604,3.3690902857629204,1.3551020408163266,1.1285714285714286,2.010204081632653,0.06997084548104955,0.9300291545189504,,control,6.0,NC,,PERSON MEMORIAL HOSPITAL,,0,1,1
345013,140.21486880466472,121.26903790087462,0.4018980378761648,3.4932253615722506,1.5489795918367348,1.5183673469387755,2.146938775510204,0.0,1.0,,control,6.0,NC,,PEAK RESOURCES - CHARLOTTE,,0,1,0
345015,96.0,87.03413994169097,0.39113937577035696,3.8951582693299747,2.1346938775510202,2.4530612244897956,2.810204081632653,0.0,1.0,,control,6.0,NC,,CLAPP'S CONVALESCENT NURSING HOME INC,,0,1,0
345024,114.02915451895043,97.44250728862974,0.4697005374222737,3.667069118024922,3.853061224489796,4.226530612244899,2.373469387755102,0.0,1.0,,control,6.0,NC,,CLAPPS NURSING CENTER INC,,0,1,0
345026,168.09620991253644,134.51335276967927,0.2787229885586724,3.1276746801974826,1.9897959183673468,1.9897959183673468,1.9367346938775512,0.06997084548104955,1.0,,control,6.0,NC,,ROYAL PARK REHAB & HEALTH CTR OF MATTHEWS,,0,1,1
345039,125.60349854227405,79.05069970845481,0.25825525859323073,3.4034279668521643,1.0,1.0,1.0,0.06997084548104955,1.0,,control,6.0,NC,,SUMMERSTONE HEALTH AND REHABILITATION CENTER,,0,1,1
345044,176.0,115.79518950437317,0.6640282861242153,4.182908647333643,1.6816326530612247,2.4551020408163264,3.1551020408163266,0.06997084548104955,0.0,,control,6.0,NC,,ST JOSEPH OF THE PINES HEALTH CENTER,,0,0,1
345048,97.0,87.840583090379,0.4067396533759172,3.525184811005894,3.626530612244898,3.928571428571429,2.2755102040816326,0.06997084548104955,1.0,,control,6.0,NC,,MOUNTAIN RIDGE HEALTH AND REHAB,,0,1,1
345049,157.0,112.82274052478134,0.295605933063797,3.5864454634544427,1.6265306122448981,1.3387755102040815,1.583673469387755,0.06997084548104955,1.0,,control,6.0,NC,,RALEIGH REHABILITATION CENTER,,0,1,1
345050,170.0,135.04997084548106,0.31109748850225216,3.4750124922108663,2.4346938775510205,1.2877551020408162,1.3551020408163266,0.06997084548104955,1.0,,control,6.0,NC,,JACOB'S CREEK NURSING AND REHABILITATION CENTER,,0,1,1
345051,95.0,84.85918367346939,0.4104784141439751,3.4046302712065035,1.9510204081632652,2.1408163265306124,1.7551020408163265,0.06997084548104955,1.0,,control,6.0,NC,,ANSON HEALTH AND REHABILITATION,,0,1,1
345053,96.0,76.66903790087464,0.45064092887791296,3.4661409950903854,3.055102040816326,3.4857142857142858,2.6755102040816325,0.06997084548104955,1.0,,control,6.0,NC,,PETTIGREW REHABILITATION CENTER,,0,1,1
345061,125.0,106.12285714285714,0.4588841442039187,3.1091651392438013,1.3183673469387753,1.3183673469387753,2.2755102040816326,0.06997084548104955,1.0,,control,6.0,NC,,PRUITTHEALTH-DURHAM,,0,1,1
345072,120.0,79.25615160349855,0.41759010909318495,3.205426851421278,4.0,3.5285714285714285,1.5285714285714287,0.06997084548104955,1.0,,control,6.0,NC,,CAROLINA RIVERS NURSING AND REHABILITATION CENTER,,0,1,1
345077,95.0,80.82950437317784,0.4565371114494441,3.4892311869578125,2.26734693877551,2.493877551020408,2.295918367346939,0.06997084548104955,1.0,,control,6.0,NC,,SUNNYBROOK REHABILITATION CENTER,,0,1,1
345078,60.0,45.68166180758018,1.2219988827045882,5.311582182700442,4.210204081632654,4.90204081632653,4.608163265306123,0.0,0.0,,control,6.0,NC,,HIGHLAND FARMS,,0,0,0
345088,117.0,103.30002915451895,0.49988089004634595,4.119989992461708,2.9346938775510205,2.7081632653061223,3.2877551020408164,0.06997084548104955,0.0,,control,6.0,NC,,TRINITY GLEN,,0,0,1
345091,96.34110787172011,57.64513119533528,1.1026792513612476,4.982246206600685,3.3816326530612244,4.253061224489796,4.626530612244897,0.0,0.0,,control,6.0,NC,,EDGEWOOD PLACE AT THE VILLAGE AT BROOKWOOD,,0,0,0
345093,115.0,104.69641399416909,0.6336000852376761,4.42616702553531,5.0,5.0,4.540816326530612,0.0,0.0,,control,6.0,NC,,MARYFIELD NURSING HOME,,0,0,0
345095,99.0,84.37116618075802,0.4666989212753631,3.9353753223741332,2.0795918367346937,1.663265306122449,1.616326530612245,0.0,1.0,,control,6.0,NC,,CHATHAM NURSING & REHABILITATION,,0,1,0
345104,60.0,54.38110787172011,0.47876372491159114,3.614951504621832,3.9020408163265303,4.302040816326531,2.1897959183673468,0.06997084548104955,1.0,,control,6.0,NC,,ZEBULON REHABILITATION CENTER,,0,1,1
345106,120.0,109.6391253644315,0.5146535674144624,3.864421931502368,4.0,4.6204081632653065,2.3795918367346935,0.06997084548104955,0.0,,control,6.0,NC,,TRINITY RIDGE,,0,0,1
345109,76.0,70.30603498542274,0.687844129593637,4.134643880674643,1.8224489795918368,2.5755102040816324,3.789795918367347,0.0,0.0,,control,6.0,NC,,TRINITY PLACE,,0,0,0
345110,90.0,79.75737609329445,0.5867314356906989,3.7698448295888136,4.626530612244897,4.626530612244897,2.6265306122448977,0.06997084548104955,1.0,,control,6.0,NC,,AUTUMN CARE OF WAYNESVILLE,,0,1,1
345111,50.0,40.74049562682216,0.5918535490815383,4.9528950299449965,1.6265306122448981,1.7081632653061225,3.626530612244898,0.0,0.21749271137026238,,control,6.0,NC,,PENICK VILLAGE,,0,0,0
345113,200.0,161.95160349854228,0.5421971428947374,3.628162629869843,2.0,1.6265306122448981,2.1244897959183673,0.06997084548104955,1.0,,control,6.0,NC,,WILLOW CREEK NURSING AND REHABILITATION CENTER,,0,1,1
345119,140.0,122.93810495626822,0.4391091775652963,3.4844223734145663,1.0979591836734692,1.0979591836734692,1.816326530612245,0.06997084548104955,1.0,,control,6.0,NC,,NORTHCHASE NURSING AND REHABILITATION CENTER,,0,1,1
345123,58.0,47.106297376093295,1.5983086042530383,5.447118765668611,4.210204081632654,5.0,5.0,0.0,0.19854227405247812,,control,6.0,NC,,CAROLINA VILLAGE INC,,0,0,0
345124,100.0,90.77775510204081,0.6908742886261303,3.3724208235664754,2.9571428571428573,3.540816326530612,2.1897959183673468,0.06997084548104955,1.0,,control,6.0,NC,,PRUITTHEALTH-ELKIN,,0,1,1
345126,150.0,110.96002915451895,0.4286509710260744,3.0706793833125516,1.8,1.8,1.7387755102040816,0.06997084548104955,1.0,,control,6.0,NC,,MOUNT OLIVE CENTER,,0,1,1
345127,70.0,58.32,0.692732565705031,4.5061255320771165,4.6,4.789795918367346,3.8714285714285714,0.06997084548104955,1.0,,control,6.0,NC,,WHITE OAK MANOR - TRYON,,0,1,1
345132,120.0,70.22481049562683,0.43927325936754935,3.477884028618111,1.416326530612245,1.4775510204081632,1.7081632653061225,0.06997084548104955,0.7825072886297376,,control,6.0,NC,,GREENHAVEN HEALTH AND REHABILITATION CENTER,,0,1,1
345137,100.0,80.17822157434404,0.4424074867190547,3.6413167574005874,3.020408163265306,2.3387755102040817,2.0653061224489795,0.06997084548104955,0.7825072886297376,,control,6.0,NC,,SOUTH VILLAGE,,0,1,1
345138,120.0,90.76883381924199,0.28828881870769574,3.0015902620691053,2.16734693877551,1.583673469387755,1.0,0.06997084548104955,1.0,,control,6.0,NC,,LENOIR HEALTHCARE CENTER,,0,1,1
345142,207.0,155.54466472303207,0.3111763346108323,2.9071616700975933,1.6428571428571428,1.2265306122448978,1.2102040816326531,0.06997084548104955,1.0,,control,6.0,NC,,UNIVERSITY PLACE NURSING AND REHABILITATION CENTER,,0,1,1
345143,150.0,123.44279883381924,0.3959019204018288,3.101648450848147,1.7734693877551022,1.4,1.836734693877551,0.06997084548104955,1.0,,control,6.0,NC,,SILER CITY CENTER,,0,1,1
345144,140.0,109.24492711370263,0.48902981588697836,3.2300518587328577,1.0,1.0,2.583673469387755,0.06997084548104955,1.0,,control,6.0,NC,,PINE RIDGE HEALTH AND REHABILITATION CENTER,,0,1,1
345146,180.0,124.82527696793004,0.5103718769358392,3.187831244222758,1.4714285714285713,1.1897959183673468,1.8673469387755102,0.06997084548104955,1.0,,control,6.0,NC,,BETHANY WOODS NURSING AND REHABILITATION CENTER,,0,1,1
345148,44.01457725947522,43.03883381924198,0.8260473134389004,4.812103470838638,4.226530612244899,5.0,4.877551020408163,0.0,0.0,,control,6.0,NC,,FRIENDS HOMES AT GUILFORD,,0,0,0
345151,154.0,126.72536443148688,0.4583897863037334,3.528164867279045,3.497959183673469,3.855102040816327,2.357142857142857,0.06997084548104955,1.0,,control,6.0,NC,,WHITE OAK MANOR - KINGS MOUNTAIN,,0,1,1
345152,82.55743440233236,95.18650145772594,0.9365831307298553,5.212886139480531,3.626530612244898,4.210204081632654,4.0,0.06997084548104955,0.0,,control,6.0,NC,,TRINITY VILLAGE,,0,0,1
345153,115.0,105.13586005830905,0.8257795151289191,3.7794163847766464,3.6,4.312244897959184,3.540816326530612,0.06997084548104955,0.0,,control,6.0,NC,,TRINITY OAKS,,0,0,1
345156,175.0,114.8369387755102,0.5195145630995528,3.0846870889962044,3.4306122448979592,3.8040816326530615,2.436734693877551,0.06997084548104955,1.0,,control,6.0,NC,,HARMONY HALL NURSING AND REHABILITATION CENTER,,0,1,1
345159,120.0,92.28355685131196,0.5034501207714572,3.469683704966162,3.226530612244898,3.8102040816326532,1.8714285714285714,0.06997084548104955,1.0,,control,6.0,NC,,LINCOLNTON REHABILITATION CENTER,,0,1,1
345160,111.8600583090379,104.86379008746354,0.45174946382385595,4.725940966296394,3.330612244897959,3.940816326530612,3.5,0.0,0.1271137026239067,,control,6.0,NC,,DAVIS HEALTH CARE CENTER,,0,0,0
345161,174.0,146.59787172011661,0.8336133603070546,4.160899597520943,4.0,4.90204081632653,4.0,0.0,0.0,,control,6.0,NC,,ABERNETHY LAURELS,,0,0,0
345162,118.0,79.06131195335277,0.5460311870147718,3.340439178062062,2.4,2.610204081632653,2.6816326530612242,0.06997084548104955,1.0,,control,6.0,NC,,GASTONIA CARE AND REHABILITATION,,0,1,1
345164,130.0,83.33553935860058,0.3340214408318043,3.211940166712279,2.6816326530612242,2.2714285714285714,1.610204081632653,0.06997084548104955,0.7825072886297376,,control,6.0,NC,,CHOWAN RIVER NURSING AND REHABILITATION CENTER,,0,1,1
345165,110.0,96.50233236151604,0.7261592063616918,3.443969302079222,3.4,3.589795918367347,3.0979591836734697,0.06997084548104955,1.0,,control,6.0,NC,,AUTUMN CARE OF MARION,,0,1,1
345170,92.0,85.63816326530612,0.488201068263334,3.649651877733566,4.626530612244897,5.0,2.1285714285714286,0.06997084548104955,1.0,,control,6.0,NC,,CRYSTAL BLUFFS REHABILITATION AND HEALTH CARE CENT,,0,1,1
345171,160.0,116.7762390670554,0.4197885209924107,3.6436659252501835,2.4857142857142858,2.4857142857142858,1.6918367346938776,0.06997084548104955,1.0,,control,6.0,NC,,WHITE OAK MANOR - SHELBY,,0,1,1
345172,199.0,158.23857142857142,0.45112040836672335,3.1587474393709627,1.2265306122448978,1.0,1.4,0.06997084548104955,1.0,,control,6.0,NC,,MERIDIAN CENTER,,0,1,1
345173,80.71224489795918,83.63690962099126,0.3531819417611258,3.3359338342635265,3.4367346938775514,3.210204081632653,1.4,0.06997084548104955,1.0,,control,6.0,NC,,EMERALD HEALTH & REHAB CENTER,,0,1,1
345175,138.0,134.0625364431487,0.5628240954120858,3.538409868711849,2.5510204081632653,2.5510204081632653,2.6265306122448977,0.0,1.0,,control,6.0,NC,,SMITHFIELD MANOR NURSING AND REHAB,,0,1,0
345180,62.0,53.94002915451895,0.509187911398779,4.649624312087339,3.0,3.4551020408163264,3.4244897959183676,0.0,0.0,,control,6.0,NC,,WESLEY PINES RETIREMENT COMM,,0,0,0
345181,120.0,102.85615160349855,0.3973302930760747,3.436552579760556,1.6265306122448981,1.2877551020408162,1.4979591836734696,0.06997084548104955,1.0,,control,6.0,NC,,UNIVERSAL HEALTH CARE / GREENVILLE,,0,1,1
345182,104.0,56.27241982507289,0.6879698682369626,3.0401710328880416,4.497959183673469,4.497959183673469,2.355102040816327,0.06997084548104955,1.0,,control,6.0,NC,,PRUITTHEALTH-SEALEVEL,,0,1,1
345183,120.0,90.27880466472304,0.3426587180775579,3.0910660632343303,1.3734693877551019,1.0,1.2265306122448978,0.06997084548104955,1.0,,control,6.0,NC,,UNIVERSAL HEALTH CARE & REHAB,,0,1,1
345185,127.0,76.6271720116618,0.4048944451973213,3.3846107576680273,2.973469387755102,2.7469387755102037,2.373469387755102,0.0,1.0,,control,6.0,NC,,PREMIER LIVING AND REHAB CENTER,,0,1,0
345193,120.0,80.82163265306122,0.757043811919378,3.1579776018717753,2.416326530612245,2.477551020408163,2.816326530612245,0.0,1.0,,control,6.0,NC,,MOUNTAIN VIEW MANOR NURSING CE,,0,1,0
345194,52.0,42.907638483965016,0.4511252267552464,4.48529913692398,3.4714285714285715,3.2448979591836733,3.0102040816326534,0.0,0.26443148688046647,,control,6.0,NC,,GLENFLORA,,0,0,0
345196,60.0,54.3566472303207,0.8329913698210138,4.518118938266323,5.0,5.0,3.8102040816326532,0.0,0.1271137026239067,,control,6.0,NC,,MOUNTAIN VISTA HEALTH PARK,,0,0,0
345198,120.0,99.8721088435374,1.432957058876121,4.657020206258911,5.0,5.0,4.7073170731707314,0.0,0.0,,control,6.0,NC,,ASTON PARK HEALTH CARE CENTER,,0,0,0
345199,30.0,19.83291545189504,2.0796115879359958,6.954165528012808,3.6,5.0,5.0,0.0,0.0,,control,6.0,NC,,CAROL WOODS,,0,0,0
345201,120.0,92.1531195335277,0.38625535161188396,3.244250567759956,1.3183673469387753,1.1897959183673468,1.7734693877551022,0.06997084548104955,1.0,,control,6.0,NC,,COMPLETE CARE AT CHARLOTTE,,0,1,1
345202,125.0,93.65425655976676,0.3485402181678947,3.106578975985364,3.055102040816326,3.6183673469387756,2.7469387755102037,0.06997084548104955,1.0,,control,6.0,NC,,CAPITAL NURSING AND REHABILITATION CENTER,,0,1,1
345203,118.0,76.03032069970845,0.4563395776701048,3.3770603637121015,3.626530612244898,4.0,2.9571428571428573,0.06997084548104955,1.0,,control,6.0,NC,,LIFE CARE CENTER OF BANNER ELK,,0,1,1
345204,120.0,98.06116618075802,0.4461680063277482,3.132943196304967,4.4,4.773469387755102,1.7734693877551022,0.06997084548104955,1.0,,control,6.0,NC,,STONECREEK HEALTH AND REHABILITATION,,0,1,1
345205,176.0,124.0063556851312,0.7589390452232556,3.1434673338646197,2.5183673469387755,2.793877551020408,2.6755102040816325,0.06997084548104955,1.0,,control,6.0,NC,,WESTWOOD HILLS NURSING AND REHABILITATION CENTER,,0,1,1
345206,100.0,89.83326530612244,0.7871267570206821,3.0733449313582453,2.8979591836734695,3.8979591836734695,2.0,0.06997084548104955,1.0,,control,6.0,NC,,MADISON HEALTH AND REHABILITATION,,0,1,1
345207,107.0,90.92396501457726,0.4074419774294398,3.595708559817731,2.5469387755102044,2.5469387755102044,2.4551020408163264,0.06997084548104955,1.0,,control,6.0,NC,,LIBERTY COMMONS N&R CTR OF COLUMBUS CTY,,0,1,1
345209,39.06122448979592,31.790204081632652,0.7798895965985758,5.491260057489546,4.0,4.0,3.3536585365853657,0.0,0.0,,control,6.0,NC,,BROOKRIDGE RETIREMENT COMMUNITY,,0,0,0
345211,105.0,86.09183673469387,0.5673115399289836,3.3506738637598095,3.746938775510204,4.146938775510204,2.436734693877551,0.06997084548104955,1.0,,control,6.0,NC,,RIVERPOINT CREST NURSING AND REHABILITATION CENTER,,0,1,1
345212,85.0,73.98530612244897,0.3681862213135771,3.2783563568029077,4.253061224489796,3.5244897959183676,1.4979591836734696,0.0,1.0,,control,6.0,NC,,BETHESDA HEALTH CARE FACILITY,,0,1,0
345213,129.0,107.59991253644314,0.272738367654488,3.5441105367289967,1.4714285714285713,1.746938775510204,2.1204081632653065,0.06997084548104955,1.0,,control,6.0,NC,,UNIVERSAL HEALTH CARE LILLINGTON,,0,1,1
345215,140.0,119.9234693877551,0.50108634722303,3.2070718964293583,2.773469387755102,2.773469387755102,2.583673469387755,0.06997084548104955,1.0,,control,6.0,NC,,RIVER TRACE NURSING AND REHABILITATION CENTER,,0,1,1
345216,83.0,67.35857142857142,0.4268964012109784,3.305496345797878,2.0979591836734697,2.5530612244897957,2.8285714285714283,0.06997084548104955,1.0,,control,6.0,NC,,WESTFIELD REHABILITATION AND HEALTH CENTER,,0,1,1
345217,239.0,140.65221574344025,0.3461577833125151,3.317122763410313,1.0,1.0,1.6265306122448981,0.06997084548104955,1.0,,control,6.0,NC,,PREMIER NURSING AND REHABILITATION CENTER,,0,1,1
345218,212.0,104.71935860058308,0.35656961302204454,3.2392213498226052,1.6265306122448981,1.5285714285714287,1.7183673469387757,0.06997084548104955,1.0,,control,6.0,NC,,MARY GRAN NURSING CENTER,,0,1,1
345219,121.0,48.23431486880466,0.5939137186503036,2.997657779435732,1.3244897959183675,1.1959183673469387,2.644897959183673,0.06997084548104955,1.0,,control,6.0,NC,,MAGNOLIA LANE NURSING AND REHABILITATION CENTER,,0,1,1
345222,100.0,82.4791836734694,0.712205636694844,3.9098371579294278,2.5999999999999996,3.1020408163265305,2.773469387755102,0.06997084548104955,1.0,,control,6.0,NC,,AUTUMN CARE OF DREXEL,,0,1,1
345225,108.0,82.04460641399416,0.45413101971817443,3.3819020489426093,1.7040816326530612,1.7040816326530612,2.3183673469387753,0.06997084548104955,1.0,,control,6.0,NC,,SIGNATURE HEALTHCARE OF CHAPEL HILL,,0,1,1
345226,126.0,74.08422740524782,0.8139686284546217,3.2204632176621804,2.6734693877551017,2.836734693877551,3.2448979591836733,0.06997084548104955,1.0,,control,6.0,NC,,PEAK RESOURCES-OUTER BANKS,,0,1,1
345229,100.0,79.28096209912536,0.4257700070728998,3.246463314437044,2.9183673469387754,3.36734693877551,2.4489795918367347,0.06997084548104955,1.0,,control,6.0,NC,,PEAK RESOURCES - SHELBY,,0,1,1
345235,100.64139941690962,90.5471720116618,0.8705085299326163,4.528512635283853,3.497959183673469,4.497959183673469,4.497959183673469,0.0,0.1271137026239067,,control,6.0,NC,,TWIN LAKES COMMUNITY,,0,0,0
345237,165.0,136.74498542274054,0.32285286508953437,3.633940628019202,1.4714285714285713,1.2102040816326531,1.5285714285714287,0.06997084548104955,1.0,,control,6.0,NC,,BARBOUR COURT NURSING AND REHABILITATION CENTER,,0,1,1
345238,180.0,139.4262390670554,0.47363027205466846,3.5482393381578663,3.016326530612245,3.1142857142857143,2.342857142857143,0.06997084548104955,1.0,,control,6.0,NC,,WHITE OAK MANOR - CHARLOTTE,,0,1,1
345245,43.0,33.43973760932945,1.0382354816675825,5.004335340859306,4.90204081632653,5.0,4.646341463414634,0.0,0.0,,control,6.0,NC,,PENDER MEMORIAL HOSP SNF,,0,0,0
345246,120.0,110.57209912536442,0.5107767910721969,3.1337909806433966,2.9224489795918367,3.316326530612245,2.183673469387755,0.06997084548104955,1.0,,control,6.0,NC,,HICKORY FALLS HEALTH AND REHABILITATION,,0,1,1
345253,50.0,44.02874635568513,1.0630950198228684,3.5287195998444076,3.944897959183674,4.626530612244897,3.4306122448979592,0.06997084548104955,1.0,,control,6.0,NC,,THE LODGE AT MILLS RIVER,,0,1,1
345254,147.0,109.7731778425656,0.37440365800633335,3.536636276857938,3.520408163265306,3.7408163265306125,2.2755102040816326,0.06997084548104955,1.0,,control,6.0,NC,,MONROE REHABILITATION CENTER,,0,1,1
345258,107.0,86.56259475218658,0.3574301066965339,3.195927095375142,1.3183673469387753,1.5448979591836736,2.0769230769230766,0.06997084548104955,1.0,,control,6.0,NC,,TRANSITIONAL HEALTH SERVICES OF KANNAPOLIS,,0,1,1
345260,117.0,101.35655976676384,0.3284561573195809,3.6010767795838854,2.3795918367346935,1.5081632653061225,1.0,0.06997084548104955,1.0,,control,6.0,NC,,ROCKY MOUNT REHABILITATION CENTER,,0,1,1
345263,200.0,72.90233236151603,0.8484666218927488,3.5407282830607976,2.4326530612244897,2.3346938775510204,2.2408163265306125,0.06997084548104955,1.0,,control,6.0,NC,,MACON VALLEY NURSING AND REHABILITATION CENTER,,0,1,1
345264,97.25189504373178,84.5943537414966,0.7000937491266148,4.449693756805418,2.7142857142857144,3.585714285714286,2.736734693877551,0.0,0.0,,control,6.0,NC,,STANLEY TOTAL LIVING CENTER,,0,0,0
345268,110.0,91.90274052478134,0.5549343272464009,3.2013953571245786,2.804081632653061,2.3020408163265307,1.9959183673469387,0.06997084548104955,1.0,,control,6.0,NC,,AUTUMN CARE OF MARSHVILLE,,0,1,1
345269,97.0,90.04685131195335,0.47821268871611095,3.4252670367843328,3.0755102040816324,2.9224489795918367,1.9285714285714286,0.06997084548104955,1.0,,control,6.0,NC,,AUTUMN CARE OF SALISBURY,,0,1,1
345273,23.0,20.689125364431487,1.453154233418533,6.686959439759526,5.0,4.773469387755102,3.3469387755102042,0.06997084548104955,1.0,,control,6.0,NC,,KINDRED HOSPITAL EAST GREENSBORO,,0,1,1
345278,33.0,31.13644314868805,0.8122993743177243,3.982080188132439,3.0857142857142854,2.8959183673469386,3.073469387755102,0.0,0.0,,control,6.0,NC,,NORTHERN SURRY SNF,,0,0,0
345280,132.0,110.77189504373177,0.3883876427770794,3.2549153321918776,1.9510204081632652,1.920408163265306,1.4979591836734696,0.06997084548104955,1.0,,control,6.0,NC,,AUTUMN CARE OF RAEFORD,,0,1,1
345283,128.80874635568512,105.82801749271137,0.43528126726924987,3.6274904788807842,1.746938775510204,1.3734693877551019,1.4979591836734696,0.06997084548104955,1.0,,control,6.0,NC,,MOORESVILLE CENTER,,0,1,1
345284,138.94169096209913,103.80886297376092,0.30035828276541965,3.153069539830785,1.2265306122448978,1.4714285714285713,1.0979591836734692,0.06997084548104955,1.0,,control,6.0,NC,,THE OAKS,,0,1,1
345291,160.0,125.61084548104955,0.3249069119928836,3.1867762344926307,2.071428571428571,1.5693877551020408,1.3081632653061224,0.06997084548104955,1.0,,control,6.0,NC,,UNIVERSAL HEALTH CARE / OXFORD,,0,1,1
345292,96.0,70.55842565597668,0.5533749200358262,3.024003966055399,3.1632653061224487,3.3183673469387758,1.7551020408163265,0.06997084548104955,1.0,,control,6.0,NC,,GRANTSBROOK NURSING AND REHABILITATION CENTER,,0,1,1
345293,105.0,85.4231778425656,0.4399410543960729,3.425504168264213,1.0,1.0,1.7081632653061225,0.06997084548104955,1.0,,control,6.0,NC,,RICHMOND PINES HEALTHCARE AND REHABILITATION CENTE,,0,1,1
345294,105.95626822157435,96.92781341107872,0.5041724935408911,3.2902332919194217,3.2755102040816326,2.773469387755102,1.6877551020408164,0.06997084548104955,1.0,,control,6.0,NC,,AUTUMN CARE OF SHALLOTTE,,0,1,1
345296,210.0,113.61921282798833,0.5558501085611689,3.4890434424564805,2.5142857142857142,2.416326530612245,2.6,0.0,1.0,,control,6.0,NC,,MARGATE HEALTH AND REHAB CENTER,,0,1,0
345297,58.0,49.97688046647231,0.83956655469637,5.6976532191411815,4.210204081632654,4.416326530612245,4.626530612244897,0.0,0.0,,control,6.0,NC,,SCOTIA VILLAGE-SNF,,0,0,0
345301,160.0,117.31632653061224,0.4424890889875482,4.17503440371781,2.973469387755102,3.4591836734693877,2.8857142857142857,0.06997084548104955,1.0,,control,6.0,NC,,WHITE OAK MANOR - BURLINGTON,,0,1,1
345303,98.0,86.21562682215743,0.7213529740531939,3.3755776724809152,2.5142857142857142,3.3081632653061224,2.983673469387755,0.06997084548104955,1.0,,control,6.0,NC,,THE LAURELS OF GREENTREE RIDGE,,0,1,1
345306,48.0,41.9431778425656,2.381426953227481,6.118002647588155,3.506122448979592,3.879591836734694,4.369387755102041,0.0,0.0,,control,6.0,NC,,IREDELL MEMORIAL HOSPITAL INC,,0,0,0
345309,50.0,40.239620991253645,0.4963037034426707,3.4623793264210425,2.7510204081632654,2.524489795918367,1.693877551020408,0.06997084548104955,1.0,,control,6.0,NC,,LIBERTY COMMONS NSG AND REHAB CTR OF HALIFAX CTY,,0,1,1
345310,109.23498542274052,87.23163265306123,0.6911174476433055,4.9776317292520815,4.0,4.626530612244897,4.226530612244899,0.0,0.0,,control,6.0,NC,,PIEDMONT CROSSING,,0,0,0
345313,80.0,60.01443148688047,0.3830928970239005,3.3803208516940613,3.026530612244898,2.757142857142857,2.330612244897959,0.06997084548104955,1.0,,control,6.0,NC,,NORTHAMPTON NURSING AND REHABILITATION CENTER,,0,1,1
345314,100.0,83.0504081632653,0.38924197157677104,3.8765552936582153,1.853061224489796,2.497959183673469,2.6,0.0,1.0,,control,6.0,NC,,"FAIR HAVEN OF FOREST CITY, LLC",,0,1,0
345318,175.0,101.96063829787234,0.30179145140781527,2.542794547602594,2.3076923076923075,1.3076923076923075,0.9999999999999999,0.0,1.0,,control,5.0,NC,,BRUNSWICK COVE NURSING CENTER,,0,1,0
345319,80.0,74.54483965014578,0.42296268711392127,3.071901676853222,3.773469387755102,3.5122448979591834,1.5285714285714287,0.0,1.0,,control,6.0,NC,,ELDERBERRY HEALTH CARE,,0,1,0
345321,92.0,80.29568513119533,0.5800969775864817,3.7902601147558466,3.5285714285714285,3.5285714285714285,2.583673469387755,0.06997084548104955,1.0,,control,6.0,NC,,KERR LAKE NURSING AND REHABILITATION CENTER,,0,1,1
345322,100.0,85.30865889212828,0.6063301137491589,3.7277218756524593,3.583673469387755,4.4,3.3020408163265307,0.06997084548104955,1.0,,control,6.0,NC,,THE LAURELS OF HENDERSONVILLE,,0,1,1
345326,15.839650145772595,11.165655976676383,1.4673092057242574,5.60769361811637,4.497959183673469,5.0,4.226530612244899,0.06997084548104955,0.0,,control,6.0,NC,,WILLOWBROOKE COURT SC CTR AT PLANTATION ESTATES,,0,0,1
345328,71.92244897959183,60.284868804664725,0.9667865366724598,4.507687094458381,3.583673469387755,4.485714285714286,4.418367346938775,0.0,0.0,,control,6.0,NC,,GIVENS HEALTH CENTER,,0,0,0
345330,128.0,100.21306122448979,0.3554491244875174,3.6501342628132347,2.2816326530612248,2.2816326530612248,2.2816326530612248,0.0,1.0,,control,6.0,NC,,THE GRAYBRIER NURS & RETIREMENT CT,,0,1,0
345333,64.0,60.40845481049563,0.6133462365104358,3.35710796816723,2.7469387755102037,3.083673469387755,2.173469387755102,0.06997084548104955,1.0,,control,6.0,NC,,ABBOTTS CREEK CENTER,,0,1,1
345335,166.0,117.74457725947522,0.5294962225540402,3.4738167361119063,3.3734693877551023,3.3734693877551023,3.0306122448979593,0.06997084548104955,1.0,,control,6.0,NC,,FRANKLIN OAKS NURSING AND REHABILITATION CENTER,,0,1,1
345336,108.0,87.41816326530612,0.46398944155081356,3.4286139532316673,1.8918367346938776,1.2102040816326531,1.610204081632653,0.06997084548104955,1.0,,control,6.0,NC,,SIGNATURE HEALTHCARE OF ROANOKE RAPIDS,,0,1,1
345337,126.32419825072887,113.06918367346938,0.5532863002401625,3.492473468284328,3.9183673469387754,4.0653061224489795,2.5469387755102044,0.06997084548104955,1.0,,control,6.0,NC,,"PEAK RESOURCES - ALAMANCE, INC",,0,1,1
345341,131.0,114.55355685131195,0.8953049031039588,3.860078964411764,4.33265306122449,4.804081632653061,3.2448979591836733,0.0,1.0,,control,6.0,NC,,SILVER BLUFF INC,,0,1,0
345342,50.0,42.409183673469386,0.5282324795854947,4.4020642010800195,3.4,3.8536585365853657,3.3414634146341466,0.0,0.06997084548104955,,control,6.0,NC,,BIG ELM RETIREMENT AND NURSING CENTERS,,0,0,0
345343,130.0,107.21309037900875,0.5057032214076815,3.787109109953979,3.0428571428571427,2.8591836734693876,1.816326530612245,0.06997084548104955,1.0,,control,6.0,NC,,BRIAN CENTER HEALTH AND REHABILITATION/GOLDSBORO,,0,1,1
345348,86.0,72.88644314868804,0.4079116146653987,4.1364060750429354,3.626530612244898,4.210204081632654,2.373469387755102,0.06997084548104955,1.0,,control,6.0,NC,,WHISPERING PINES NURSING & REHAB CENTER,,0,1,1
345349,112.0,103.85743440233236,0.5670850613108845,4.065460456113219,3.9020408163265303,3.9020408163265303,3.020408163265306,0.06997084548104955,1.0,,control,6.0,NC,,WOODBURY WELLNESS CENTER INC,,0,1,1
345350,77.0,69.85221574344024,0.5285814623720062,4.060446837818519,3.626530612244898,4.583673469387755,3.6224489795918364,0.0,0.0,,control,6.0,NC,,COURTLAND TERRACE,,0,0,0
345351,99.0,73.13067055393586,0.6050733730237041,3.2003668219615307,2.810204081632653,2.810204081632653,1.4,0.06997084548104955,1.0,,control,6.0,NC,,AUTUMN CARE OF SALUDA,,0,1,1
345354,92.0,66.62597667638484,0.5757087584974746,3.509369287877819,1.9673469387755103,2.095918367346939,2.773469387755102,0.06997084548104955,1.0,,control,6.0,NC,,PINEY GROVE NURSING AND REHABILITATION CENTER,,0,1,1
345355,80.0,59.25446064139942,0.6973561481917602,3.170443809363454,3.626530612244898,3.626530612244898,2.6265306122448977,0.0,1.0,,control,6.0,NC,,GRAHAM HEALTHCARE AND REHABILITATION CENTER,,0,1,0
345357,110.0,91.73361516034986,0.5950916309688788,3.069142051071618,2.146938775510204,2.146938775510204,2.210204081632653,0.06997084548104955,1.0,,control,6.0,NC,,PRUITTHEALTH-NEUSE,,0,1,1
345365,107.58833819241983,86.32344023323616,0.5415659986950604,3.366224288229204,3.5306122448979593,3.157142857142857,1.610204081632653,0.06997084548104955,1.0,,control,6.0,NC,,SIGNATURE HEALTHCARE OF KINSTON,,0,1,1
345366,115.0,95.89507288629738,0.42683530521814206,3.4000439247357437,3.2755102040816326,3.0489795918367344,1.7734693877551022,0.06997084548104955,1.0,,control,6.0,NC,,GREENDALE FOREST NURSING AND REHABILITATION CENTER,,0,1,1
345367,58.0,45.24084548104956,0.24063126460884182,2.6012815693107276,3.2877551020408164,2.416326530612245,1.1897959183673468,0.06997084548104955,1.0,,control,6.0,NC,,GOLDEN YEARS NURSING HOME,,0,1,1
345369,120.0,105.47606413994168,0.8774692085982229,3.980885581433029,3.944897959183674,4.338775510204082,4.014285714285714,0.0,0.0,,control,6.0,NC,,REX REHAB & NSG CARE CENTER,,0,0,0
345371,116.0,98.95673469387756,0.5148324797922675,3.295005445558381,2.520408163265306,2.5632653061224486,2.3816326530612244,0.06997084548104955,1.0,,control,6.0,NC,,PRUITTHEALTH-TRENT,,0,1,1
345372,95.0,85.03991253644315,0.4280615597332121,4.011004457952337,3.793877551020408,4.16734693877551,2.4204081632653063,0.06997084548104955,1.0,,control,6.0,NC,,WILSON PINES NURSING AND REHABILITATION CENTER,,0,1,1
345377,130.0,77.06527696793002,0.5334502961625407,3.5720445074191707,2.16734693877551,1.3536585365853657,2.4615384615384612,0.0,0.8728862973760932,,control,6.0,NC,,EAST CAROLINA REHAB AND WELLNESS,,0,1,0
345378,119.60291545189504,80.06956268221575,0.4768845216002057,3.004411885346565,1.3734693877551019,1.3734693877551019,2.146938775510204,0.06997084548104955,1.0,,control,6.0,NC,,PRUITTHEALTH-ROCKINGHAM,,0,1,1
345383,149.0,115.13230320699708,0.30404577183841897,3.850458499637799,3.389795918367347,3.1061224489795918,1.5693877551020408,0.06997084548104955,1.0,,control,6.0,NC,,SCOTTISH PINES REHABILITATION AND NURSING CENTER,,0,1,1
345384,56.0,51.12930029154519,0.5102833491347437,3.1620777521063177,2.357142857142857,2.193877551020408,1.7387755102040816,0.06997084548104955,1.0,,control,6.0,NC,,PRUITTHEATH-FARMVILLE,,0,1,1
345386,10.0,8.114227405247814,3.8893690755224304,7.499256149172046,5.0,5.0,5.0,0.0,0.0,,control,6.0,NC,,WILKES REGIONAL MEDICAL CTR SN,,0,0,0
345389,120.0,109.41892128279883,0.5717008027638132,3.723025073371223,1.9020408163265308,2.2755102040816326,3.2448979591836733,0.06997084548104955,1.0,,control,6.0,NC,,THE LAURELS OF FOREST GLENN,,0,1,1
345391,106.80145772594753,89.2130029154519,0.40861817018431895,3.7351904578355963,2.4530612244897956,2.3244897959183675,1.9693877551020407,0.06997084548104955,1.0,,control,6.0,NC,,HEARTLAND LIVING & REHAB AT THE MOSES H CONE MEM H,,0,1,1
345394,80.0,51.21448979591837,0.37719780380771983,3.1948121913249676,3.317073170731707,2.670731707317073,0.9999999999999999,0.0,1.0,,control,6.0,NC,,BROOK STONE LIVING CENTER,,0,1,0
345395,58.59941690962099,55.45723032069971,0.6634422881047981,4.4277621516376335,3.3081632653061224,3.779591836734694,3.048780487804878,0.06997084548104955,1.0,,control,6.0,NC,,PEAK RESOURCES-CHERRYVILLE,,0,1,1
345396,50.0,34.75032069970845,1.374647633089003,3.558435953114072,3.8714285714285714,4.455102040816326,3.757142857142857,0.06997084548104955,1.0,,control,6.0,NC,,SMOKY MOUNTAIN HEALTH AND REHABILITATION CENTER,,0,1,1
345397,89.0,61.47163265306122,0.42601047776228135,3.128331981717455,3.461224489795918,3.169387755102041,1.3775510204081631,0.06997084548104955,1.0,,control,6.0,NC,,SHORELAND HLTH CARE & RETIREME,,0,1,1
345400,90.02915451895043,85.60262390670555,0.8589804954894396,3.8751652600905904,4.204081632653061,4.204081632653061,3.2714285714285714,0.0,1.0,,control,6.0,NC,,SKYLAND CARE CENTER,,0,1,0
345404,60.0,48.73862973760933,0.4478997820399102,3.4570082436342164,3.0979591836734697,3.4714285714285715,3.0857142857142854,0.06997084548104955,1.0,,control,6.0,NC,,THREE RIVERS HEALTH AND REHAB,,0,1,1
345409,84.0,64.46204081632654,0.38323382236976755,3.3710897490132967,1.3387755102040815,1.2102040816326531,1.9571428571428573,0.06997084548104955,1.0,,control,6.0,NC,,PEMBROKE CENTER,,0,1,1
345410,120.0,89.96507288629738,0.6303850290105073,3.875107689137918,3.044897959183673,2.855102040816327,2.6816326530612242,0.0,1.0,,control,6.0,NC,,CENTRAL CONTINUING CARE,,0,1,0
345412,80.0,62.88132653061225,0.4686599440772953,2.8248692783860507,2.2612244897959184,1.3734693877551019,1.489795918367347,0.0,0.0,,control,6.0,NC,,BRANTWOOD NH & RETIREMENT CENT,,0,0,0
345413,106.0,86.45673469387755,0.8121146668296886,3.4655999837671123,3.3387755102040817,3.0,2.871428571428571,0.0,1.0,,control,6.0,NC,,FLESHERS FAIRVIEW HEALTH CARE,,0,1,0
345414,98.0,85.0921865889213,0.3986278860792591,4.117666956409947,4.226530612244899,4.226530612244899,2.226530612244898,0.06997084548104955,1.0,,control,6.0,NC,,"HAYMOUNT REHABILITATION & NURSING CENTER, INC",,0,1,1
345417,130.0,114.03510204081633,0.4386645679012644,3.433696622010493,2.6979591836734693,3.071428571428571,3.0857142857142854,0.0,1.0,,control,6.0,NC,,HILLSIDE NURSING CENTER OF WAK,,0,1,0
345421,140.0,120.5973469387755,0.39137688540674453,3.3955906618032548,1.6,1.3734693877551019,2.357142857142857,0.06997084548104955,1.0,,control,6.0,NC,,THE LAURELS OF CHATHAM,,0,1,1
345423,90.0,68.22072886297377,0.5220478639993473,3.1986485845071626,3.0979591836734697,2.406122448979592,1.3673469387755102,0.06997084548104955,1.0,,control,6.0,NC,,WILSON REHABILITATION AND NURSING CENTER,,0,1,1
345425,30.0,27.410903790087467,0.5997869630004503,4.387409963632079,4.042857142857143,4.810204081632653,3.220408163265306,0.0,1.0,,control,6.0,NC,,FAIR HAVEN HOME INC,,0,1,0
345428,63.20699708454811,58.36897959183674,0.43246000167823595,3.8424938830761333,3.46530612244898,3.6204081632653065,2.4714285714285715,0.06997084548104955,1.0,,control,6.0,NC,,THE LAURELS OF SALISBURY,,0,1,1
345429,90.0,83.78597667638483,0.41911378456033266,3.1187424183819363,2.2653061224489797,2.16734693877551,1.846938775510204,0.0,1.0,,control,6.0,NC,,PEAK RESOURCES - PINELAKE,,0,1,0
345431,60.0,43.67755102040816,0.33074913941347683,3.7710621576293324,2.5510204081632653,2.7755102040816326,2.836734693877551,0.0,0.16326530612244897,,control,6.0,NC,,OUR COMMUNITY HOSPITAL,,0,0,0
345438,60.0,54.09827988338192,1.2185827637821314,5.044457292575982,1.5142857142857142,2.5142857142857142,4.4,0.06997084548104955,1.0,,control,6.0,NC,,THE LAURELS OF SUMMIT RIDGE,,0,1,1
345445,71.62973760932945,63.68973760932944,0.6151557142694328,6.4006670562463075,3.973469387755102,4.502040816326531,4.0,0.0,0.19854227405247812,,control,6.0,NC,,GLENAIRE,,0,0,0
345448,210.0,114.37749271137027,0.4862265499485555,3.261651895806593,1.2102040816326531,1.2102040816326531,1.7857142857142856,0.06997084548104955,1.0,,control,6.0,NC,,MAPLE GROVE HEALTH AND REHABILITATION CENTER,,0,1,1
345449,96.0,88.43061224489796,0.40382711514339337,3.138608402393805,2.777551020408163,2.648979591836735,1.4,0.06997084548104955,1.0,,control,6.0,NC,,UNIVERSAL HEALTH CARE/KING,,0,1,1
345459,33.0,22.062419825072887,1.1521588482224443,4.573971929586252,5.0,5.0,4.773469387755102,0.06997084548104955,0.0,,control,6.0,NC,,WILLOWBROOKE COURT SC CTR AT TRYON ESTATES,,0,0,1
345462,114.62973760932945,80.247638483965,1.0021849806905674,3.2329860137578175,2.0,2.4,2.6530612244897958,0.06997084548104955,1.0,,control,6.0,NC,,THE OAKS-BREVARD,,0,1,1
345463,80.0,65.16393586005832,0.9096053256428567,3.5237762582902348,2.9020408163265303,3.5775510204081638,2.804081632653061,0.06997084548104955,1.0,,control,6.0,NC,,LIFE CARE CENTER OF HENDERSONV,,0,1,1
345465,60.0,52.608163265306125,0.5789398651269264,4.4975484549196585,4.626530612244897,4.90204081632653,3.5632653061224486,0.06997084548104955,1.0,,control,6.0,NC,,BAYVIEW NURSING & REHAB CENTER,,0,1,1
345467,12.0,7.370731707317073,1.9514982585736411,5.217887044029213,4.7073170731707314,5.0,5.0,0.0,0.0,,control,4.0,NC,,NOVANT HEALTH PRESBYTERIAN MEDICAL CENTER-SNU,,0,0,0
345468,78.23323615160349,68.8522448979592,0.42602916522992984,3.3461867296956127,2.0,1.963265306122449,1.963265306122449,0.06997084548104955,1.0,,control,6.0,NC,,LIBERTY COMMONS REHABILITATION CENTER,,0,1,1
345472,100.0,77.96230320699709,0.4620453396217453,3.290445117551648,3.5285714285714285,2.9591836734693877,2.1183673469387756,0.06997084548104955,1.0,,control,6.0,NC,,SOUTHWOOD NURSING AND RETIREME,,0,1,1
345478,100.0,88.8369387755102,0.4242455965166794,3.5763100291108634,4.018367346938776,3.5469387755102044,1.7244897959183674,0.06997084548104955,1.0,,control,6.0,NC,,HARNETT WOODS NURSING AND REHABILITATION CENTER,,0,1,1
345479,96.82332361516035,82.63833819241981,0.5370015790693659,5.605608149909731,4.0,4.09795918367347,4.085714285714285,0.0,0.0,,control,6.0,NC,,SALEMTOWNE,,0,0,0
345481,80.0,66.84236151603498,0.3144163015950135,4.291114682521682,2.3612244897959185,2.3612244897959185,2.4714285714285715,0.06997084548104955,1.0,,control,6.0,NC,,WOODLANDS NURSING & REHABILITATION CENTER,,0,1,1
345482,14.0,5.6725510204081635,3.7488746841823772,11.373832103879554,4.0,4.0,0.0,0.08163265306122448,1.0,,control,6.0,NC,,BROOKDALE CARRIAGE CLUB PROVIDENCE,,0,1,1
345483,60.0,43.737842565597674,0.8565431226472922,4.8825754118049955,4.0,4.502040816326531,3.8102040816326532,0.0,1.0,,control,6.0,NC,,SHAIRE NURSING CENTER,,0,1,0
345487,70.0,55.46705539358601,0.7667060946184747,3.368535983034557,4.546938775510204,4.546938775510204,2.7122448979591836,0.06997084548104955,1.0,,control,6.0,NC,,CHERRY POINT BAY NURSING AND REHABILITATION CENTER,,0,1,1
345490,82.0,74.37102040816326,0.606057840117389,3.1982357772895784,2.7469387755102037,2.404081632653061,1.8673469387755102,0.06997084548104955,1.0,,control,6.0,NC,,AYDEN COURT NURSING AND REHABILITATION CENTER,,0,1,1
345491,64.0,50.95428571428571,0.6190160868181576,3.5440877615525244,4.163265306122449,3.8714285714285714,2.108163265306122,0.06997084548104955,1.0,,control,6.0,NC,,CROATAN RIDGE NURSING AND REHABILITATION CENTER,,0,1,1
345492,150.0,125.85341107871722,0.5472585046032521,4.333005344178573,2.8,2.826530612244898,3.4367346938775514,0.0,0.0,,control,6.0,NC,,NC STATE VETERANS HOME - FAYETTEVILLE,,0,0,0
345493,124.25072886297376,106.15081632653062,0.5988431037152151,3.3771501029415116,2.9530612244897956,3.1795918367346943,1.8102040816326532,0.06997084548104955,1.0,,control,6.0,NC,,HENDERSONVILLE HEALTH AND REHABILITATION,,0,1,1
345494,113.20349854227405,93.31384839650144,0.414565761248357,3.1073099652029463,3.626530612244898,3.589795918367347,1.8,0.06997084548104955,1.0,,control,6.0,NC,,PEAK RESOURCES -  GASTONIA,,0,1,1
345495,56.0,49.39037900874636,0.8638321956825936,5.2314556143137345,4.416326530612245,5.0,5.0,0.0,0.0,,control,6.0,NC,,THE STEWART HEALTH CENTER,,0,0,0
345496,95.13119533527697,74.79720116618076,0.31182655313296137,3.194402347351856,2.724489795918367,2.253061224489796,1.5285714285714287,0.06997084548104955,1.0,,control,6.0,NC,,LIBERTY COMMONS N&R ALAMANCE,,0,1,1
345499,85.65014577259475,82.35396501457726,0.41206366060288596,3.824374492138841,3.226530612244898,3.6,2.373469387755102,0.06997084548104955,1.0,,control,6.0,NC,,LITCHFORD FALLS HEALTHCARE,,0,1,1
345500,45.0,24.561749271137025,0.8933644989979284,4.804500027478161,3.4816326530612245,3.8658536585365852,4.109756097560975,0.0,1.0,,control,6.0,NC,,WINDSOR POINT CONTINUING CARE,,0,1,0
345501,109.5801749271137,88.19049562682216,0.682654178568844,5.007435990869418,3.0081632653061225,3.669387755102041,3.626530612244898,0.06997084548104955,0.0,,control,6.0,NC,,CROASDAILE VILLAGE,,0,0,1
345502,120.0,83.78795918367348,0.6085191345034046,3.4867886461765285,2.23265306122449,2.1040816326530614,3.0183673469387755,0.06997084548104955,1.0,,control,6.0,NC,,LAKE PARK NURSING AND REHABILITATION CENTER,,0,1,1
345503,90.0,80.38122448979591,0.24854278460361606,3.085125126023683,2.3469387755102042,2.8020408163265307,1.146341463414634,0.06997084548104955,1.0,,control,6.0,NC,,LIBERTY COMMONS NSG & REH ROWA,,0,1,1
345506,60.0,52.43336734693878,1.1220140726275014,6.657795768292479,2.989795918367347,4.591836734693878,4.561224489795919,0.0,0.0,,control,6.0,NC,,WHITESTONE  A MASONIC AND EASTERN STAR COMMUNITY,,0,0,0
345507,90.0,82.0430612244898,0.5863728939012549,3.78940945826468,2.520408163265306,2.520408163265306,2.4857142857142858,0.06997084548104955,1.0,,control,6.0,NC,,AUTUMN CARE OF MYRTLE GROVE,,0,1,1
345508,107.0,94.1998250728863,1.037688597333845,4.379480226868033,3.9020408163265303,4.810204081632653,4.118367346938776,0.0,0.0,,control,6.0,NC,,UNC REX REHAB & NURSING CARE CENTER OF APEX,,0,0,0
345510,118.0,101.0401166180758,0.42142074851045025,3.9870813579386253,2.7469387755102037,2.1204081632653065,2.7897959183673464,0.0,1.0,,control,6.0,NC,,PRODIGY TRANSITIONAL REHAB,,0,1,0
345512,6.0,2.555393586005831,1.5995894440641623,6.7257916755509335,4.6,5.0,5.0,0.06997084548104955,0.0,,control,6.0,NC,,CYPRESS GLEN RETIREMENT COMMUN,,0,0,1
345513,180.0,84.4840524781341,0.7886317025036413,3.717630081856112,2.777551020408163,2.593877551020408,2.216326530612245,0.0,1.0,,control,6.0,NC,,TOWER NURSING AND REHABILITATION CENTER,,0,1,0
345514,60.0,56.798367346938775,0.6432045543033135,4.310805545851579,2.8918367346938774,2.8918367346938774,3.4367346938775514,0.06997084548104955,1.0,,control,6.0,NC,,AUTUMN CARE OF NASH,,0,1,1
345515,70.0,62.38868804664723,0.763585762887631,3.507794745938574,4.583673469387755,4.485714285714286,2.4571428571428573,0.06997084548104955,1.0,,control,6.0,NC,,PRUITTHEALTH-TOWN CENTER,,0,1,1
345516,90.0,78.94483965014578,0.6537455769072474,4.397985288790327,4.4367346938775505,4.810204081632653,3.128571428571429,0.0,1.0,,control,6.0,NC,,CONOVER NURSING AND REHAB CTR,,0,1,0
345518,51.065597667638485,45.39915451895044,0.5521176235526604,4.793418606872651,2.9571428571428573,3.940816326530612,3.626530612244898,0.06997084548104955,1.0,,control,6.0,NC,,INN AT QUAIL HAVEN VILLAGE,,0,1,1
345519,100.0,83.2769970845481,0.313942989485098,3.5839577199211146,2.5469387755102044,2.336734693877551,2.126530612244898,0.06997084548104955,1.0,,control,6.0,NC,,LIBERTY COMMONS NSG & REH JOHN,,0,1,1
345525,8.0,2.9817687074829937,3.2198946898450163,6.291114603068861,4.804878048780488,5.0,5.0,0.0,0.0,,control,6.0,NC,,THE GARDENS OF TAYLOR GLEN RET COM,,0,0,0
345528,60.0,50.500408163265305,0.71254756161818,5.184500448798882,4.626530612244897,5.0,4.318367346938776,0.0,0.0,,control,6.0,NC,,RIVER LANDING AT SANDY RIDGE,,0,0,0
345529,132.0,111.88099125364431,0.3511895566818771,3.352106169069618,1.0,1.3734693877551019,1.2102040816326531,0.06997084548104955,1.0,,control,6.0,NC,,UNIVERSAL HEALTH CARE/NORTH RALEIGH,,0,1,1
345530,62.01632653061225,72.66516034985423,0.40403264326713806,3.8404197315324784,4.626530612244897,4.497959183673469,2.461224489795918,0.0,0.2685131195335277,,control,6.0,NC,,PENN NURSING CENTER,,0,0,0
345531,99.0,84.52944606413993,1.0166487457182687,4.553062928441506,3.071428571428571,3.973469387755102,4.90204081632653,0.0,0.4425655976676385,,control,6.0,NC,,NORTH CAROLINA STATE VETERANS NURSING HOME SALISBU,,0,0,0
345532,80.0,61.11755102040816,0.3357092828553562,2.8782686524366996,1.3734693877551019,1.583673469387755,2.2755102040816326,0.06997084548104955,1.0,,control,6.0,NC,,LIBERTY COMMONS NSG AND REHAB CTR OF LEE COUNTY,,0,1,1
345533,12.0,7.703404255319148,1.8792433440586163,7.3114146795692765,5.0,5.0,5.0,0.0,0.0,,control,5.0,NC,,THE CEDARS OF CHAPEL HILL,,0,0,0
345534,131.0,106.85612244897959,0.289329200849121,3.4138671154554205,1.3734693877551019,1.3734693877551019,2.0653061224489795,0.06997084548104955,1.0,,control,6.0,NC,,SANFORD HEALTH & REHABILITATION CO,,0,1,1
345535,120.0,101.11527696793003,0.49025421783615614,3.148964809483668,3.226530612244898,2.853061224489796,2.026530612244898,0.06997084548104955,1.0,,control,6.0,NC,,ADAMS FARM LIVING & REHABILITATION,,0,1,1
345538,150.0,126.97848396501458,0.3767377878285779,3.4219900493657396,2.2653061224489797,2.2653061224489797,2.6918367346938776,0.06997084548104955,1.0,,control,6.0,NC,,PRUITTHEALTH-RALEIGH,,0,1,1
345539,16.0,7.391836734693877,2.3995107087319845,10.199283113260694,4.591836734693878,4.653061224489796,3.7346938775510203,0.0,0.3469387755102041,,control,6.0,NC,,THE ARBOR,,0,0,0
345542,4.0,4.607755102040816,0.6578263769318959,2.5538711030792838,5.0,4.804878048780488,0.9999999999999999,0.0,0.0,,control,6.0,NC,,THE FOREST AT DUKE INC,,0,0,0
345543,117.0,80.39798833819242,0.34144509591881733,3.1726124485954363,2.0428571428571427,1.816326530612245,1.610204081632653,0.06997084548104955,1.0,,control,6.0,NC,,BERMUDA COMMONS NURSING AND REHABILITATION CENTER,,0,1,1
345544,116.02915451895043,101.93422740524781,0.6161352185523863,4.829387967030312,3.4,3.626530612244898,2.9693877551020407,0.0,0.0,,control,6.0,NC,,ASBURY HEALTH AND REHABILITATION CENTER,,0,0,0
345546,42.03673469387755,36.02661807580175,0.8442556024781183,5.741335679656899,3.891836734693878,4.291836734693878,4.622448979591836,0.0,0.0,,control,6.0,NC,,THE ROSEWOOD HEALTH CENTER,,0,0,0
345550,100.0,91.12183673469389,0.6470442767327125,4.1317612011752205,4.226530612244899,4.626530612244897,2.871428571428571,0.06997084548104955,1.0,,control,6.0,NC,,WHITE OAK OF WAXHAW,,0,1,1
345551,138.0,106.86247813411077,0.4640188064813122,3.044847588987638,1.6612244897959183,1.3734693877551019,1.7183673469387757,0.06997084548104955,1.0,,control,6.0,NC,,PRUITTHEALTH-CAROLINA POINT,,0,1,1
345552,150.0,95.77551020408163,0.38387846350161103,3.2908744780014114,2.5142857142857142,2.597560975609756,1.8048780487804879,0.0,1.0,,control,6.0,NC,,THE SHANNON GRAY REHABILITATION & RECOVERY CENTER,,0,1,0
345554,100.0,93.14440233236152,0.5437425369872753,4.3565402996376585,3.2183673469387752,3.4285714285714284,3.583673469387755,0.0,0.0,,control,6.0,NC,,TRINITY GROVE,,0,0,0
345555,134.0,102.98760932944606,0.5667354880829432,4.205043868763142,3.128571428571429,3.128571428571429,2.644897959183673,0.0,1.0,,control,6.0,NC,,HILLCREST RALEIGH AT CRABTREE VALLEY,,0,1,0
345556,62.0,55.16685131195335,1.8332009286727526,7.272299001266044,5.0,5.0,5.0,0.0,0.0,,control,6.0,NC,,DEERFIELD EPISCOPAL  RETIREMENT,,0,0,0
345557,80.0,70.44918367346938,0.6711608996311627,3.7314053181483207,2.3469387755102042,2.910204081632653,3.061224489795918,0.06997084548104955,1.0,,control,6.0,NC,,AZALEA HEALTH & REHAB CENTER,,0,1,1
345558,100.0,92.97034985422741,0.9024018956209096,4.202293264224895,2.3938775510204082,3.261224489795919,3.7551020408163263,0.0,0.06997084548104955,,control,6.0,NC,,NC STATE VETERANS HOME-BLACK MOUNTAIN,,0,0,0
345559,40.0,26.466209912536446,0.8434051758760504,5.508901015637931,2.6265306122448977,3.4,4.189795918367347,0.06997084548104955,1.0,,control,6.0,NC,,HOMESTEAD HILLS,,0,1,1
345560,100.0,88.38137026239067,0.8313155826893288,4.820944897972094,4.244897959183673,4.661224489795918,4.416326530612245,0.0,0.06997084548104955,,control,6.0,NC,,NC STATE VETERANS HOME-KINSTON,,0,0,0
345561,100.0,88.73568513119532,0.40809511247594066,3.2458525922282524,1.2102040816326531,1.3734693877551019,2.1204081632653065,0.06997084548104955,1.0,,control,6.0,NC,,UNIVERSAL HEALTH CARE/FUQUAY-VARINA,,0,1,1
345562,120.0,77.71562682215745,0.4759664982039161,3.6118731938762236,1.6918367346938776,1.4,1.610204081632653,0.0,1.0,,control,6.0,NC,,CLEAR CREEK NURSING & REHABILITATION CENTER,,0,1,0
345563,116.55043731778426,84.56431486880467,0.46629760987397406,3.099153193535086,3.1551020408163266,3.1551020408163266,2.373469387755102,0.06997084548104955,1.0,,control,6.0,NC,,PAVILION HEALTH CENTER AT BRIGHTMORE,,0,1,1
345564,19.0,9.980233236151605,1.9458291098661915,6.992348859622771,4.626530612244897,5.0,3.7387755102040816,0.0,0.0,,control,6.0,NC,,SHARON TOWERS,,0,0,0
345565,100.0,87.64475218658892,0.5504618872710687,4.4553296744535675,4.871428571428571,4.742857142857143,3.228571428571428,0.06997084548104955,0.0,,control,6.0,NC,,TRINITY ELMS,,0,0,1
345566,90.0,76.93227405247814,0.675679991123858,3.6656331817131615,3.6612244897959183,3.8714285714285714,2.236734693877551,0.06997084548104955,1.0,,control,6.0,NC,,PRUITTHEALTH-UNION POINTE,,0,1,1
345567,102.0,84.15166180758018,0.3221712997389487,3.47492159888038,2.428571428571429,2.377551020408163,1.6306122448979594,0.06997084548104955,1.0,,control,6.0,NC,,AUTUMN CARE OF CORNELIUS,,0,1,1
345568,20.0,15.342303206997084,0.9547551615833281,5.05462191218224,4.146938775510204,3.8591836734693876,2.0609756097560976,0.0,0.0,,control,6.0,NC,,DAVIS HEALTH & WELLNESS CTR AT CAMBRIDGE VILLAG,,0,0,0
345569,100.0,80.88880466472304,0.6259719317589523,4.310136115724346,2.5918367346938775,2.1204081632653065,2.6755102040816325,0.06997084548104955,1.0,,control,6.0,NC,,SPRINGBROOK NURSING & REHABILITATION  CENTER,,0,1,1
345570,90.0,84.25174927113702,0.5114824504609025,3.937826460230315,2.183673469387755,2.183673469387755,2.373469387755102,0.06997084548104955,1.0,,control,6.0,NC,,HUNTERSVILLE HEALTH & REHAB CENTER,,0,1,1
345572,15.0,9.026496598639456,1.5048046548894416,6.6088060754200555,4.658536585365853,4.7073170731707314,4.414634146341463,0.08163265306122448,1.0,,control,6.0,NC,,THE CARDINAL AT NORTH HILLS,,0,1,1
345573,6.0,4.610991253644315,0.647859298900318,6.4914441891700125,4.0,4.853658536585366,3.841463414634146,0.0,0.0,,control,6.0,NC,,ARBOR ACRES UNITED METHODIST RETIREMENT COMMUNITY,,0,0,0
345574,100.0,64.03278911564625,0.6520998410399854,4.747553970680142,3.451219512195122,3.451219512195122,2.951219512195122,0.0,1.0,,control,6.0,NC,,BELLAROSE NURSING AND REHAB,,0,1,0
345575,91.96938775510205,75.37744680851063,0.6041811318964962,3.4889980757475363,2.6463414634146343,2.841463414634146,2.5,0.08163265306122448,1.0,,control,6.0,NC,,BRUNSWICK HEALTH & REHAB CENTER,,0,1,1
345576,108.0,66.8336170212766,1.7356249816337586,6.771297349764341,4.0,4.158536585365853,2.512195121951219,0.08163265306122448,1.0,,control,6.0,NC,,PARKVIEW HEALTH & REHAB CENTER,,0,1,1
345577,28.0,21.02307692307692,1.4851811182815888,5.635690207272619,4.6,4.6,4.6,0.0,0.9999999999999999,,control,3.0,NC,,SWIFT CREEK HEALTH CENTER,,0,1,0
345578,21.999999999999996,6.299999999999999,1.0147258232758283,8.091538770788734,0.0,0.0,0.0,0.0,0.9999999999999999,,control,3.0,NC,,BRIAR CREEK HEALTH CENTER,,0,1,0
395001,102.0,97.04586005830905,1.3772174676313897,4.709809244794355,4.155102040816327,4.5285714285714285,3.6408163265306124,0.0,0.0,,control,6.0,PA,,PASSAVANT RETIREMENT AND HEALT,,0,0,0
395006,296.0,251.001778425656,1.0616353959117508,4.224868727520191,2.951020408163265,4.308163265306122,4.210204081632654,0.0,0.0,,control,6.0,PA,,ST JOSEPH'S MANOR (DBA ENTITY OF HRHS),,0,0,0
395010,360.0,347.41344023323614,0.7479655807229053,3.6912300628672243,5.0,5.0,3.210204081632653,0.0,0.0,,control,6.0,PA,,NESHAMINY MANOR HOME,,0,0,0
395011,97.0,85.22798833819243,0.6042516155926385,3.2240781997542465,2.0,2.336734693877551,2.710204081632653,0.0,1.0,,control,6.0,PA,,PLATINUM RIDGE CTR FOR REHAB & HEALING,,0,1,0
395012,124.40349854227406,95.57769679300291,0.7243950502520207,4.355394736779018,2.416326530612245,3.351020408163265,3.53469387755102,0.0,0.0,,control,6.0,PA,,BROOKVIEW HEALTH CARE CENTER,,0,0,0
395013,48.0,41.47020408163266,1.0386719470305512,3.483829076334753,3.283673469387755,3.571428571428571,3.210204081632653,0.06997084548104955,0.6029154518950437,,control,6.0,PA,,ELDERCREST NURSING CENTER,,0,1,1
395015,589.0,420.7646064139942,0.49148212131725455,3.1961429932983094,1.5510204081632653,1.5510204081632653,2.0,0.06997084548104955,1.0,,control,6.0,PA,,BRIGHTON REHABILITATION AND WELLNESS CENTER,,0,1,1
395018,98.51020408163265,97.10387755102042,1.5276216765696284,4.888272248000236,4.5285714285714285,4.90204081632653,3.644897959183673,0.0,0.0,,control,6.0,PA,,GOOD SHEPHERD HOME RAKER CENTER,,0,0,0
395019,153.0,135.90206997084547,0.7142951590535771,5.05318060705067,2.9020408163265303,2.183673469387755,1.4714285714285713,0.06997084548104955,1.0,,control,6.0,PA,,ARISTACARE AT MEADOW SPRINGS,,0,1,1
395023,143.0,115.43099125364431,0.9084307004197409,3.683983056365239,4.210204081632654,5.0,3.789795918367347,0.0,0.0,,control,6.0,PA,,PHOEBE RICHLAND HCC,,0,0,0
395031,90.0,74.31209912536443,0.7432079353729373,4.193661591597589,2.0428571428571427,3.069387755102041,3.5285714285714285,0.06997084548104955,0.19854227405247812,,control,6.0,PA,,HAVEN SKILLED REHABILITATION AND NURSING,,0,0,1
395032,115.0,100.67440233236152,0.6128193894091155,3.4720424813697846,3.044897959183673,2.6714285714285717,1.8979591836734695,0.06997084548104955,0.0,,control,6.0,PA,,MCMURRAY HILLS MANOR,,0,0,1
395034,205.6466472303207,165.02702623906706,0.954207941127607,4.093595460893173,4.0653061224489795,4.46530612244898,3.816326530612245,0.0,0.0,,control,6.0,PA,,VINCENTIAN HOME,,0,0,0
395050,132.0,125.6133527696793,0.6459371194225776,4.558437440400162,2.373469387755102,2.76734693877551,3.1367346938775507,0.0,0.0,,control,6.0,PA,,GARVEY MANOR,,0,0,0
395058,159.0,126.29629737609329,0.4819893747608889,4.298298330538138,2.5448979591836736,3.073469387755102,3.016326530612245,0.0,1.0,,control,6.0,PA,,REST HAVEN-YORK,,0,1,0
395067,95.0,86.84632653061225,0.588235430369078,3.382583867952877,1.5346938775510204,1.7244897959183674,1.836734693877551,0.06997084548104955,1.0,,control,6.0,PA,,GREEN RIDGE CARE CENTER,,0,1,1
395074,404.0,347.5101166180758,0.4313835214876913,3.2433101384472174,1.0,1.0,1.4,0.0,1.0,,control,6.0,PA,,SPRING CREEK REHABILITATION AND NURSING CENTER,,0,1,0
395075,97.0,86.49072886297375,0.6640484158694935,3.5492715264600885,4.416326530612245,5.0,2.583673469387755,0.06997084548104955,1.0,,control,6.0,PA,,NEW EASTWOOD HEALTHCARE AND REHABILITATION CENTER,,0,1,1
395080,395.0,244.46600583090378,0.6261382164311873,3.642007760533044,3.5632653061224486,4.0,2.9571428571428573,0.0,0.0,,control,6.0,PA,,PHOEBE ALLENTOWN HEALTH CARE CENTER,,0,0,0
395094,420.0,364.3184256559766,0.674437781556876,3.5976554522776407,2.8816326530612244,3.2551020408163263,3.3734693877551023,0.0,0.0,,control,6.0,PA,,BERKS HEIM NURSING & REHABILITATION,,0,0,0
395095,120.0,45.6732944606414,1.0179529111346124,4.367389652015598,2.7469387755102037,3.146938775510204,4.302040816326531,0.0,0.0,,control,6.0,PA,,"BRYN MAWR TERRACE, THE",,0,0,0
395101,90.0,77.81416909620992,0.5602503879058838,3.412424256030164,2.428571428571429,1.9571428571428573,1.610204081632653,0.0,1.0,,control,6.0,PA,,SAYRE HEALTH CARE CENTER,,0,1,0
395103,171.0408163265306,136.93163265306123,0.7463657675767753,4.0743153945955015,2.226530612244898,3.312244897959184,3.6816326530612242,0.0,0.0,,control,6.0,PA,,JEWISH HOME OF EASTERN PENNSYL,,0,0,0
395104,112.0,93.74446064139941,0.8871242988799383,4.239773870664257,2.6816326530612242,4.116326530612245,3.789795918367347,0.0,0.0,,control,6.0,PA,,SAINT MARY'S VILLA NURSING HOM,,0,0,0
395105,60.0,47.03279883381924,0.9130318456728648,3.397367989442791,4.0,4.626530612244897,2.595918367346939,0.0,0.0,,control,6.0,PA,,MOSSER NURSING HOME,,0,0,0
395108,263.6443148688047,160.33454810495627,0.6213162730769368,4.5993142410786785,1.5142857142857142,2.704081632653061,4.0,0.0,0.0,,control,6.0,PA,,"CROSS KEYS VILLAGE-BRETHREN HOME COMMUNITY, THE",,0,0,0
395110,148.0,124.38265306122449,0.7361146970151939,3.5122788910500953,3.0,3.0,2.4,0.0,1.0,,control,6.0,PA,,OAKWOOD HEALTHCARE & REHABILITATION CENTER,,0,1,0
395117,194.0,176.86880466472303,0.7429758094762662,3.445229644046595,4.373469387755103,4.583673469387755,2.4,0.0,0.0,,control,6.0,PA,,"LUTHERAN HOME AT TOPTON, THE",,0,0,0
395118,114.0,98.48349854227405,0.572879824885679,3.561307448117597,2.8448979591836734,2.5693877551020408,2.026530612244898,0.06997084548104955,1.0,,control,6.0,PA,,QUALITY LIFE SERVICES - CHICORA,,0,1,1
395121,150.55043731778426,108.17536443148688,0.6056109368778544,4.0245602762927595,3.226530612244898,4.4714285714285715,3.1163265306122447,0.0,0.0,,control,6.0,PA,,SIMPSON HOUSE INC,,0,0,0
395134,252.0,218.25457725947524,0.5220660786679503,5.445603582853701,1.8979591836734695,1.9183673469387754,3.148979591836735,0.0,0.0,,control,6.0,PA,,INGLIS HOUSE,,0,0,0
395135,54.0,44.96638483965014,1.0373520980447017,3.6043714425764,3.626530612244898,3.9020408163265303,3.0489795918367344,0.06997084548104955,1.0,,control,6.0,PA,,PENNYPACK CENTER,,0,1,1
395138,136.0,130.32848396501458,0.4835988086165891,3.520947012940903,3.983673469387755,3.983673469387755,1.836734693877551,0.06997084548104955,1.0,,control,6.0,PA,,MIFFLIN CENTER,,0,1,1
395146,115.0,95.80265306122449,1.4658800387941795,4.187701731833737,2.773469387755102,3.8591836734693876,4.148979591836735,0.06997084548104955,0.0,,control,6.0,PA,,CANTERBURY PLACE,,0,0,1
395158,154.0,127.01825072886298,0.5379332847759019,3.3456188958853685,2.487755102040816,2.487755102040816,1.6877551020408164,0.06997084548104955,1.0,,control,6.0,PA,,THE GROVE AT GREENVILLE,,0,1,1
395164,267.32711370262393,149.87096209912536,1.162796065573743,4.005372606670153,1.9571428571428573,2.330612244897959,2.9326530612244897,0.0,0.0,,control,6.0,PA,,ST JOHN SPECIALTY CARE CENTER,,0,0,0
395166,180.0,131.04314868804664,0.4688167896861656,3.59773202907773,1.3183673469387753,1.1897959183673468,1.7734693877551022,0.06997084548104955,1.0,,control,6.0,PA,,PEMBROOKE HEALTH AND REHABILITATION CENTER,,0,1,1
395173,110.0,99.98559766763847,0.6260074578241606,3.337659305278712,3.0,2.253061224489796,1.9653061224489796,0.06997084548104955,1.0,,control,6.0,PA,,WESTGATE HILLS REHABILITATION AND NURSING CTR,,0,1,1
395176,99.44023323615161,88.30265306122449,0.5514939907466073,3.0961593903965046,3.773469387755102,3.757142857142857,1.9836734693877551,0.06997084548104955,1.0,,control,6.0,PA,,AMBLER EXTENDED CARE CENTER,,0,1,1
395180,96.0,86.33131195335277,0.7720855883213181,4.818527164514802,4.90204081632653,5.0,3.9346938775510205,0.0,0.0,,control,6.0,PA,,CORNWALL MANOR,,0,0,0
395182,226.0,201.15854227405248,0.5684729463629556,3.5124943596327225,1.7734693877551022,2.173469387755102,2.026530612244898,0.06997084548104955,0.8014577259475218,,control,6.0,PA,,ST JOHN NEUMANN CTR FOR REHAB & HEALTHCARE,,0,1,1
395188,130.0,110.03096209912536,0.7609748043052603,3.2884848542918474,4.0,4.128571428571429,2.0,0.06997084548104955,1.0,,control,6.0,PA,,BUCKINGHAM VALLEY REHAB & NURSING CENTER,,0,1,1
395202,123.0,75.71198250728864,0.5106154481014978,3.1305537153120966,2.436734693877551,2.144897959183673,1.4979591836734696,0.06997084548104955,1.0,,control,6.0,PA,,BROOMALL MANOR,,0,1,1
395203,180.0,125.46466472303207,0.5472108657914303,3.631593303726058,1.3183673469387753,1.5285714285714287,1.7734693877551022,0.06997084548104955,1.0,,control,6.0,PA,,PROSPECT PARK HEALTH AND REHABILITATION CENTER,,0,1,1
395206,106.0,99.87373177842565,0.6516640475272395,5.225478817372315,2.793877551020408,3.940816326530612,3.7122448979591836,0.0,0.0,,control,6.0,PA,,SARAH REED SENIOR LIVING,,0,0,0
395217,82.0,69.51545189504373,0.7572664804273046,3.241600755226716,4.275510204081632,4.485714285714286,2.373469387755102,0.06997084548104955,1.0,,control,6.0,PA,,RICHBORO REHABILITATION & NURSING CENTER,,0,1,1
395226,184.0,165.1360641399417,0.3396802235034555,3.086379306974173,3.016326530612245,2.9306122448979592,1.7244897959183674,0.06997084548104955,0.8014577259475218,,control,6.0,PA,,SPRUCE MANOR NURSING AND REHAB,,0,1,1
395227,120.0,100.37518950437318,0.701813226743067,3.5371416711364936,4.228571428571429,4.228571428571429,2.583673469387755,0.06997084548104955,1.0,,control,6.0,PA,,BROOKSIDE HEALTHCARE & REHABILITATION CENTER,,0,1,1
395228,44.0,35.656093294460646,1.1622174952090898,4.278988360525642,2.6265306122448977,3.6530612244897958,4.5632653061224495,0.06997084548104955,0.0,,control,6.0,PA,,CHARLES COLE MEMORIAL HOSPITAL,,0,0,1
395243,61.0,52.99679300291545,0.8129491483317688,3.6392705646647783,3.9020408163265303,3.9020408163265303,2.871428571428571,0.06997084548104955,1.0,,control,6.0,PA,,LAUREL RIDGE CENTER,,0,1,1
395244,192.0,165.15650145772594,0.6540710939237261,4.286474583693533,4.626530612244897,4.626530612244897,2.9346938775510205,0.0,0.0,,control,6.0,PA,,SAINT PAUL HOMES,,0,0,0
395248,103.0,94.49107871720116,0.6317458634626643,3.0819328788815827,2.6918367346938776,2.2551020408163263,2.3836734693877553,0.06997084548104955,1.0,,control,6.0,PA,,TRANSITIONS HEALTHCARE AUTUMN GROVE CARE CENTER,,0,1,1
395250,208.0,136.73793002915454,0.9082509655068959,4.059942718065744,3.789795918367347,4.789795918367346,3.6918367346938776,0.0,0.0,,control,6.0,PA,,HOLY FAMILY MANOR,,0,0,0
395260,115.0,98.52078717201165,0.7398519443884338,3.459051887158079,2.1714285714285717,2.416326530612245,2.1795918367346943,0.06997084548104955,1.0,,control,6.0,PA,,CARBONDALE NURSING AND REHABILITATION CENTER,,0,1,1
395261,102.0,98.44973760932945,0.5133753801303843,4.307556026319062,2.9020408163265303,4.161224489795918,3.387755102040816,0.0,0.0,,control,6.0,PA,,BUFFALO VALLEY LUTHERAN VILLAG,,0,0,0
395264,146.0,136.1297667638484,0.7408258017552405,3.1936961328378692,3.8285714285714283,3.8285714285714283,2.6265306122448977,0.06997084548104955,0.4670553935860058,,control,6.0,PA,,MANORCARE HEALTH SERVICES-WEST ALLEN,,0,0,1
395265,120.0,98.51,0.5114276310986334,3.1715905725174647,1.416326530612245,1.416326530612245,1.5959183673469388,0.06997084548104955,1.0,,control,6.0,PA,,"PAVILION AT ST LUKE VILLAGE, THE",,0,1,1
395278,106.0,94.84189504373177,1.4943179066104872,4.715361569136723,3.0,4.0,4.626530612244897,0.0,0.0,,control,6.0,PA,,SAINT JOSEPH VILLA,,0,0,0
395279,138.0,114.62839650145773,0.7760228284108344,4.0641069699687105,4.128571428571429,4.502040816326531,3.295918367346939,0.0,0.0,,control,6.0,PA,,PINECREST MANOR,,0,0,0
395282,273.0,195.30842565597666,0.5087993679835836,4.035428475478136,1.2877551020408162,1.3857142857142857,1.9346938775510205,0.06997084548104955,1.0,,control,6.0,PA,,ST FRANCIS CENTER FOR REHABILITATION & HEALTHCARE,,0,1,1
395285,58.0,50.09827988338192,0.6501156032231303,3.779241213295774,1.2265306122448978,1.3387755102040815,3.026530612244898,0.0,0.0,,control,6.0,PA,,BARNES-KASSON COUNTY HOSPITAL,,0,0,0
395292,210.0,184.01766763848394,0.5221905722653055,3.7231215325408864,3.816326530612245,4.626530612244897,2.5816326530612246,0.0,0.0,,control,6.0,PA,,WESBURY UNITED METHODIST COMMU,,0,0,0
395296,244.0,223.3097667638484,0.37365248030005327,3.087512697942505,1.4714285714285713,1.0979591836734692,1.0,0.06997084548104955,1.0,,control,6.0,PA,,MEADOWVIEW REHABILITATION AND NURSING CENTER,,0,1,1
395300,182.0,151.58393586005832,0.8374346932671843,3.038039958551284,2.2755102040816326,2.9204081632653063,2.3693877551020406,0.06997084548104955,1.0,,control,6.0,PA,,WEXFORD HEALTHCARE CENTER,,0,1,1
395305,53.0,44.70058309037901,0.8573267286000166,4.360205345206767,3.2530612244897963,3.626530612244898,3.773469387755102,0.0,0.0,,control,6.0,PA,,CHANDLER HALL HEALTH SERVICES,,0,0,0
395307,53.0,43.58116618075802,1.043639799025715,4.6274098309311045,4.253061224489796,5.0,5.0,0.0,0.0,,control,6.0,PA,,KENDAL AT LONGWOOD,,0,0,0
395311,160.0,129.02921282798835,0.4112638081767901,3.10967666678508,2.3469387755102042,2.536734693877551,1.4979591836734696,0.06997084548104955,1.0,,control,6.0,PA,,BRYN MAWR EXTENDED CARE CENTER,,0,1,1
395316,48.0,42.946938775510205,1.004857291497957,3.975982770665367,3.626530612244898,4.042857142857143,3.9142857142857146,0.0,0.1271137026239067,,control,6.0,PA,,ST LUKE'S REHABILITATION AND NURSING CENTER,,0,0,0
395318,120.0,95.62655976676385,0.710693384365997,4.2527285540677235,2.2877551020408164,2.8938775510204082,3.477551020408163,0.06997084548104955,0.0,,control,6.0,PA,,"GREEN HOME, INC, THE",,0,0,1
395321,114.0,89.68023323615161,0.9777107500591611,4.723693373535825,2.8918367346938774,3.6346938775510207,4.112244897959184,0.06997084548104955,0.0,,control,6.0,PA,,RYDAL PARK OF PHILADELPHIA PRS,,0,0,1
395325,120.58833819241983,97.17536443148688,0.6658254639092174,5.979031570080517,4.626530612244897,5.0,4.0,0.0,0.0,,control,6.0,PA,,MORAVIAN MANOR,,0,0,0
395326,87.0,77.45626822157433,0.609321505866539,4.066829460201308,3.1979591836734693,3.4081632653061225,2.7897959183673464,0.0,1.0,,control,6.0,PA,,"ZERBE SISTERS NURSING CENTER,",,0,1,0
395329,81.0,66.81,1.6086807877393419,5.821729989104207,3.1408163265306124,4.626530612244897,5.0,0.0,0.0,,control,6.0,PA,,WILLIAM HOOD DUNWOODY CARE CTR,,0,0,0
395330,255.0,197.56830903790086,0.3267797890541228,3.141302114798383,1.8816326530612244,1.1897959183673468,1.746938775510204,0.06997084548104955,0.13731778425655977,,control,6.0,PA,,CHELTENHAM NURSING AND REHAB C,,0,0,1
395332,112.0,97.44518950437319,0.9883678429695562,3.575585052563385,3.3183673469387758,4.0,3.210204081632653,0.06997084548104955,1.0,,control,6.0,PA,,WAYNE CENTER,,0,1,1
395336,130.0,93.47384839650147,1.0048251514377124,4.193945743279376,4.416326530612245,5.0,4.210204081632654,0.0,0.0,,control,6.0,PA,,QUARRYVILLE PRESBYTERIAN RETIREMENT COMMUNITY,,0,0,0
395338,296.0,251.00475218658892,0.5331654364740462,3.600709136369722,1.436734693877551,2.036734693877551,2.5285714285714285,0.06997084548104955,1.0,,control,6.0,PA,,IMMACULATEMARYCENTER FOR REHABILITATION&HEALTHCARE,,0,1,1
395341,120.0,104.20868804664724,0.7234429681264944,3.6289571011307915,3.789795918367347,3.8040816326530615,3.0142857142857142,0.0,0.0,,control,6.0,PA,,ELK HAVEN NURSING HOME,,0,0,0
395342,106.0,96.3031195335277,0.6880874832339867,3.340979660476953,2.4714285714285715,2.7122448979591836,2.7693877551020405,0.06997084548104955,1.0,,control,6.0,PA,,HOPKINS CENTER,,0,1,1
395343,152.0,108.7134110787172,0.5321716439989499,3.9249297062335735,4.244897959183673,4.455102040816326,2.6,0.0,0.0,,control,6.0,PA,,STONERIDGE TOWNE CENTRE,,0,0,0
395346,119.0,97.37139941690961,0.6111164652952228,3.0422952521390227,1.4714285714285713,1.5020408163265304,1.9836734693877551,0.0,0.0,,control,6.0,PA,,TOWNE MANOR WEST,,0,0,0
395349,45.0,41.62746355685131,1.093591163121173,4.766214733579455,4.416326530612245,5.0,4.5285714285714285,0.0,0.09037900874635567,,control,6.0,PA,,CALVARY FELLOWSHIP HOMES INC,,0,0,0
395350,104.0,86.4133527696793,0.4816279476610845,3.2565022199383185,2.773469387755102,3.8387755102040817,2.8755102040816327,0.06997084548104955,1.0,,control,6.0,PA,,LOCUST GROVE RETIREMENT VILLAGE,,0,1,1
395352,120.0,97.68825072886297,0.5405304152851504,3.604068778469159,1.5142857142857142,1.5142857142857142,2.0979591836734697,0.0,0.0,,control,6.0,PA,,BROAD ACRES HEALTH AND REHAB,,0,0,0
395355,95.0,78.16355685131195,0.7349755947902047,3.431872776463892,3.4367346938775514,3.626530612244898,2.3816326530612244,0.0,0.0,,control,6.0,PA,,"PAVILION AT BRMC, THE",,0,0,0
395356,39.839650145772595,30.375510204081635,1.033696290039174,4.282038291291091,2.6265306122448977,3.4918367346938775,4.0,0.0,0.0,,control,6.0,PA,,"GUY AND MARY FELT MANOR, INC",,0,0,0
395360,180.0,165.99822157434403,0.6763087282743182,3.578344256102354,2.146938775510204,2.773469387755102,3.210204081632653,0.0,0.0,,control,6.0,PA,,GERMANTOWN HOME,,0,0,0
395361,300.0,242.55189504373178,0.4900740612257906,3.631735175959652,2.6714285714285717,2.2979591836734694,2.657142857142857,0.0,0.0,,control,6.0,PA,,PLEASANT RIDGE MANOR EAST/WEST,,0,0,0
395366,90.0,75.75559766763848,1.250212306946221,4.683090856987524,4.226530612244899,4.626530612244897,4.4,0.0,0.0,,control,6.0,PA,,PINE RUN HEALTH CENTER,,0,0,0
395367,124.43935860058309,101.50475218658892,0.8929626154621904,3.821848638460611,2.4795918367346936,3.289795918367347,3.583673469387755,0.06997084548104955,0.0,,control,6.0,PA,,OXFORD HEALTH CENTER,,0,0,1
395370,140.0,125.20915451895044,0.6431462477957093,3.279818002077751,2.944897959183674,3.189795918367347,1.8714285714285714,0.0,1.0,,control,6.0,PA,,LUTHER WOODS NURSING AND REHABILITATION CENTER,,0,1,0
395375,77.07580174927114,65.13145772594751,0.8121181895023557,3.794129977381873,3.0979591836734697,3.5183673469387755,3.0816326530612246,0.06997084548104955,0.0,,control,6.0,PA,,SWAIM HEALTH CENTER,,0,0,1
395378,127.58600583090379,110.55463556851312,0.7019596428375351,3.7765198129602116,2.226530612244898,3.128571428571429,2.6265306122448977,0.06997084548104955,0.0,,control,6.0,PA,,QUINCY RETIREMENT COMMUNITY,,0,0,1
395382,120.0,98.29836734693878,0.68952191985249,3.283404539922152,1.0,1.0,2.387755102040816,0.06997084548104955,1.0,,control,6.0,PA,,THE GROVE AT IRWIN,,0,1,1
395384,275.0,222.48294460641398,0.4644501087432732,3.5873634191133768,3.7551020408163263,3.626530612244898,2.4673469387755103,0.0,0.0,,control,6.0,PA,,POCOPSON HOME,,0,0,0
395386,69.0,65.12032069970846,0.591721513670791,4.076879934801371,2.9142857142857146,4.077551020408164,3.7142857142857144,0.06997084548104955,0.0,,control,6.0,PA,,BETHANY VILLAGE RETIREMENT CENTER,,0,0,1
395387,67.0,61.25483965014578,0.756453919463134,4.712895032829632,2.6,3.0306122448979593,3.6714285714285717,0.0,0.0,,control,6.0,PA,,FULTON COUNTY MEDICAL CENTER,,0,0,0
395388,60.0,52.05250728862974,1.1279555552854525,4.855688561242654,5.0,5.0,5.0,0.0,0.0,,control,6.0,PA,,CROSSLANDS,,0,0,0
395390,121.0,99.78816326530612,0.5244868086603214,3.740338953692321,1.9510204081632652,2.693877551020408,1.9693877551020407,0.0,1.0,,control,6.0,PA,,NOTTINGHAM VILLAGE,,0,1,0
395401,85.0,67.45959183673469,0.8741112017978532,4.139631990862373,3.9020408163265303,4.275510204081632,3.626530612244898,0.0,0.0,,control,6.0,PA,,"BALL PAVILION, THE",,0,0,0
395404,138.45131195335279,109.25930029154519,0.4958676649892899,3.490018347814474,3.463265306122449,1.9346938775510205,1.3734693877551019,0.0,0.0,,control,6.0,PA,,"LECOM AT PRESQUE ISLE, INC",,0,0,0
395405,138.0,126.97737609329447,0.5913821557462711,3.1811234985395087,3.626530612244898,3.5285714285714285,2.3020408163265307,0.06997084548104955,1.0,,control,6.0,PA,,QUAKERTOWN CENTER,,0,1,1
395406,106.0,89.21221574344023,0.6666338573196238,4.16711586178014,4.09795918367347,4.871428571428571,3.210204081632653,0.0,0.0,,control,6.0,PA,,LUTHER ACRES MANOR,,0,0,0
395408,130.0,115.89297376093295,0.6826559093401161,3.7920363601932285,4.0,5.0,2.210204081632653,0.06997084548104955,1.0,,control,6.0,PA,,LAUREL CENTER,,0,1,1
395413,120.0,107.41586005830904,0.8020806153656981,3.5734764194172097,3.3734693877551023,4.357142857142858,3.7183673469387752,0.0,0.0,,control,6.0,PA,,WESLEY ENHANCED LIVING PENNYPACK PARK,,0,0,0
395416,142.0,133.8655685131195,0.4798052934679464,3.054304025037068,2.589795918367347,2.0877551020408163,1.4979591836734696,0.06997084548104955,1.0,,control,6.0,PA,,ROSEWOOD REHABILITATION & NURSING CENTER,,0,1,1
395422,133.0,115.7733527696793,0.5424200564229806,3.327298696073389,1.0,1.0,2.4551020408163264,0.06997084548104955,1.0,,control,6.0,PA,,PENNKNOLL VILLAGE,,0,1,1
395423,187.0,117.04230320699708,0.64772370819522,3.88408759209282,1.453061224489796,1.3551020408163266,2.0979591836734697,0.0,1.0,,control,6.0,PA,,FORBES CENTER FOR REHAB AND HEALTHCARE LLC,,0,1,0
395425,206.0,191.93985422740525,0.6190498229653963,3.9146646127047875,2.1285714285714286,3.146938775510204,2.6183673469387756,0.06997084548104955,1.0,,control,6.0,PA,,DEER MEADOWS REHABILITATION CENTER,,0,1,1
395426,119.98542274052478,90.17282798833818,0.5229998257567039,3.017695272016182,2.5142857142857142,2.2877551020408164,1.7734693877551022,0.06997084548104955,1.0,,control,6.0,PA,,"PREMIER AT PERRY VILLAGE FOR NURSING AND REHAB, LL",,0,1,1
395427,89.0,71.45058309037901,0.6442744291103107,3.7372646870050032,1.4714285714285713,2.2448979591836737,2.6265306122448977,0.0,0.09037900874635567,,control,6.0,PA,,LUTHERAN HOME AT HOLLIDAYSBURG,,0,0,0
395428,194.0,148.20008746355683,0.4656782953443175,3.1849825987522853,1.0,1.2102040816326531,1.4,0.06997084548104955,1.0,,control,6.0,PA,,"PREMIER AT SUSQUEHANNA FOR NURSING AND REHAB, LLC",,0,1,1
395430,140.0,116.39215743440234,0.8055408542538129,4.206714657777677,1.6265306122448981,1.6265306122448981,2.773469387755102,0.0,0.0,,control,6.0,PA,,DUBOIS NURSING HOME,,0,0,0
395431,180.0,144.73571428571427,0.4813670730629896,3.2647471130871932,1.9020408163265308,1.6571428571428573,1.8673469387755102,0.06997084548104955,1.0,,control,6.0,PA,,MAJESTIC OAKS REHABILITATION AND NURSING CENTER,,0,1,1
395435,408.0,349.1848396501458,0.6851856691921308,3.4286492492704084,1.1959183673469387,1.1959183673469387,2.9020408163265303,0.0,0.0,,control,6.0,PA,,WESTMORELAND MANOR,,0,0,0
395436,110.0,92.6097084548105,0.7133586651292726,3.56781931502993,2.642857142857143,3.663265306122449,3.6816326530612242,0.06997084548104955,1.0,,control,6.0,PA,,HICKORY HOUSE NURSING HOME,,0,1,1
395437,96.55043731778426,76.20419825072887,0.7490389208711304,5.144985698554165,4.626530612244897,5.0,4.09795918367347,0.0,0.0,,control,6.0,PA,,LEBANON VALLEY BRETHREN HOME,,0,0,0
395445,178.7725947521866,148.0084839650146,0.8377837395321,4.765389568543415,3.3816326530612244,4.626530612244897,4.128571428571429,0.0,0.0,,control,6.0,PA,,MESSIAH LIFEWAYS AT MESSIAH VILLAGE,,0,0,0
395446,120.0,103.76087463556851,0.6843497712874949,3.036336855437607,2.057142857142857,2.430612244897959,2.373469387755102,0.0,0.0,,control,6.0,PA,,TOWNE MANOR EAST,,0,0,0
395448,43.0,30.481107871720116,0.9087038176519835,4.046446259272833,3.055102040816326,3.0979591836734697,4.416326530612245,0.0,0.0,,control,6.0,PA,,BUCKTAIL MEDICAL CENTER,,0,0,0
395449,238.0,189.7188921282799,0.81060140261635,3.2558634664803034,2.0306122448979593,2.2408163265306125,2.9489795918367347,0.06997084548104955,1.0,,control,6.0,PA,,CHAPEL MANOR,,0,1,1
395454,467.0,320.1780174927113,0.6471707403178784,3.357775980993994,2.2183673469387757,2.1204081632653065,2.7306122448979595,0.06997084548104955,1.0,,control,6.0,PA,,PARKHOUSE REHABILITATION AND NURSING CENTER,,0,1,1
395458,120.0,72.20650145772595,0.6122573570402706,3.8456591418123396,3.416326530612245,3.6918367346938776,2.8448979591836734,0.0,0.0,,control,6.0,PA,,CLARVIEW NURSING AND REHAB CEN,,0,0,0
395459,180.0,161.3467055393586,0.6958069998019292,3.3618745525595,2.7122448979591836,2.9224489795918367,2.7081632653061223,0.06997084548104955,1.0,,control,6.0,PA,,CRESTVIEW CENTER,,0,1,1
395460,160.0,140.38609329446064,0.5438259867070252,4.099280584447001,1.3244897959183675,1.453061224489796,2.1183673469387756,0.0,0.0,,control,6.0,PA,,CHRIST THE KING MANOR,,0,0,0
395461,180.0,158.30064139941692,0.4947113095264848,3.335266149725213,3.177551020408163,3.0489795918367344,1.4,0.06997084548104955,1.0,,control,6.0,PA,,TUCKER HOUSE NURSING AND REHABILITATION CENTER,,0,1,1
395465,670.0,579.4135860058309,0.7042334426565766,3.7305186666443477,4.373469387755103,4.373469387755103,3.4,0.0,0.0,,control,6.0,PA,,CEDARBROOK NURSING HOMES,,0,0,0
395467,118.33935860058308,96.00364431486881,0.8577481781117513,4.029918456199883,2.8551020408163263,3.3836734693877553,4.112244897959184,0.06997084548104955,0.09037900874635567,,control,6.0,PA,,CATHEDRAL VILLAGE,,0,0,1
395473,53.0,41.796384839650145,1.3579140095925528,5.068485157114852,4.583673469387755,4.810204081632653,4.240816326530613,0.0,0.0,,control,6.0,PA,,PENNSWOOD VILLAGE,,0,0,0
395475,95.0,91.00556851311954,0.7679685324941815,5.787321782252782,3.8714285714285714,4.871428571428571,4.0,0.0,0.0,,control,6.0,PA,,HOMELAND CENTER,,0,0,0
395476,688.0,579.4761516034985,0.4715435306349861,3.2369823907328943,3.226530612244898,2.410204081632653,2.2653061224489797,0.0,0.0,,control,6.0,PA,,GRACEDALE - NORTHAMPTON COUNTY,,0,0,0
395479,181.0,163.28542274052478,0.5817726184330314,3.3475872710279164,4.0,4.244897959183673,2.4551020408163264,0.0,1.0,,control,6.0,PA,,GWYNEDD HEALTHCARE AND REHABILITATION CENTER,,0,1,0
395480,142.0,114.23918367346938,0.5736170088087693,3.838293511735652,2.724489795918367,3.1408163265306124,2.3857142857142857,0.0,1.0,,control,6.0,PA,,MAHONING VALLEY NURSING AND RE,,0,1,0
395481,180.0,167.28845481049564,0.6413986794852067,3.158888791506578,2.1897959183673468,2.5469387755102044,2.3836734693877553,0.06997084548104955,1.0,,control,6.0,PA,,HILLCREST CENTER,,0,1,1
395489,121.0,101.37798833819242,0.5925980746915787,3.3763861767173147,3.626530612244898,3.8714285714285714,2.2448979591836737,0.06997084548104955,1.0,,control,6.0,PA,,CORRY MANOR,,0,1,1
395490,116.7930029154519,88.84790087463557,0.8851018366851983,3.7577881282251004,4.244897959183673,5.0,4.626530612244897,0.06997084548104955,0.0,,control,6.0,PA,,WILLOWBROOKE COURT-SOUTHAMPTON,,0,0,1
395492,60.0,47.73536443148688,1.095142585804886,4.149801718920252,3.5408163265306123,4.497959183673469,4.773469387755102,0.06997084548104955,0.0,,control,6.0,PA,,WILLOWBROOKE COURT SKD CARE CENTER AT LIMA ESTATES,,0,0,1
395493,120.0,88.00096209912536,0.49973776429883204,3.145532682369442,1.3081632653061224,1.2102040816326531,1.9367346938775512,0.06997084548104955,1.0,,control,6.0,PA,,JULIA RIBAUDO EXTENDED CARE CENTER,,0,1,1
395494,125.51020408163265,103.29413994169096,0.5436248812495336,3.2478516404712536,3.4367346938775514,3.4367346938775514,1.836734693877551,0.06997084548104955,0.6029154518950437,,control,6.0,PA,,SLATE BELT HEALTH AND REHABILITATION CENTER,,0,1,1
395495,62.01749271137027,55.73615160349854,1.0455399771271343,3.808822096902236,4.09795918367347,5.0,4.377551020408163,0.06997084548104955,0.0,,control,6.0,PA,,WILLOWBROOKE COURT-SPRING HOUS,,0,0,1
395496,40.0,35.08078717201167,1.2062927283125138,3.949384075894579,4.706122448979592,4.90204081632653,4.497959183673469,0.06997084548104955,0.5125364431486881,,control,6.0,PA,,WILLOWBROOKE CTSKDCARECTR AT FORTWASHINGTONESTATES,,0,1,1
395497,90.0,55.28163265306122,1.3154385838640599,4.273352207724361,4.416326530612245,5.0,4.5285714285714285,0.0,0.0,,control,6.0,PA,,"COMMUNITY AT ROCKHILL, THE",,0,0,0
395498,60.0,51.6795335276968,1.00444787760862,3.948050385846762,3.3816326530612244,3.5918367346938775,3.836734693877551,0.0,0.0,,control,6.0,PA,,WESLEY ENHANCED LIVING MAIN LINE REHAB AND SKD NSG,,0,0,0
395502,106.0,97.07437317784256,0.7589865980608541,4.012075794416377,3.351020408163265,3.977551020408163,3.773469387755102,0.06997084548104955,0.19854227405247812,,control,6.0,PA,,OAKWOOD HEIGHTS OF PRESBYTERIAN SENIORCARE,,0,0,1
395507,72.0,67.48061224489797,0.7759427160652947,3.8699784077518,4.373469387755103,4.183673469387755,2.510204081632653,0.0,0.0,,control,6.0,PA,,ELM TERRACE GARDENS,,0,0,0
395510,59.0,53.097492711370265,0.8173652689195245,3.6166713104206023,4.90204081632653,4.90204081632653,2.773469387755102,0.0,0.0,,control,6.0,PA,,GROVE MANOR,,0,0,0
395514,240.0,196.88932944606415,0.44036059293643615,3.829160348920299,1.4,1.3387755102040815,1.5020408163265304,0.06997084548104955,1.0,,control,6.0,PA,,MAYBROOK HILLS REHABILITATION AND HEALTHCARE CENTE,,0,1,1
395515,44.0,29.424839650145774,2.2855589666584875,5.519747723856691,3.2693877551020405,4.253061224489796,4.90204081632653,0.0,0.0,,control,6.0,PA,,WILLOWCREST,,0,0,0
395518,102.0,87.51638483965014,0.6559591066971924,3.7563466583647642,2.0428571428571427,2.4795918367346936,2.9020408163265303,0.0,0.0,,control,6.0,PA,,COURTYARD GARDENS NURSING AND REHAB CTR,,0,0,0
395520,60.0,52.634431486880466,1.11479828934341,3.615408191097008,5.0,5.0,3.1244897959183673,0.0,0.0,,control,6.0,PA,,WESLEY ENHANCED LIVING - DOYLESTOWN,,0,0,0
395530,67.0,61.690932944606416,0.8182329831418587,3.9872110510188192,2.9571428571428573,3.879591836734694,3.210204081632653,0.06997084548104955,0.0,,control,6.0,PA,,PRESBYTERIAN HOMES-PRESBY,,0,0,1
395533,115.18950437317784,100.04247813411078,0.5690897885774209,3.5942382696974757,2.6265306122448977,2.7551020408163263,1.7244897959183674,0.06997084548104955,0.0,,control,6.0,PA,,WINDY HILL VILLAGE OF PRESBYTERIAN HOMES,,0,0,1
395534,66.0,57.98271137026239,0.8126352156805974,3.50109380286625,4.4,4.6755102040816325,1.963265306122449,0.06997084548104955,1.0,,control,6.0,PA,,QUALITY LIFE SERVICES - SARVER,,0,1,1
395535,87.0,74.15536443148687,0.7280461131156716,3.797451227266811,1.6,1.9387755102040816,3.3387755102040817,0.06997084548104955,1.0,,control,6.0,PA,,LAUREL SQUARE HEALTHCARE AND REHABILITATION CENTER,,0,1,1
395536,118.0,87.7167055393586,0.4810344985990044,3.2404866135230908,3.0183673469387755,3.0183673469387755,2.871428571428571,0.06997084548104955,1.0,,control,6.0,PA,,EDISON MANOR NURSING & REHABILITATION CENTER,,0,1,1
395539,155.0,124.90037900874634,0.6618148717040914,4.3717585655878395,1.4,1.7734693877551022,3.6,0.06997084548104955,0.0,,control,6.0,PA,,SAINT ANNE HOME,,0,0,1
395545,129.0,101.31932944606413,0.6059475076873778,3.579415193980981,1.3734693877551019,1.3734693877551019,2.146938775510204,0.06997084548104955,1.0,,control,6.0,PA,,FAIRVIEW CARE CENTER OF PAPERMILL ROAD,,0,1,1
395549,43.0,37.073935860058306,1.9093060749288702,5.0141590648579495,4.373469387755103,5.0,5.0,0.06997084548104955,0.0,,control,6.0,PA,,SHERWOOD OAKS,,0,0,1
395550,90.0,75.15186588921281,0.69727826490693,3.9896319885214204,1.0979591836734692,1.3734693877551019,2.9204081632653063,0.0,0.0,,control,6.0,PA,,DR ARTHUR CLIFTON MCKINLEY CTR,,0,0,0
395552,92.7930029154519,80.85440233236153,0.8691563941568423,4.163956766135338,1.6,2.6653061224489796,3.336734693877551,0.06997084548104955,0.0,,control,6.0,PA,,BETHLEN HM OF THE HUNGARIAN RF,,0,0,1
395555,120.0,108.84064139941691,0.9431846363221433,3.3661035352685498,4.626530612244897,5.0,2.7551020408163263,0.06997084548104955,1.0,,control,6.0,PA,,PENNSBURG MANOR,,0,1,1
395557,72.0,63.16615160349854,1.263952016930169,4.413451039881778,4.681632653061224,5.0,4.4367346938775505,0.0,0.0,,control,6.0,PA,,DOCK TERRACE,,0,0,0
395558,180.0,165.35431486880466,0.6618052224777888,3.557105196522945,1.6265306122448981,2.0,2.3387755102040817,0.06997084548104955,0.8014577259475218,,control,6.0,PA,,ST MONICA CENTER FOR REHABILITATION & HEALTHCARE,,0,1,1
395559,179.95102040816326,145.01772594752185,0.6800637405098208,4.621539524843002,3.8061224489795915,4.789795918367346,3.9387755102040813,0.0,0.0,,control,6.0,PA,,"MENNONITE HOME, THE",,0,0,0
395560,453.0,398.9036443148688,0.7428742797827144,4.303032035969769,3.242857142857143,4.789795918367346,4.226530612244899,0.0,0.0,,control,6.0,PA,,MASONIC VILLAGE AT ELIZABETHTOWN,,0,0,0
395561,58.0,43.370029154518946,0.9065302729487309,3.981988766108761,2.0,2.4551020408163264,3.7122448979591836,0.0,0.0,,control,6.0,PA,,REFORMED PRESBYTERIAN HOME,,0,0,0
395562,132.97084548104957,112.20180758017491,0.9645586606971626,4.361770997206674,3.853061224489796,4.626530612244897,4.626530612244897,0.0,0.0,,control,6.0,PA,,TEL HAI RETIREMENT COMMUNITY,,0,0,0
395563,124.0,108.36871720116618,0.6480190787638109,3.775805032380938,2.373469387755102,2.5632653061224486,3.0979591836734697,0.0,0.0,,control,6.0,PA,,MORRISONS COVE HOME,,0,0,0
395566,120.0,104.18215743440233,0.6053208403929906,3.5378429925446593,1.6265306122448981,1.6571428571428573,1.5285714285714287,0.06997084548104955,1.0,,control,6.0,PA,,HIGHLAND MANOR REHABILITATION AND NURSING CENTER,,0,1,1
395567,92.0,77.4598833819242,0.5992262945916058,3.306028175800371,1.0979591836734692,1.0,1.610204081632653,0.06997084548104955,1.0,,control,6.0,PA,,DUNMORE HEALTH CARE CENTER,,0,1,1
395568,120.93877551020408,108.1037609329446,0.653462666701198,3.789216538675657,2.7897959183673464,3.1632653061224487,3.746938775510204,0.06997084548104955,0.0,,control,6.0,PA,,JULIA POUND CARE CENTER,,0,0,1
395570,138.0,111.1775218658892,0.5035741436630427,3.3897327577864607,1.7734693877551022,1.4,1.4,0.06997084548104955,1.0,,control,6.0,PA,,MILTON REHABILITATION AND NURSING CENTER,,0,1,1
395571,138.0,114.34338192419824,0.9163254117692488,4.617027355511536,2.9571428571428573,4.048979591836735,3.789795918367347,0.06997084548104955,0.0,,control,6.0,PA,,SUSQUEHANNA HEALTH SKILLED NURSING & REHABILITATIO,,0,0,1
395572,121.0,109.53524781341108,0.7233542240031214,3.4691915067879746,2.908163265306122,3.8102040816326532,2.3183673469387753,0.06997084548104955,1.0,,control,6.0,PA,,FAIRVIEW MANOR,,0,1,1
395575,82.0,72.293527696793,0.8010013216972888,3.423762270440686,3.0,3.6816326530612242,2.4,0.06997084548104955,1.0,,control,6.0,PA,,THE GARDENS AT STEVENS,,0,1,1
395577,282.5772594752187,231.10096209912535,0.5566083131908186,3.31865563389219,2.8755102040816327,2.8755102040816327,2.6816326530612242,0.06997084548104955,0.8014577259475218,,control,6.0,PA,,PREMIER WASHINGTON REHABILITATION AND NURSING CTR,,0,1,1
395582,297.0,249.04166180758017,0.3706160289903729,3.141739240235283,1.5448979591836736,1.3551020408163266,1.7244897959183674,0.06997084548104955,0.8014577259475218,,control,6.0,PA,,MOUNTAIN CITY NURSING AND REHABILITATION CENTER,,0,1,1
395583,159.0,129.04991253644317,1.118643504232709,4.496961164557894,2.059183673469388,3.059183673469388,5.0,0.0,0.0,,control,6.0,PA,,SOUTH MOUNTAIN RESTORATION CEN,,0,0,0
395585,120.0,102.11924198250729,0.685079334703228,3.2206803802297697,1.2265306122448978,1.2265306122448978,2.5285714285714285,0.06997084548104955,1.0,,control,6.0,PA,,TRANSITIONS HEALTHCARE NORTH HUNTINGDON,,0,1,1
395587,130.0,107.08204081632653,0.832378362050666,3.845521265756905,2.6612244897959183,3.773469387755102,3.2530612244897963,0.0,0.0,,control,6.0,PA,,MEADOWS NURSING AND REHABILITATION CENTER,,0,0,0
395591,60.0,56.408717201166176,1.0227549287157163,3.718519396648442,3.8714285714285714,4.244897959183673,2.773469387755102,0.0,0.0,,control,6.0,PA,,LUTHER CREST NURSING FACILITY,,0,0,0
395595,150.0,131.3830612244898,0.6263698713497402,3.332450611041061,3.226530612244898,3.016326530612245,2.871428571428571,0.06997084548104955,1.0,,control,6.0,PA,,"THE BELVEDERE CENTER, GENESIS HEALTHCARE",,0,1,1
395596,194.0,152.65877551020407,0.6295600675279488,3.2201821233354466,2.0551020408163265,1.9571428571428573,1.8714285714285714,0.06997084548104955,1.0,,control,6.0,PA,,BRIDGEVILLE REHABILITATION & CARE CENTER,,0,1,1
395597,47.0,40.18918367346939,1.2980931952441588,5.1856595459362715,4.373469387755103,5.0,5.0,0.0,0.0,,control,6.0,PA,,PICKERING MANOR HOME,,0,0,0
395602,183.0,161.90851311953355,0.7251911386822465,4.030812052253746,1.8714285714285714,3.0489795918367344,3.177551020408163,0.06997084548104955,0.0,,control,6.0,PA,,WESLEY VILLAGE,,0,0,1
395603,119.93002915451895,105.23364431486881,0.7456143805950652,3.076479003844233,3.746938775510204,3.9571428571428573,2.53469387755102,0.06997084548104955,1.0,,control,6.0,PA,,CARING HEIGHTS COMMUNITY CARE & REHAB CTR,,0,1,1
395604,120.0,97.68122448979592,0.8524235092456318,3.4794124944980975,1.3734693877551019,1.3734693877551019,2.773469387755102,0.06997084548104955,1.0,,control,6.0,PA,,GREENSBURG CARE CENTER,,0,1,1
395605,159.94169096209913,74.29055393586006,0.9392986298747903,3.3293384858730795,2.642857142857143,4.226530612244899,3.7122448979591836,0.0,0.0,,control,6.0,PA,,ST BARNABAS NURSING HOME,,0,0,0
395606,240.0,178.6092711370262,0.8586428684341642,3.4408002072501045,2.7387755102040816,3.1122448979591835,3.4714285714285715,0.0,0.0,,control,6.0,PA,,JOHN J KANE REGIONAL CENTER-RO,,0,0,0
395609,176.0,142.33090379008746,0.6047816171302933,4.23929723200392,3.816326530612245,4.189795918367347,3.226530612244898,0.0,0.0,,control,6.0,PA,,ROUSE WARREN COUNTY HOME,,0,0,0
395612,104.0,91.69078717201165,0.6469198233929557,3.665391499409424,2.253061224489796,3.1551020408163266,2.3020408163265307,0.0,0.0,,control,6.0,PA,,SPIRITRUST LUTHERAN THE VILLAGE AT SPRENKLE DRIVE,,0,0,0
395617,311.0,234.4340524781341,0.8860857243450194,3.5642690805568797,3.6,4.128571428571429,3.4306122448979592,0.0,0.0,,control,6.0,PA,,JOHN J KANE REGIONAL CENTER-SC,,0,0,0
395619,181.0,142.4428279883382,0.5546217201596957,3.5072552525496334,3.9204081632653063,3.693877551020408,2.357142857142857,0.0,1.0,,control,6.0,PA,,"ROLLING FIELDS, INC",,0,1,0
395621,120.0,107.26568513119534,0.7715361735895736,3.6276335624737635,2.816326530612245,3.026530612244898,2.4,0.06997084548104955,1.0,,control,6.0,PA,,ST MARY CENTER FOR REHABILITATION & HEALTHCARE,,0,1,1
395626,160.0,99.6196501457726,0.5968689297297675,3.988849079091376,1.7959183673469388,1.6979591836734693,2.804081632653061,0.0,0.0,,control,6.0,PA,,JEFFERSON MANOR HEALTH CENTER,,0,0,0
395628,123.0,106.67559766763847,0.5966578448938705,3.838527031511592,2.7469387755102037,2.583673469387755,2.026530612244898,0.06997084548104955,1.0,,control,6.0,PA,,RENAISSANCE HEALTHCARE & REHABILITATION CENTER,,0,1,1
395629,139.0,108.54023323615161,0.8431911850386185,3.9999380874807677,3.4857142857142858,3.8591836734693876,3.6816326530612242,0.0,0.0,,control,6.0,PA,,MT MACRINA MANOR,,0,0,0
395631,59.0,53.70752186588921,0.7710895029684176,4.391782851234949,2.5775510204081633,3.879591836734694,4.0,0.0,0.0,,control,6.0,PA,,UNITED ZION RETIREMENT COMMUNI,,0,0,0
395634,71.0,65.15145772594752,1.2667431133507878,4.019078569636507,4.6,5.0,3.626530612244898,0.0,0.0,,control,6.0,PA,,SOUDERTON MENNONITE HOMES,,0,0,0
395636,104.0,92.73236151603498,0.47421579369056377,3.3512448514528117,1.1897959183673468,1.3795918367346938,1.9142857142857144,0.06997084548104955,1.0,,control,6.0,PA,,"MANOR AT ST LUKE VILLAGE,THE",,0,1,1
395637,45.0,35.35588921282799,1.2589887309519652,6.046262063476215,5.0,5.0,4.810204081632653,0.06997084548104955,0.0,,control,6.0,PA,,HOLY FAMILY HOME,,0,0,1
395638,128.0,115.89895043731778,0.8850176410499282,3.8234707199326015,3.626530612244898,4.09795918367347,4.09795918367347,0.0,0.0,,control,6.0,PA,,MASONIC VILLAGE AT SEWICKLEY,,0,0,0
395640,360.0,237.36518950437318,0.7945919038113278,3.5850303032081294,2.724489795918367,3.093877551020408,2.86734693877551,0.0,0.0,,control,6.0,PA,,JOHN J KANE REGIONAL CENTER-MC,,0,0,0
395643,255.0,187.68553935860058,0.7814430515034977,3.7164473028068534,3.189795918367347,3.4,3.5142857142857142,0.0,0.0,,control,6.0,PA,,JOHN J KANE REGIONAL CENTER-GL,,0,0,0
395644,38.0,34.09679300291545,0.8723455575433585,3.502580878071815,2.3081632653061224,3.0979591836734697,2.436734693877551,0.06997084548104955,1.0,,control,6.0,PA,,MID-VALLEY HEALTH CARE CENTER,,0,1,1
395645,121.0,105.29329446064139,0.6585316270216439,3.41558460221151,2.2408163265306125,2.9530612244897956,3.0,0.06997084548104955,1.0,,control,6.0,PA,,EDINBORO MANOR,,0,1,1
395647,75.88338192419826,62.562769679300295,0.7679126415588882,3.9583722668488264,3.1551020408163266,3.310204081632653,2.5551020408163265,0.0,0.0,,control,6.0,PA,,SPIRITRUST LUTHERAN THE VILLAGE AT GETTYSBURG,,0,0,0
395648,72.0,58.81962099125364,1.3230793686731341,4.217711532702436,4.681632653061224,5.0,4.338775510204082,0.0,0.0,,control,6.0,PA,,PETER BECKER COMMUNITY,,0,0,0
395650,121.0,98.35137026239067,0.7153634751720135,3.5621044071095507,3.4367346938775514,3.4367346938775514,2.9020408163265303,0.06997084548104955,1.0,,control,6.0,PA,,WARREN MANOR,,0,1,1
395656,61.0,47.23513119533527,1.5714401712030583,4.324749899115769,5.0,5.0,4.253061224489796,0.0,0.0,,control,6.0,PA,,FREDERICK LIVING - CEDARWOOD,,0,0,0
395665,73.0,56.59521865889213,1.1973159757786278,4.196117922519693,2.908163265306122,4.810204081632653,4.626530612244897,0.06997084548104955,0.1271137026239067,,control,6.0,PA,,WILLOWBROOKE CTSKDCARECTR ATNORMANDY FARMS ESTATES,,0,0,1
395671,155.0,133.633527696793,0.7453297603712079,3.899597257351483,3.9020408163265303,4.614285714285714,3.626530612244898,0.06997084548104955,0.0,,control,6.0,PA,,SOUTHMONT OF PRESBYTERIAN SENIORCARE,,0,0,1
395677,117.0,103.12221574344022,0.8371405202490556,4.483706907786134,2.2020408163265306,3.222448979591837,4.210204081632654,0.0,0.0,,control,6.0,PA,,SARAH A TODD MEMORIAL HOME,,0,0,0
395678,129.0,119.51871720116618,0.6671796303786778,4.392327342464851,2.9020408163265303,3.9020408163265303,3.128571428571429,0.0,0.0,,control,6.0,PA,,"WILLIAMSPORT HOME, THE",,0,0,0
395679,74.0,67.35962099125365,0.6562270129742713,3.207794711085428,2.373469387755102,2.614285714285714,2.112244897959184,0.06997084548104955,1.0,,control,6.0,PA,,THE GROVE AT WASHINGTON,,0,1,1
395684,142.0,138.20801749271135,0.6108098170204782,4.008269873908444,3.9020408163265303,4.275510204081632,2.7469387755102037,0.06997084548104955,0.0,,control,6.0,PA,,CONCORDIA LUTHERAN HEALTH AND HUMAN CARE,,0,0,1
395686,176.0,137.1351311953353,0.6281131122527706,3.8083424649453885,2.2918367346938777,3.0816326530612246,2.373469387755102,0.0,0.0,,control,6.0,PA,,ST IGNATIUS NURSING & REHAB CENTER,,0,0,0
395687,240.0,201.7338775510204,0.5589393927754696,3.18087160169648,1.3734693877551019,1.583673469387755,1.8714285714285714,0.06997084548104955,1.0,,control,6.0,PA,,YORK NURSING AND REHABILITATION CENTER,,0,1,1
395688,89.0,79.75177842565597,0.6232021538990564,3.6828895667875345,3.983673469387755,3.983673469387755,3.0571428571428574,0.06997084548104955,0.0,,control,6.0,PA,,FRIENDSHIP VILLAGE OF SOUTH HI,,0,0,1
395692,120.0,106.19644314868805,0.4897698282693831,3.613840413574235,2.0979591836734697,1.3081632653061224,1.2102040816326531,0.06997084548104955,1.0,,control,6.0,PA,,TRANSITIONS HEALTHCARE WASHINGTON PA,,0,1,1
395695,140.0,94.46833819241982,0.4704751089507091,3.0897924493462314,1.3244897959183675,1.8877551020408163,1.6265306122448981,0.06997084548104955,1.0,,control,6.0,PA,,GREENERY CENTER FOR REHAB AND NURSING,,0,1,1
395698,50.0,43.20510204081633,0.898517553401698,3.2045909518413507,3.583673469387755,4.146938775510204,2.7081632653061223,0.06997084548104955,0.6029154518950437,,control,6.0,PA,,MEADOWCREST NURSING CENTER,,0,1,1
395699,121.0,99.29107871720117,0.6730644120190965,3.441901010305303,2.583673469387755,2.9571428571428573,3.3734693877551023,0.06997084548104955,1.0,,control,6.0,PA,,SWEDEN VALLEY MANOR,,0,1,1
395700,115.0,87.85075801749272,0.6735102263529922,3.634708487010683,3.416326530612245,4.189795918367347,3.210204081632653,0.06997084548104955,1.0,,control,6.0,PA,,BRADFORD MANOR,,0,1,1
395704,120.0,90.53688046647231,1.1376320789053538,4.431540898851393,3.2612244897959184,4.451020408163266,4.4,0.0,0.0,,control,6.0,PA,,"LAFAYETTE-REDEEMER, THE",,0,0,0
395705,120.0,108.09276967930029,0.8463856359253856,3.5302895944344717,2.026530612244898,2.610204081632653,3.3734693877551023,0.06997084548104955,1.0,,control,6.0,PA,,HEMPFIELD MANOR,,0,1,1
395708,115.0,102.18690962099126,0.4953406163936705,3.2836188949157603,3.6,3.2816326530612248,3.055102040816326,0.06997084548104955,1.0,,control,6.0,PA,,"GARDENS FOR MEMORY CARE AT EASTON, THE",,0,1,1
395713,193.0,176.7575218658892,0.8193541285214989,3.923627817566101,3.0,4.173469387755102,3.9020408163265303,0.06997084548104955,0.0,,control,6.0,PA,,WILLOWS OF PRESBYTERIAN SENIOR,,0,0,1
395715,120.0,110.94530612244898,0.605353578060942,3.4861578458409124,1.4714285714285713,2.183673469387755,3.0816326530612246,0.0,0.0,,control,6.0,PA,,WESLEY  ENHANCED LIVING AT STAPELEY,,0,0,0
395716,37.0,32.609008746355684,0.8983728083850986,3.417960021029568,2.016326530612245,2.26734693877551,2.8346938775510204,0.0,1.0,,control,6.0,PA,,SMITH HEALTH CARE LTD,,0,1,0
395717,102.0,64.77125364431487,0.7859291004959991,3.551551391809601,2.773469387755102,3.5673469387755103,2.9530612244897956,0.06997084548104955,0.0,,control,6.0,PA,,LINWOOD NURSING AND REHABILITATION CENTER,,0,0,1
395718,46.113702623906704,36.85122448979592,2.166950808995888,5.476926549275058,4.128571428571429,5.0,5.0,0.0,0.0,,control,6.0,PA,,WAVERLY HEIGHTS,,0,0,0
395720,60.0,49.54457725947522,0.8555639398993424,5.124394742586379,3.6204081632653065,4.4367346938775505,4.626530612244897,0.0,0.0,,control,6.0,PA,,"HOMESTEAD VILLAGE, INC",,0,0,0
395728,100.0,91.18766763848396,0.4758582409816428,3.587013961634975,4.0,3.5285714285714285,1.7734693877551022,0.06997084548104955,1.0,,control,6.0,PA,,SNYDER MEMORIAL HEALTH CARE CE,,0,1,1
395729,181.0,163.75871720116618,0.3718154557343628,3.2292162445162056,4.373469387755103,3.789795918367347,1.5142857142857142,0.06997084548104955,1.0,,control,6.0,PA,,"GARDENS AT EASTON, THE",,0,1,1
395733,118.0,97.97370262390672,0.588388133458407,3.4652322361066408,1.816326530612245,2.5285714285714285,1.836734693877551,0.06997084548104955,1.0,,control,6.0,PA,,GETTYSBURG CENTER,,0,1,1
395735,140.0,103.18874635568514,0.5824996087887249,3.376763622383937,4.226530612244899,4.7122448979591836,1.9020408163265308,0.0,0.0,,control,6.0,PA,,LIFEQUEST NURSING CENTER,,0,0,0
395736,82.0,57.448425655976685,1.0798920852198077,4.198032975190683,3.626530612244898,4.497959183673469,4.497959183673469,0.06997084548104955,0.0,,control,6.0,PA,,WILLOWBROOKE COURT-GRANITE,,0,0,1
395738,119.93002915451895,107.03795918367348,1.1171048674532549,4.227157222327419,4.09795918367347,4.810204081632653,4.210204081632654,0.0,0.0,,control,6.0,PA,,PAUL'S RUN,,0,0,0
395745,198.25072886297374,182.52930029154518,0.491279455973081,3.1692281556858357,1.2102040816326531,1.2102040816326531,1.2102040816326531,0.06997084548104955,1.0,,control,6.0,PA,,BALDWIN HEALTH CENTER,,0,1,1
395752,61.0,54.351020408163265,0.7304789598751157,4.7845429730090565,4.90204081632653,5.0,4.09795918367347,0.0,0.0,,control,6.0,PA,,MORAVIAN HALL SQUARE HEALTH AND WELLNESS CENTER,,0,0,0
395753,44.0,37.189883381924204,1.6693164029163445,5.245035898388707,4.389795918367347,4.661224489795918,4.485714285714286,0.0,0.0,,control,6.0,PA,,BEAUMONT AT BRYN MAWR,,0,0,0
395756,116.0,67.82057823129253,0.853921027169561,3.7806216304001654,2.146341463414634,3.195121951219512,3.4390243902439024,0.0,1.0,,control,6.0,PA,,JUNIPER VILLAGE AT BROOKLINE-REHABILITATION AND SK,,0,1,0
395757,60.0,53.55851311953353,0.8488663647320973,3.368313012050017,3.1244897959183673,4.0265306122448985,3.0816326530612246,0.06997084548104955,0.09037900874635567,,control,6.0,PA,,EDGEHILL NURSING AND REHAB CEN,,0,0,1
395758,115.0,99.87524781341108,0.5852318564893045,3.4769651769334224,3.020408163265306,3.3081632653061224,2.1897959183673468,0.06997084548104955,1.0,,control,6.0,PA,,THE GROVE AT HARMONY,,0,1,1
395762,92.0,83.45822157434402,1.0656247293167338,3.7680527109374955,4.691836734693878,5.0,4.626530612244897,0.06997084548104955,0.0,,control,6.0,PA,,WILLOWBROOKE COURT SKILLED CARE CENTER AT BRITTANY,,0,0,1
395763,121.0,116.02177842565598,1.2452152009202697,4.717475598430147,5.0,5.0,4.773469387755102,0.0,0.0,,control,6.0,PA,,FELLOWSHIP MANOR,,0,0,0
395765,125.14752186588922,93.94661807580175,0.8489317809271708,4.246377187723263,3.5285714285714285,4.373469387755103,4.0,0.0,0.0,,control,6.0,PA,,MARIAN MANOR CORPORATION,,0,0,0
395768,59.0,51.49475218658892,1.3130748402354397,4.273539882989611,4.4714285714285715,5.0,5.0,0.0,0.0,,control,6.0,PA,,MEADOWOOD,,0,0,0
395770,314.9737609329446,259.7550728862974,0.3557120492777685,3.635773235730685,3.9571428571428573,3.76734693877551,2.373469387755102,0.0,1.0,,control,6.0,PA,,CEDAR HAVEN HEALTHCARE CENTER,,0,1,0
395771,80.0,76.13355685131195,0.7593760320970624,4.378617674948607,5.0,5.0,4.416326530612245,0.0,0.0,,control,6.0,PA,,LAKESIDE AT WILLOW VALLEY,,0,0,0
395778,108.0,81.24206997084549,0.7275131853256998,3.4428531768024526,2.373469387755102,2.7897959183673464,3.0,0.0,0.0,,control,6.0,PA,,"COMMUNITIES AT INDIAN HAVEN,",,0,0,0
395779,240.0,212.30991253644316,0.49191156115136764,3.4428293554282936,1.2265306122448978,1.0,1.2102040816326531,0.0,0.0,,control,6.0,PA,,CENTRE CREST,,0,0,0
395780,867.002915451895,570.2386588921283,0.5588527231020481,3.7703904794761733,2.7857142857142856,3.595918367346939,4.4367346938775505,0.0,0.0,,control,6.0,PA,,FAIR ACRES GERIATRIC CENTER,,0,0,0
395784,109.0,87.55705539358601,0.5836199419531143,3.962608593107465,2.583673469387755,3.4857142857142858,2.773469387755102,0.0,0.0,,control,6.0,PA,,"CHURCH OF GOD HOME, INC",,0,0,0
395786,127.82565597667639,99.32411078717202,0.7192348592752962,3.8125463840400977,4.502040816326531,4.789795918367346,3.9693877551020407,0.0,0.0,,control,6.0,PA,,PLEASANT VIEW RETIREMENT COMMUNITY,,0,0,0
395787,162.0,136.17927113702623,0.6435987966020541,4.4285763021188655,3.416326530612245,4.253061224489796,3.497959183673469,0.0,0.0,,control,6.0,PA,,"VALLEY VIEW HAVEN, INC",,0,0,0
395788,220.0,208.26959183673472,0.5574644228084759,3.3157988300956243,3.33265306122449,2.9591836734693877,1.7387755102040816,0.06997084548104955,1.0,,control,6.0,PA,,SUNNYVIEW NURSING AND REHABILITATION CENTER,,0,1,1
395794,90.0,69.49644314868806,0.7538318503677447,3.4733841797287197,4.253061224489796,4.253061224489796,2.5142857142857142,0.0,0.0,,control,6.0,PA,,SAINT JOHN XXIII HOME,,0,0,0
395795,98.0,80.2260058309038,0.67567742944806,3.6824954976225652,4.373469387755103,3.8714285714285714,2.6265306122448977,0.0,0.0,,control,6.0,PA,,"LAFAYETTE MANOR, INC",,0,0,0
395797,103.0,95.52965014577259,0.9695960469247815,5.032725828200823,5.0,5.0,4.871428571428571,0.0,0.0,,control,6.0,PA,,LANDIS HOMES,,0,0,0
395798,135.0,126.01851311953352,0.4418307458686382,3.347980288861218,1.5142857142857142,2.416326530612245,2.416326530612245,0.06997084548104955,1.0,,control,6.0,PA,,TRANSITIONS HEALTHCARE GETTYSBURG,,0,1,1
395800,80.0,63.55457725947521,0.7550132101957503,4.386881549081066,4.583673469387755,4.7122448979591836,3.8714285714285714,0.0,0.0,,control,6.0,PA,,HIGHLANDS AT WYOMISSING,,0,0,0
395802,83.0,77.77699708454811,0.8859225182505994,4.147995546028006,3.5285714285714285,4.338775510204082,3.5285714285714285,0.0,0.0,,control,6.0,PA,,THORNWALD HOME,,0,0,0
395804,75.0,65.09495626822158,1.0230300935294645,4.3580675959957365,4.210204081632654,4.90204081632653,4.583673469387755,0.0,0.0,,control,6.0,PA,,LUTHERAN COMMUNITY AT TELFORD,,0,0,0
395805,114.0,98.78011661807581,0.8079713702616277,4.3357381542153535,4.626530612244897,5.0,4.308163265306122,0.0,0.0,,control,6.0,PA,,FAIRMOUNT HOMES,,0,0,0
395806,119.0,88.8039941690962,0.940046499004288,5.089649095559373,3.5448979591836736,5.0,4.416326530612245,0.0,0.0,,control,6.0,PA,,ST ANNE'S RETIREMENT COMMUNITY,,0,0,0
395815,120.0,105.5368221574344,0.7299382500737018,3.64808007175529,1.853061224489796,1.7551020408163265,2.6755102040816325,0.06997084548104955,1.0,,control,6.0,PA,,ST MARTHA CENTER FOR REHABILITATION & HEALTHCARE,,0,1,1
395816,90.0,79.95081632653061,0.6650726855640303,3.9307230270107367,3.351020408163265,3.9346938775510205,3.2448979591836733,0.0,0.0,,control,6.0,PA,,"LUTHERAN HOME AT KANE, THE",,0,0,0
395818,60.0,55.824052478134114,0.9812344856974213,3.8969152487616796,4.281632653061225,5.0,3.836734693877551,0.0,0.0,,control,6.0,PA,,MASONIC VILLAGE AT LAFAYETTE HILL,,0,0,0
395819,269.0,230.66384839650146,0.4037124466540907,3.335079980049771,2.016326530612245,1.8877551020408163,1.8714285714285714,0.0,0.0,,control,6.0,PA,,CARING HEART REHABILITATION AND NURSING CENTER,,0,0,0
395821,127.0,97.86950437317783,1.1462890535289454,4.093607881537022,4.773469387755102,5.0,4.5632653061224495,0.0,0.19854227405247812,,control,6.0,PA,,LITTLE FLOWER MANOR,,0,0,0
395823,118.0,94.40865889212827,0.7719566138972314,3.7733162766197665,3.0571428571428574,3.4306122448979592,3.0,0.0,1.0,,control,6.0,PA,,TOWNVIEW HEALTH AND REHABILITATION CENTER,,0,1,0
395824,90.0,82.03830903790089,0.6034426079684878,4.030245678371906,2.0,2.0979591836734697,2.9020408163265303,0.0,0.0,,control,6.0,PA,,EMMANUEL CENTER FOR NURSING,,0,0,0
395825,125.0,98.84507288629737,0.5250836818795251,3.5143570161195186,1.0,1.0,2.0,0.06997084548104955,1.0,,control,6.0,PA,,WATSONTOWN REHABILITATION AND NURSING CENTER,,0,1,1
395830,150.0,120.55597667638484,0.5316874620283027,3.251540161423976,1.416326530612245,1.9795918367346939,1.5285714285714287,0.0,0.0,,control,6.0,PA,,MEADOW VIEW NURSING CENTER,,0,0,0
395832,55.0,51.44055393586005,1.0731166047536955,4.291330175641109,4.871428571428571,4.871428571428571,3.9346938775510205,0.0,0.0,,control,6.0,PA,,LEBANON VALLEY HOME THE,,0,0,0
395833,58.53935860058309,50.25594752186589,1.0423608621581062,4.434212534522714,3.9346938775510205,4.253061224489796,4.124489795918367,0.0,0.0,,control,6.0,PA,,HCC AT WHITE HORSE VILLAGE,,0,0,0
395838,46.0,41.95250728862973,1.1231677893536833,5.224491380330932,3.1408163265306124,4.626530612244897,5.0,0.0,0.0,,control,6.0,PA,,FOXDALE VILLAGE,,0,0,0
395840,100.0,79.63381924198251,0.7585478448666533,3.7595041436629923,1.436734693877551,1.5653061224489795,2.773469387755102,0.0,0.0,,control,6.0,PA,,"PATRIOT, A CHOICE COMMUNITY THE",,0,0,0
395845,150.0,97.45696793002915,0.9908973972406147,4.156714558023213,2.5285714285714285,3.8857142857142857,3.8714285714285714,0.06997084548104955,0.0,,control,6.0,PA,,CRANBERRY PLACE,,0,0,1
395848,96.0,73.07043731778425,0.9662317675906692,4.477685144872016,3.479591836734694,4.626530612244897,4.4,0.0,0.0,,control,6.0,PA,,BARCLAY FRIENDS,,0,0,0
395851,120.0,94.9826530612245,0.7597716772027914,3.6307735190546557,1.4224489795918367,1.7959183673469388,2.5632653061224486,0.06997084548104955,1.0,,control,6.0,PA,,REHAB & NURSING CTR GREATER PITTSBURG,,0,1,1
395857,120.0,107.38344023323614,0.8240128495015211,4.436635693221264,3.879591836734694,4.253061224489796,3.836734693877551,0.0,0.0,,control,6.0,PA,,EPHRATA MANOR,,0,0,0
395860,126.61166180758018,84.24110787172012,0.7836478935157258,3.242079674268404,1.1285714285714286,1.0,2.389795918367347,0.0,1.0,,control,6.0,PA,,LOYALHANNA CARE CENTER,,0,1,0
395861,21.0,15.267993197278912,3.7672897477142047,5.900617331352622,3.48780487804878,5.0,4.695121951219512,0.0,0.0,,control,6.0,PA,,HRH TRANSITIONAL CARE UNIT(A D/B/A ENTITY OF HRHS),,0,0,0
395864,17.0,12.453148688046648,2.211823542789909,6.203024721691368,3.4306122448979592,4.614285714285714,4.240816326530613,0.0,1.0,,control,6.0,PA,,JUNIPER VILLAGE AT BUCKS COUNTY REHAB AND SKD CARE,,0,1,0
395865,180.0,155.85708454810498,0.427366049809043,3.2466293848190197,2.1285714285714286,1.7122448979591838,1.420408163265306,0.06997084548104955,1.0,,control,6.0,PA,,MAPLEWOOD NURSING AND REHAB  CENTER,,0,1,1
395872,110.0,98.07061224489796,0.45029388593297326,2.9995731736655555,1.416326530612245,1.1285714285714286,1.5285714285714287,0.06997084548104955,1.0,,control,6.0,PA,,"GARDENS AT MILLVILLE, THE",,0,1,1
395873,120.0,89.84775510204081,0.5581465960683265,3.3408536052686095,3.226530612244898,2.642857142857143,2.3816326530612244,0.0,0.0,,control,6.0,PA,,LGAR HEALTH AND REHABILITATION,,0,0,0
395876,58.0,54.80667638483965,0.8116480568392899,3.420451092400959,2.6265306122448977,3.4,2.5285714285714285,0.0,0.0,,control,6.0,PA,,CUMBERLAND CROSSINGS RETIREMENT COMMUNITY,,0,0,0
395879,48.0,43.14367346938776,0.8396813829458156,3.764715783192431,3.9326530612244897,4.706122448979592,2.2714285714285714,0.06997084548104955,1.0,,control,6.0,PA,,QUALITY LIFE SERVICES - MERCER,,0,1,1
395880,119.93002915451895,93.45530612244897,0.7837058611214462,3.831875424554007,4.5632653061224495,4.90204081632653,3.2755102040816326,0.0,0.0,,control,6.0,PA,,PHOEBE BERKS HEALTH CARE CENTE,,0,0,0
395882,60.0,56.07084548104956,0.9415936222563852,4.414119295328577,3.2755102040816326,4.204081632653061,4.155102040816327,0.06997084548104955,0.0,,control,6.0,PA,,LONGWOOD AT OAKMONT,,0,0,1
395890,17.0,9.472332361516036,3.787101744415655,8.413558870883469,5.0,5.0,5.0,0.0,0.0,,control,6.0,PA,,SNU ARMSTRONG CO MEMORIAL HOSP,,0,0,0
395891,60.0,53.62379008746356,0.9542610483476293,4.598529585348025,3.4857142857142858,3.7122448979591836,3.657142857142857,0.0,0.0,,control,6.0,PA,,LAUREL VIEW VILLAGE,,0,0,0
395892,107.0,93.45871720116618,0.49431306316799706,3.3203890243347796,1.0,1.0,1.6265306122448981,0.06997084548104955,1.0,,control,6.0,PA,,THE GROVE AT LATROBE,,0,1,1
395893,396.0,344.4210787172011,0.4303109518053039,3.21100949981827,1.746938775510204,1.7122448979591838,1.2102040816326531,0.06997084548104955,1.0,,control,6.0,PA,,CARE PAVILION NURSING AND REHABILITATION CENTER,,0,1,1
395894,32.0,19.160903790087463,2.200002833570763,6.996850461136342,4.626530612244897,4.810204081632653,3.979591836734694,0.0,0.0,,control,6.0,PA,,MEADVILLE MEDICAL CTR TCU,,0,0,0
395895,163.0,135.51997084548105,0.6374938253392632,4.286960485764073,2.226530612244898,3.036734693877551,2.973469387755102,0.0,0.0,,control,6.0,PA,,VALLEY VIEW REHAB AND NURSING CENTER,,0,0,0
395896,129.0,117.09443148688047,0.6380879968284964,4.33589652199987,2.9571428571428573,3.879591836734694,3.553061224489796,0.06997084548104955,0.0,,control,6.0,PA,,HOMEWOOD AT MARTINSBURG PA INC,,0,0,1
395898,120.0,103.64000000000001,0.6393650125409667,4.3968746668531535,4.189795918367347,4.871428571428571,3.7122448979591836,0.06997084548104955,0.0,,control,6.0,PA,,HOMEWOOD AT PLUM CREEK,,0,0,1
395899,119.8396501457726,99.02160349854228,0.4841965669663476,3.124545716557469,1.0,2.0,1.6265306122448981,0.06997084548104955,1.0,,control,6.0,PA,,"GARDENS AT ORANGEVILLE, THE",,0,1,1
395902,64.0,58.62766763848397,0.6693505250790852,3.889537364238691,2.0428571428571427,2.816326530612245,3.036734693877551,0.06997084548104955,0.0,,control,6.0,PA,,NORMANDIE RIDGE,,0,0,1
395904,130.0,118.14279883381924,0.6691242954332579,3.318956892329547,3.4714285714285715,4.055102040816326,2.646938775510204,0.06997084548104955,1.0,,control,6.0,PA,,SANATOGA CENTER,,0,1,1
395905,65.0,54.83685131195335,0.7199551457189775,3.2849346911126425,2.3387755102040817,2.773469387755102,1.8714285714285714,0.06997084548104955,1.0,,control,6.0,PA,,KINGSTON HEALTH CARE CENTER,,0,1,1
395907,80.0,73.98268221574344,0.807550202364018,3.6277183484485667,3.4,3.610204081632653,3.626530612244898,0.06997084548104955,0.0,,control,6.0,PA,,FORESTVIEW,,0,0,1
395908,100.0,95.00440233236152,0.6298934181821155,3.9910706270782725,4.5285714285714285,4.90204081632653,3.0,0.0,0.0,,control,6.0,PA,,"BRADFORD ECUMENICAL HOME, INC",,0,0,0
395916,60.0,46.740553935860056,1.3255599298666856,4.192006944953757,5.0,5.0,4.081632653061225,0.06997084548104955,0.0,,control,6.0,PA,,KIRKLAND VILLAGE,,0,0,1
395922,59.01457725947522,54.658017492711366,1.0048772376557946,4.6736983813833595,3.626530612244898,4.810204081632653,4.4367346938775505,0.0,0.0,,control,6.0,PA,,ARTMAN LUTHERAN HOME,,0,0,0
395923,59.0,56.9197667638484,0.7748682927639328,4.652253976371121,3.836734693877551,4.810204081632653,4.226530612244899,0.0,0.0,,control,6.0,PA,,CHAPEL POINTE AT CARLISLE,,0,0,0
395927,60.0,52.043294460641405,0.6582833477364122,3.884021233348048,4.773469387755102,4.644897959183673,3.3061224489795915,0.0,0.19854227405247812,,control,6.0,PA,,STONERIDGE POPLAR RUN,,0,0,0
395936,119.85014577259476,82.0034693877551,0.5061527252521733,3.814283001859717,1.0,1.9020408163265308,2.5020408163265304,0.0,0.0,,control,6.0,PA,,WAYNE WOODLANDS MANOR,,0,0,0
395941,50.0,46.99145772594752,3.4787672038837343,6.276005195940659,5.0,5.0,4.485714285714286,0.0,0.0,,control,6.0,PA,,TRANSITIONAL SUB-ACUTE UNIT,,0,0,0
395944,60.0,54.60845481049563,0.8279948937180347,3.9266927551867292,2.1285714285714286,3.9020408163265303,4.0,0.0,0.0,,control,6.0,PA,,CHAMBERS POINTE HEALTH CARE CENTER,,0,0,0
395950,180.0,160.90827988338194,0.4275401626567802,3.4382130308738974,3.3734693877551023,3.2448979591836733,1.4,0.0,1.0,,control,6.0,PA,,CENTENNIAL HEALTHCARE AND REHABILITATION CENTER,,0,1,0
395951,52.0,35.83997084548105,3.7754321843820895,6.266568514370917,4.626530612244897,5.0,5.0,0.0,0.0,,control,6.0,PA,,LEHIGH VALLEY HOSPITAL TSU,,0,0,0
395952,90.0,75.63763848396502,1.0899625657704246,4.008695313967812,2.7551020408163263,3.3653061224489798,3.5285714285714285,0.0,0.0,,control,6.0,PA,,NAAMANS CREEK COUNTRY MANOR,,0,0,0
395956,245.72827988338193,190.82472303206995,0.721690231284887,4.3804612738625135,4.497959183673469,4.626530612244897,4.497959183673469,0.0,0.0,,control,6.0,PA,,GLEN AT WILLOW VALLEY,,0,0,0
395959,100.0,86.01201166180758,0.6134533708414495,3.5725858262177885,3.044897959183673,3.475510204081633,2.173469387755102,0.0,0.0,,control,6.0,PA,,THE CARING PLACE,,0,0,0
395961,125.30029154518951,111.30209912536444,0.8859615051179582,4.3018262871809085,3.746938775510204,4.773469387755102,3.626530612244898,0.0,0.0,,control,6.0,PA,,PHILADELPHIA PROTESTANT HOME,,0,0,0
395966,16.0,11.418483965014577,2.9650606143580007,6.220626028723278,3.626530612244898,4.4,4.387755102040816,0.06997084548104955,0.0,,control,6.0,PA,,UPMC NORTHWEST TRANSITIONAL CARE UNIT,,0,0,1
395974,86.0,79.28145772594752,0.7157369187600274,4.712424105954538,4.189795918367347,4.189795918367347,4.0,0.0,0.0,,control,6.0,PA,,MONTICELLO HOUSE,,0,0,0
395983,87.44956268221574,82.02577259475218,0.6129241004738852,3.5745187687203286,2.973469387755102,3.685714285714286,2.648979591836735,0.06997084548104955,1.0,,control,6.0,PA,,KEARSLEY REHABILITATION AND NURSING CENTER,,0,1,1
395986,120.0,88.28448979591836,0.6793766206850407,3.6967911706908216,3.7122448979591836,4.183673469387755,2.5285714285714285,0.06997084548104955,1.0,,control,6.0,PA,,KITTANNING CARE CENTER,,0,1,1
395996,78.0,72.91236151603499,0.8813891229175977,4.460207077029056,4.155102040816327,4.626530612244897,3.951219512195122,0.06997084548104955,0.0,,control,6.0,PA,,MANCHESTER COMMONS OF PRESBYTERIAN SENIORCARE,,0,0,1
395998,50.0,40.70413994169096,0.7905853319631091,4.483579525103903,3.7244897959183674,5.0,4.497959183673469,0.0,0.0,,control,6.0,PA,,MISERICORDIA NURSING & REHABILITATION CENTER,,0,0,0
396002,28.0,17.85396501457726,2.9320094332752538,4.662936716016815,2.853061224489796,3.289795918367347,4.6204081632653065,0.06997084548104955,0.0,,control,6.0,PA,,"TCU AT NAZARETH HOSPITAL, THE",,0,0,1
396009,99.0,88.93399416909621,0.8780192865647938,3.377945319002853,1.2265306122448978,1.436734693877551,2.836734693877551,0.06997084548104955,1.0,,control,6.0,PA,,NORRITON SQUARE NURSING AND REHABILITATION CENTER,,0,1,1
396015,64.0,58.28247813411079,0.7287795884751418,3.9383633444574997,2.9020408163265303,3.6142857142857143,2.871428571428571,0.06997084548104955,0.0,,control,6.0,PA,,WESTMINSTER WOODS AT HUNTINGDO,,0,0,1
396021,77.0,71.68807580174928,1.4550478909030349,4.521024434834578,1.6265306122448981,2.497959183673469,3.836734693877551,0.0,0.0,,control,6.0,PA,,REDSTONE HIGHLANDS HEALTH CARE,,0,0,0
396024,44.0,27.343367346938777,1.0363310010602476,4.089227674179389,2.4183673469387754,2.0,3.0,0.0,1.0,,control,6.0,PA,,WESTON REHABILITATION & NURSING CENTER,,0,1,0
396053,70.0,55.54769679300292,1.2383228137614102,4.721138634587362,4.124489795918367,5.0,4.626530612244897,0.0,1.0,,control,6.0,PA,,COUNTRY MEADOWS NURSING CENTER OF BETHLEHEM,,0,1,0
396054,43.0,39.82790087463557,1.076935989542311,3.5642209246155874,4.4714285714285715,4.661224489795918,2.96530612244898,0.0,0.0,,control,6.0,PA,,MASONIC VILLAGE AT WARMINSTER,,0,0,0
396056,154.3002915451895,104.84510204081633,0.9245404703283033,3.3064570885726843,1.0979591836734692,1.0979591836734692,2.3693877551020406,0.0,1.0,,control,6.0,PA,,WILLIAM PENN CARE CENTER,,0,1,0
396058,100.0,81.17807580174926,0.7114433004896258,4.005081905190174,2.6897959183673468,3.0081632653061225,2.3346938775510204,0.06997084548104955,0.0,,control,6.0,PA,,AVALON SPRINGS PLACE,,0,0,1
396059,59.0,51.31626822157435,0.9140178315491883,3.7600979427240664,2.2,2.7285714285714286,2.944897959183674,0.0,0.0,,control,6.0,PA,,CONCORDIA AT THE CEDARS,,0,0,0
396062,60.0,44.12559766763848,1.230592274704982,4.8128685166756,3.479591836734694,4.626530612244897,4.5632653061224495,0.06997084548104955,1.0,,control,6.0,PA,,"INN AT FREEDOM VILLAGE,THE",,0,1,1
396064,82.0,81.0935860058309,0.7516127362967124,6.0749333915638655,3.8102040816326532,4.7122448979591836,4.128571428571429,0.0,0.0,,control,6.0,PA,,MARGARET E. MOUL HOME,,0,0,0
396067,60.0,53.512244897959185,0.8765541156131819,3.882120793807211,3.9571428571428573,3.9571428571428573,3.3387755102040817,0.0,0.0,,control,6.0,PA,,CONCORDIA AT REBECCA RESIDENCE,,0,0,0
396069,141.0,116.5708163265306,0.7646236472689931,4.048951982805519,1.5448979591836736,2.6367346938775507,3.336734693877551,0.0,0.09037900874635567,,control,6.0,PA,,ARBUTUS PARK MANOR,,0,0,0
396072,140.54868804664721,129.55134110787174,0.6518177880201597,4.25727908224875,3.5551020408163265,3.3285714285714287,3.1040816326530614,0.0,0.0,,control,6.0,PA,,MILLCREEK MANOR,,0,0,0
396074,369.7941690962099,300.14556851311954,0.919767043398473,4.037585127424778,2.0551020408163265,2.9571428571428573,2.871428571428571,0.0,0.0,,control,6.0,PA,,ALLIED SERVICES SKILLED NURSING CENTER,,0,0,0
396076,180.0,153.7037026239067,0.43089784388632235,3.489693061178583,1.6979591836734693,1.292682926829268,1.8048780487804879,0.0,1.0,,control,6.0,PA,,BALA NURSING AND RETIREMENT CE,,0,1,0
396079,73.0,69.1530612244898,0.9115747335124893,4.718221298251118,5.0,5.0,4.626530612244897,0.0,0.0,,control,6.0,PA,,GARDEN SPOT VILLAGE,,0,0,0
396081,80.0,70.92472303206998,1.2446878071598106,3.811854080788607,4.0,4.210204081632654,3.4,0.0,0.0,,control,6.0,PA,,SAINT MARY'S AT ASBURY RIDGE,,0,0,0
396083,164.0,138.62510204081633,0.4988003897749229,3.4658223244499466,2.5285714285714285,3.1122448979591835,2.3081632653061224,0.06997084548104955,1.0,,control,6.0,PA,,STERLING HEALTH CARE AND REHAB CENTER,,0,1,1
396085,60.0,52.180408163265305,1.2713123778659394,4.584874354118286,4.0,4.23469387755102,3.4081632653061225,0.0,1.0,,control,6.0,PA,,MON VALLEY CARE CENTER,,0,1,0
396086,48.0,37.94615160349854,0.7968193259404958,3.1140061925733606,2.226530612244898,2.4714285714285715,2.2714285714285714,0.0,1.0,,control,6.0,PA,,GREEN VALLEY SKILLED NURSING AND REHABILITATION CE,,0,1,0
396088,50.0,41.40819241982507,0.8910167965312338,3.809946897202891,2.373469387755102,3.1734693877551017,3.2714285714285714,0.06997084548104955,1.0,,control,6.0,PA,,"MAPLE WINDS HEALTHCARE AND REHABILITATION, LLC",,0,1,1
396089,46.0,41.89189504373178,0.9898828726102185,4.011132086970014,3.973469387755102,4.5632653061224495,3.1387755102040815,0.06997084548104955,0.0,,control,6.0,PA,,CONCORDIA OF THE SOUTH HILLS,,0,0,1
396090,38.0,26.845568513119535,1.0986008239619607,4.771363620520745,3.773469387755102,4.681632653061224,3.963265306122449,0.0,0.0,,control,6.0,PA,,PRESTON RESIDENCE,,0,0,0
396092,36.0,32.238221574344024,0.9798843363079393,4.467653361047897,3.1551020408163266,4.155102040816327,4.7122448979591836,0.0,0.0,,control,6.0,PA,,"VILLAGE AT PENN STATE,  THE",,0,0,0
396095,44.0,38.47268221574344,0.7414067428013831,3.2128063251477634,1.3244897959183675,1.1959183673469387,1.4,0.06997084548104955,1.0,,control,6.0,PA,,SCRANTON HEALTH CARE CENTER,,0,1,1
396096,110.78688046647231,62.330874635568506,1.2877271508134318,5.136436072288557,4.210204081632654,5.0,5.0,0.0,0.0,,control,6.0,PA,,MORAVIAN VILLAGE OF BETHLEHEM,,0,0,0
396098,20.0,16.843979591836735,2.6633401850097393,4.598684836504142,3.8448979591836734,4.118367346938776,4.836734693877551,0.06997084548104955,0.0,,control,6.0,PA,,UPMC MAGEE-WOMENS HOSPITAL TCU,,0,0,1
396101,148.96501457725947,103.22991253644315,1.5947114316300872,3.9465133636543683,3.626530612244898,4.0632653061224495,3.0,0.0,1.0,,control,6.0,PA,,REHAB AT SHANNONDELL,,0,1,0
396102,30.0,17.611020408163267,2.9217669361661915,5.890297079691838,4.210204081632654,5.0,5.0,0.06997084548104955,1.0,,control,6.0,PA,,CONEMAUGH MEMORIAL MEDICAL CENTER TCU,,0,1,1
396105,32.0,27.74606413994169,1.5094008712630371,4.187008380302672,4.416326530612245,5.0,4.189795918367347,0.0,0.0,,control,6.0,PA,,SHENANGO PRESBYTERIAN SENIORCARE,,0,0,0
396106,91.0,89.05851311953353,0.5872818248365342,3.609174936868392,4.226530612244899,4.810204081632653,2.1897959183673468,0.0,1.0,,control,6.0,PA,,"HAVEN CONVALESCENT HOME, INC",,0,1,0
396107,84.47230320699708,71.01189504373178,1.0095959258121343,4.413502151219429,3.4714285714285715,4.644897959183673,4.773469387755102,0.06997084548104955,0.0,,control,6.0,PA,,ANN'S CHOICE,,0,0,1
396108,60.0,59.47419825072886,1.2553746164506634,4.828460994378588,4.626530612244897,5.0,4.338775510204082,0.0,0.0,,control,6.0,PA,,GOOD SHEPHERD HOME-BETHLEHEM,,0,0,0
396109,42.0600583090379,24.792215743440234,2.2101318382665998,5.675942077683184,4.183673469387755,5.0,5.0,0.0,0.0,,control,6.0,PA,,HEINZ TRANSITIONAL REHABILITATION UNIT,,0,0,0
396111,40.0,38.750524781341106,0.9092773832153311,3.7910212945559145,3.210204081632653,3.4204081632653063,3.1122448979591835,0.0,0.0,,control,6.0,PA,,SPIRITRUST LUTHERAN THE VILLAGE AT UTZ TERRACE,,0,0,0
396113,60.0,49.84107871720116,1.5645227070868566,5.559577014170065,3.973469387755102,4.810204081632653,5.0,0.0,0.0,,control,6.0,PA,,"HEALTH CENTER AT THE HILL AT WHITEMARSH, THE",,0,0,0
396114,119.93002915451895,105.42658892128281,0.3699016932753211,3.0147444449790273,3.1734693877551017,3.142857142857143,1.2877551020408162,0.06997084548104955,1.0,,control,6.0,PA,,TWIN PINES HEALTH CARE CENTER,,0,1,1
396116,48.0,45.50244897959183,1.3158776484870645,5.023195804595311,3.3285714285714287,3.475510204081633,4.093877551020408,0.0,0.0,,control,6.0,PA,,LITTLE SISTERS OF THE POOR,,0,0,0
396119,50.0,46.39221574344024,0.6889963503012443,3.975910176187033,4.43061224489796,4.5285714285714285,3.773469387755102,0.0,0.0,,control,6.0,PA,,MT HOPE NAZARENE RETIREMENT COMMUNITY,,0,0,0
396120,58.0,40.72574344023324,1.153774966622573,4.091158746432198,3.404081632653061,3.3836734693877553,3.836734693877551,0.0,0.0,,control,6.0,PA,,PHOEBE WYNCOTE,,0,0,0
396122,53.61749271137026,47.12553935860058,1.1039119688674335,5.3817851568342245,1.453061224489796,1.2265306122448978,1.9183673469387754,0.0,1.0,,control,6.0,PA,,FOX SUBACUTE AT MECHANICSBURG,,0,1,0
396123,66.0,58.33758017492711,1.3248109582822747,4.866816810789437,3.4,4.742857142857143,4.871428571428571,0.06997084548104955,0.0,,control,6.0,PA,,CONTINUING CARE  AT MARIS GROVE,,0,0,1
396124,63.0,48.3998833819242,1.8290488986761768,5.762732641872715,3.830612244897959,4.33265306122449,4.90204081632653,0.0,0.0,,control,6.0,PA,,PROVIDENCE POINT HEALTHCARE RESIDENCE,,0,0,0
396125,48.0,37.768950437317784,1.57402655499896,5.254257363792192,4.502040816326531,4.90204081632653,4.5285714285714285,0.0,0.0,,control,6.0,PA,,CHRIST'S HOME RETIREMENT COMMUNITY,,0,0,0
396128,46.0,41.967113702623905,1.026790389867456,4.573345921709881,4.4714285714285715,5.0,4.497959183673469,0.0,0.0,,control,6.0,PA,,MAPLE FARM,,0,0,0
396130,90.0,60.27416909620992,0.787813612422908,4.211912232748972,1.3244897959183675,2.0673469387755103,2.855102040816327,0.06997084548104955,1.0,,control,6.0,PA,,WHITESTONE CARE CENTER,,0,1,1
396132,41.0,37.773644314868804,1.1203397808915867,3.72068505398345,1.6,2.163265306122449,3.0,0.06997084548104955,1.0,,control,6.0,PA,,QUALITY LIFE SERVICES - WESTMONT,,0,1,1
396133,48.0,36.36166180758018,1.0443200551841674,4.211554179775062,1.5693877551020408,1.792682926829268,1.8414634146341462,0.06997084548104955,1.0,,control,6.0,PA,,VIBRA REHABILITATION CENTER,,0,1,1
396135,53.30087463556852,29.278483965014576,1.3328299841097684,5.157718784939287,3.593877551020408,4.691836734693878,4.744897959183673,0.0,0.0,,control,6.0,PA,,ALLIED SERVICES TRANSITIONAL REHAB UNIT,,0,0,0
396137,90.0,56.63413994169096,0.6741775222072472,3.6325462761488003,1.816326530612245,1.5897959183673471,2.6755102040816325,0.0,1.0,,control,6.0,PA,,ATHENS HEALTH AND REHABILITATION CENTER,,0,1,0
396138,25.0,21.816180758017495,1.320751205595474,4.502817824419434,4.142857142857142,4.240816326530613,4.210204081632654,0.06997084548104955,0.0,,control,6.0,PA,,HARMONY PHYSICAL REHABILITATION,,0,0,1
396140,20.0,11.806997084548104,3.2888797091913986,8.023756487901437,5.0,5.0,5.0,0.0,0.0,,control,6.0,PA,,REHABILITATION CENTER AT BRETHREN VILLAGE LLC,,0,0,0
396141,46.84518950437318,33.06422740524781,1.7181468958268264,5.9612853682442974,2.6163265306122447,2.487755102040816,2.146938775510204,0.0,0.0,,control,6.0,PA,,FOX SUBACUTE AT SOUTH PHILADELPHIA,,0,0,0
396145,44.0,29.107446808510637,1.6001411313032696,5.850569195662967,2.841463414634146,4.5,4.5,0.0,0.0,,control,5.0,PA,,MENNO HAVEN REHABILITATION CENTER,,0,0,0
396146,40.0,29.20121951219512,1.5731154818505715,5.287033159518487,4.853658536585366,4.853658536585366,4.060975609756097,0.0,0.0,,control,5.0,PA,,SPIRITRUST LUTHERAN THE VILLAGE AT LUTHER RIDGE,,0,0,0
396148,70.0,42.18461538461537,1.4819997754888203,5.2245348008453645,2.0,1.4000000000000001,1.8,0.0,0.9999999999999999,,control,3.0,PA,,DELAWARE VALLEY SKILLED NURSING & REHABILITATION C,,0,1,0
396149,28.999999999999996,15.52,3.2678782622306737,9.43996110534653,4.6,5.0,5.0,0.0,0.0,,control,3.0,PA,,ADVANCED CARE CENTER OF BUTLER,,0,0,0
455069,26.344606413994168,22.71206997084548,3.115607189852647,6.122186558152908,5.0,5.0,4.871428571428571,0.0,0.0,,control,6.0,TX,,SCOTT & WHITE SKILLED NURSING FACILITY,,0,0,0
455278,123.47113702623906,61.15556851311953,0.2617388545187896,3.2996258239449463,2.557142857142857,2.330612244897959,2.173469387755102,0.0,1.0,,control,6.0,TX,,KNOPP HEALTHCARE AND REHAB CENTER INC,,0,1,0
455450,106.0,43.75020408163265,0.3737397544757323,4.133474703038284,2.257142857142857,2.804081632653061,2.9204081632653063,0.0,1.0,,control,6.0,TX,,MERIDIAN CARE MONTE VISTA,,0,1,0
455455,189.05131195335278,122.3030612244898,0.3149359214140498,3.4683034536497814,4.042857142857143,3.83265306122449,1.6428571428571428,0.0,1.0,,control,6.0,TX,,MERIDIAN CARE OF ALICE,,0,1,0
455475,101.48746355685131,88.48037900874635,0.17930538058928422,2.987093700973856,4.275510204081632,3.3734693877551023,1.3734693877551019,0.06997084548104955,0.8014577259475218,,control,6.0,TX,,WHITE SETTLEMENT NURSING CENTER,,0,1,1
455477,120.0,52.32609329446064,0.4536342486714767,2.8755227001735104,1.0979591836734692,1.0979591836734692,1.9183673469387754,0.0,1.0,,control,6.0,TX,,LAKE JACKSON HEALTHCARE CENTER,,0,1,0
455478,202.0,86.71026239067055,0.2934761810164348,3.595549721606366,2.804081632653061,2.46530612244898,2.336734693877551,0.0,0.8014577259475218,,control,6.0,TX,,QUALITY CARE OF WACO,,0,1,0
455480,116.0,79.55055393586005,0.33722277556432956,3.7788486405351556,4.0,4.226530612244899,2.8448979591836734,0.0,1.0,,control,6.0,TX,,HERITAGE CONVALESCENT CENTER,,0,1,0
455484,91.47551020408163,87.94679300291546,0.24470203323873393,4.833664928034148,1.6489795918367347,2.022448979591837,2.973469387755102,0.0,0.21749271137026238,,control,6.0,TX,,SAN JUAN NURSING HOME INC,,0,0,0
455489,95.99271137026238,77.00778425655977,0.29989223804150356,2.9789425313538165,3.9020408163265303,2.5285714285714285,1.0,0.06997084548104955,0.6029154518950437,,control,6.0,TX,,JEFFREY PLACE HEALTHCARE CENTER,,0,1,1
455497,119.04023323615161,102.14705539358602,0.287853830546365,3.2520792377429166,1.8979591836734695,1.9183673469387754,1.436734693877551,0.06997084548104955,1.0,,control,6.0,TX,,CREEKSIDE TERRACE REHABILITATION,,0,1,1
455523,134.06355685131194,105.9171720116618,0.3051079418488941,4.4388244365130705,2.7469387755102037,3.1204081632653065,3.2448979591836733,0.0,0.0,,control,6.0,TX,,MORNINGSIDE MANOR,,0,0,0
455528,196.39650145772595,119.42384839650146,0.34913934684031966,3.2300640879791542,1.6428571428571428,1.3551020408163266,1.3387755102040815,0.06997084548104955,1.0,,control,6.0,TX,,RETAMA MANOR NURSING CENTER/LAREDO-WEST,,0,1,1
455538,138.0,92.11361516034985,0.20079667430987358,3.086394037547014,2.4551020408163264,1.7734693877551022,1.0,0.06997084548104955,1.0,,control,6.0,TX,,MAGNOLIA MANOR,,0,1,1
455551,93.0,50.79807580174927,0.21274745216383384,2.958014813418213,2.53469387755102,1.5346938775510204,1.0,0.0,0.06997084548104955,,control,6.0,TX,,PLAINVIEW HEALTHCARE CENTER,,0,0,0
455555,116.0,47.98113702623907,0.2695780484939989,3.1585608328709895,3.0,2.0,1.0,0.06997084548104955,1.0,,control,6.0,TX,,GARDEN TERRACE HEALTHCARE CENTER,,0,1,1
455569,128.59125364431486,66.50737609329445,0.3047394042502376,3.251121797427483,2.1183673469387756,1.3081632653061224,1.1897959183673468,0.06997084548104955,0.8014577259475218,,control,6.0,TX,,HERITAGE AT LONGVIEW HEALTHCARE CENTER,,0,1,1
455572,128.0,83.8497084548105,0.3153750047498237,3.1590771687549113,2.0551020408163265,2.1530612244897958,1.6816326530612247,0.06997084548104955,1.0,,control,6.0,TX,,WEDGEWOOD NURSING HOME,,0,1,1
455574,122.0,72.906472303207,0.22096911508803868,3.2717537647600192,2.9877551020408166,2.416326530612245,2.1204081632653065,0.06997084548104955,1.0,,control,6.0,TX,,WEATHERFORD HEALTH CARE CENTER,,0,1,1
455576,92.0,55.87384839650146,0.42608760726173145,3.036669142816604,3.8040816326530615,4.106122448979592,2.146938775510204,0.06997084548104955,0.4247813411078717,,control,6.0,TX,,RICHLAND HILLS REHABILITATION AND HEALTHCARE CENTE,,0,0,1
455592,238.27521865889213,169.0639941690962,0.2479182783603707,3.0801775453868943,1.406122448979592,1.3081632653061224,1.1897959183673468,0.06997084548104955,0.9096209912536443,,control,6.0,TX,,WEST SIDE CAMPUS OF CARE,,0,1,1
455594,60.0,49.38822157434402,0.4171550816158489,3.1944027668133312,3.2591836734693875,2.5673469387755103,1.2102040816326531,0.06997084548104955,1.0,,control,6.0,TX,,KOUNTZE NURSING CENTER,,0,1,1
455602,147.13673469387754,60.893906705539365,0.28568668599133484,3.2441116185404004,2.355102040816327,1.3551020408163266,1.2102040816326531,0.06997084548104955,1.0,,control,6.0,TX,,WESTERN HILLS HEALTHCARE RESIDENCE,,0,1,1
455606,175.56559766763849,148.63641399416912,0.17265360104941854,2.9701735831705167,2.1897959183673468,1.2877551020408162,1.0979591836734692,0.06997084548104955,0.16034985422740522,,control,6.0,TX,,PARK VIEW CARE CENTER,,0,0,1
455611,99.0,41.04055393586006,0.254690053652334,2.7079110188489333,4.057142857142857,3.73265306122449,2.520408163265306,0.06997084548104955,0.524198250728863,,control,6.0,TX,,GRACE CARE CENTER OF OLNEY,,0,1,1
455628,150.0,116.67381924198251,0.4332103245882627,3.1735690741792575,2.8857142857142857,2.5673469387755103,1.9571428571428573,0.06997084548104955,0.9096209912536443,,control,6.0,TX,,HILLTOP VILLAGE NURSING AND REHABILITATION CENTER,,0,1,1
455631,139.59154518950436,97.54142857142858,0.33054353684593596,3.2274364424822126,3.6918367346938776,3.0918367346938775,1.5897959183673471,0.06997084548104955,1.0,,control,6.0,TX,,COLONIAL MANOR NURSING CENTER,,0,1,1
455641,66.0,43.895947521865885,0.4371183845058432,3.305576697978167,3.1551020408163266,3.246938775510204,2.9591836734693877,0.0,1.0,,control,6.0,TX,,PALO DURO NURSING HOME,,0,1,0
455646,172.27172011661807,105.98469387755102,0.4694277620483515,4.616026459790589,2.561224489795918,2.561224489795918,3.438775510204082,0.06997084548104955,0.0,,control,6.0,TX,,MARSHALL MANOR NURSING & REHABILITATION CENTER,,0,0,1
455653,187.43352769679302,132.90437317784256,0.20974140355923138,2.7320071080169552,2.1204081632653065,2.1204081632653065,1.1897959183673468,0.0,0.7825072886297376,,control,6.0,TX,,SKYLINE NURSING CENTER,,0,1,0
455675,99.0,78.5490087463557,0.2887687051490444,4.012856496098655,1.7897959183673469,1.9795918367346939,2.6816326530612242,0.0,1.0,,control,6.0,TX,,PLUM CREEK HEALTHCARE RESIDENCE,,0,1,0
455676,75.0,54.048513119533524,0.144393227460956,3.064941610462391,2.373469387755102,2.0551020408163265,1.1224489795918369,0.0,0.8728862973760932,,control,6.0,TX,,COMMUNITY CARE CENTER OF HONDO,,0,1,0
455683,20.0,25.625,3.929412809527513,6.2821372043288335,5.0,5.0,5.0,0.0,0.0,,control,6.0,TX,,HENDRICK SKILLED NURSING FACILITY,,0,0,0
455684,191.3527696793003,115.76145772594752,0.391231872765469,3.3332873277871466,1.0,1.0,1.7734693877551022,0.06997084548104955,0.7314868804664723,,control,6.0,TX,,CLAIRMONT LONGVIEW,,0,1,1
455687,146.0,77.29419825072887,0.514480237932252,3.2420881891914033,2.6,2.973469387755102,2.210204081632653,0.06997084548104955,1.0,,control,6.0,TX,,ALAMEDA OAKS NURSING CENTER,,0,1,1
455699,120.0,69.82950437317784,0.24913790252727458,2.852522798721836,1.0,1.0,1.4591836734693877,0.06997084548104955,1.0,,control,6.0,TX,,AVALON PLACE WHARTON,,0,1,1
455715,106.3008746355685,62.110641399416906,0.3908990174935746,3.0335078856806694,1.8714285714285714,2.336734693877551,1.7734693877551022,0.06997084548104955,0.6655976676384839,,control,6.0,TX,,MONUMENT REHABILITATION AND NURSING CENTER,,0,1,1
455727,150.0,101.5903498542274,0.23918679385768632,3.0996321134721954,2.520408163265306,2.2183673469387757,1.3734693877551019,0.06997084548104955,1.0,,control,6.0,TX,,PARK MANOR HEALTH CARE & REHABILITATION,,0,1,1
455732,162.0,131.37166180758018,0.3176760515754609,3.163780832874065,2.973469387755102,2.9571428571428573,1.9571428571428573,0.06997084548104955,0.6233236151603498,,control,6.0,TX,,KIRKWOOD MANOR,,0,1,1
455733,162.7405247813411,90.54591836734694,0.36450608798031914,3.206594144669473,2.5693877551020408,3.1530612244897958,2.0918367346938775,0.0,0.8014577259475218,,control,6.0,TX,,HERITAGE AT TURNER PARK HEALTH & REHAB,,0,1,0
455744,102.0,80.15349854227405,0.29034586195580275,3.077309070564813,2.610204081632653,1.8,1.1897959183673468,0.06997084548104955,0.8014577259475218,,control,6.0,TX,,MULBERRY MANOR,,0,1,1
455745,115.29679300291545,97.18606413994169,0.2679205311156383,3.1683300649257706,3.2693877551020405,2.685714285714286,1.416326530612245,0.06997084548104955,0.9300291545189504,,control,6.0,TX,,TIMBERWOOD NURSING AND REHABILITATION CENTER,,0,1,1
455757,148.0,97.1165889212828,0.20314619152105418,3.230588088336181,1.746938775510204,1.746938775510204,1.746938775510204,0.06997084548104955,0.6411078717201166,,control,6.0,TX,,CLAIRMONT BEAUMONT,,0,1,1
455770,36.0,16.57560975609756,1.5878747918515206,5.440771813063487,4.0,4.0,1.0,0.2926829268292683,0.0,,control,4.0,TX,,OAK BEND MEDICAL CENTER,,0,0,1
455796,126.0,88.59332361516036,0.3117507373184518,3.0210719522993363,1.853061224489796,1.663265306122449,1.0,0.06997084548104955,1.0,,control,6.0,TX,,TOWN AND COUNTRY MANOR,,0,1,1
455800,180.0,126.29338192419826,0.4151693779957936,3.4159139563069294,1.3244897959183675,1.6,1.1897959183673468,0.06997084548104955,1.0,,control,6.0,TX,,WESTCHASE HEALTH AND REHABILITATION CENTER,,0,1,1
455802,113.62128279883382,105.7558309037901,0.2100538123885448,3.972592400125429,2.5448979591836736,1.8836734693877553,1.3387755102040815,0.0,1.0,,control,6.0,TX,,SPANISH MEADOWS,,0,1,0
455804,118.42274052478133,69.54288629737609,0.2544900308292411,3.3543946222728045,1.6,1.9367346938775512,1.583673469387755,0.06997084548104955,0.6845481049562683,,control,6.0,TX,,NORTHGATE HEALTH AND REHABILITATION CENTER,,0,1,1
455808,104.0,35.09848396501458,0.24700582170059798,3.11849236580466,2.7469387755102037,2.1204081632653065,1.0,0.06997084548104955,1.0,,control,6.0,TX,,JACKSBORO HEALTHCARE CENTER,,0,1,1
455812,150.0,102.84836734693877,0.5222316617668453,3.3376563018262377,1.0979591836734692,1.0,2.146938775510204,0.06997084548104955,1.0,,control,6.0,TX,,FIRST COLONY HEALTH AND REHABILITATION CENTER,,0,1,1
455817,129.75510204081633,93.46632653061224,0.3116235867522962,3.2848497200633173,1.9020408163265308,1.5285714285714287,1.4,0.0,1.0,,control,6.0,TX,,RETAMA MANOR NURSING CENTER/SAN ANTONIO NORTH,,0,1,0
455822,135.34489795918367,125.8867055393586,0.4095874663099501,3.633962599897625,1.9510204081632652,2.642857142857143,2.404081632653061,0.06997084548104955,0.9300291545189504,,control,6.0,TX,,RETAMA MANOR NURSING CENTER/HARLINGEN,,0,1,1
455832,150.0,114.04067055393585,0.2738979391268506,3.0316244452973624,4.373469387755103,4.583673469387755,1.3081632653061224,0.06997084548104955,1.0,,control,6.0,TX,,WINDSOR GARDENS,,0,1,1
455849,182.3344023323615,134.07877551020408,0.199589487559567,3.2079292403348116,3.6,2.6,1.0,0.06997084548104955,0.178134110787172,,control,6.0,TX,,ADVANCED REHABILITATION AND HEALTHCARE OF BOWIE,,0,0,1
455864,120.0,57.82650145772595,0.6100615518709347,4.025265184826258,4.183673469387755,4.183673469387755,3.183673469387755,0.06997084548104955,1.0,,control,6.0,TX,,LIFE CARE CENTER OF PLANO,,0,1,1
455866,79.61661807580175,56.62714285714286,0.6858567625105709,4.733904565961993,3.836734693877551,4.773469387755102,3.5510204081632653,0.06997084548104955,1.0,,control,6.0,TX,,BROOKDALE WESTLAKE HILLS,,0,1,1
455869,149.8600583090379,100.7301749271137,0.28350877258030516,2.954205053592763,1.3081632653061224,1.1285714285714286,1.0,0.06997084548104955,0.6029154518950437,,control,6.0,TX,,GUADALUPE VALLEY NURSING CENTER,,0,1,1
455872,118.0,67.34982507288629,0.35049139994370904,3.5028375335925155,3.63265306122449,3.293877551020408,1.3795918367346938,0.0,0.35889212827988337,,control,6.0,TX,,ARLINGTON RESIDENCE AND REHABILITATION CENTER,,0,0,0
455876,214.0,142.68271137026238,0.3314414377577571,3.284302103149217,2.6265306122448977,1.7244897959183674,1.0,0.06997084548104955,0.09037900874635567,,control,6.0,TX,,THE WOODLANDS HEALTHCARE CENTER,,0,0,1
455879,115.0,61.41405247813411,0.19394856678859967,4.401695153229556,3.7448979591836733,3.473469387755102,1.7285714285714286,0.06997084548104955,0.712536443148688,,control,6.0,TX,,MARSHALL MANOR WEST,,0,1,1
455881,98.0,69.6995918367347,0.3181248005660069,2.79101051128832,1.4,1.4,1.7734693877551022,0.06997084548104955,1.0,,control,6.0,TX,,DFW NURSING & REHAB,,0,1,1
455891,120.0,53.6001749271137,0.5886185320125694,3.6953449942536247,4.583673469387755,4.357142857142858,2.428571428571429,0.06997084548104955,1.0,,control,6.0,TX,,RENAISSANCE PARK MULTI CARE CENTER,,0,1,1
455893,60.0,40.54116618075801,0.4235402932215152,2.988176638970869,3.9020408163265303,3.6755102040816325,2.2448979591836737,0.0,0.0,,control,6.0,TX,,GRACE CARE CENTER OF HENRIETTA,,0,0,0
455908,146.0,105.51533527696793,0.3623064003278648,3.9545569757965566,2.9306122448979592,2.4591836734693877,2.6755102040816325,0.0,1.0,,control,6.0,TX,,SCHULENBURG REGENCY NURSING CENTER,,0,1,0
455917,117.39067055393586,77.52189504373177,0.3683763750429957,3.1515812163004853,2.0551020408163265,2.583673469387755,1.7734693877551022,0.06997084548104955,1.0,,control,6.0,TX,,DEER CREEK OF WIMBERLEY,,0,1,1
455929,95.0,73.8167638483965,0.3905238926337452,3.0173541534221258,2.4224489795918362,2.5510204081632653,1.5285714285714287,0.06997084548104955,1.0,,control,6.0,TX,,GRANBURY REHAB & NURSING,,0,1,1
455931,120.0,105.43562682215745,0.47303502674449427,3.27596334536695,3.626530612244898,4.318367346938776,2.5020408163265304,0.0,0.8014577259475218,,control,6.0,TX,,ADVANCED REHABILITATION AND HEALTHCARE OF VERNON,,0,1,0
455934,95.61865889212828,65.21131195335278,0.4632054249678381,2.944145113780987,2.4734693877551015,3.0571428571428574,2.8387755102040817,0.06997084548104955,1.0,,control,6.0,TX,,NORTHERN OAKS LIVING & REHABILITATION CENTER,,0,1,1
455936,80.0,44.628804664723035,0.24552923215195677,2.9732633801355903,1.7448979591836733,1.7448979591836733,1.0,0.06997084548104955,0.9300291545189504,,control,6.0,TX,,SAGE HEALTHCARE CENTER,,0,1,1
455940,117.0,69.04151603498542,0.319108479112404,3.1437871125835395,1.0,1.0,1.2102040816326531,0.06997084548104955,0.8014577259475218,,control,6.0,TX,,LUBBOCK HOSPITALITY NURSING AND REHABILITATION CEN,,0,1,1
455942,120.0,70.59785714285715,0.32187966248876587,3.086626409862318,3.226530612244898,3.128571428571429,1.2551020408163267,0.06997084548104955,1.0,,control,6.0,TX,,LUBBOCK HEALTH CARE CENTER,,0,1,1
455946,84.95014577259477,61.289475218658886,0.19583566115434137,2.7500345089493488,2.016326530612245,1.3244897959183675,1.0,0.06997084548104955,0.8014577259475218,,control,6.0,TX,,SWEETWATER HEALTHCARE CENTER,,0,1,1
455954,76.0,30.9666472303207,0.3302511851656289,3.076867603290591,3.146938775510204,3.083673469387755,2.428571428571429,0.06997084548104955,1.0,,control,6.0,TX,,HAMILTON HEALTHCARE CENTER,,0,1,1
455957,118.05597667638483,81.59495626822158,0.2218324188331656,2.9723055633109365,3.4,3.2530612244897963,1.2265306122448978,0.06997084548104955,0.9300291545189504,,control,6.0,TX,,SANTA FE HEALTH & REHABILITATION CENTER,,0,1,1
455961,106.0,79.16673469387754,0.2382728086433141,3.256014386598814,2.342857142857143,1.9693877551020407,1.6265306122448981,0.06997084548104955,0.0,,control,6.0,TX,,PALO PINTO NURSING CENTER,,0,0,1
455963,104.0,47.61950437317785,0.267114083856267,2.9353435247288893,1.9020408163265308,1.5632653061224488,2.0653061224489795,0.06997084548104955,1.0,,control,6.0,TX,,CARTHAGE HEALTHCARE CENTER,,0,1,1
455965,350.32711370262393,181.49017492711369,0.3509761535696404,3.6546203553218524,4.6755102040816325,4.5285714285714285,2.0795918367346937,0.0,0.0,,control,6.0,TX,,TEXHOMA CHRISTIAN CARE CENTER INC,,0,0,0
455968,120.0,77.40131195335277,0.2414572747331366,2.9987610378063425,3.9020408163265303,2.7469387755102037,1.746938775510204,0.0,0.8014577259475218,,control,6.0,TX,,GRAHAM OAKS CARE CENTER,,0,1,0
455974,92.0,70.34775510204082,0.3415096854425744,3.51205660703611,1.3183673469387753,1.0,1.0,0.06997084548104955,0.712536443148688,,control,6.0,TX,,OAK CREST NURSING CENTER,,0,1,1
455983,225.0,179.3680466472303,0.5949433574281524,3.842714080388713,2.871428571428571,3.793877551020408,3.4367346938775514,0.0,0.0,,control,6.0,TX,,ST. CATHERINE CENTER,,0,0,0
455989,110.0,43.76209912536443,0.2617699696117592,2.9745217297474458,3.146938775510204,2.0612244897959187,1.1897959183673468,0.06997084548104955,0.9096209912536443,,control,6.0,TX,,BORGER HEALTHCARE CENTER,,0,1,1
455999,149.33119533527696,116.10379008746355,0.3450776743780797,2.99155201476493,2.2816326530612248,2.0551020408163265,1.7734693877551022,0.06997084548104955,0.0,,control,6.0,TX,,PORT LAVACA NURSING AND REHABILITATION CENTER,,0,0,1
495015,312.0,244.38428571428568,0.7992337647673121,4.223043140687851,3.071428571428571,3.4714285714285715,3.626530612244898,0.0,0.0,,control,6.0,VA,,ROMAN EAGLE REHABILITATION AND HEALTH CARE CENTER,,0,0,0
495034,60.0,47.194169096209905,0.7963407400830083,4.662124563890757,4.502040816326531,4.90204081632653,3.626530612244898,0.0,0.0,,control,6.0,VA,,KENDAL  AT LEXINGTON,,0,0,0
495038,120.0,110.47399416909622,0.7347321617851668,3.997796614398963,2.4795918367346936,3.3816326530612244,3.502040816326531,0.06997084548104955,1.0,,control,6.0,VA,,MANASSAS HEALTH AND REHAB CENTER,,0,1,1
495057,80.0,73.86166180758018,1.0406232260418486,5.532522274004843,3.2530612244897963,4.626530612244897,5.0,0.0,0.0,,control,6.0,VA,,GOODWIN HOUSE ALEXANDRIA,,0,0,0
495068,169.0,143.48379008746355,0.4350695251360823,3.202005148178704,1.0,1.0,2.0,0.06997084548104955,1.0,,control,6.0,VA,,SIGNATURE HEALTHCARE OF NORFOLK,,0,1,1
495071,215.5518950437318,181.38798833819243,0.45870162232722334,3.750282740311244,1.6265306122448981,1.8714285714285714,2.8285714285714283,0.06997084548104955,0.6411078717201166,,control,6.0,VA,,THE GARDENS AT WARWICK FOREST,,0,1,1
495079,216.0,189.2016618075802,0.3558327092992012,3.5062463607000733,1.2265306122448978,1.4714285714285713,2.2448979591836737,0.0,0.0,,control,6.0,VA,,HEALTH CARE CENTER LUCY CORR,,0,0,0
495085,124.0,108.61451895043731,0.3881750963979417,3.3717788470072794,2.669387755102041,3.0428571428571427,2.146938775510204,0.06997084548104955,1.0,,control,6.0,VA,,RIVER VIEW ON THE APPOMATTOX HEALTH & REHAB CENTER,,0,1,1
495092,253.0,219.286472303207,0.39721392927934235,3.4369561694000743,3.016326530612245,3.016326530612245,2.4714285714285715,0.0,0.0,,control,6.0,VA,,FRIENDSHIP HEALTH AND REHAB CENTER,,0,0,0
495096,158.0,140.7495335276968,0.7848816307890034,4.528806962952131,2.8448979591836734,3.942857142857143,4.416326530612245,0.0,0.0,,control,6.0,VA,,WESTMINSTER-CANTERBURY OF RICHMOND,,0,0,0
495109,145.0,136.08588921282796,0.32181548918845904,3.202672907521208,1.0,1.0,1.583673469387755,0.06997084548104955,1.0,,control,6.0,VA,,THE LAURELS OF UNIVERSITY PARK,,0,1,1
495113,90.0,53.38568513119534,1.7996193727890009,9.780065149506932,3.0428571428571427,3.8469387755102042,4.608163265306123,0.0,0.0,,control,6.0,VA,,HIRAM W DAVIS MEDICAL CTR,,0,0,0
495114,240.0,146.28189504373177,0.4871655935082413,3.5784676035038134,1.416326530612245,1.7897959183673469,2.2877551020408164,0.06997084548104955,1.0,,control,6.0,VA,,"REGENCY CARE OF ARLINGTON, LLC",,0,1,1
495117,192.0,153.92379008746354,0.5899912418932589,4.735061787313721,2.9020408163265303,4.259183673469388,4.0,0.0,0.4425655976676385,,control,6.0,VA,,LAKE TAYLOR HOSP,,0,0,0
495118,180.0,121.38518950437319,0.34273432216759026,3.165658649549137,2.642857142857143,2.816326530612245,1.7734693877551022,0.06997084548104955,1.0,,control,6.0,VA,,ROCKY MOUNT REHABILITATION & HEALTHCARE CENTER LLC,,0,1,1
495120,80.0,70.52373177842566,1.0706320122622568,6.091604215917047,5.0,5.0,5.0,0.0,0.0,,control,6.0,VA,,WESTMINSTER-CANTERBURY -LYNCHB,,0,0,0
495121,180.0,159.26157434402333,0.4597728109987785,3.1909389243393447,1.5081632653061225,2.0061224489795917,2.146938775510204,0.0,1.0,,control,6.0,VA,,CHERRYDALE HEALTH AND REHABILITATION CENTER,,0,1,0
495126,135.0,119.43606413994169,0.41907504573280996,3.442414847193826,3.5142857142857142,4.13265306122449,2.8081632653061224,0.06997084548104955,1.0,,control,6.0,VA,,WADDELL NURSING AND REHAB CENTER,,0,1,1
495127,105.41895043731779,81.20029154518951,1.1204076381216295,5.844215313834846,4.373469387755103,5.0,4.871428571428571,0.0,0.0,,control,6.0,VA,,WESTMINSTER CANTERBURY  CHESAP,,0,0,0
495131,120.0,105.0965889212828,0.5516373833057426,3.829509251657429,4.583673469387755,4.455102040816326,2.926530612244898,0.06997084548104955,1.0,,control,6.0,VA,,"NHC HEALTHCARE,BRISTOL",,0,1,1
495134,120.0,99.08122448979591,0.4926873600066827,3.5378250913190654,1.3734693877551019,1.0,1.5285714285714287,0.06997084548104955,1.0,,control,6.0,VA,,RIDGECREST MANOR NURSING & REHABILITATION,,0,1,1
495135,180.0,158.81883381924197,0.2787839388595041,3.1261208641463405,3.1204081632653065,2.146938775510204,1.7183673469387757,0.06997084548104955,1.0,,control,6.0,VA,,HERITAGE HALL BIG STONE GAP,,0,1,1
495139,118.0,99.48072886297376,0.5183518482930807,3.4169869621031754,2.3244897959183675,2.4530612244897956,3.0,0.06997084548104955,1.0,,control,6.0,VA,,LIFE CARE CENTER OF NEW MARKET,,0,1,1
495152,180.0,137.64979591836735,0.30742330100843607,3.6208545918887776,5.0,4.455102040816326,1.836734693877551,0.06997084548104955,1.0,,control,6.0,VA,,HERITAGE HALL TAZEWELL,,0,1,1
495160,42.0,35.0701166180758,1.6826593694026581,5.245863340709411,5.0,5.0,5.0,0.0,0.0,,control,6.0,VA,,RAPPAHANNOCK WESTMINSTER CANTE,,0,0,0
495165,48.81603498542274,44.046180758017485,0.9392441667629579,5.807980616166753,3.9020408163265303,4.90204081632653,4.90204081632653,0.0,0.0,,control,6.0,VA,,SHENANDOAH VLY WESTMINSTER-CANTERBURY,,0,0,0
495166,60.0,50.71979591836735,0.519669399702893,3.157206764841728,3.226530612244898,3.746938775510204,2.520408163265306,0.06997084548104955,1.0,,control,6.0,VA,,STRATFORD HEALTHCARE CENTER,,0,1,1
495167,8.0,4.323352769679301,6.462965893922943,8.656155699227671,5.0,5.0,4.871428571428571,0.0,1.0,,control,6.0,VA,,WYTHE CNTY COMMUNITY HOSP ECU,,0,1,0
495171,73.0,64.49352769679301,1.7703875107336868,5.573237888910188,3.887755102040816,5.0,5.0,0.0,0.0,,control,6.0,VA,,GOODWIN HOUSE BAILEY'S CROSSROADS,,0,0,0
495174,166.0,145.745889212828,0.7675304305068701,4.469367642188259,2.3183673469387753,3.1346938775510207,2.571428571428571,0.06997084548104955,1.0,,control,6.0,VA,,DULLES HEALTH & REHAB CENTER,,0,1,1
495177,140.0,90.39924198250729,0.7552456329924596,4.062290352826976,1.1959183673469387,1.406122448979592,3.1755102040816325,0.0,0.41603498542274053,,control,6.0,VA,,COMMUNITY MEMORIAL HOSPITAL HUNDLEY CENTER,,0,0,0
495179,150.0,134.6071720116618,0.8281336344409194,3.8086656996025754,1.2265306122448978,2.226530612244898,3.5469387755102044,0.06997084548104955,1.0,,control,6.0,VA,,POTOMAC FALLS HEALTH & REHAB CENTER,,0,1,1
495181,22.014577259475217,7.991107871720117,5.833131708280184,7.996348027115385,5.0,4.626530612244897,5.0,0.06997084548104955,1.0,,control,6.0,VA,,CLINCH VALLEY MEDICAL CENTER,,0,1,1
495183,60.0,49.16072886297377,0.6430481954153381,4.9741598116406625,4.042857142857143,4.0632653061224495,3.426829268292683,0.0,0.19854227405247812,,control,6.0,VA,,THE HAVEN AT BRANDERMILL WOODS,,0,0,0
495184,49.969096209912536,33.35204081632653,1.367186761670443,5.716131793223243,3.9367346938775514,4.110204081632653,4.093877551020408,0.0,0.0,,control,6.0,VA,,WOODHAVEN HALL AT WILLIAMSBURG LANDING,,0,0,0
495187,60.0,53.616268221574344,0.49682773083078957,3.2846494425017543,4.373469387755103,4.09795918367347,2.2551020408163263,0.06997084548104955,1.0,,control,6.0,VA,,HILLSVILLE REHABILITATION & HEALTHCARE CENTER LLC,,0,1,1
495190,90.0,83.70446064139941,0.29852240373350725,3.2055426592977074,2.0612244897959187,2.414285714285714,1.9367346938775512,0.06997084548104955,1.0,,control,6.0,VA,,CONSULATE HEALTHCARE OF WILLIAMSBURG,,0,1,1
495191,57.0,50.614956268221576,1.0661031301246024,4.174953544059046,2.853061224489796,2.873469387755102,2.793877551020408,0.06997084548104955,0.3766763848396501,,control,6.0,VA,,BLAND COUNTY NURSING & REHABILITATION CENTER,,0,0,1
495194,108.0,96.14078717201167,0.20599870292136999,3.227413566910272,2.7469387755102037,2.83265306122449,1.746938775510204,0.06997084548104955,1.0,,control,6.0,VA,,AUTUMN CARE OF PORTSMOUTH,,0,1,1
495200,65.0,53.92825072886298,0.6712899409667713,3.53524968447728,1.6571428571428573,1.6918367346938776,3.2020408163265306,0.06997084548104955,1.0,,control,6.0,VA,,WESTWOOD CENTER,,0,1,1
495214,17.0,35.931836734693874,1.9721955856320976,4.592899096096892,4.253061224489796,5.0,3.341463414634146,0.0,0.0,,control,6.0,VA,,AUGUSTA MEDICAL CTR SKILLED CA,,0,0,0
495218,60.0,49.551924198250724,1.0334882097260882,4.524167087734419,3.1551020408163266,2.816326530612245,2.0346938775510206,0.0,0.4425655976676385,,control,6.0,VA,,BRIAN CENTER HEALTH AND REHABILITATION,,0,0,0
495220,60.0,51.46262390670554,0.4834631043995281,3.507254535161454,4.210204081632654,3.7081632653061223,2.342857142857143,0.06997084548104955,0.0,,control,6.0,VA,,THE SPRINGS NURSING CENTER,,0,0,1
495221,73.82536443148688,66.84533527696792,0.6704678046688931,4.024189812704792,5.0,5.0,3.4285714285714284,0.06997084548104955,0.19854227405247812,,control,6.0,VA,,THE BRIAN CENTER,,0,0,1
495225,22.98469387755102,13.934081632653061,1.7783618377282107,6.45854122965047,4.691836734693878,4.804081632653061,4.414634146341463,0.0,0.0,,control,6.0,VA,,WESTMINSTER CANTERBURY BLUE RI,,0,0,0
495226,90.0,50.29081632653062,0.5602998310022829,3.2716503601794296,2.0,2.416326530612245,2.497959183673469,0.06997084548104955,1.0,,control,6.0,VA,,WAYLAND NURSING AND REHABILITATION CENTER,,0,1,1
495230,60.0,52.599737609329445,0.343315440185342,2.822545037661567,2.2448979591836737,2.2755102040816326,1.2102040816326531,0.06997084548104955,1.0,,control,6.0,VA,,ENVOY AT THE VILLAGE,,0,1,1
495232,90.0,81.80373177842566,0.4649499200125841,3.572745809201747,3.5469387755102044,3.9204081632653063,2.416326530612245,0.06997084548104955,1.0,,control,6.0,VA,,KEMPSVILLE HEALTH & REHAB CENTER,,0,1,1
495233,113.0,80.62483965014576,0.6435331870133807,3.313761906986586,1.6265306122448981,1.7183673469387757,3.159183673469388,0.06997084548104955,1.0,,control,6.0,VA,,FAUQUIER HEALTH REHABILITATION & NURSING CENTER,,0,1,1
495236,84.0,73.42787172011663,0.4145812640469352,2.7661928230596877,1.5142857142857142,1.4775510204081632,2.146938775510204,0.06997084548104955,1.0,,control,6.0,VA,,ENVOY AT THE MEADOWS,,0,1,1
495242,60.0,55.95297376093294,0.33190430876109356,3.0776194311248997,3.2530612244897963,3.589795918367347,1.7734693877551022,0.06997084548104955,1.0,,control,6.0,VA,,HERITAGE HALL - BROOKNEAL,,0,1,1
495244,84.55976676384839,79.10848396501459,0.3574931848104298,3.3246653156232924,1.6428571428571428,2.226530612244898,1.3081632653061224,0.06997084548104955,1.0,,control,6.0,VA,,AUTUMN CARE OF MADISON,,0,1,1
495246,118.0,97.65008746355684,0.5085430718482222,3.2921938735661174,1.4714285714285713,1.3734693877551019,1.7142857142857142,0.06997084548104955,1.0,,control,6.0,VA,,WOODMONT CENTER,,0,1,1
495249,120.0,102.67303206997084,0.29552186435724803,3.1023916057373104,1.6265306122448981,1.7183673469387757,1.1897959183673468,0.06997084548104955,1.0,,control,6.0,VA,,FARMVILLE REHABILITATION & HEALTH CARE CENTER  LLC,,0,1,1
495253,120.0,109.0399416909621,0.29533576060056194,3.176934335824324,2.0,1.0,1.0,0.06997084548104955,1.0,,control,6.0,VA,,AUTUMN CARE OF NORFOLK,,0,1,1
495256,117.0,103.98583090379009,0.3666536307279192,3.663875371958742,2.416326530612245,2.436734693877551,1.7122448979591838,0.06997084548104955,1.0,,control,6.0,VA,,AUTUMN CARE OF CHESAPEAKE,,0,1,1
495257,120.0,112.90037900874636,0.4095015527830147,3.2354001068166496,2.146938775510204,2.357142857142857,1.4979591836734696,0.06997084548104955,1.0,,control,6.0,VA,,THE LAURELS OF WILLOW CREEK,,0,1,1
495258,118.39650145772595,94.7197667638484,0.3019040608039607,3.1248935051001787,1.0,1.3734693877551019,1.9571428571428573,0.06997084548104955,1.0,,control,6.0,VA,,AUTUMN CARE OF SUFFOLK,,0,1,1
495259,120.0,112.99673469387754,0.32479631740901094,3.328331594933943,3.6,3.016326530612245,1.416326530612245,0.06997084548104955,1.0,,control,6.0,VA,,HERITAGE HALL GRUNDY,,0,1,1
495261,164.0,141.9876967930029,0.6652382011140279,3.4449884313861308,3.789795918367347,4.226530612244899,2.3081632653061224,0.06997084548104955,1.0,,control,6.0,VA,,HERITAGE HALL NRSG AND REHAB,,0,1,1
495262,60.0,58.14950437317785,0.5696707776788195,3.5178227446103856,4.226530612244899,4.626530612244897,3.0,0.06997084548104955,1.0,,control,6.0,VA,,SHENANDOAH NURSING HOME,,0,1,1
495273,222.0,207.57618075801747,0.32396287747592056,2.8712650769817065,1.9367346938775512,1.9367346938775512,1.9571428571428573,0.06997084548104955,1.0,,control,6.0,VA,,CONSULATE HEALTH CARE OF NORFOLK,,0,1,1
495274,180.0,161.78565597667637,0.4931629858896714,4.403102499926141,4.226530612244899,4.6,3.351020408163265,0.0,0.0,,control,6.0,VA,,VIRGINIA VETERANS CARE CENTER,,0,0,0
495276,181.0,138.74169096209914,0.38959204101707534,3.0275958738092412,2.7897959183673464,2.9183673469387754,2.226530612244898,0.06997084548104955,1.0,,control,6.0,VA,,WALTER REED CONVALESCENT AND REHABILITATION CENTER,,0,1,1
495280,60.0,43.65775510204082,0.9115844245511853,5.008373197320111,2.8448979591836734,3.8448979591836734,4.042857142857143,0.06997084548104955,0.0,,control,6.0,VA,,WESTMINSTER AT LAKE RIDGE,,0,0,1
495286,154.0,135.93192419825073,0.280484045754571,3.252476542104346,4.177551020408163,3.9877551020408166,1.746938775510204,0.06997084548104955,1.0,,control,6.0,VA,,JAMES RIVER CONVALESCENT CENTE,,0,1,1
495288,66.35306122448979,39.073469387755104,0.7226831273883664,4.342240443857426,2.163265306122449,3.377551020408163,2.7959183673469385,0.0,1.0,,control,6.0,VA,,THE FOUNTAINS AT WASHINGTON HOUSE,,0,1,0
495300,130.0,94.8461224489796,0.30851762484088097,3.1757321492438884,1.6265306122448981,1.7387755102040816,2.2755102040816326,0.06997084548104955,1.0,,control,6.0,VA,,HERITAGE HALL KING GEORGE,,0,1,1
495301,60.0,55.22714285714286,0.3571185021775979,3.4040453106540527,4.416326530612245,4.189795918367347,1.1897959183673468,0.06997084548104955,1.0,,control,6.0,VA,,HERITAGE HALL  FRONT ROYAL,,0,1,1
495305,180.0,135.38510204081632,0.30179558423473685,3.036619700941252,2.6816326530612242,2.406122448979592,1.816326530612245,0.06997084548104955,1.0,,control,6.0,VA,,COLISEUM CONVALESCENT AND REHABILITATION CENTER,,0,1,1
495311,57.52827988338193,46.449970845481054,0.5593920386358585,3.5403878475168105,2.3244897959183675,3.3632653061224493,2.8979591836734695,0.0,0.0,,control,6.0,VA,,OUR LADY OF HOPE HEALTH CENTER,,0,0,0
495312,60.0,47.81113702623907,0.8691503975950478,5.297936742699392,4.90204081632653,5.0,4.497959183673469,0.0,0.0,,control,6.0,VA,,JOHNSON CNTR/FALCONS LANDING,,0,0,0
495315,88.0,78.72530612244898,0.3518900848663203,2.869032254602377,1.7734693877551022,1.0,1.2551020408163267,0.06997084548104955,1.0,,control,6.0,VA,,CONSULATE HEALTH CARE OF WOODSTOCK,,0,1,1
495317,60.0,56.89524781341108,0.34408678622328825,3.0086281834463904,3.6,3.312244897959184,1.3387755102040815,0.06997084548104955,1.0,,control,6.0,VA,,HERITAGE HALL DILLWYN,,0,1,1
495318,120.0,70.35075801749272,0.446073760450994,3.1926062976105607,1.7734693877551022,1.7734693877551022,2.373469387755102,0.0,1.0,,control,6.0,VA,,BERRY HILL NURSING HOME,,0,1,0
495320,100.0,88.65860058309039,0.35637598897243233,2.886432026520972,2.6,1.6979591836734693,1.4979591836734696,0.06997084548104955,1.0,,control,6.0,VA,,HERITAGE HALL CLINTWOOD,,0,1,1
495321,60.0,55.591778425655974,0.42092653445977835,3.289572228932096,3.506122448979592,3.279591836734694,1.7734693877551022,0.06997084548104955,1.0,,control,6.0,VA,,HERITAGE HALL LEXINGTON,,0,1,1
495323,60.0,56.213119533527696,0.42730630879251286,3.303643416922065,4.226530612244899,4.261224489795919,2.742857142857143,0.06997084548104955,1.0,,control,6.0,VA,,HERITAGE HALL - LAUREL MEADOWS,,0,1,1
495324,50.0,36.32104956268221,0.5893743796838542,4.96769733232693,4.0,4.0,4.0,0.0,1.0,,control,6.0,VA,,SEASIDE HHC @ ATLANTIC SHORE,,0,1,0
495325,101.0,89.90979591836735,0.39270018455485173,3.3903454928275987,2.279591836734694,2.5816326530612246,1.8775510204081631,0.06997084548104955,1.0,,control,6.0,VA,,PHEASANT RIDGE NURSING & REHAB CENTER,,0,1,1
495326,180.0,143.33209912536444,0.3230128468754811,3.143201301643047,1.453061224489796,2.0795918367346937,2.2612244897959184,0.06997084548104955,1.0,,control,6.0,VA,,CHARLOTTESVILLE POINTE REHABILITATION AND HEALTHCA,,0,1,1
495328,60.0,53.111574344023325,0.40571396737952725,3.144998532121946,3.8040816326530615,4.479591836734694,2.648979591836735,0.0,1.0,,control,6.0,VA,,CARRINGTON PLACE OF TAPPAHANNOCK,,0,1,0
495331,120.0,110.05661807580175,0.3283019746385001,3.1608583667513606,3.6,3.144897959183673,1.3183673469387753,0.06997084548104955,1.0,,control,6.0,VA,,GRAYSON REHABILITATION  AND HEALTH CARE CENTER,,0,1,1
495332,34.0,27.99790087463557,1.057043544175237,4.760150160667418,4.0,4.5632653061224495,4.189795918367347,0.06997084548104955,0.178134110787172,,control,6.0,VA,,RIVERSIDE HEALTHY LIVING COMMUNITY-SMITHFIELD,,0,0,1
495336,112.0,94.72431486880467,0.5154696896316581,3.1663083698214565,1.3551020408163266,1.2571428571428571,2.2755102040816326,0.06997084548104955,1.0,,control,6.0,VA,,AUGUSTA NURSING & REHAB CENTER,,0,1,1
495340,102.0,96.85262390670553,0.4127573932177596,3.2135401294357258,2.2755102040816326,2.146938775510204,2.357142857142857,0.06997084548104955,1.0,,control,6.0,VA,,NEWPORT NEWS NURSING & REHAB,,0,1,1
495342,80.0,71.15049562682216,0.5067725794116547,3.186923713365971,3.4306122448979592,3.5285714285714285,2.4551020408163264,0.06997084548104955,1.0,,control,6.0,VA,,YORK CONVALESCENT AND REHABILITATION  CENTER,,0,1,1
495344,117.0,106.15005830903792,0.4875483546512115,3.1594853518013952,1.7897959183673469,1.9367346938775512,2.330612244897959,0.06997084548104955,1.0,,control,6.0,VA,,KINGS DAUGHTERS COMMUNITY HEALTH & REHAB,,0,1,1
495345,120.0,74.51344023323617,0.34541235010968735,2.7603524485476036,2.0,1.436734693877551,1.436734693877551,0.06997084548104955,1.0,,control,6.0,VA,,LANCASHIRE CONVALESCENT AND REHABILITATION CENTER,,0,1,1
495347,114.0,105.36962099125364,0.32877080994931646,2.834961234504366,1.2265306122448978,1.0,1.3734693877551019,0.0,1.0,,control,6.0,VA,,CONSULATE HEALTH CARE OF WINDSOR,,0,1,0
495348,90.0,80.48743440233235,0.4778243611553721,3.1135325499019557,2.1408163265306124,2.595918367346939,2.010204081632653,0.06997084548104955,1.0,,control,6.0,VA,,SKYLINE NURSING & REHABILITATION CENTER,,0,1,1
495349,137.0,105.96192419825073,0.3872404603929475,3.1904320791171106,2.226530612244898,2.373469387755102,2.520408163265306,0.0,1.0,,control,6.0,VA,,CARRINGTON PLACE AT WYTHEVILLE - BIRDMONT CENTER,,0,1,0
495350,97.0,88.79422740524781,0.4300113326971712,3.3282531795929247,3.0,1.853061224489796,1.6265306122448981,0.06997084548104955,1.0,,control,6.0,VA,,HERITAGE HALL WISE,,0,1,1
495352,110.0,103.4466472303207,0.525685263639027,3.5026261626351207,3.226530612244898,3.0979591836734697,2.0816326530612246,0.06997084548104955,1.0,,control,6.0,VA,,LEE HEALTH AND REHAB CENTER,,0,1,1
495353,180.0,147.01032069970847,0.2811180741030096,3.405010219986857,2.226530612244898,2.016326530612245,1.5142857142857142,0.06997084548104955,1.0,,control,6.0,VA,,HERITAGE HALL BLACKSTONE,,0,1,1
495354,126.3790087463557,90.76096209912536,0.9362186829471574,4.8961821449718315,3.789795918367347,4.789795918367346,4.789795918367346,0.06997084548104955,0.0,,control,6.0,VA,,GREENSPRING VILLAGE,,0,0,1
495355,90.0,80.59145772594752,0.6224506577988589,3.9479463127113945,2.4795918367346936,2.351020408163265,2.2714285714285714,0.06997084548104955,1.0,,control,6.0,VA,,RADFORD HEALTH AND REHAB CENTER,,0,1,1
495356,184.95626822157433,129.61661807580174,0.24691304542805745,3.5153790724027774,1.4714285714285713,1.6918367346938776,1.7734693877551022,0.06997084548104955,1.0,,control,6.0,VA,,HERITAGE HALL BLACKSBURG,,0,1,1
495357,70.0,61.58842565597668,0.4145213842001183,3.5348971883780997,2.669387755102041,2.8959183673469386,2.9591836734693877,0.0,0.19854227405247812,,control,6.0,VA,,OUR LADY OF THE VALLEY,,0,0,0
495359,164.0,139.8391545189504,0.5542680553102997,4.161426263277958,2.887755102040816,4.09795918367347,3.4367346938775514,0.0,0.19854227405247812,,control,6.0,VA,,DOGWOOD VILLAGE OF ORANGE COUNTY HEALTH AND REHAB,,0,0,0
495360,60.0,51.542507288629736,0.6845981811044342,3.2464933086370906,4.626530612244897,4.497959183673469,2.644897959183673,0.06997084548104955,1.0,,control,6.0,VA,,THE WOODLANDS HEALTH AND REHAB CENTER,,0,1,1
495362,190.0,157.99262390670555,0.26955259402509113,2.932669699489007,1.1285714285714286,1.0,1.583673469387755,0.06997084548104955,1.0,,control,6.0,VA,,ASHLAND NURSING AND REHABILITATION,,0,1,1
495365,60.0,51.63962099125365,0.5847366687727285,3.8871318469682326,4.042857142857143,3.669387755102041,2.1918367346938776,0.06997084548104955,0.0,,control,6.0,VA,,MAPLE GROVE HEALTH CARE CENTER,,0,0,1
495366,40.0,25.388338192419827,0.9951460398083829,5.851189631433879,4.6,4.626530612244897,5.0,0.0,0.0,,control,6.0,VA,,"LAKE PRINCE WOODS, INC",,0,0,0
495367,70.0,63.764256559766764,0.4263912115921814,3.4124146752886237,3.497959183673469,4.210204081632654,2.6,0.06997084548104955,1.0,,control,6.0,VA,,NORTHAMPTON CONVALESCENT AND REHABILITATION CENTER,,0,1,1
495368,60.0,40.197084548104954,0.5602764671088686,3.5909366475281486,4.357142857142858,4.455102040816326,2.7551020408163263,0.06997084548104955,1.0,,control,6.0,VA,,THE NEWPORT,,0,1,1
495369,60.0,47.86198250728863,0.6244195732560616,4.22987515986304,2.853061224489796,4.0,4.020408163265306,0.0,0.0,,control,6.0,VA,,THE CONVALESCENT CENTER AT PATRIOTS COLONY,,0,0,0
495370,127.0,119.82577259475218,0.8126646642625786,4.662284584377948,3.226530612244898,4.626530612244897,4.871428571428571,0.0,0.0,,control,6.0,VA,,"BRIDGEWATER HOME , INC.",,0,0,0
495371,120.0,107.36247813411079,0.2535024234601058,3.8176851019652793,3.816326530612245,3.626530612244898,2.0,0.0,1.0,,control,6.0,VA,,HERITAGE HALL-RICH CREEK,,0,1,0
495373,62.0,50.36927113702624,0.6779060080093429,4.707677000546569,4.773469387755102,5.0,4.226530612244899,0.0,0.0,,control,6.0,VA,,BRANDON OAKS NURSING AND REHABILITATION CENTER,,0,0,0
495374,44.0,31.21020408163265,1.3697412081161937,4.887852350220867,2.253061224489796,2.3346938775510204,4.214285714285714,0.0,0.6411078717201166,,control,6.0,VA,,MOUNTAIN VIEW REGIONAL MEDICAL CENTER,,0,1,0
495377,120.0,109.25699708454812,0.4806667636136871,3.3367449589207063,2.026530612244898,2.6714285714285717,2.357142857142857,0.06997084548104955,1.0,,control,6.0,VA,,THE LAURELS OF CHARLOTTESVILLE,,0,1,1
495379,168.0,122.09201166180759,0.474912750109448,3.684087409229962,3.4714285714285715,3.553061224489796,2.763265306122449,0.06997084548104955,0.2874635568513119,,control,6.0,VA,,SENTARA MEADOWVIEW TERRACE,,0,0,1
495380,120.0,109.84906705539359,0.28463944439053934,3.4845882552397556,2.779591836734694,3.0510204081632653,1.4979591836734696,0.06997084548104955,1.0,,control,6.0,VA,,CHASE CITY HEALTH AND REHAB CENTER,,0,1,1
495383,55.0,47.8806413994169,0.9126460955984205,4.7593907439390675,3.071428571428571,4.179591836734694,4.744897959183673,0.06997084548104955,0.0,,control,6.0,VA,,"FRANCIS N SANDERS NURSING HOME, INC",,0,0,1
495384,109.57521865889213,81.92755102040816,0.7381631562225144,3.428990361704558,2.853061224489796,3.073469387755102,2.620408163265306,0.06997084548104955,0.0,,control,6.0,VA,,FRANCIS MARION MANOR HEALTH & REHABILITATION,,0,0,1
495385,120.0,103.3527696793003,0.7138463257695034,6.068325182469116,4.318367346938776,5.0,4.717948717948717,0.0,0.0,,control,6.0,VA,,"VMRC, COMPLETE LIVING CARE",,0,0,0
495386,90.0,82.07431486880466,0.5038687661702878,3.33328796928659,3.9020408163265303,3.773469387755102,2.4551020408163264,0.0,1.0,,control,6.0,VA,,CARRINGTON PLACE AT BOTETOURT COMMONS,,0,1,0
495387,84.0,74.67597667638483,0.6930513925851973,4.14457092447984,4.416326530612245,5.0,3.553061224489796,0.0,0.0,,control,6.0,VA,,SUNNYSIDE PRESBYTERIAN RETIREMENT COMMUNITY,,0,0,0
495388,120.0,107.43107871720117,0.608136155303836,3.5441159685190184,1.6265306122448981,2.5285714285714285,2.9020408163265303,0.06997084548104955,1.0,,control,6.0,VA,,GAINESVILLE HEALTH AND REHAB CENTER,,0,1,1
495390,180.0,160.8975801749271,0.6660476442578707,4.379939881001004,2.793877551020408,4.06938775510204,4.0,0.0,0.0,,control,6.0,VA,,BIRMINGHAM GREEN,,0,0,0
495393,200.0,178.08131195335275,0.5507206570421475,4.667848938128127,2.5469387755102044,3.757142857142857,4.226530612244899,0.0,0.0,,control,6.0,VA,,SITTER AND BARFOOT VETERANS CARE CENTER,,0,0,0
495394,124.0,111.84250728862975,0.5082022625684361,3.4298224800810417,1.5285714285714287,1.9836734693877551,2.357142857142857,0.06997084548104955,1.0,,control,6.0,VA,,THE LAURELS OF BON AIR,,0,1,1
495395,33.0,27.38483965014577,1.439682435684922,6.402424717270895,2.853061224489796,3.9346938775510205,4.871428571428571,0.0,0.0,,control,6.0,VA,,HARBOR'S EDGE,,0,0,0
495396,150.0,131.37431486880467,0.571304302022951,3.512682951161845,3.189795918367347,3.9020408163265303,2.7122448979591836,0.06997084548104955,1.0,,control,6.0,VA,,CARRIAGE HILL HEALTH AND REHAB CENTER,,0,1,1
495397,52.0,47.4868804664723,1.1160948802219706,4.388616393669965,4.373469387755103,5.0,4.681632653061224,0.0,0.0,,control,6.0,VA,,THE CHESAPEAKE,,0,0,0
495398,60.0,55.81883381924199,0.4827289591323872,3.46483633241513,3.816326530612245,3.216326530612245,1.4,0.06997084548104955,1.0,,control,6.0,VA,,DINWIDDIE HEALTH AND REHAB CENTER,,0,1,1
495399,85.0,73.05075801749271,0.5258212614277027,3.1726575524286313,3.2530612244897963,3.1510204081632653,1.4,0.06997084548104955,1.0,,control,6.0,VA,,CHATHAM HEALTH & REHABILITATION CENTER,,0,1,1
495400,47.0,38.01935860058309,0.8920618392625131,4.740896790200386,3.583673469387755,4.644897959183673,4.497959183673469,0.0,0.0,,control,6.0,VA,,THE CULPEPER,,0,0,0
495401,90.0,80.37959183673469,0.56957988923211,3.4046031886338595,3.2755102040816326,3.2755102040816326,2.026530612244898,0.06997084548104955,1.0,,control,6.0,VA,,TYLER'S RETREAT AT IRON BRIDGE,,0,1,1
495402,19.81603498542274,13.890903790087464,2.2437984636305113,6.675132435177979,4.789795918367346,5.0,5.0,0.0,0.19854227405247812,,control,6.0,VA,,WINDSORMEADE OF WILLIAMSBURG,,0,0,0
495403,96.0,85.42985422740524,0.5599726121482205,4.633538746596146,3.038775510204082,3.757142857142857,4.0,0.0,0.0,,control,6.0,VA,,LAKEWOOD MANOR,,0,0,0
495404,32.0,30.453615160349855,0.7881488862584374,4.50119850399747,4.810204081632653,5.0,4.244897959183673,0.0,0.0,,control,6.0,VA,,THE GLEBE,,0,0,0
495405,18.0,17.15221574344023,1.2376943264606888,4.589854755152337,4.773469387755102,4.742857142857143,4.224489795918368,0.0,0.3154518950437317,,control,6.0,VA,,SUMMIT SQUARE,,0,0,0
495406,60.0,50.75895043731778,0.8746033967172355,4.015043085018734,2.6,3.4,3.626530612244898,0.0,0.19854227405247812,,control,6.0,VA,,THE WYBE AND MARIETJE KROONTJE HEALTH CARE CENTER,,0,0,0
495407,90.0,79.36008746355685,0.8225392526858895,3.704247727490401,2.253061224489796,3.3346938775510204,3.3081632653061224,0.06997084548104955,1.0,,control,6.0,VA,,FALLS RUN NURSING AND REHAB CENTER,,0,1,1
495408,32.0,28.480349854227406,0.7630201596620472,4.7559136380239515,5.0,5.0,4.744897959183673,0.0,0.39708454810495625,,control,6.0,VA,,KING'S GRANT RETIREMENT COMMUN,,0,0,0
495409,120.0,109.04478134110786,0.6790658417621692,3.634792092099764,3.0795918367346937,3.1061224489795918,2.351020408163265,0.06997084548104955,1.0,,control,6.0,VA,,ABINGDON HEALTH CARE LLC,,0,1,1
495410,49.0,42.750437317784254,0.8582394341928354,5.393088984146242,4.210204081632654,4.789795918367346,3.7857142857142856,0.0,0.0,,control,6.0,VA,,ARLEIGH BURKE PAVILION,,0,0,0
495411,90.0,76.10093294460641,0.596897581519315,3.5710983482761147,3.416326530612245,3.9183673469387754,2.773469387755102,0.06997084548104955,1.0,,control,6.0,VA,,LIBERTY RIDGE HEALTH & REHAB,,0,1,1
495412,90.0,83.067055393586,0.5249606981738592,3.274965718741573,4.226530612244899,4.0632653061224495,1.6265306122448981,0.06997084548104955,1.0,,control,6.0,VA,,NOVA HEALTH AND REHAB,,0,1,1
495413,169.0,143.55154518950437,0.45882705909927235,3.3436471684383138,2.0428571428571427,2.7346938775510203,1.6265306122448981,0.06997084548104955,1.0,,control,6.0,VA,,AUTUMN CARE OF MECHANICSVILLE,,0,1,1
495415,20.0,14.226967930029154,1.7120746998813816,6.420498369100345,4.416326530612245,5.0,4.742857142857143,0.06997084548104955,0.19854227405247812,,control,6.0,VA,,THE VILLAGE AT ORCHARD RIDGE,,0,0,1
495416,44.0,39.84408163265306,1.5067477029151106,4.62841870910863,3.226530612244898,5.0,4.5285714285714285,0.06997084548104955,0.0,,control,6.0,VA,,ASHBY PONDS INC,,0,0,1
495419,55.05102040816327,41.71965014577259,0.49984675835975834,4.821512929876063,3.389795918367347,3.389795918367347,3.6,0.0,0.0,,control,6.0,VA,,COVENANT WOODS NURSING HOME,,0,0,0
495421,120.0,106.91186588921283,0.5615392109987424,4.149541125359419,3.0979591836734697,3.4714285714285715,3.3734693877551023,0.0,0.0,,control,6.0,VA,,FRIENDSHIP HEALTH AND REHAB CENTER - SOUTH,,0,0,0
495422,72.62390670553935,70.98320699708455,0.45288845279681234,4.105426970492266,2.2183673469387757,2.2183673469387757,1.6877551020408164,0.06997084548104955,1.0,,control,6.0,VA,,DOCKSIDE HEALTH & REHAB CENTER,,0,1,1
495426,300.0,169.31463414634146,0.43897319346336544,4.105920700201015,4.0,4.0,3.0,0.14634146341463414,0.0,,control,4.0,VA,,MULBERRY CREEK NURSING AND REHAB CENTER,,0,0,1
495427,116.00000000000001,74.84,0.42160067830472114,4.46577748682937,0.0,0.0,0.0,0.0,0.0,,control,2.0,VA,,RICHFIELD HEALTH CENTER-ROANOKE,,0,0,0
495428,32.0,27.42,0.7164657615753134,4.417194913705901,1.0,1.0,3.0000000000000004,0.4,1.0,,control,2.0,VA,,AUGUST HEALTHCARE AT RICHMOND,,0,1,1
495429,60.0,56.84,0.49320942849571936,3.2222638031682482,0.0,0.0,0.0,0.4,0.0,,control,2.0,VA,,RIVERSIDE CONVAL CENTER-MATHEW,,0,0,1
495430,60.0,55.480000000000004,1.1731616321542826,6.088663614049543,3.0,3.0,3.0,0.4,0.0,,control,2.0,VA,,RIVERSIDE CONVAL CENTER-SALUDA,,0,0,1
495431,90.0,49.34,0.62986355818512,3.857550343313991,2.0,2.0,3.0,0.4,1.0,,control,2.0,VA,,BEREA HEALTH & REHAB CENTER,,0,1,1
555004,99.0,85.56591836734694,0.3938623610747806,3.801885132411705,1.583673469387755,2.295918367346939,2.1795918367346943,0.06997084548104955,1.0,,control,6.0,CA,,PLAYA DEL REY CARE AND REHABILITATION CENTER,,0,1,1
555010,78.0,58.54790087463557,0.46182019974297034,3.9756483695564966,3.416326530612245,5.0,4.09795918367347,0.06997084548104955,1.0,,control,6.0,CA,,LONG BEACH POST ACUTE,,0,1,1
555016,49.0,40.914110787172014,0.5273404251957643,4.13708566198527,4.608163265306123,4.706122448979592,4.0,0.0,0.0,,control,6.0,CA,,ST JOHN KRONSTADT CONVALESCENT CENTER,,0,0,0
555017,146.0,134.76545189504373,0.2293330110220432,3.7176050114922283,1.2265306122448978,2.016326530612245,2.183673469387755,0.06997084548104955,1.0,,control,6.0,CA,,PROVIDENCE ORANGE TREE,,0,1,1
555019,99.0,90.59271137026238,0.30046848159135303,3.594080408128632,2.2755102040816326,2.6755102040816325,2.416326530612245,0.0,1.0,,control,6.0,CA,,TEMPLE PARK CONVALESCENT HOSP,,0,1,0
555022,16.0,14.422128279883383,0.5453835920143943,6.376828000194797,3.853061224489796,3.9387755102040813,4.226530612244899,0.0,0.0,,control,6.0,CA,,SENECA DISTRICT HOSPITAL D/P SNF,,0,0,0
555023,52.0,37.22160349854228,1.0994208903298985,6.178257258965285,4.128571428571429,5.0,5.0,0.0,0.0,,control,6.0,CA,,CASA DORINDA,,0,0,0
555028,48.0,39.3897667638484,0.3064096063040622,3.543755274656301,1.3734693877551019,2.0,2.336734693877551,0.0,1.0,,control,6.0,CA,,PALOS VERDES HEALTH CARE CENTER,,0,1,0
555030,49.0,44.947871720116616,0.3528744093516315,3.9996337828162627,1.7244897959183674,2.724489795918367,2.4591836734693877,0.06997084548104955,1.0,,control,6.0,CA,,COLLEGE VISTA CONVALESCENT HOSPITAL,,0,1,1
555034,356.91253644314867,271.4193586005831,0.49093878385340484,3.3428885566961473,1.7551020408163265,3.185714285714286,4.030612244897959,0.0,0.0,,control,6.0,CA,,SAN MATEO MEDICAL CENTER D/P SNF,,0,0,0
555035,115.0,102.60918367346939,0.6447674037506785,4.6958590225100405,2.416326530612245,3.2612244897959184,2.973469387755102,0.0,1.0,,control,6.0,CA,,PARK ANAHEIM HEALTHCARE CENTER,,0,1,0
555039,66.0,56.11469387755102,0.5648359694621384,4.303014117216883,2.9020408163265303,4.06938775510204,3.4551020408163264,0.06997084548104955,0.4670553935860058,,control,6.0,CA,,FIRESIDE CONVALESCENT HOSPITAL,,0,0,1
555040,40.0,35.83145772594752,0.3393834715326328,3.9434716270320687,3.128571428571429,3.8102040816326532,2.887755102040816,0.0,1.0,,control,6.0,CA,,LOTUS CARE CENTER,,0,1,0
555049,74.0,65.08262390670555,0.3755920924225505,4.174056929528792,3.836734693877551,4.0265306122448985,2.908163265306122,0.06997084548104955,1.0,,control,6.0,CA,,LODI NURSING & REHABILITATION,,0,1,1
555054,49.0,39.64492711370262,0.48368140264774345,3.948097198725212,2.773469387755102,4.018367346938776,3.146938775510204,0.06997084548104955,1.0,,control,6.0,CA,,PACIFIC POST ACUTE,,0,1,1
555055,59.0,54.14591836734694,0.243030898431637,4.5460444432587295,3.3734693877551023,3.3734693877551023,2.351020408163265,0.06997084548104955,1.0,,control,6.0,CA,,BALDWIN GARDENS NURSING CENTER,,0,1,1
555057,135.06559766763849,113.2713411078717,0.3403787598443612,4.013281055837581,1.0,1.6612244897959183,2.853061224489796,0.06997084548104955,1.0,,control,6.0,CA,,LAS FLORES CONVALESCENT HOSPITAL,,0,1,1
555060,103.0,93.89536443148688,0.44246296685658076,3.8032638638638305,3.183673469387755,3.9224489795918367,2.3346938775510204,0.0,1.0,,control,6.0,CA,,WINDSOR THE RIDGE REHABILITATION CENTER,,0,1,0
555061,48.0,38.0,0.4809384667244488,3.0050040473176223,2.0,1.0,1.0,0.0,1.0,,control,6.0,CA,,GOOD SHEPHERD HLTH CARE CTR OF SANTA MONICA,,0,1,0
555065,99.0,86.34279883381924,0.28353926389984707,3.6421198873693212,2.0,2.777551020408163,2.4591836734693877,0.06997084548104955,1.0,,control,6.0,CA,,VIEW PARK CONV HOSP,,0,1,1
555066,99.0,72.65854227405248,0.7851594210698087,4.195728548007077,2.669387755102041,3.351020408163265,3.9081632653061225,0.06997084548104955,1.0,,control,6.0,CA,,"GREENFIELD CARE CENTER OF FILLMORE, LLC",,0,1,1
555067,60.0,55.31967930029154,0.41401104514559944,3.5393190310252707,3.773469387755102,4.773469387755102,2.373469387755102,0.06997084548104955,1.0,,control,6.0,CA,,PROVIDENCE MCCLURE,,0,1,1
555068,153.0,146.87075801749273,0.5104388687123508,3.823571141688503,2.373469387755102,4.146938775510204,4.014285714285714,0.06997084548104955,1.0,,control,6.0,CA,,WHITE BLOSSOM CARE CENTER,,0,1,1
555069,129.0,99.55148688046647,0.6397244022977842,4.868177691730254,1.7938775510204081,2.377551020408163,2.908163265306122,0.06997084548104955,1.0,,control,6.0,CA,,WESTERN CONV. HOSPITAL,,0,1,1
555070,120.0,107.69107871720117,0.42271791388090324,3.8263133541463663,1.8102040816326532,3.183673469387755,3.055102040816326,0.06997084548104955,1.0,,control,6.0,CA,,SOUTHLAND,,0,1,1
555071,93.0,84.53545189504374,0.18879031393288143,3.6423809422723568,1.7897959183673469,2.3836734693877553,2.614285714285714,0.06997084548104955,1.0,,control,6.0,CA,,SUNNYVIEW CARE CENTER,,0,1,1
555074,48.0,41.36405247813411,3.9176338232046968,8.93823661485123,3.1734693877551017,4.302040816326531,4.6,0.06997084548104955,0.0,,control,6.0,CA,,PROVIDENCE HOLY CROSS MED CTR D/P SNF,,0,0,1
555080,62.0,53.6662973760933,0.5312152849176753,4.56244523104038,4.0,4.7122448979591836,4.0,0.06997084548104955,1.0,,control,6.0,CA,,TRACY NURSING AND REHABILITATION CENTER,,0,1,1
555081,59.0,55.09848396501458,0.678774530455988,3.8659473430387905,4.0,5.0,3.644897959183673,0.06997084548104955,1.0,,control,6.0,CA,,DEL MAR CONVALESCENT HOSPITAL,,0,1,1
555082,50.0,42.341516034985425,0.7026023510553893,4.357634735823151,5.0,5.0,3.6,0.06997084548104955,1.0,,control,6.0,CA,,PROVIDENCE VALLEY POINTE,,0,1,1
555084,68.0,60.03609329446064,0.4190377744660895,3.6218407508692536,2.6530612244897958,3.3448979591836734,3.0918367346938775,0.06997084548104955,1.0,,control,6.0,CA,,DESERT SPRINGS HEALTHCARE & WELLNESS CENTRE,,0,1,1
555088,90.0,73.61044217687075,0.2764727961693394,3.6688804225063842,1.416326530612245,1.8714285714285714,3.1163265306122447,0.06997084548104955,1.0,,control,6.0,CA,,FIDELITY HEALTH CARE,,0,1,1
555093,144.0,121.8198833819242,0.40485937883425194,3.732298532956025,2.5020408163265304,3.0306122448979593,1.8836734693877553,0.06997084548104955,1.0,,control,6.0,CA,,ST EDNA SUBACUTE AND REHABILITATION CENTER,,0,1,1
555095,300.6413994169096,275.1741690962099,1.3854656586637188,4.769468259786768,3.0979591836734697,4.4714285714285715,5.0,0.0,0.0,,control,6.0,CA,,VETERANS HOME OF CALIFORNIA - YOUNTVILLE -  SNF,,0,0,0
555099,290.0,277.8045189504373,0.27064964506100786,3.747246521731422,1.0,1.4,3.226530612244898,0.06997084548104955,1.0,,control,6.0,CA,,LAKEWOOD HEALTHCARE CENTER,,0,1,1
555103,202.0,177.8040524781341,0.5221211874038713,4.327033745515065,1.3734693877551019,2.4387755102040813,3.2020408163265306,0.06997084548104955,1.0,,control,6.0,CA,,FRENCH PARK CARE CENTER,,0,1,1
555106,46.0,44.81311953352769,0.2616988964401976,3.670216126215546,3.2755102040816326,4.275510204081632,3.0979591836734697,0.06997084548104955,1.0,,control,6.0,CA,,SANTA FE LODGE,,0,1,1
555107,49.0,43.545072886297376,0.48270051488116983,3.977465173943035,2.6653061224489796,3.7510204081632654,3.0755102040816324,0.06997084548104955,1.0,,control,6.0,CA,,VICTORIA CARE CENTER,,0,1,1
555108,59.0,50.20912536443149,0.39101609681929256,4.150330435067213,3.4367346938775514,4.7122448979591836,3.4551020408163264,0.0,0.0,,control,6.0,CA,,INLAND CHRISTIAN HOME,,0,0,0
555112,84.61020408163265,70.37049562682216,0.3919657373456669,4.078435205946821,1.6265306122448981,2.6265306122448977,2.0326530612244897,0.0,1.0,,control,6.0,CA,,EL RANCHO VISTA HEALTH CARE CENTER,,0,1,0
555114,99.0,81.550583090379,0.4720685735740917,3.725007744351615,2.2489795918367346,3.1510204081632653,3.004081632653061,0.06997084548104955,1.0,,control,6.0,CA,,DRIFTWOOD HEALTHCARE CENTER,,0,1,1
555116,79.0,64.30466472303206,0.6821144922587556,4.5060171646462335,2.3183673469387753,3.3489795918367347,3.3612244897959185,0.06997084548104955,0.0,,control,6.0,CA,,ROSEWOOD HEALTH FACILITY,,0,0,1
555117,99.0,73.76183673469387,0.47695059676838586,3.945671257332275,2.5632653061224486,3.963265306122449,3.626530612244898,0.0,1.0,,control,6.0,CA,,SKYLINE HEALTHCARE CENTER - LA,,0,1,0
555119,78.0,69.02795918367347,0.33600014528627353,3.76888910462722,3.2530612244897963,4.626530612244897,3.336734693877551,0.0,1.0,,control,6.0,CA,,SAINT VINCENT HEALTHCARE,,0,1,0
555122,86.0,71.67209912536443,0.5374360161716193,4.186927271281061,4.204081632653061,4.448979591836735,3.4183673469387754,0.06997084548104955,1.0,,control,6.0,CA,,MCKINLEY PARK CARE CENTER,,0,1,1
555125,98.0,81.77215743440233,0.270808687198654,3.6680164611642905,2.3938775510204082,3.0755102040816324,2.2448979591836737,0.06997084548104955,1.0,,control,6.0,CA,,LINWOOD MEADOWS CARE CENTER,,0,1,1
555126,42.0,33.902944606413996,0.6567681504926767,4.395621934104593,3.0,4.5285714285714285,4.042857142857143,0.0,0.0,,control,6.0,CA,,ARARAT CONVALESCENT HOSPITAL,,0,0,0
555128,198.0,179.62425655976676,0.35039137597248304,3.881215318272832,1.2877551020408162,2.2877551020408164,3.4367346938775514,0.0,1.0,,control,6.0,CA,,DOWNEY COMMUNITY HEALTH CENTER,,0,1,0
555130,133.0,119.09795918367348,0.5065721656836778,3.7891780980173824,1.9448979591836735,2.1346938775510202,2.826530612244898,0.06997084548104955,1.0,,control,6.0,CA,,MAYWOOD SKILLED NURSING & WELLNESS CENTRE,,0,1,1
555134,90.0,70.39758017492711,0.5181480400326541,4.033023133187481,4.0,4.0,3.6,0.06997084548104955,0.0,,control,6.0,CA,,MOUNT MIGUEL COVENANT VILLAGE,,0,0,1
555135,87.0,82.55239067055393,0.21762305231545723,3.432025921371513,1.8448979591836734,2.2448979591836737,1.5448979591836736,0.06997084548104955,1.0,,control,6.0,CA,,HIGHLAND SPRINGS CARE CENTER,,0,1,1
555136,99.0,90.29883381924199,0.5401147535585277,3.952596180667762,3.9571428571428573,4.583673469387755,3.404081632653061,0.06997084548104955,1.0,,control,6.0,CA,,POWAY HEALTHCARE CENTER,,0,1,1
555137,105.0,89.81533527696793,0.7399736715285601,6.447241691922182,3.9020408163265303,4.626530612244897,4.285714285714286,0.0,0.0,,control,6.0,CA,,GRANCELL VILLAGE OF THE JEWISH HOMES FOR THE AGING,,0,0,0
555141,96.0,72.21174927113702,0.7767069833554485,5.3992402972706355,4.626530612244897,5.0,4.0,0.0,0.0,,control,6.0,CA,,TOWN AND COUNTRY MANOR,,0,0,0
555143,28.0,18.412274052478132,2.824453620776459,6.993340043686559,4.4367346938775505,5.0,5.0,0.0,0.0,,control,6.0,CA,,WESTLAND HOUSE,,0,0,0
555144,59.0,47.601457725947526,0.5583980491657046,4.096112681703269,3.9020408163265303,3.773469387755102,3.6142857142857143,0.0,0.0,,control,6.0,CA,,ST. PAULS HEALTH CARE CENTER,,0,0,0
555147,143.0,121.05810495626822,0.43111080345544167,4.309475574961067,2.53469387755102,4.308163265306122,3.773469387755102,0.06997084548104955,1.0,,control,6.0,CA,,OAK RIVER REHAB,,0,1,1
555161,130.0,112.62142857142857,0.593582467846526,4.228483403374446,1.836734693877551,3.026530612244898,3.9020408163265303,0.06997084548104955,1.0,,control,6.0,CA,,NAPA VALLEY CARE CENTER,,0,1,1
555163,193.0,159.1957142857143,0.627207064639916,3.7020148641973414,2.9795918367346936,4.189795918367347,3.816326530612245,0.06997084548104955,1.0,,control,6.0,CA,,SHORELINE CARE CENTER,,0,1,1
555164,149.0,130.0204081632653,0.46779470429715575,3.8188705597953607,2.973469387755102,4.373469387755103,3.4,0.06997084548104955,1.0,,control,6.0,CA,,ARBOR REHABILITATION & NURSING CENTER,,0,1,1
555165,59.0,54.14160349854228,0.4250816733713605,3.7871569048607876,1.583673469387755,2.583673469387755,2.951020408163265,0.06997084548104955,0.712536443148688,,control,6.0,CA,,HIGHLAND PARK SKILLED NURSING AND WELLNESS CENTER,,0,1,1
555186,68.0,56.20110787172012,0.7819932456278931,4.718006902959233,4.173469387755102,4.6755102040816325,3.669387755102041,0.0,1.0,,control,6.0,CA,,LINCOLN SQUARE POST ACUTE CARE,,0,1,0
555189,59.0,50.72163265306122,0.455332814097882,3.826424490817145,3.9326530612244897,4.3061224489795915,2.6653061224489796,0.0,0.0,,control,6.0,CA,,MERCY RETIREMENT & CARE CENTER,,0,0,0
555190,180.0,147.49787172011662,0.3861342639287827,4.513466098830461,2.8448979591836734,3.583673469387755,3.3081632653061224,0.06997084548104955,1.0,,control,6.0,CA,,ENGLISH OAKS CONVALESCENT & REHABILITATION HOSPITA,,0,1,1
555195,103.00728862973762,96.88463556851312,0.3491567850549838,3.8187599646098356,3.626530612244898,4.626530612244897,2.5020408163265304,0.06997084548104955,1.0,,control,6.0,CA,,PROVIDENCE DEL ROSA VILLA,,0,1,1
555199,48.0,43.99556851311954,0.3257221704595255,3.8165845750083243,4.0,4.810204081632653,2.2816326530612248,0.0,1.0,,control,6.0,CA,,COAST CARE CONVALESCENT CENTER,,0,1,0
555204,37.575218658892126,31.08268221574344,2.783103818670944,10.596774238599806,4.0,5.0,4.581632653061224,0.0,1.0,,control,6.0,CA,,SARATOGA PEDIATRIC SUBACUTE,,0,1,0
555206,149.0,138.06049562682216,0.33407225052141776,3.3904397882547133,2.2183673469387757,2.720408163265306,2.1285714285714286,0.06997084548104955,1.0,,control,6.0,CA,,BOULDER CREEK POST ACUTE,,0,1,1
555207,49.0,42.89177842565598,0.6205728419969583,4.225382779316712,1.416326530612245,2.3795918367346935,3.6612244897959183,0.0,1.0,,control,6.0,CA,,PINERS NURSING HOME,,0,1,0
555208,140.0,127.75134110787172,0.17965688965462867,3.6749586513087866,2.253061224489796,3.2530612244897963,3.0816326530612246,0.06997084548104955,1.0,,control,6.0,CA,,WESTGATE GARDENS CARE CENTER,,0,1,1
555209,68.0,60.79443148688047,1.2653296987208282,4.118280749366972,3.626530612244898,4.497959183673469,4.742857142857143,0.0,0.0,,control,6.0,CA,,SONORA REGIONAL MEDICAL CENTER D/P SNF,,0,0,0
555211,99.0,93.90212827988339,0.20287642645589787,3.953262195574416,3.016326530612245,4.016326530612245,3.0979591836734697,0.0,1.0,,control,6.0,CA,,EXTENDED CARE HOSP WESTMINSTER,,0,1,0
555213,99.0,68.76848396501458,0.4091142495026415,4.0401557509230575,2.0306122448979593,2.9020408163265303,2.5142857142857142,0.06997084548104955,1.0,,control,6.0,CA,,"PASADENA CARE CENTER, LLC",,0,1,1
555214,99.0,87.62862973760933,0.32975698604004566,3.512728648551325,1.0,1.6918367346938776,1.4591836734693877,0.06997084548104955,1.0,,control,6.0,CA,,PROFESSIONAL POST ACUTE CENTER,,0,1,1
555216,100.0,81.54072886297375,1.2166278274703397,5.542228118846332,3.3734693877551023,4.810204081632653,5.0,0.0,0.06997084548104955,,control,6.0,CA,,SHARP CHULA VISTA MED CTR SNF,,0,0,0
555217,98.0,70.59183673469387,0.7101263083805729,4.544820728953471,1.2448979591836733,2.0,3.510204081632653,0.0,1.0,,control,6.0,CA,,PACIFICA HOSPITAL OF THE VALLEY DP SNF,,0,1,0
555218,59.0,50.35650145772595,0.5366462447573859,4.024748337261988,2.373469387755102,3.9367346938775514,3.789795918367347,0.06997084548104955,1.0,,control,6.0,CA,,ST ANDREWS HEALTHCARE,,0,1,1
555219,99.0,88.42755102040817,0.504847261756012,4.11719043995198,2.973469387755102,3.6551020408163266,3.3938775510204082,0.06997084548104955,1.0,,control,6.0,CA,,AUBURN OAKS CARE CENTER,,0,1,1
555220,99.0,76.38571428571429,0.434268358386445,4.6628334802554505,3.626530612244898,4.681632653061224,3.6,0.0,1.0,,control,6.0,CA,,VINEYARD HILLS HEALTH CENTER,,0,1,0
555223,99.0,69.73851311953352,1.2738420452491848,8.69819304126032,2.6816326530612242,4.055102040816326,3.6,0.06997084548104955,0.0,,control,6.0,CA,,ST JOHNS PLEASANT VALLEY HOSPITAL D/P SNF,,0,0,1
555227,31.0,17.386413994169093,1.4968201892167992,5.78256378217006,2.2183673469387757,3.316326530612245,5.0,0.0,0.19854227405247812,,control,6.0,CA,,VILLA MARIN,,0,0,0
555229,87.0,71.61119533527696,0.30793297529572267,3.598791435667173,1.0,1.3734693877551019,2.685714285714286,0.0,1.0,,control,6.0,CA,,VALLEY CONVALESCENT HOSPITAL,,0,1,0
555231,37.0,28.675626822157433,1.8386424116105955,5.0064567974145735,3.3448979591836734,3.7804878048780486,3.7804878048780486,0.0,0.0,,control,6.0,CA,,TAHOE FOREST HOSPITAL D/P SNF,,0,0,0
555236,95.0,85.569416909621,1.7713782700661387,5.948585052106431,3.0979591836734697,4.614285714285714,4.485714285714286,0.06997084548104955,0.0,,control,6.0,CA,,MARIAN MEDICAL CENTER D/P SNF,,0,0,1
555237,44.0,37.723556851311955,2.4994957167758383,8.171802061238122,4.0,4.90204081632653,4.502040816326531,0.06997084548104955,1.0,,control,6.0,CA,,SAN GABRIEL VALLEY MEDICAL CTR D/P SNF,,0,1,1
555240,144.0,122.48139941690962,0.5028636822051341,3.7912502653820166,3.1632653061224487,3.789795918367347,2.351020408163265,0.06997084548104955,1.0,,control,6.0,CA,,TURLOCK NURSING & REHABILITATION CENTER,,0,1,1
555247,99.0,88.19425655976676,0.489962686219178,4.23634254670072,3.0,4.0,3.226530612244898,0.06997084548104955,1.0,,control,6.0,CA,,RANCHO MIRAGE HEALTH AND REHABILITATION CENTER,,0,1,1
555249,182.0,158.51731778425656,0.34627268445273385,3.5564297241721623,1.3183673469387753,2.1897959183673468,2.648979591836735,0.06997084548104955,1.0,,control,6.0,CA,,SEA CLIFF HEALTHCARE CENTER,,0,1,1
555251,117.60291545189504,119.27346938775509,0.31650682047370443,3.279373023528772,2.283673469387755,2.7073170731707314,1.6585365853658536,0.06997084548104955,1.0,,control,6.0,CA,,KNOLLS WEST POST ACUTE LLC,,0,1,1
555255,24.027696793002917,22.32061224489796,1.467322971258981,8.570619611666274,2.7897959183673464,3.855102040816327,3.4714285714285715,0.0,1.0,,control,6.0,CA,,EAST LOS ANGELES DOCTORS HOSP,,0,1,0
555256,160.0,130.2824198250729,0.43720716684396155,3.7475174158415965,1.0,1.5632653061224488,2.973469387755102,0.06997084548104955,1.0,,control,6.0,CA,,THE REHABILITATION CENTER OF BAKERSFIELD,,0,1,1
555257,99.0,80.572944606414,0.5623178443605976,4.081221333547523,2.3183673469387753,4.091836734693878,3.6755102040816325,0.06997084548104955,1.0,,control,6.0,CA,,PALM TERRACE HEALTHCARE & REHABILITATION CENTER,,0,1,1
555258,27.0,19.1430612244898,2.389592170782823,6.442640886078847,2.2183673469387757,3.316326530612245,4.871428571428571,0.0,0.06997084548104955,,control,6.0,CA,,SONOMA VALLEY HOSPITAL DP/SNF,,0,0,0
555261,99.0,83.6193586005831,0.8193260116938104,4.379437297847342,4.0,5.0,3.9020408163265303,0.0,0.0,,control,6.0,CA,,ACC CARE CENTER,,0,0,0
555263,99.0,85.34446064139941,0.6778979113871042,4.480201590939082,4.0,5.0,4.210204081632654,0.06997084548104955,1.0,,control,6.0,CA,,CASTLE MANOR CONVALESCENT CENTER,,0,1,1
555266,69.0,63.59848396501457,0.6961114148177567,3.917138537785009,4.416326530612245,5.0,3.7122448979591836,0.06997084548104955,1.0,,control,6.0,CA,,SUN MAR NURSING CENTER,,0,1,1
555272,113.0,85.62069970845481,0.26460672748629555,4.161513133609746,2.7122448979591836,4.085714285714285,3.389795918367347,0.0,0.0,,control,6.0,CA,,ATHERTON BAPTIST HOME,,0,0,0
555276,44.28746355685131,38.848921282798834,0.5780621525601981,3.914536368208379,3.0979591836734697,4.281632653061225,3.157142857142857,0.06997084548104955,1.0,,control,6.0,CA,,PROVIDENCE SAN BRUNO,,0,1,1
555283,99.0,77.9801166180758,0.33511818863534615,3.8651546635235463,2.6265306122448977,3.8857142857142857,3.2591836734693875,0.06997084548104955,1.0,,control,6.0,CA,,CRYSTAL RIDGE CARE CENTER,,0,1,1
555290,105.0,91.36256559766764,0.7446973381969835,4.270142823935425,3.593877551020408,4.495918367346939,4.7122448979591836,0.06997084548104955,1.0,,control,6.0,CA,,STANFORD COURT SKILLED NURSING & REHAB CENTER,,0,1,1
555295,59.0,43.0102915451895,0.6761712053209032,4.792662111834401,3.626530612244898,4.626530612244897,4.5285714285714285,0.06997084548104955,0.0,,control,6.0,CA,,REGENTS POINT - WINDCREST,,0,0,1
555297,178.0,124.3167638483965,0.6753623680326055,4.347227359698143,1.1285714285714286,1.5285714285714287,3.626530612244898,0.06997084548104955,0.39708454810495625,,control,6.0,CA,,MANORCARE HEALTH SERVICES-HEMET,,0,0,1
555301,129.0,101.18198250728862,1.6725446062870408,5.802726324117431,4.593877551020409,5.0,4.6,0.0,0.0,,control,6.0,CA,,VILLA POMERADO D/P SNF,,0,0,0
555312,27.0,10.014285714285712,5.174379036533373,8.131991276714015,2.879591836734694,3.506122448979592,5.0,0.0,0.0,,control,6.0,CA,,WHITE MEMORIAL MEDICAL CTR DP,,0,0,0
555313,70.0,65.83798833819242,0.5461385447969603,3.25635674129886,2.963265306122449,3.6755102040816325,3.1122448979591835,0.06997084548104955,1.0,,control,6.0,CA,,THE REHABILITATION CENTER OF OAKLAND,,0,1,1
555316,125.0,106.42209912536443,0.48477186617025037,4.295112080177167,3.1408163265306124,4.626530612244897,3.773469387755102,0.06997084548104955,1.0,,control,6.0,CA,,COPPER RIDGE CARE CENTER,,0,1,1
555318,271.2040816326531,271.5409037900875,0.5238653253900154,3.734786167617375,2.2653061224489797,3.4428571428571426,3.4714285714285715,0.06997084548104955,1.0,,control,6.0,CA,,VILLA RANCHO BERNARDO CARE CENTER,,0,1,1
555323,120.0,105.11157434402332,0.6154512701993499,3.7564462758821047,3.4857142857142858,4.357142857142858,3.6020408163265305,0.06997084548104955,1.0,,control,6.0,CA,,AVIARA HEALTHCARE CENTER,,0,1,1
555326,120.0,108.81096209912536,1.0966322263997355,5.617799566634102,4.226530612244899,5.0,3.9571428571428573,0.06997084548104955,1.0,,control,6.0,CA,,CARMEL MOUNTAIN REHABILITATION & HEALTHCARE CENTER,,0,1,1
555329,72.0,61.13390670553936,0.64796502467746,4.607861669644861,3.836734693877551,5.0,4.0,0.06997084548104955,1.0,,control,6.0,CA,,LA PALMA NURSING CENTER,,0,1,1
555331,59.0,49.82122448979592,0.5607628116187333,4.468316565674109,3.7244897959183674,5.0,3.502040816326531,0.06997084548104955,1.0,,control,6.0,CA,,VALENCIA GARDENS HEALTH CARE CENTER,,0,1,1
555333,97.0,85.37836734693877,0.4328889710200793,4.022120521000332,3.336734693877551,3.7918367346938777,2.9530612244897956,0.06997084548104955,1.0,,control,6.0,CA,,LINCOLN MEADOWS CARE CENTER,,0,1,1
555337,162.0,127.90944606413994,1.2637113425840794,4.1792434904944,3.3734693877551023,4.691836734693878,4.5285714285714285,0.06997084548104955,0.39708454810495625,,control,6.0,CA,,MANORCARE  HEALTH SERVICES (CITRUS HEIGHTS),,0,0,1
555338,99.0,78.59930029154519,0.3983853411224591,4.000031046325485,2.0428571428571427,3.022448979591837,3.6612244897959183,0.0,1.0,,control,6.0,CA,,BRIGHTON CARE CENTER,,0,1,0
555339,178.0,121.9302915451895,0.5165962808158022,4.314394153640221,1.5020408163265304,2.2142857142857144,3.210204081632653,0.06997084548104955,0.4670553935860058,,control,6.0,CA,,MANORCARE HEALTH SERVICES-PALM DESERT,,0,0,1
555340,116.0,94.1451311953353,0.6430889677242314,4.594681178368713,1.6265306122448981,2.0979591836734697,3.071428571428571,0.06997084548104955,1.0,,control,6.0,CA,,MARINA POINTE HEALTHCARE & SUBACUTE,,0,1,1
555342,48.0,39.240204081632655,0.6713075731229716,4.519346380121851,2.5918367346938775,3.316326530612245,4.308163265306122,0.06997084548104955,0.0,,control,6.0,CA,,SUNNY VIEW MANOR,,0,0,1
555343,94.0,69.53399416909622,0.5248165203506502,5.057418912375583,4.128571428571429,5.0,3.626530612244898,0.06997084548104955,0.0,,control,6.0,CA,,SARATOGA RETIREMENT COMMUNITY HEALTH CENTER,,0,0,1
555347,31.0,27.53938775510204,0.3344746940837409,3.80084349912027,3.6,3.7489795918367346,2.6367346938775507,0.06997084548104955,1.0,,control,6.0,CA,,NORTH STARR POSTACUTE CARE,,0,1,1
555349,120.0,93.1106413994169,0.7735019979042141,4.937578970981882,3.4714285714285715,4.553061224489796,3.9877551020408166,0.0,1.0,,control,6.0,CA,,VACAVILLE CONVALESCENT & REHAB,,0,1,0
555350,243.0,228.93206997084548,0.16254087294879827,2.9980063590484334,1.2244897959183674,1.836734693877551,2.612244897959184,0.06997084548104955,1.0,,control,6.0,CA,,TERRACINA POST ACUTE,,0,1,1
555352,99.0,72.16632653061225,0.2526165639337332,3.5776034421653122,1.693877551020408,1.8775510204081631,1.7755102040816326,0.0,1.0,,control,6.0,CA,,SUNNYSIDE CONV. HOSPITAL,,0,1,0
555353,59.0,52.04399416909621,0.4999673200110558,4.659540730263156,3.8102040816326532,4.810204081632653,3.410204081632653,0.06997084548104955,1.0,,control,6.0,CA,,VILLA HEALTH CARE CENTER,,0,1,1
555355,99.0,85.39591836734694,0.4516256587964785,3.9944951656454064,2.5020408163265304,3.773469387755102,3.1551020408163266,0.06997084548104955,1.0,,control,6.0,CA,,VINTAGE FAIRE NURSING & REHABILITATION CENTER,,0,1,1
555362,99.0,63.27498542274053,0.6329820339700947,4.219868730396753,4.0,5.0,4.016326530612245,0.0,0.0,,control,6.0,CA,,CASA DE LAS CAMPANAS,,0,0,0
555363,59.0,51.731778425655975,0.8303098710515184,4.3885518008125475,4.0,5.0,4.626530612244897,0.0,0.0,,control,6.0,CA,,LINCOLN GLEN SKILLED NURSING,,0,0,0
555364,45.0,38.92448979591837,1.0507606417945927,3.6526763937679547,4.5285714285714285,4.626530612244897,4.2877551020408164,0.0,1.0,,control,6.0,CA,,SHIELDS NURSING CENTER,,0,1,0
555368,99.0,88.97306122448981,0.18384075858140086,4.137989434793701,1.9448979591836735,2.816326530612245,1.9040816326530612,0.06997084548104955,1.0,,control,6.0,CA,,"CENTURY VILLA, INC",,0,1,1
555371,145.0,104.00551020408165,0.41488183760479835,4.201409026776258,3.853061224489796,5.0,4.0,0.06997084548104955,1.0,,control,6.0,CA,,BAYSIDE CARE CENTER,,0,1,1
555374,59.0,56.551895043731776,0.2692715147758982,3.7713981846687923,2.610204081632653,2.983673469387755,2.4918367346938775,0.06997084548104955,1.0,,control,6.0,CA,,MAYFLOWER CARE CENTER,,0,1,1
555380,28.0,24.63927113702624,1.9578667635409128,8.2490465568758,3.6346938775510207,4.326530612244898,3.889795918367347,0.06997084548104955,0.6029154518950437,,control,6.0,CA,,ENCINO HOSPITAL MEDICAL CENTER D/P SNF,,0,1,1
555381,181.0,166.97291545189503,1.2360672630336664,4.464111994101337,5.0,5.0,4.0,0.0,0.0,,control,6.0,CA,,ALAMEDA HOSPITAL D/P SNF,,0,0,0
555383,48.0,42.217930029154516,0.29162422401047505,3.7537429229843586,2.1897959183673468,2.951219512195122,3.0365853658536586,0.06997084548104955,1.0,,control,6.0,CA,,BLYTHE POST ACUTE LLC,,0,1,1
555387,75.0,68.53851311953352,0.42509309544065005,3.8118027447709415,4.0,4.773469387755102,2.159183673469388,0.06997084548104955,1.0,,control,6.0,CA,,CREEKSIDE  CENTER,,0,1,1
555390,40.0,39.44921282798834,1.417758620234089,6.507155123628518,4.626530612244897,5.0,3.3469387755102042,0.0,1.0,,control,6.0,CA,,CORONA REGIONAL MEDICAL CENTER D/P SNF,,0,1,0
555391,52.0,39.05793002915452,0.8156492447721277,5.228569160806098,3.626530612244898,5.0,4.810204081632653,0.06997084548104955,1.0,,control,6.0,CA,,FREEDOM VILLAGE HEALTHCARE CENTER,,0,1,1
555394,150.0,106.3867055393586,0.5496813034195307,3.71506532982872,1.973469387755102,3.3469387755102042,3.502040816326531,0.06997084548104955,1.0,,control,6.0,CA,,BUENA VISTA CARE CENTER,,0,1,1
555395,173.0874635568513,84.38279883381924,0.5769424723325766,4.676131192303255,2.0979591836734697,3.0979591836734697,4.226530612244899,0.0,0.0,,control,6.0,CA,,EL ENCANTO HEALTHCARE CENTER,,0,0,0
555396,70.0,54.69134110787172,2.4479968599329456,7.221266181062282,3.626530612244898,4.4367346938775505,4.373469387755103,0.0,0.0,,control,6.0,CA,,KAWEAH DELTA SKILLED NURSING CENTER,,0,0,0
555398,99.0,83.90428571428572,0.6313718410626146,3.7196603930965315,4.0,4.373469387755103,3.0816326530612246,0.0,1.0,,control,6.0,CA,,WINDSOR POST-ACUTE CARE CENTER OF HAYWARD,,0,1,0
555403,99.0,87.51577259475219,0.3448978763805498,3.819464808973732,1.8877551020408163,1.9510204081632652,1.8265306122448979,0.06997084548104955,1.0,,control,6.0,CA,,MONTEREY PALMS HEALTH CARE CENTER,,0,1,1
555416,120.0,110.7563556851312,0.6088176105472345,4.196892539480636,1.7938775510204081,3.16734693877551,3.502040816326531,0.06997084548104955,1.0,,control,6.0,CA,,KINDRED TRANSITIONAL CARE AND REHAB-FOOTHIL,,0,1,1
555417,34.0,19.63708454810496,4.511110624554952,7.970171157165405,4.5285714285714285,4.626530612244897,5.0,0.0,1.0,,control,6.0,CA,,DESERT REGIONAL MEDICAL CENTER D/P SNF,,0,1,0
555420,68.27755102040817,37.47387755102041,0.2583474836637148,4.761200308267588,2.112244897959184,1.5714285714285714,2.6224489795918364,0.0,0.0,,control,6.0,CA,,MODOC MEDICAL CENTER D/P SNF,,0,0,0
555421,120.0,94.49437317784256,0.5467899241360022,4.834067796899871,4.4,5.0,3.6816326530612242,0.0,1.0,,control,6.0,CA,,STONEBROOK HEALTHCARE CENTER,,0,1,0
555424,58.0,45.023148688046646,0.6119905854617937,5.241398528930885,4.318367346938776,5.0,3.96530612244898,0.0,0.0,,control,6.0,CA,,THE DOROTHY & JOSEPH GOLDBERG HEALTHCARE CENTER,,0,0,0
555425,119.0,110.3231778425656,0.5421774219909914,3.750938884611128,2.4795918367346936,3.479591836734694,3.8448979591836734,0.06997084548104955,1.0,,control,6.0,CA,,VISTA KNOLL SPECIALIZED CARE FACILITY,,0,1,1
555429,54.0,41.43373177842565,0.3415318830497143,4.624481518829123,3.9020408163265303,4.90204081632653,3.8102040816326532,0.06997084548104955,0.0,,control,6.0,CA,,VILLA GARDENS HEALTH CARE UNIT,,0,0,1
555430,145.0,131.41186588921283,0.44431874363465573,3.9775571598977684,2.836734693877551,3.610204081632653,2.86734693877551,0.0,0.0,,control,6.0,CA,,"FOUNTAINS, THE",,0,0,0
555432,76.0,60.68749271137027,0.4164117227077867,4.558671383053616,3.0,4.773469387755102,4.0,0.0,0.0,,control,6.0,CA,,SOLHEIM LUTHERAN HOME,,0,0,0
555433,66.0,51.662682215743445,0.5778953508528216,4.410274489546953,2.2612244897959184,3.148979591836735,4.016326530612245,0.0,0.0,,control,6.0,CA,,EASTERN PLUMAS HOSPITAL- PORTOLA CAMPUS DP/SNF,,0,0,0
555435,156.63032069970845,141.6206413994169,0.5345934500725226,5.649703729384505,2.6408163265306124,3.224489795918367,2.7469387755102037,0.0,1.0,,control,6.0,CA,,RECHE CANYON REGIONAL REHAB CENTER,,0,1,0
555441,69.0,63.46854227405248,1.5960219247143104,7.943542101051968,2.6265306122448977,3.626530612244898,3.342857142857143,0.0,1.0,,control,6.0,CA,,MEMORIAL HOSPITAL OF GARDENA D/P SNF,,0,1,0
555443,120.0,92.97857142857143,0.845073465113985,4.53146042604399,2.9020408163265303,3.2755102040816326,3.6183673469387756,0.0,1.0,,control,6.0,CA,,HI-DESERT MEDICAL CENTER D/P SNF,,0,1,0
555445,83.0,75.59932944606413,0.36440990757184344,3.822714393295142,2.973469387755102,3.973469387755102,2.7285714285714286,0.06997084548104955,1.0,,control,6.0,CA,,ANAHEIM CREST NURSING CENTER,,0,1,1
555446,155.0,124.57268221574344,1.224277090290054,4.411815127986241,4.0,4.90204081632653,4.5285714285714285,0.06997084548104955,0.39708454810495625,,control,6.0,CA,,MANORCARE HEALTH SERVICES-WALNUT CREEK,,0,0,1
555450,99.0,92.12204081632652,0.6278800596717876,3.795282780873825,3.626530612244898,4.5285714285714285,3.626530612244898,0.06997084548104955,1.0,,control,6.0,CA,,AMERICAN RIVER CENTER,,0,1,1
555458,99.0,88.11206997084548,0.6203872553981357,4.106998794426705,4.871428571428571,5.0,3.6,0.06997084548104955,1.0,,control,6.0,CA,,GLENWOOD CARE CENTER,,0,1,1
555461,32.0,29.33265306122449,0.5235139089575658,3.7829428315108284,5.0,4.90204081632653,3.3469387755102042,0.0,1.0,,control,6.0,CA,,MARINA GARDEN NURSING CENTER,,0,1,0
555463,54.0,31.5765306122449,0.9096883476759816,5.899925892528003,3.189795918367347,4.593877551020409,4.5285714285714285,0.06997084548104955,1.0,,control,6.0,CA,,THE VILLAGE HEALTHCARE CENTER,,0,1,1
555466,31.0,15.06,1.8347459139046691,6.880048959771541,4.0,4.4,5.0,0.0,1.0,,control,2.0,CA,,ASHBY CARE CENTER,,0,1,0
555467,20.0,19.37758017492711,3.0914202271960924,7.855251914446063,4.90204081632653,5.0,5.0,0.0,0.0,,control,6.0,CA,,MOUNTAINS COMMUNITY HOSP DPSNF,,0,0,0
555468,21.0,15.609241982507289,0.6078746850143595,6.292851543340642,4.271428571428572,4.481632653061224,3.520408163265306,0.0,0.0,,control,6.0,CA,,BEAR VALLEY COMMUNITY HOSPITAL,,0,0,0
555470,152.0,133.75268221574345,0.47302011796381505,3.9927687154543055,1.3734693877551019,2.2755102040816326,3.0979591836734697,0.06997084548104955,1.0,,control,6.0,CA,,WAGNER HEIGHTS NURSING & REHABILITATION CENTER,,0,1,1
555473,129.0,112.26221574344022,0.48644477126836405,3.834563099748527,3.626530612244898,4.4367346938775505,2.887755102040816,0.06997084548104955,1.0,,control,6.0,CA,,ALTA GARDENS CARE CENTER,,0,1,1
555478,188.0,159.25361516034985,0.5251344923251403,3.912960105053158,3.2530612244897963,4.626530612244897,3.4714285714285715,0.06997084548104955,1.0,,control,6.0,CA,,VICTORIA CARE CENTER,,0,1,1
555479,141.0,124.716768707483,0.4980186900685525,3.780932814681195,2.451219512195122,3.060975609756097,3.9999999999999996,0.0,0.0,,control,6.0,CA,,DELANO DISTRICT SKILLED NURSING FACILITY,,0,0,0
555483,99.0,77.85349854227405,0.830336298663279,4.086335725394529,4.0,4.626530612244897,4.5285714285714285,0.06997084548104955,1.0,,control,6.0,CA,,VISTA MANOR NURSING CENTER,,0,1,1
555486,166.0,141.27244897959184,0.723266841416454,4.0787881547252365,2.0,2.7469387755102037,3.0857142857142854,0.06997084548104955,1.0,,control,6.0,CA,,ALAMEDA HEALTHCARE & WELLNESS CENTER,,0,1,1
555487,163.0,145.88113702623906,0.5783883594775866,3.985301352126034,2.226530612244898,4.128571428571429,4.128571428571429,0.0,1.0,,control,6.0,CA,,MISSION DE LA CASA NURSING & REHABILITATION CENTER,,0,1,0
555490,99.0,78.97901360544218,0.27554090111620083,3.886902392730619,2.7073170731707314,2.512195121951219,2.3170731707317076,0.0,1.0,,control,6.0,CA,,MEADOWOOD NURSING CENTER,,0,1,0
555494,96.86822157434402,90.55227405247814,0.30813801928887113,3.837353106843774,3.7122448979591836,3.7122448979591836,1.0979591836734692,0.06997084548104955,1.0,,control,6.0,CA,,CEDAR MOUNTAIN POST ACUTE,,0,1,1
555496,99.0,84.74355685131195,0.5007188903241051,4.016625933834453,3.2530612244897963,4.4,3.2918367346938777,0.06997084548104955,1.0,,control,6.0,CA,,RIVERWOOD HEALTHCARE CENTER,,0,1,1
555503,48.0,41.063177842565594,0.5514791348435613,4.775560927273311,2.4714285714285715,3.926530612244898,4.373469387755103,0.06997084548104955,0.19854227405247812,,control,6.0,CA,,ROYAL OAKS MANOR-BRADBURY OAKS,,0,0,1
555513,120.0,108.73241982507288,0.20965488741028032,4.010089500516995,3.2183673469387752,3.2020408163265306,1.9183673469387754,0.0,0.0,,control,6.0,CA,,PALM VILLAGE RETIREMENT COMM.,,0,0,0
555514,73.57376093294461,57.97918367346939,0.5114044369749559,4.670415207946837,3.944897959183674,4.626530612244897,3.626530612244898,0.06997084548104955,1.0,,control,6.0,CA,,HERITAGE PARK NURSING CENTER,,0,1,1
555515,99.0,59.14291545189505,0.6849092290860329,4.694011635201511,3.7244897959183674,5.0,4.020408163265306,0.06997084548104955,1.0,,control,6.0,CA,,PARK VISTA AT  MORNINGSIDE,,0,1,1
555516,17.0,7.4300680272108846,2.5378166596912926,7.327456725724446,2.0,2.3170731707317076,3.051282051282051,0.0,0.0,,control,6.0,CA,,JEROLD PHELPS COMM HOSP SNF,,0,0,0
555517,74.0,56.277026239067055,0.29056919516677726,3.602196309191255,1.816326530612245,2.0428571428571427,2.704081632653061,0.0,0.0,,control,6.0,CA,,KERN VALLEY HEALTHCARE DISTRICT DP SNF,,0,0,0
555520,115.0,103.79763848396502,0.4681630945641051,4.133152514399767,4.0,4.804081632653061,4.0,0.06997084548104955,1.0,,control,6.0,CA,,LEISURE COURT NURSING CENTER,,0,1,1
555521,59.0,51.801049562682216,0.2572058112902079,3.899129814204885,2.2183673469387757,2.6346938775510202,2.5632653061224486,0.0,1.0,,control,6.0,CA,,RANCHO MESA CARE CENTER,,0,1,0
555522,88.0,85.82825072886297,0.9033031245285238,6.126115723503418,4.0,4.253061224489796,3.1020408163265305,0.06997084548104955,0.0,,control,6.0,CA,,COMM. HOSP. OF SAN BERNARDINO DP SNF,,0,0,1
555524,48.0,38.323586005830904,1.2539887876959648,5.126041589317203,4.626530612244897,5.0,5.0,0.0,0.0,,control,6.0,CA,,HEALTH CARE CTR AT THE FORUM AT RANCHO SAN ANTONIO,,0,0,0
555527,33.0,26.404931972789115,0.43550644025670326,5.184772364591867,4.146341463414634,2.6463414634146343,1.6153846153846152,0.0,0.0,,control,6.0,CA,,SOUTHERN INYO HOSPITAL D/P SNF,,0,0,0
555530,29.0,27.80908163265306,0.16228128530045124,4.350450465501321,1.0,1.146341463414634,0.9999999999999999,0.0,0.4238095238095238,,control,6.0,CA,,CHOWCHILLA MEMORIAL HEALTHCARE DISTRICT,,0,0,0
555533,88.0,78.06157434402331,0.8112688577968052,3.9626666484375237,3.7551020408163263,4.226530612244899,4.146938775510204,0.06997084548104955,1.0,,control,6.0,CA,,DRIFTWOOD HEALTHCARE CENTER - HAYWARD,,0,1,1
555535,99.0,87.83279883381924,0.2628221065287786,4.106455466520376,1.6265306122448981,2.5285714285714285,2.7122448979591836,0.06997084548104955,1.0,,control,6.0,CA,,RIVER VALLEY CARE CENTER,,0,1,1
555536,99.0,94.15959183673469,0.5188644836198328,4.186884899079114,3.4367346938775514,4.810204081632653,3.3734693877551023,0.06997084548104955,1.0,,control,6.0,CA,,PARK REGENCY CARE CENTER,,0,1,1
555538,59.0,37.772448979591836,0.629466779606427,5.487539548240806,4.804081632653061,4.90204081632653,3.3204081632653057,0.0,0.0,,control,6.0,CA,,EDEN VALLEY CARE CENTER,,0,0,0
555545,59.0,42.34020408163265,1.4862478699972352,5.0614040819831585,4.373469387755103,5.0,3.891836734693878,0.06997084548104955,1.0,,control,6.0,CA,,THE COVE AT LA JOLLA,,0,1,1
555547,59.0,50.41877551020408,0.9746869522840476,4.9122660337185975,3.593877551020408,4.495918367346939,4.5285714285714285,0.06997084548104955,0.0,,control,6.0,CA,,THE TERRACES OF LOS GATOS,,0,0,1
555554,65.0,56.21501457725948,0.34529191056692027,4.859339716919131,4.09795918367347,5.0,3.6,0.06997084548104955,1.0,,control,6.0,CA,,DANISH CARE CENTER,,0,1,1
555555,35.0,31.267609329446067,1.2009490014527011,6.102541175385122,4.773469387755102,5.0,4.7122448979591836,0.0,0.19854227405247812,,control,6.0,CA,,ESKATON VILLAGE CARE CENTER,,0,0,0
555567,46.0,39.283848396501455,0.9650024313062833,8.050709629489033,3.789795918367347,4.789795918367346,3.6,0.0,1.0,,control,6.0,CA,,SOUTH COAST GLOBAL MEDICAL CENTER D/P SNF,,0,1,0
555570,48.0,43.26571428571428,0.9806216382186128,4.619650093533119,5.0,5.0,4.075510204081633,0.06997084548104955,1.0,,control,6.0,CA,,OAKLAND HEIGHTS NURSING AND REHABILITATION,,0,1,1
555572,30.0,14.737813411078717,2.921564081953033,7.509164231767249,5.0,5.0,5.0,0.0,0.0,,control,6.0,CA,,GROSSMONT HOSPITAL D/P SNF,,0,0,0
555574,132.0,114.75349854227406,0.2876298526698853,3.603461044395172,1.0,1.6816326530612247,2.983673469387755,0.06997084548104955,1.0,,control,6.0,CA,,STONEY POINT HEALTHCARE CENTER,,0,1,1
555578,94.0,85.912944606414,0.3789548519379286,3.8117625763457843,2.16734693877551,2.9571428571428573,2.9795918367346936,0.0,1.0,,control,6.0,CA,,HOLIDAY MANOR CARE CENTER,,0,1,0
555579,254.0,244.0700583090379,0.3879927818979576,4.182410695125953,3.773469387755102,4.773469387755102,3.1612244897959183,0.0,0.16034985422740522,,control,6.0,CA,,ARARAT NURSING FACILITY,,0,0,0
555583,141.0,120.76591836734696,0.4102678489931772,3.982184447350832,1.1897959183673468,2.1897959183673468,3.4551020408163264,0.06997084548104955,1.0,,control,6.0,CA,,MACLAY HEALTHCARE CENTER,,0,1,1
555587,56.0,52.498075801749266,1.837279577217111,11.07972984799138,4.4714285714285715,4.871428571428571,3.3414634146341466,0.0,1.0,,control,6.0,CA,,TOTALLY KIDS REHABILITATION HOSPITAL - D/P SNF,,0,1,0
555588,32.0,33.06492711370262,0.8788231982285186,5.288916747792885,3.0,4.055102040816326,2.8346938775510204,0.06997084548104955,1.0,,control,6.0,CA,,VIBRA HOSPITAL OF NORTHERN CALIFORNIA D/P SNF,,0,1,1
555589,22.0,20.693323615160352,1.931130559634663,9.366327717867852,4.0,5.0,3.973469387755102,0.0,1.0,,control,6.0,CA,,WHITTIER HOSPITAL MEDICAL CTR D/P SNF,,0,1,0
555592,23.0,18.497448979591837,1.083064908257387,5.891974185050763,5.0,4.836734693877551,3.8469387755102042,0.0979591836734694,1.0,,control,6.0,CA,,SAN LUIS TRANSITIONAL CARE,,0,1,1
555596,52.0,49.239766763848394,0.5166668925789948,3.94720247683707,4.226530612244899,4.4367346938775505,3.657142857142857,0.06997084548104955,1.0,,control,6.0,CA,,PARKSIDE HEALTH AND WELLNESS CENTER,,0,1,1
555599,40.0,30.229067055393585,4.815511294459216,8.560962027372156,4.0,4.90204081632653,4.608163265306123,0.0,0.0,,control,6.0,CA,,TORRANCE MEMORIAL MED CTR SNF/DP,,0,0,0
555605,52.0,40.54947521865889,0.3635363920293518,4.195149011247709,3.0857142857142854,3.24390243902439,3.3414634146341466,0.0,1.0,,control,6.0,CA,,GLENHAVEN HEALTHCARE,,0,1,0
555609,48.0,42.28274052478134,0.4263258019361029,3.9358069385808596,2.853061224489796,3.53469387755102,2.6,0.06997084548104955,1.0,,control,6.0,CA,,GLENDALE HEALTHCARE CENTER,,0,1,1
555610,25.0,16.230379008746358,4.611189437954476,7.242876578149496,4.0,5.0,5.0,0.0,0.19854227405247812,,control,6.0,CA,,CITRUS VALLEY MEDICAL CENTER - IC CAMPUS - D/P SNF,,0,0,0
555611,97.0,90.36571428571429,0.48375663103832606,3.6378110255101204,3.4673469387755103,4.497959183673469,4.042857142857143,0.0,1.0,,control,6.0,CA,,MORTON BAKAR CENTER,,0,1,0
555613,38.0,33.0396501457726,0.42814326217784043,4.1015201121356,2.669387755102041,3.479591836734694,3.1632653061224487,0.06997084548104955,1.0,,control,6.0,CA,,THE GROVE CARE AND WELLNESS,,0,1,1
555619,99.0,86.63626822157434,0.28034886397390585,4.5349163038793465,4.373469387755103,5.0,3.226530612244898,0.06997084548104955,1.0,,control,6.0,CA,,ARROYO GRANDE CARE CENTER,,0,1,1
555623,113.0,43.197659574468084,1.1039060572255748,4.557867705784041,2.146341463414634,1.8048780487804879,1.6097560975609755,0.0,1.0,,control,5.0,CA,,HEMET VALLEY HEALTHCARE CENTER,,0,1,0
555625,90.0,78.45545189504372,0.20157091360497062,3.887084090039914,1.9346938775510205,2.2918367346938773,2.16734693877551,0.0,1.0,,control,6.0,CA,,CALIFORNIA PARK REHABILITATION HOSPITAL,,0,1,0
555634,13.0,10.576170212765957,2.952740354617105,8.274169712010307,4.146341463414634,4.646341463414634,4.341463414634146,0.08163265306122448,1.0,,control,6.0,CA,,GREATER EL MONTE COMMUNITY HOS,,0,1,1
555638,39.0,32.93806122448979,1.4838793917372675,7.212022379262166,3.0,3.502040816326531,2.1951219512195124,0.0,1.0,,control,6.0,CA,,LOS ANGELES COMM HOSPITAL,,0,1,0
555639,69.0,45.53708454810496,1.2395317150906306,5.065568383954685,3.626530612244898,5.0,4.497959183673469,0.06997084548104955,0.19854227405247812,,control,6.0,CA,,THE MEADOWS OF NAPA VALLEY,,0,0,1
555642,16.0,7.453381924198251,4.691960312199015,9.950293634192242,5.0,5.0,5.0,0.0,0.19854227405247812,,control,6.0,CA,,REDLANDS COMM HOSP D/P SNF,,0,0,0
555649,33.0,26.97271137026239,1.3883848662353353,8.712079821326434,2.6612244897959183,3.2877551020408164,3.1951219512195124,0.06997084548104955,1.0,,control,6.0,CA,,WEST COVINA MEDICAL CENTER D/P SNF,,0,1,1
555651,30.0,24.453148688046646,0.3835512799780254,3.9903293562804762,3.0571428571428574,3.5428571428571427,1.9183673469387754,0.06997084548104955,1.0,,control,6.0,CA,,STANLEY HEALTHCARE CENTER,,0,1,1
555654,35.0,22.98122448979592,4.838941357790531,10.443107738096018,4.0,5.0,5.0,0.0,0.0,,control,6.0,CA,,PRESBYTERIAN INTERCOMM HOSP DP/SNF,,0,0,0
555658,99.0,83.57690962099124,0.27160326321144374,3.5185978463689427,2.3183673469387753,2.8816326530612244,2.4,0.0,1.0,,control,6.0,CA,,PORTERVILLE CONVALESCENT HOSPITAL,,0,1,0
555659,240.0,212.57335276967927,0.5906522531259406,4.110954199933707,2.373469387755102,3.3918367346938774,3.0183673469387755,0.06997084548104955,1.0,,control,6.0,CA,,SAN DIEGO POST-ACUTE CENTER,,0,1,1
555660,30.0,28.329591836734696,3.832576567853853,6.20400404050972,4.373469387755103,5.0,5.0,0.0,0.0,,control,6.0,CA,,SAN FRANCISCO GENERAL HOSPITAL D/P SNF,,0,0,0
555663,99.0,85.03533527696793,0.1604985469669033,3.5993680151517933,2.371428571428571,3.3714285714285714,2.6,0.06997084548104955,1.0,,control,6.0,CA,,PROVIDENCE LINDSAY GARDENS,,0,1,1
555667,124.0,115.27032069970846,0.6190725669849311,4.583771593379247,3.1122448979591835,3.983673469387755,2.4551020408163264,0.06997084548104955,1.0,,control,6.0,CA,,GARDEN PARK CARE CENTER,,0,1,1
555668,99.0,85.05061224489796,0.48373206340037006,3.815902495777993,2.793877551020408,4.06938775510204,3.2612244897959184,0.06997084548104955,1.0,,control,6.0,CA,,"NORWALK SKILLED NURSING & WELLNESS CENTRE, LLC",,0,1,1
555671,59.0,52.05862973760933,0.6314577728448716,5.037722772278541,4.0,4.90204081632653,3.6,0.06997084548104955,1.0,,control,6.0,CA,,TERRACE VIEW CARE CENTER,,0,1,1
555677,88.0,75.8934693877551,0.4237782892537841,3.6608656977193315,1.3244897959183675,2.3244897959183675,3.1020408163265305,0.0,0.13731778425655977,,control,6.0,CA,,"HAWTHORNE HEALTHCARE & WELLNESS CENTRE, LP",,0,0,0
555684,96.0,72.3398833819242,0.44167166100066046,3.845869240947896,4.0,4.804878048780488,3.268292682926829,0.0,1.0,,control,6.0,CA,,LEGACY NURSING AND REHABILITATION CENTER,,0,1,0
555686,181.0,163.45580174927113,0.6160594089693827,4.686319350731289,1.436734693877551,1.8408163265306123,2.908163265306122,0.06997084548104955,1.0,,control,6.0,CA,,STUDIO CITY REHABILITATION CENTER,,0,1,1
555690,89.0,81.07597667638484,0.3697798676512495,3.7873855277175483,2.96530612244898,3.7693877551020405,3.4367346938775514,0.06997084548104955,1.0,,control,6.0,CA,,ALAMEDA CARE CENTER,,0,1,1
555698,48.0,41.36166180758018,1.4073935693400714,4.304999767633863,5.0,5.0,4.626530612244897,0.0,0.0,,control,6.0,CA,,BARTON HOSPITAL D/P SNF,,0,0,0
555706,94.0,70.76825072886298,0.587911682850679,3.9919057189066267,2.7897959183673464,4.189795918367347,3.626530612244898,0.0,1.0,,control,6.0,CA,,DEL AMO GARDENS CONVALESCENT,,0,1,0
555707,130.0,118.36486880466472,0.3596952218641809,3.651881047611316,2.357142857142857,2.5408163265306123,2.7285714285714286,0.06997084548104955,1.0,,control,6.0,CA,,IMPERIAL CARE CENTER,,0,1,1
555709,27.0,25.430787172011662,1.2853985332609197,8.527750259923543,4.155102040816327,4.90204081632653,3.6,0.0,1.0,,control,6.0,CA,,CHAPMAN GLOBAL MEDICAL CENTER D/P SNF,,0,1,0
555713,100.0,81.82043731778425,0.49893478890798343,4.2859058306428945,3.3734693877551023,4.6755102040816325,3.9020408163265303,0.0,0.19854227405247812,,control,6.0,CA,,MEADOWOOD A HEALTH AND REHABILITATION CENTER,,0,0,0
555715,99.0,95.11157434402332,0.0975481291464668,4.201586337039592,1.746938775510204,2.1204081632653065,2.6632653061224487,0.0,1.0,,control,6.0,CA,,COLONIAL GARDENS NURSING HOME,,0,1,0
555717,128.0,114.03653061224489,0.334061794630749,3.5175022548912906,1.973469387755102,2.475510204081633,2.5020408163265304,0.0,1.0,,control,6.0,CA,,WINDSOR CARE CENTER OF SACRAMENTO,,0,1,0
555718,58.0,48.088250728862974,0.3380059746427692,5.1353661954788645,4.5285714285714285,5.0,3.8102040816326532,0.0,0.19854227405247812,,control,6.0,CA,,ROWNTREE GARDENS,,0,0,0
555719,105.0,89.32244897959183,0.5346888151389433,4.763547429419836,1.853061224489796,2.351020408163265,2.7285714285714286,0.06997084548104955,1.0,,control,6.0,CA,,IMPERIAL CREST HEALTH CARE CENTER,,0,1,1
555727,50.66851311953353,29.376793002915452,1.546510335050113,5.573530939923774,3.685714285714286,4.810204081632653,5.0,0.0,0.19854227405247812,,control,6.0,CA,,LAUREL CREEK HEALTH CENTER,,0,0,0
555730,42.0,28.082594752186587,1.7652441113967101,10.434378980013513,3.0571428571428574,4.43061224489796,3.973469387755102,0.0,1.0,,control,6.0,CA,,FOOTHILL REGIONAL MEDICAL CENTER D/P SNF,,0,1,0
555731,102.0,56.39224489795917,2.7956231583585267,9.188283217981482,2.1020408163265305,3.1020408163265305,5.0,0.0,0.0,,control,6.0,CA,,DEPT OF STATE HOSPITALS - METROPOLITAN  SNF,,0,0,0
555732,99.0,92.07037900874636,0.31745535160272054,3.748910944632002,1.2102040816326531,1.6265306122448981,2.416326530612245,0.06997084548104955,1.0,,control,6.0,CA,,"SANTA FE HEIGHTS HEALTHCARE CENTER, LLC",,0,1,1
555733,300.0,173.67606413994167,0.34236891815104353,3.989856699636877,2.0428571428571427,3.0428571428571427,2.210204081632653,0.06997084548104955,1.0,,control,6.0,CA,,THE PAVILION AT SUNNY HILLS,,0,1,1
555734,27.0,25.050850340136055,3.1047324826287306,10.778652371773473,5.0,5.0,4.0,0.0,1.0,,control,6.0,CA,,CHILDREN'S RECOVERY CENTER OF NO CA D/P SNF,,0,1,0
555738,133.0,115.54043731778427,0.4380528864607355,3.787751514900571,1.0,1.7897959183673469,1.616326530612245,0.0,1.0,,control,6.0,CA,,WINDSOR TERRACE HEALTH CARE,,0,1,0
555739,59.0,48.8498833819242,1.2178285184192732,5.06271213199371,4.0,4.4367346938775505,3.6653061224489796,0.06997084548104955,1.0,,control,6.0,CA,,THE SPRINGS AT PACIFIC REGENT,,0,1,1
555740,57.0,50.52985422740525,0.4490214931017494,4.252318659714504,3.1632653061224487,4.691836734693878,4.128571428571429,0.06997084548104955,0.7355685131195335,,control,6.0,CA,,PALM GROVE HEALTH CARE,,0,1,1
555747,145.0,131.67189504373178,0.4031303954826335,4.209186831224794,1.416326530612245,2.416326530612245,2.9571428571428573,0.06997084548104955,1.0,,control,6.0,CA,,MURRIETA HEALTH AND REHABILITATION CENTER,,0,1,1
555749,50.0,42.96609329446064,0.3780518834258326,4.394168941011622,5.0,5.0,3.3020408163265307,0.06997084548104955,0.0,,control,6.0,CA,,COVENANT VILLAGE CARE CENTER,,0,0,1
555751,118.63556851311952,76.57591836734694,0.6446009942277954,5.328053341486714,1.6,2.573469387755102,3.4714285714285715,0.0,1.0,,control,6.0,CA,,NEWPORT SUBACUTE HEALTHCARE CENTER,,0,1,0
555754,118.0,104.93483965014578,0.3774270367410941,3.672175015313326,2.2612244897959184,3.6346938775510207,3.583673469387755,0.06997084548104955,1.0,,control,6.0,CA,,VILLAGE SQUARE HEALTHCARE CENTER,,0,1,1
555755,85.0,82.67970845481048,0.23792204692417224,3.4798785745981746,2.295918367346939,3.1979591836734693,2.6463414634146343,0.0,1.0,,control,6.0,CA,,GREEN ACRES LODGE,,0,1,0
555758,35.0,27.770145772594752,0.47311597520178383,4.453219812281626,3.1204081632653065,3.7102040816326536,3.626530612244898,0.0,0.0,,control,6.0,CA,,NEW BETHANY SKILLED NURSING,,0,0,0
555762,63.0,52.220962099125366,0.5451952352238483,4.312133503660199,3.9020408163265303,4.804081632653061,4.0,0.06997084548104955,0.0,,control,6.0,CA,,SAMARKAND SKILLED NURSING FACILITY,,0,0,1
555766,35.0,33.30332361516035,1.5379218662226386,8.342392705971637,3.626530612244898,4.626530612244897,3.6,0.0,0.0,,control,6.0,CA,,SIERRA VIEW MEDICAL CENTER,,0,0,0
555767,61.0,61.257463556851306,0.6396136605561635,3.5854569597260113,4.4,4.804081632653061,3.4897959183673466,0.0,1.0,,control,6.0,CA,,BELLAKEN SKILLED NURSING CENTER,,0,1,0
555769,37.0,30.468833819241983,1.4103479640356098,5.422684730618393,5.0,5.0,4.871428571428571,0.06997084548104955,0.0,,control,6.0,CA,,UNIVERSITY RETIREMENT COMMUNITY AT DAVIS,,0,0,1
555770,114.0,103.22104956268221,0.48949797990405935,3.7617961904965944,4.2877551020408164,5.0,3.410204081632653,0.06997084548104955,1.0,,control,6.0,CA,,CAMARILLO HEALTHCARE CENTER,,0,1,1
555771,120.0,107.29877551020408,0.7128030885318047,4.438257143479812,1.416326530612245,2.1897959183673468,3.497959183673469,0.06997084548104955,1.0,,control,6.0,CA,,BROOKDALE RIVERWALK SNF (CA),,0,1,1
555777,99.0,65.25437317784257,0.3114966701950507,3.5663464356483257,3.1551020408163266,3.6204081632653065,2.173469387755102,0.06997084548104955,1.0,,control,6.0,CA,,BISHOP CARE CENTER,,0,1,1
555785,59.0,49.52880466472303,0.37917369963919695,4.3097042569527675,2.816326530612245,4.189795918367347,3.4551020408163264,0.06997084548104955,1.0,,control,6.0,CA,,COURTYARD CARE CENTER,,0,1,1
555787,36.0,31.260291545189506,0.34989818470974215,4.099390984449995,3.626530612244898,4.626530612244897,2.887755102040816,0.0,1.0,,control,6.0,CA,,"WHITTIER NURSING AND WELLNESS CENTER, INC",,0,1,0
555790,99.0,74.73265306122448,0.9835416805612933,4.596953467447552,4.626530612244897,5.0,4.773469387755102,0.06997084548104955,1.0,,control,6.0,CA,,CEDAR CREST NURSING AND REHABILITATION CENTER,,0,1,1
555792,99.0,88.94883381924198,0.43456713651119416,3.702551369538471,2.6265306122448977,4.061224489795919,3.6755102040816325,0.06997084548104955,1.0,,control,6.0,CA,,SUNNYVALE POST-ACUTE CENTER,,0,1,1
555793,60.0,46.38166180758017,0.9887751462580802,5.423844319637366,5.0,5.0,4.497959183673469,0.06997084548104955,1.0,,control,6.0,CA,,VI AT LA JOLLA VILLAGE,,0,1,1
555795,180.0,161.34565597667637,0.8236907664772937,4.368003575662819,2.944897959183674,4.416326530612245,5.0,0.0,0.0,,control,6.0,CA,,VETERANS HOME OF CALIFORNIA - CHULA VISTA,,0,0,0
555796,59.0,51.77443148688047,0.5586873451658672,4.355337781106506,3.773469387755102,4.583673469387755,2.76734693877551,0.06997084548104955,1.0,,control,6.0,CA,,MISSION CARE CENTER,,0,1,1
555797,99.0,93.62906705539359,0.45465584651432056,3.8888111643119574,2.7469387755102037,3.746938775510204,3.146938775510204,0.06997084548104955,1.0,,control,6.0,CA,,GORDON LANE CARE CENTER,,0,1,1
555801,99.0,90.89204081632653,0.5328817793082992,4.4207481670481785,3.451020408163265,4.5632653061224495,3.940816326530612,0.06997084548104955,1.0,,control,6.0,CA,,PINE CREEK CARE CENTER,,0,1,1
555804,120.0,104.18807580174928,0.5376709392328871,3.8817940600331555,2.6265306122448977,3.963265306122449,3.6918367346938776,0.06997084548104955,1.0,,control,6.0,CA,,VICTORIA POST ACUTE CARE,,0,1,1
555805,41.0,35.67790087463557,0.46663024906801676,4.541682018753788,3.5469387755102044,4.418367346938775,2.2448979591836737,0.06997084548104955,1.0,,control,6.0,CA,,BEL VISTA HEALTHCARE CENTER,,0,1,1
555806,94.0,80.20265306122448,0.9325674730631477,5.347315187485474,3.746938775510204,5.0,4.626530612244897,0.06997084548104955,1.0,,control,6.0,CA,,GLENBROOK,,0,1,1
555809,86.0,62.4965889212828,1.3083802970914689,5.756757800116742,4.626530612244897,4.497959183673469,3.3061224489795915,0.06997084548104955,1.0,,control,6.0,CA,,PROVIDENCE ALL SAINT'S SUBACUTE,,0,1,1
555813,38.0,31.762011661807577,0.6352180065609725,3.968975743676342,2.973469387755102,3.6918367346938776,3.6061224489795918,0.0,1.0,,control,6.0,CA,,DEVONSHIRE OAKS NURSING CENTER,,0,1,0
555815,45.0,42.333673469387755,1.241246570370103,10.20639264165392,3.7755102040816326,4.775510204081632,3.816326530612245,0.0,1.0,,control,6.0,CA,,TOTALLY KIDS SPECIALTY HEALTHCARE - SUN VALLEY,,0,1,0
555816,59.0,53.07413994169096,0.40090632940314963,3.665359861646243,2.6061224489795913,3.1346938775510207,1.9653061224489796,0.0,1.0,,control,6.0,CA,,LAWNDALE HEALTHCARE & WELLNESS CENTRE LLC,,0,1,0
555819,74.0,66.8395918367347,0.6300147998640873,4.094190991873581,4.163265306122449,4.90204081632653,3.5285714285714285,0.0,1.0,,control,6.0,CA,,ELMWOOD CARE CENTER,,0,1,0
555822,185.0,140.749416909621,0.5684407763865978,4.63202724085482,2.0,3.5632653061224486,4.163265306122449,0.06997084548104955,1.0,,control,6.0,CA,,CANYON OAKS NURSING AND REHABILITATION CENTER,,0,1,1
555823,147.0,132.49556851311954,0.1915780026042524,3.2224749003723945,1.0,2.0,2.0918367346938775,0.0,0.0,,control,6.0,CA,,INTERCOMMUNITY CARE CENTER,,0,0,0
555826,58.0,35.25685131195335,1.1736720672905725,4.507964255188,2.173469387755102,3.573469387755102,5.0,0.0,0.0,,control,6.0,CA,,"THE REDWOODS, A COMMUNITY OF SENIORS",,0,0,0
555830,120.0,107.507055393586,0.4385631555315904,4.044579473739481,3.626530612244898,5.0,3.2816326530612248,0.0,1.0,,control,6.0,CA,,LOMPOC SKILLED NURSING & REHABILITATION CENTER,,0,1,0
555831,99.0,89.50408163265305,0.35212136794713944,3.729332272464945,3.451219512195122,3.451219512195122,2.792682926829268,0.0,1.0,,control,6.0,CA,,HERMAN HEALTH CARE CENTER,,0,1,0
555832,48.0,34.27014577259475,0.6537090084544462,4.463227016325655,2.2755102040816326,2.5408163265306123,2.475510204081633,0.0,0.0,,control,6.0,CA,,CLARA BALDWIN STOCKER HOME,,0,0,0
555835,44.0,35.771953352769685,1.5654094150995292,5.852270383254311,4.789795918367346,5.0,5.0,0.06997084548104955,1.0,,control,6.0,CA,,VI AT PALO ALTO,,0,1,1
555838,60.0,54.68629737609329,0.38948009430522323,3.4791070824434684,1.416326530612245,2.0775510204081633,3.3734693877551023,0.06997084548104955,1.0,,control,6.0,CA,,"CAMDEN POSTACUTE CARE, INC",,0,1,1
555839,53.0,50.24766763848397,1.1146151231811583,4.5083483395355275,2.071428571428571,3.071428571428571,4.416326530612245,0.0,1.0,,control,6.0,CA,,DREIER'S NURSING CARE CENTER,,0,1,0
555841,45.0,34.916793002915455,0.6747900252076202,4.081452041689831,4.626530612244897,5.0,4.073170731707316,0.0,1.0,,control,6.0,CA,,GREENHILLS MANOR,,0,1,0
555842,25.0,21.00396501457726,0.6131095426645989,4.216935934114312,4.773469387755102,4.773469387755102,4.085714285714285,0.0,1.0,,control,6.0,CA,,JONES CONVALESCENT HOSPITAL,,0,1,0
555843,125.0,71.80381924198251,1.1052533711424424,6.149677064636945,4.09795918367347,4.789795918367346,5.0,0.0,0.0,,control,6.0,CA,,MASONIC HOME,,0,0,0
555844,181.0,167.58419825072886,0.4703093263758249,3.3509751091336426,1.6816326530612247,2.342857142857143,3.5081632653061225,0.06997084548104955,1.0,,control,6.0,CA,,NOVATO HEALTHCARE CENTER,,0,1,1
555846,239.0,225.44839650145775,0.41845692872671025,5.403151449550312,2.0979591836734697,4.09795918367347,4.226530612244899,0.0,0.0,,control,6.0,CA,,JOYCE EISENBERG KEEFER MEDICAL CENTER D/P SNF,,0,0,0
555848,125.0,105.07029154518952,1.8379377832247004,8.378129276753505,1.3734693877551019,2.373469387755102,4.373469387755103,0.06997084548104955,0.0,,control,6.0,CA,,PROVIDENCE LITTLE COMP OF MARY SUBACUTE CARE CTR,,0,0,1
555849,50.0,40.85953352769679,0.6358336636182458,5.31284763438615,2.3020408163265307,3.9938775510204083,4.318367346938776,0.0,1.0,,control,6.0,CA,,VISTA DEL SOL CARE CENTER,,0,1,0
555850,26.0,25.014956268221574,2.64895237175086,7.1801990633156,4.09795918367347,5.0,4.09795918367347,0.06997084548104955,1.0,,control,6.0,CA,,ALHAMBRA HOSPITAL MED CTR DP/SNF,,0,1,1
555851,99.0,71.8768804664723,1.37498149603179,5.8893676593312625,5.0,5.0,4.183673469387755,0.0,1.0,,control,6.0,CA,,BAY AREA HEALTHCARE CENTER,,0,1,0
555852,231.0,212.71755102040817,0.4033650267812481,3.8041301506332794,1.0,1.4714285714285713,2.7469387755102037,0.06997084548104955,1.0,,control,6.0,CA,,PARK AVENUE HEALTHCARE & WELLNESS CENTER,,0,1,1
555853,120.0,79.68521865889213,1.1864378559545439,4.476817832344672,3.479591836734694,4.626530612244897,5.0,0.0,0.19854227405247812,,control,6.0,CA,,VETERANS HOME OF CALIFORNIA - BARSTOW,,0,0,0
555854,96.0,84.33253644314868,0.34991701893890237,3.7325117894495827,1.3734693877551019,1.9367346938775512,2.7183673469387752,0.0,1.0,,control,6.0,CA,,MESA GLEN CARE CENTER,,0,1,0
555855,56.0,44.60096209912536,0.5728085522146649,4.846529282708271,4.253061224489796,4.626530612244897,4.0,0.0,0.0,,control,6.0,CA,,BAYWOOD COURT HEALTH CENTER,,0,0,0
555856,62.0,48.54069970845481,1.0346830463753824,5.038142372067901,3.5469387755102044,4.208163265306123,4.177551020408163,0.06997084548104955,1.0,,control,6.0,CA,,PENINSULA POST-ACUTE,,0,1,1
555857,48.0,42.78860058309038,0.44615695795796473,5.082006535696123,4.626530612244897,5.0,3.8102040816326532,0.06997084548104955,1.0,,control,6.0,CA,,OAKVIEW SKILLED NURSING,,0,1,1
555859,38.0,29.30271137026239,2.4670106077463814,7.4495442186916865,4.0,5.0,4.6,0.06997084548104955,1.0,,control,6.0,CA,,KINDRED HOSPITAL BREA D/P SNF,,0,1,1
555862,58.0,54.925889212828,0.16495889778836983,3.8196106116311364,3.497959183673469,4.081632653061225,1.9183673469387754,0.0,0.0,,control,6.0,CA,,VILLA SCALABRINI SPECIAL CARE,,0,0,0
555865,99.0,89.78620991253644,0.1870032315737965,3.022875240741678,1.8979591836734695,2.3693877551020406,1.406122448979592,0.06997084548104955,1.0,,control,6.0,CA,,HUNTINGTON HEALTHCARE CENTER,,0,1,1
555866,99.0,90.16816326530612,0.5530430027392753,4.308205901535823,3.177551020408163,3.842857142857143,3.326530612244898,0.06997084548104955,1.0,,control,6.0,CA,,SIERRA VISTA HEALTHCARE,,0,1,1
555869,32.0,28.151895043731777,0.43812382691645585,3.4858715787700687,4.626530612244897,4.804878048780488,3.1097560975609753,0.0,1.0,,control,6.0,CA,,LAUREL HEIGHTS COMMUNITY CARE,,0,1,0
555870,99.0,92.92314868804664,0.6044326650508436,3.9522014082992047,4.146938775510204,4.455102040816326,2.53469387755102,0.0,1.0,,control,6.0,CA,,BELLA VISTA HEALTH CENTER,,0,1,0
555871,65.0,41.320058309037904,1.5244833487805303,5.901406712194117,2.944897959183674,4.318367346938776,3.9571428571428573,0.06997084548104955,1.0,,control,6.0,CA,,SOMERSET SUBACUTE AND CARE,,0,1,1
555872,49.0,40.872244897959185,0.8558132288937765,4.6285092250264315,3.2530612244897963,4.626530612244897,4.626530612244897,0.0,0.0,,control,6.0,CA,,CHAPARRAL HOUSE,,0,0,0
555873,99.0,90.53341107871721,0.4752838506227557,3.8065642166344973,3.0,4.055102040816326,2.8285714285714283,0.06997084548104955,1.0,,control,6.0,CA,,SOUTH BAY POST ACUTE CARE,,0,1,1
555874,21.0,17.36612244897959,1.9085380768201134,6.05155267346152,4.0,4.714285714285714,3.061224489795918,0.0,1.0,,control,6.0,CA,,SOUTHERN CALIFORNIA HOSP AT CULVER CITY D/P SNF,,0,1,0
555877,124.0,63.256005830903796,0.6513073839207878,4.729370323713718,2.2693877551020405,3.4591836734693877,4.7122448979591836,0.0,0.0,,control,6.0,CA,,RIDGECREST REGIONAL TRANSITIONAL CARE AND REHABILI,,0,0,0
555878,99.0,95.38857142857142,0.3676922015519041,3.51647878183455,2.583673469387755,3.2755102040816326,2.973469387755102,0.06997084548104955,1.0,,control,6.0,CA,,"GRANITE HILLS HEALTHCARE & WELLNESS CENTRE, LLC",,0,1,1
555879,14.0,12.46142857142857,2.4655454735913294,7.280860953661799,4.626530612244897,4.773469387755102,3.4183673469387754,0.06997084548104955,1.0,,control,6.0,CA,,PROVIDENCE ALL SAINT'S MAUBERT,,0,1,1
555880,99.0,92.33533527696794,0.347575117923533,4.023591237815051,4.373469387755103,5.0,4.226530612244899,0.0,1.0,,control,6.0,CA,,CLEAR VIEW CONVALESCENT CENTER,,0,1,0
555881,73.0,70.52195335276969,0.35224548104222503,3.9327419305267464,4.0,5.0,4.09795918367347,0.0,1.0,,control,6.0,CA,,CLEAR VIEW SANITARIUM,,0,1,0
555883,22.0,21.029096209912538,2.717847817927224,10.950937083564673,4.626530612244897,5.0,4.6,0.06997084548104955,1.0,,control,6.0,CA,,WEST ANAHEIM MEDICAL CENTER D/P SNF,,0,1,1
555884,70.0,62.44451895043732,0.3086221007375361,3.9174657222088416,1.7244897959183674,2.436734693877551,3.6,0.06997084548104955,1.0,,control,6.0,CA,,"RIVERSIDE HEIGHTS HEALTHCARE CENTER, LLC",,0,1,1
555885,22.0,19.157521865889212,2.455637115537823,9.603235801774755,4.275510204081632,5.0,4.6,0.06997084548104955,0.8014577259475218,,control,6.0,CA,,SHERMAN OAKS HOSPITAL SNF DP,,0,1,1
555887,94.0,92.19851311953353,0.2970056976844626,3.6671834943112915,3.973469387755102,5.0,4.128571428571429,0.06997084548104955,1.0,,control,6.0,CA,,LAKESIDE SPECIAL CARE CENTER,,0,1,1
555889,47.0,47.040638297872334,0.4438960149626071,4.276589341676919,3.7073170731707314,4.560975609756097,3.548780487804878,0.0,1.0,,control,6.0,CA,,MOUNTAIN MANOR SENIOR RESIDENCE,,0,1,0
555890,59.0,55.8330029154519,0.20086619616290258,3.5252176757792224,1.853061224489796,2.1612244897959183,2.163265306122449,0.0,1.0,,control,6.0,CA,,HILLCREST NURSING HOME,,0,1,0
555891,60.0,50.43650145772595,2.144817241417475,6.116630562432315,4.091836734693878,4.644897959183673,4.485714285714286,0.0,0.0,,control,6.0,CA,,VETERANS HOME OF CALIFORNIA - REDDING,,0,0,0
555895,73.0,41.346647230320706,0.8270156664666862,5.394182930029066,4.90204081632653,5.0,4.583673469387755,0.06997084548104955,1.0,,control,6.0,CA,,CREEKVIEW SKILLED NURSING,,0,1,1
555900,120.0,108.35279883381924,1.4011294363617237,6.024869114015822,4.6,5.0,5.0,0.0,0.0,,control,6.0,CA,,VETERANS HOME OF CALIFORNIA - FRESNO,,0,0,0
555901,120.0,48.36393586005831,0.6458490519507889,4.615493731141884,5.0,5.0,3.268292682926829,0.0,1.0,,control,6.0,CA,,ANBERRY TRANSITIONAL CARE,,0,1,0
555902,99.0,66.76763848396502,0.5270072904283412,4.365060081456206,3.5,3.951219512195122,4.146341463414634,0.0,1.0,,control,6.0,CA,,HEIGHT STREET SKILLED CARE,,0,1,0
555904,137.2405247813411,106.26367346938775,0.6500657284840641,5.239140480152906,1.3536585365853657,1.9024390243902438,3.3414634146341466,0.06997084548104955,1.0,,control,6.0,CA,,THE ELLISON JOHN TRANSITIONAL CARE CENTER,,0,1,1
555906,19.0,15.737021276595744,0.30960838041013994,6.402569319059982,5.0,4.548780487804878,0.9999999999999999,0.0,0.0,,control,5.0,CA,,MEADOWBROOK VILLAGE CHRISTIAN RETIREMENT COMMUNITY,,0,0,0
555907,21.657823129251703,11.937872340425532,0.8686021052554996,6.688501024488037,3.3902439024390243,2.74390243902439,0.9999999999999999,0.0,0.0,,control,6.0,CA,,TRINITY HOSPITAL SKILLED NURSING FACILITY,,0,0,0
555910,59.0,47.191276595744675,0.5924730141431979,4.9379634528840235,4.146341463414634,4.804878048780488,2.7682926829268295,0.10212765957446808,1.0,,control,5.0,CA,,TRELLIS CHINO,,0,1,1
555911,40.0,31.518292682926827,2.470625060956687,6.895658802123626,4.0,5.0,5.0,0.0,0.10212765957446808,,control,5.0,CA,,GLENDALE ADVENTIST MEDICAL CENTER DP/SNF,,0,0,0
555912,140.0,116.56585365853658,0.35973236092310845,4.065176975297616,3.012195121951219,3.012195121951219,1.6463414634146343,0.14634146341463414,1.0,,control,4.0,CA,,KERN RIVER TRANSITIONAL CARE,,0,1,1
555913,40.0,37.7280487804878,1.3811428499226865,5.653002465227028,4.0,5.0,4.0,0.14634146341463414,1.0,,control,4.0,CA,,ADVANCED HEALTH CARE OF SACRAMENTO,,0,1,1
555914,23.39024390243902,18.864634146341466,0.5903105114257198,4.281439255871389,5.0,5.0,1.4000000000000001,0.0,1.0,,control,4.0,CA,,WE CARE SKILLED NURSING FACILITY,,0,1,0
555915,154.0,109.59146341463415,0.5184655900010521,4.707936838019256,1.8974358974358974,2.897435897435897,2.9999999999999996,0.0,1.0,,control,4.0,CA,,THE SPRINGS HEALTH AND REHABILITATION CENTER,,0,1,0
555916,24.0,23.3390243902439,3.6216475036246054,9.176980757343259,4.0,5.0,5.0,0.0,0.0,,control,4.0,CA,,O'CONNOR HOSPITAL D/P SNF,,0,0,0
555917,312.0,154.68658536585366,1.3081380915171459,6.144223451980515,2.4102564102564097,3.692307692307692,5.0,0.0,0.0,,control,4.0,CA,,VETERANS HOME OF CALIFORNIA - WEST LOS ANGELES,,0,0,0
555921,99.0,67.84390243902439,0.6288051258167512,4.863598117985518,3.6000000000000005,4.6,2.0,0.14634146341463414,1.0,,control,4.0,CA,,RANCHO BELLAGIO POST ACUTE,,0,1,1
555922,48.99999999999999,28.299999999999997,1.2277533820572673,6.547365736942392,4.0,5.0,5.0,0.2051282051282051,0.9999999999999999,,control,3.0,CA,,ORCHARDS SKILLED NURSING,,0,1,1
555923,115.99999999999999,103.76000000000002,0.7344249907386415,5.763783739958244,0.0,0.0,0.0,0.2051282051282051,0.9999999999999999,,control,3.0,CA,,TEMECULA HEALTHCARE CENTER,,0,1,1
675001,95.75218658892129,50.3928279883382,0.34554173868282845,3.2959850014342265,2.173469387755102,1.9836734693877551,1.583673469387755,0.06997084548104955,1.0,,control,6.0,TX,,EASTLAND NURSING & REHABILITATION,,0,1,1
675008,102.0,50.65300291545189,0.254909209571892,3.049843479785432,4.357142857142858,3.9204081632653063,1.0,0.06997084548104955,1.0,,control,6.0,TX,,CHEROKEE ROSE NURSING AND REHABILITATION,,0,1,1
675013,71.10087463556852,35.781865889212824,0.4201349974495415,2.9474840848608297,4.583673469387755,4.90204081632653,1.5285714285714287,0.06997084548104955,0.06997084548104955,,control,6.0,TX,,CROWELL NURSING CENTER,,0,0,1
675014,68.0,36.64122448979592,0.26617856853058186,3.2903411070595223,3.210204081632653,2.6265306122448977,1.0,0.06997084548104955,1.0,,control,6.0,TX,,HASKELL HEALTHCARE CENTER,,0,1,1
675016,116.82332361516035,55.144868804664725,0.4839595534916674,3.043755189135055,3.7816326530612248,4.253061224489796,2.5020408163265304,0.06997084548104955,1.0,,control,6.0,TX,,GREAT PLAINS NURSING AND REHABILITATION,,0,1,1
675019,108.0,82.43833333333333,0.23801663380456675,2.1200981014935807,1.3775510204081631,0.9999999999999999,0.9999999999999999,0.0,1.0,,control,6.0,TX,,APEX SECURE CARE BROWNFIELD,,0,1,0
675021,64.0,29.18002915451895,0.3662783072366742,3.2729415451396244,3.1224489795918364,2.8469387755102042,1.7938775510204081,0.06997084548104955,1.0,,control,6.0,TX,,ELECTRA HEALTHCARE CENTER,,0,1,1
675025,60.92274052478134,53.83886297376093,0.5397510176262426,4.010294066055504,3.128571428571429,3.7122448979591836,3.2408163265306125,0.06997084548104955,0.2874635568513119,,control,6.0,TX,,GOOD SAMARITAN SOCIETY--WHITE ACRES,,0,0,1
675035,60.0,33.54166180758018,0.27330222124078374,3.480932049560776,4.416326530612245,3.626530612244898,1.3734693877551019,0.06997084548104955,1.0,,control,6.0,TX,,EVERGREEN HEALTHCARE CENTER,,0,1,1
675038,47.005830903790084,37.87935860058309,0.3380067701292643,2.998696377396979,3.879591836734694,3.7816326530612248,1.5285714285714287,0.06997084548104955,0.7314868804664723,,control,6.0,TX,,CLYDE NURSING CENTER,,0,1,1
675042,85.57142857142857,45.98253644314869,0.3285619476644839,3.271904096323193,3.7510204081632654,3.3346938775510204,1.583673469387755,0.0,1.0,,control,6.0,TX,,SEYMOUR REHABILITATION AND HEALTHCARE,,0,1,0
675049,120.0,45.17833819241983,0.2373251389974073,3.023743550178745,2.6,1.6979591836734693,1.3734693877551019,0.06997084548104955,0.6029154518950437,,control,6.0,TX,,CORONADO HEALTHCARE CENTER,,0,1,1
675053,96.0,67.48871720116618,0.3853192051976253,2.6633296977482264,2.595918367346939,3.093877551020408,2.210204081632653,0.06997084548104955,1.0,,control,6.0,TX,,CHISOLM TRAIL NURSING AND REHABILITATION CENTER,,0,1,1
675055,120.0,45.61093294460642,0.23704762208237984,2.976695077787266,3.8102040816326532,3.685714285714286,1.5020408163265304,0.06997084548104955,0.821865889212828,,control,6.0,TX,,CHILDRESS HEALTHCARE CENTER,,0,1,1
675061,61.0,40.520932944606415,0.33764449129955065,3.025814418071804,3.644897959183673,4.116326530612245,2.1285714285714286,0.0,0.3154518950437317,,control,6.0,TX,,MUNDAY NURSING CENTER,,0,0,0
675067,112.0,37.63507288629738,0.43110401443042046,3.878335618747596,3.8857142857142857,4.289795918367346,3.040816326530612,0.0,0.39708454810495625,,control,6.0,TX,,GAINESVILLE CONVALESCENT CENTER,,0,0,0
675080,224.0,52.624489795918365,0.926860846022871,4.553035401350756,2.169387755102041,2.689795918367347,3.293877551020408,0.06997084548104955,1.0,,control,6.0,TX,,THE VOSSWOOD NURSING CENTER,,0,1,1
675081,264.0,171.70932944606415,0.2903570615635078,3.502262856778417,2.273469387755102,2.483673469387755,2.0551020408163265,0.06997084548104955,1.0,,control,6.0,TX,,GOLDEN ACRES LIVING AND REHABILITATION CENTER,,0,1,1
675086,20.0,16.931486880466473,2.7444087609461016,8.061476923659383,4.079591836734694,4.387755102040816,3.726530612244898,0.0,0.0,,control,6.0,TX,,CITIZENS MEDICAL CENTER,,0,0,0
675093,93.0,46.69915451895044,0.28487864217078546,3.5090544895321902,1.3734693877551019,1.2102040816326531,1.0,0.0,0.6029154518950437,,control,6.0,TX,,LAKESIDE REHABILITATION AND CARE CENTER,,0,1,0
675095,119.41603498542274,75.38411078717202,0.2485679448959479,3.10073189147801,2.6979591836734693,1.6979591836734693,1.0,0.06997084548104955,0.5329446064139941,,control,6.0,TX,,HALLETTSVILLE REHABILITATION AND NURSING CENTER,,0,1,1
675098,75.0,51.38578231292517,0.6104337483093154,3.8191932353532154,3.091836734693877,3.3020408163265307,3.071428571428571,0.0,0.0,,control,6.0,TX,,FARWELL CARE AND REHABILITATION CENTER,,0,0,0
675101,105.57376093294461,54.8668804664723,0.1310008877515737,2.9535825730334047,2.357142857142857,1.7938775510204081,1.0,0.06997084548104955,0.19854227405247812,,control,6.0,TX,,OAKLAND MANOR NURSING CENTER,,0,0,1
675104,99.35860058309038,74.10568513119533,0.48298766036881774,3.2589366576618986,2.663265306122449,2.63265306122449,1.4979591836734696,0.06997084548104955,0.35481049562682215,,control,6.0,TX,,LIVE OAK NURSING CENTER,,0,0,1
675110,120.0,98.48279883381925,0.3000116995428029,3.1605284499943833,3.130612244897959,2.940816326530612,1.583673469387755,0.06997084548104955,0.0,,control,6.0,TX,,CUERO NURSING AND REHABILITATION CENTER,,0,0,1
675111,150.0,64.38772594752186,0.4572953671945838,3.2127532357854176,2.83265306122449,2.5448979591836736,1.583673469387755,0.06997084548104955,1.0,,control,6.0,TX,,HERITAGE GARDENS REHABILITATION AND HEALTHCARE,,0,1,1
675117,75.0,65.46737609329446,0.12792817723471006,2.71448811357844,1.9346938775510205,2.0469387755102044,1.0,0.0,0.0,,control,6.0,TX,,RUNNINGWATER DRAW CARE CENTER INC,,0,0,0
675120,97.19825072886297,48.78548104956268,0.26031032008518185,3.1844218909093636,2.9204081632653063,3.130612244897959,1.2102040816326531,0.06997084548104955,1.0,,control,6.0,TX,,WOODVILLE HEALTH AND REHABILITATION CENTER,,0,1,1
675124,80.0,52.965918367346944,0.18839277316974468,2.8313229069766486,1.6,1.416326530612245,1.0,0.0,1.0,,control,6.0,TX,,TEXAN NURSING & REHAB OF GONZALES,,0,1,0
675136,196.0,77.22571428571429,0.4075396224367531,3.8268814353986214,4.90204081632653,4.810204081632653,2.183673469387755,0.0,0.3256559766763848,,control,6.0,TX,,DENTON REHABILITATION AND NURSING CENTER,,0,0,0
675139,83.58833819241983,43.46137026239067,0.3154998487686546,3.5484359540598795,3.1204081632653065,2.83265306122449,2.2755102040816326,0.06997084548104955,0.8396501457725948,,control,6.0,TX,,WINDSOR HEALTHCARE RESIDENCE,,0,1,1
675141,183.40408163265306,83.37825072886298,0.2434242075292518,2.9999641883895336,1.1285714285714286,1.0,1.0,0.06997084548104955,1.0,,control,6.0,TX,,CRESTVIEW HEALTHCARE RESIDENCE,,0,1,1
675152,85.19037900874635,64.93521865889213,0.19909583509331324,3.1754043123934172,3.3244897959183675,2.9244897959183676,1.0,0.06997084548104955,1.0,,control,6.0,TX,,DOGWOOD TRAILS MANOR,,0,1,1
675153,120.0,111.76309037900873,0.2443622657150402,3.315103990608661,4.210204081632654,4.081632653061225,1.2102040816326531,0.06997084548104955,0.9300291545189504,,control,6.0,TX,,HERITAGE HOUSE AT KELLER REHAB & NURSING,,0,1,1
675159,120.0,91.09209912536443,0.21854485276130475,2.940949549258546,2.6,2.475510204081633,1.3734693877551019,0.06997084548104955,0.21749271137026238,,control,6.0,TX,,SOUTHBROOKE MANOR NURSING AND REHABILITATION CENTE,,0,0,1
675162,186.8746355685131,153.9915160349854,0.258353399259495,3.194223177978504,1.930612244897959,1.5142857142857142,1.0,0.06997084548104955,0.13731778425655977,,control,6.0,TX,,BRIARCLIFF NURSING AND REHABILITATION CENTER,,0,0,1
675170,90.0,65.95655976676385,0.31175176077420846,3.313551018165919,3.944897959183674,3.7346938775510203,1.416326530612245,0.06997084548104955,0.6845481049562683,,control,6.0,TX,,LA PALOMA NURSING CENTER,,0,1,1
675171,120.0,92.35489795918367,0.4257286943427123,4.528923618964219,2.6,1.973469387755102,1.746938775510204,0.0,1.0,,control,6.0,TX,,MERIDIAN CARE,,0,1,0
675176,51.0,43.87206997084548,0.5080738345177894,3.864379336910104,3.773469387755102,4.448979591836735,2.7306122448979595,0.0,0.0,,control,6.0,TX,,MCCULLOUGH HALL NURSING CENTER INC,,0,0,0
675185,118.47463556851312,110.2169970845481,0.26565588302400056,2.967563979974906,2.330612244897959,1.746938775510204,1.0,0.06997084548104955,1.0,,control,6.0,TX,,LONGMEADOW HEALTHCARE CENTER,,0,1,1
675210,77.69650145772594,40.48536443148687,0.42765662959780315,3.3339316313827343,1.930612244897959,1.6122448979591837,1.8714285714285714,0.06997084548104955,1.0,,control,6.0,TX,,HERITAGE HOUSE NURSING AND REHABILITATION,,0,1,1
675214,135.0,90.16728862973761,0.3774601393302254,3.673790675742386,1.7734693877551022,1.9571428571428573,1.583673469387755,0.06997084548104955,0.7825072886297376,,control,6.0,TX,,THE RESORT AT TEXAS CITY,,0,1,1
675226,190.0,78.91755102040815,0.24626352483987338,3.324961145198516,2.4714285714285715,1.8448979591836734,1.9367346938775512,0.06997084548104955,0.5533527696793002,,control,6.0,TX,,STEVENS NURSING AND REHABILITATION CENTER OF HALLE,,0,1,1
675238,57.7002915451895,32.45271137026239,0.6776301624069447,5.609354313521358,3.853061224489796,4.626530612244897,4.0265306122448985,0.06997084548104955,0.09037900874635567,,control,6.0,TX,,TRINITY TERRACE,,0,0,1
675241,116.0,77.60554421768707,0.4971526390138286,4.4652758782952455,2.877551020408163,2.282051282051282,1.923076923076923,0.08163265306122448,0.5149659863945578,,control,6.0,TX,,MAGNOLIA PLACE,,0,1,1
675253,68.08979591836734,51.78209912536443,0.36307213846359715,3.3212613678785154,3.5285714285714285,2.591836734693877,1.7244897959183674,0.0,1.0,,control,6.0,TX,,AZALEA TRAIL NURSING AND REHABILITATION CENTER,,0,1,0
675259,81.58833819241983,44.2568804664723,0.32298722226708365,3.0387671755624717,2.477551020408163,1.9755102040816328,1.2551020408163267,0.06997084548104955,0.6451895043731778,,control,6.0,TX,,CISCO NURSING & REHABILITATION,,0,1,1
675267,95.11895043731778,58.295306122448984,0.2548699844424458,3.397120609955401,2.8224489795918366,1.8020408163265307,1.1897959183673468,0.06997084548104955,1.0,,control,6.0,TX,,GREENBRIER NURSING AND REHABILITATION CENTER OF TY,,0,1,1
675268,18.0,16.180145772594752,2.387553233729676,4.933806480268867,4.789795918367346,5.0,4.626530612244897,0.0,1.0,,control,6.0,TX,,LAREDO MEDICAL CENTER,,0,1,0
675270,58.0,39.89478134110787,0.4893373466578165,2.561360396704804,3.8040816326530615,3.0755102040816324,1.4,0.06997084548104955,1.0,,control,6.0,TX,,PECAN MANOR NURSING AND REHABILITATION,,0,1,1
675272,157.39067055393588,122.29819241982509,0.1772199242531747,3.3983002528576094,3.736734693877551,4.0285714285714285,1.8755102040816327,0.06997084548104955,0.39708454810495625,,control,6.0,TX,,WILLOWBEND NURSING AND REHABILITATION CENTER,,0,0,1
675277,98.0,45.928104956268214,0.3380137172644879,3.484550516549016,2.1204081632653065,2.2183673469387757,1.9224489795918367,0.06997084548104955,1.0,,control,6.0,TX,,CARE INN OF LA GRANGE,,0,1,1
675295,70.0,57.577448979591836,0.14911172208992324,2.2903091768642536,2.316326530612245,1.8775510204081631,1.0,0.0,1.0,,control,6.0,TX,,LYTLE NURSING HOME,,0,1,0
675307,66.0,36.619533527696795,0.28751366370331793,3.619892981241755,4.112244897959184,3.793877551020408,2.357142857142857,0.06997084548104955,1.0,,control,6.0,TX,,THE MANOR HEALTHCARE RESIDENCE,,0,1,1
675309,136.0,84.11422740524782,0.2185893939074845,3.3342162403894546,2.3244897959183675,1.1959183673469387,1.0,0.06997084548104955,0.16034985422740522,,control,6.0,TX,,RETAMA MANOR NURSING CENTER/ALICE,,0,0,1
675311,84.0,46.24883381924198,0.4536975169695507,3.730560857488311,2.946938775510204,2.946938775510204,2.5795918367346937,0.06997084548104955,0.6411078717201166,,control,6.0,TX,,FAIRVIEW HEALTHCARE RESIDENCE,,0,1,1
675321,112.0,99.47102040816327,0.3811922179296168,3.110621082184055,2.9591836734693877,2.5857142857142854,1.5897959183673471,0.06997084548104955,1.0,,control,6.0,TX,,FAITH MEMORIAL NURSING HOME,,0,1,1
675338,63.32798833819242,42.84781341107872,0.30081456877168955,3.1872343128895144,3.4306122448979592,3.204081632653061,1.7734693877551022,0.06997084548104955,1.0,,control,6.0,TX,,SILSBEE CONVALESCENT CENTER,,0,1,1
675346,159.0,102.93174927113702,0.2583601547424387,3.364491253564793,1.1959183673469387,1.2265306122448978,1.746938775510204,0.06997084548104955,0.2685131195335277,,control,6.0,TX,,HERITAGE OAKS NURSING AND REHABILITATION CENTER,,0,0,1
675350,96.0,54.583323615160346,0.4070059244452624,3.4570056044845385,3.5795918367346937,3.2612244897959184,1.5183673469387755,0.06997084548104955,1.0,,control,6.0,TX,,WILLOW SPRINGS HEALTH & REHABILITATION CENTER,,0,1,1
675352,120.0,89.2638192419825,0.31955812389311056,2.98338758330754,2.373469387755102,1.9571428571428573,1.583673469387755,0.0,1.0,,control,6.0,TX,,BRENTWOOD PLACE THREE,,0,1,0
675360,132.0,84.56457725947521,0.3531460245380693,3.2312024340077743,3.2959183673469385,3.1979591836734693,1.5285714285714287,0.06997084548104955,1.0,,control,6.0,TX,,WOODLAND SPRINGS NURSING CENTER,,0,1,1
675361,110.21282798833819,94.94276967930028,0.33120525446280547,2.9960046932199305,1.0979591836734692,1.3734693877551019,1.2102040816326531,0.06997084548104955,1.0,,control,6.0,TX,,WHARTON NURSING AND REHABILITATION CENTER,,0,1,1
675367,95.25685131195335,70.55556851311952,0.25088304684807605,2.9874851870524815,1.2265306122448978,1.0,1.1897959183673468,0.0,0.5574344023323614,,control,6.0,TX,,GREENVILLE GARDENS,,0,1,0
675369,80.74052478134111,69.76396501457725,0.18403904626242895,4.135446194678565,4.373469387755103,4.6,2.8755102040816327,0.0,0.0,,control,6.0,TX,,GRANDVIEW NURSING AND REHABILITATION CENTER,,0,0,0
675370,25.0,16.84396501457726,7.310948404571571,10.871171542368469,4.226530612244899,5.0,5.0,0.0,0.0,,control,6.0,TX,,THE METHODIST HOSPITAL SNF,,0,0,0
675379,108.0,69.57545189504373,0.21222147253831608,3.4467182008906776,2.9285714285714284,2.6755102040816325,1.4714285714285713,0.0,1.0,,control,6.0,TX,,HAVENCARE NURSING AND REHABILITATION CENTER LLC,,0,1,0
675380,122.0,102.34323615160349,0.21794393922244032,2.561727529421095,1.6816326530612247,1.0,1.0,0.06997084548104955,0.6145772594752186,,control,6.0,TX,,WINDSOR NURSING AND REHABILITATION CENTER OF SEGUI,,0,1,1
675391,87.28279883381924,73.08110787172012,0.1705619867099269,3.2859427002275226,2.8204081632653057,1.8204081632653062,1.0,0.06997084548104955,1.0,,control,6.0,TX,,PINE ARBOR,,0,1,1
675394,100.0,76.61903790087463,0.294826014038556,2.913687026024533,3.8102040816326532,3.3387755102040817,1.3183673469387753,0.06997084548104955,1.0,,control,6.0,TX,,OAKWOOD MANOR NURSING HOME,,0,1,1
675396,112.0,71.18457725947522,0.41973218351891983,3.2835736526776182,1.5816326530612246,1.8265306122448979,1.1224489795918369,0.06997084548104955,0.9300291545189504,,control,6.0,TX,,RETAMA MANOR/LAREDO SOUTH,,0,1,1
675398,88.87580174927113,49.85568513119533,0.2559470090070528,3.3623396980186158,1.5142857142857142,1.2877551020408162,1.7142857142857142,0.06997084548104955,1.0,,control,6.0,TX,,FOCUSED CARE OF CENTER,,0,1,1
675407,46.0,35.85724489795918,0.2008724167337286,2.290775079518303,1.2551020408163267,0.9999999999999999,0.9999999999999999,0.0,1.0,,control,6.0,TX,,RALLS NURSING HOME,,0,1,0
675418,90.0,62.64862973760933,0.24073136838106038,2.8951856189730107,4.5285714285714285,4.057142857142857,1.0,0.06997084548104955,1.0,,control,6.0,TX,,THE MANOR AT SEAGOVILLE,,0,1,1
675420,56.0,40.2468221574344,0.36684473201240575,3.1764967170528924,2.853061224489796,2.4489795918367347,1.0979591836734692,0.06997084548104955,1.0,,control,6.0,TX,,BRAZOSVIEW HEALTHCARE CENTER,,0,1,1
675433,88.0,51.44295918367347,0.22036107699740343,3.1194984249411464,2.4326530612244897,2.016326530612245,1.746938775510204,0.06997084548104955,1.0,,control,6.0,TX,,FOCUSED CARE AT HUNTSVILLE,,0,1,1
675440,91.0,66.03495626822158,0.15966150460032505,2.6286446835201387,2.804081632653061,1.7387755102040816,1.0,0.0,1.0,,control,6.0,TX,,SOUTH DALLAS NURSING & REHABILITATION,,0,1,0
675443,83.0,37.681107871720116,0.5922056064819436,3.2670130462954647,3.6653061224489796,3.059183673469388,2.9489795918367347,0.0,0.0,,control,6.0,TX,,PRAIRIE ACRES,,0,0,0
675445,77.98717201166181,32.562448979591835,0.4312379643073082,3.0746466704071422,1.8714285714285714,2.183673469387755,2.428571428571429,0.06997084548104955,0.39708454810495625,,control,6.0,TX,,OAK MANOR NURSING CENTER,,0,0,1
675452,100.0,70.19326530612244,0.17562406113403942,3.3698717314475393,2.1551020408163266,2.3795918367346935,1.5632653061224488,0.06997084548104955,1.0,,control,6.0,TX,,ROSEWOOD REHABILITATION AND CARE CENTER,,0,1,1
675459,111.8597667638484,56.776413994169104,0.3190076472943835,3.1140482475111027,2.46530612244898,2.357142857142857,1.9571428571428573,0.0,1.0,,control,6.0,TX,,WALNUT HILLS NURSING AND REHABILITATION,,0,1,0
675462,117.09037900874637,84.7556559766764,0.28144820505242624,3.6272701313690128,4.271428571428572,3.8,2.1897959183673468,0.0,1.0,,control,6.0,TX,,PARKVIEW NURSING AND REHABILITATION CENTER,,0,1,0
675478,117.62478134110788,92.69072886297377,0.16092294547251812,3.063361721789655,1.9510204081632652,1.453061224489796,1.1285714285714286,0.06997084548104955,0.9096209912536443,,control,6.0,TX,,PRAIRIE HOUSE LIVING CENTER,,0,1,1
675483,77.0,22.89857142857143,0.58759203721986,3.943167017213391,3.0428571428571427,2.8836734693877553,2.877551020408163,0.06997084548104955,0.7825072886297376,,control,6.0,TX,,IOWA PARK HEALTHCARE CENTER,,0,1,1
675490,118.2131195335277,90.18967930029154,0.48270006783044395,4.275217427588641,1.7122448979591838,2.020408163265306,2.6755102040816325,0.06997084548104955,0.3854227405247813,,control,6.0,TX,,GOLDEN VILLA,,0,0,1
675493,97.76326530612245,58.57667638483965,0.32356775205630084,3.587839545194156,1.0979591836734692,1.0,1.5020408163265304,0.06997084548104955,0.0,,control,6.0,TX,,HIGHLAND PARK CARE CENTER,,0,0,1
675495,125.0,87.61492711370262,0.3633709509851567,3.129900422925493,3.33265306122449,3.522448979591837,1.7734693877551022,0.06997084548104955,0.9300291545189504,,control,6.0,TX,,LAUREL COURT,,0,1,1
675496,120.0,55.011545189504375,0.25697685848905216,3.2357447257678165,2.6020408163265305,2.6795918367346943,1.2877551020408162,0.06997084548104955,1.0,,control,6.0,TX,,SLATON CARE CENTER,,0,1,1
675497,109.0,50.38744897959183,0.1930898059713383,2.4081961973151595,2.989795918367347,1.7142857142857142,1.0,0.0,1.0,,control,6.0,TX,,COURTYARD GARDENS,,0,1,0
675498,120.0,93.45708454810496,0.5061300979158125,3.306873224667262,1.5020408163265304,1.7122448979591838,2.3020408163265307,0.06997084548104955,0.0,,control,6.0,TX,,HILLSIDE HEIGHTS REHABILITATION SUITES,,0,0,1
675501,133.90349854227406,71.61979591836734,0.4894876296884897,3.4739024579810516,4.6755102040816325,4.6755102040816325,2.583673469387755,0.06997084548104955,1.0,,control,6.0,TX,,HERITAGE OAKS WEST RETIREMENT VILLAGE,,0,1,1
675518,94.0,45.44090379008746,0.2550102445778524,3.2360461339495985,3.2530612244897963,2.669387755102041,1.1897959183673468,0.0,1.0,,control,6.0,TX,,THE HILLTOP ON MAIN,,0,1,0
675533,44.80874635568513,30.76935860058309,0.9458485793414926,5.18795719981436,2.6346938775510202,2.8183673469387753,3.071428571428571,0.06997084548104955,0.9096209912536443,,control,6.0,TX,,BROOKDALE SPICEWOOD SPRINGS,,0,1,1
675540,118.0,71.15758017492712,0.24396312921693436,3.2857399454839182,2.1244897959183673,1.816326530612245,1.746938775510204,0.06997084548104955,0.09037900874635567,,control,6.0,TX,,LIBERTY HEALTH CARE CENTER,,0,0,1
675541,199.0,115.89215743440235,0.1976085563783022,3.213459737060928,1.0,1.0979591836734692,1.4,0.06997084548104955,1.0,,control,6.0,TX,,SENIOR REHABILITATION & SKILLED NURSING CENTER,,0,1,1
675542,46.0,32.19501457725947,0.9843436343503942,4.5878861452968565,3.6,4.661224489795918,4.871428571428571,0.06997084548104955,1.0,,control,6.0,TX,,BROOKDALE ALAMO HEIGHTS,,0,1,1
675554,89.63090379008746,44.926209912536436,0.36597641788996504,2.8952691302453673,3.76734693877551,2.8857142857142857,1.5346938775510204,0.06997084548104955,0.8396501457725948,,control,6.0,TX,,GRACE CARE CENTER OF NOCONA,,0,1,1
675560,112.38163265306122,68.38408163265306,0.4106484260166263,2.8934461863686085,2.977551020408163,3.463265306122449,2.146938775510204,0.06997084548104955,0.3384839650145772,,control,6.0,TX,,LAKE VILLAGE NURSING AND REHABILITATION CENTER,,0,0,1
675563,74.6134110787172,65.82790087463557,0.29232614233594123,3.0856889741515263,2.487755102040816,2.3469387755102042,1.9183673469387754,0.0,0.8014577259475218,,control,6.0,TX,,COLONIAL NURSING & REHABILITATION CENTER,,0,1,0
675565,107.0,78.35272108843537,0.5784601907583933,3.4805104950446006,2.877551020408163,3.8040816326530615,2.926530612244898,0.06997084548104955,1.0,,control,6.0,TX,,PARKWOOD HEALTHCARE COMMUNITY,,0,1,1
675581,107.0,58.82632653061225,0.3828967995517929,3.411968760086272,4.275510204081632,3.8102040816326532,1.6265306122448981,0.06997084548104955,1.0,,control,6.0,TX,,HERITAGE OAKS RETIREMENT VILLAGE,,0,1,1
675592,97.22186588921284,80.33466472303206,1.1185694846054366,5.785928943635034,5.0,5.0,4.4,0.0,0.0,,control,6.0,TX,,C C YOUNG MEMORIAL HOME,,0,0,0
675593,123.0,76.94571428571429,0.40026864495869696,3.250189786294806,4.155102040816327,4.626530612244897,2.0979591836734697,0.06997084548104955,1.0,,control,6.0,TX,,WISTERIA PLACE,,0,1,1
675599,70.0,36.46,0.511852709635722,4.490433165255531,3.389795918367347,3.3591836734693876,3.0,0.0,0.0,,control,6.0,TX,,ROBERT LEE CARE CENTER,,0,0,0
675603,108.0,47.52641399416909,0.3502280393738689,4.0072774108681735,1.0979591836734692,1.7897959183673469,2.7469387755102037,0.06997084548104955,0.524198250728863,,control,6.0,TX,,ROSE HAVEN RETREAT,,0,1,1
675612,141.58717201166183,107.24965014577259,0.5500932476509127,3.4981330384302045,1.1897959183673468,1.5632653061224488,1.9285714285714286,0.06997084548104955,1.0,,control,6.0,TX,,THE WESTBURY PLACE,,0,1,1
675617,114.0,63.18107871720117,0.15684259804071018,3.2705602696428593,3.6979591836734693,3.169387755102041,1.0,0.06997084548104955,1.0,,control,6.0,TX,,EAGLE PASS NURSING AND REHABILITATION,,0,1,1
675619,103.06559766763849,62.55411078717201,0.2071649273784116,3.268849130909644,4.6,3.789795918367347,1.0,0.06997084548104955,0.16034985422740522,,control,6.0,TX,,OAKS NURSING CENTER,,0,0,1
675620,119.64373177842566,52.40795918367347,0.254815997102444,3.466604774786661,2.5081632653061225,3.2,2.404081632653061,0.06997084548104955,1.0,,control,6.0,TX,,BEAUMONT NURSING AND REHABILITATION,,0,1,1
675622,182.27084548104955,133.93725947521864,0.328453369096936,3.2484425789834153,1.7040816326530612,2.073469387755102,1.8714285714285714,0.06997084548104955,0.7723032069970845,,control,6.0,TX,,CITYVIEW CARE CENTER,,0,1,1
675637,111.86472303206997,64.20518950437318,0.432960028443084,3.715677757635248,3.8469387755102042,3.9938775510204083,2.9204081632653063,0.06997084548104955,1.0,,control,6.0,TX,,WOOLDRIDGE PLACE NURSING CENTER,,0,1,1
675641,134.0,80.02212827988339,0.22629682749848778,2.901404189077608,2.4857142857142858,1.9571428571428573,1.3734693877551019,0.06997084548104955,1.0,,control,6.0,TX,,NESBIT LIVING & RECOVERY CENTER,,0,1,1
675645,89.0,60.58760932944607,0.47434480987582817,3.36061552547416,2.5877551020408163,2.889795918367347,2.46530612244898,0.06997084548104955,1.0,,control,6.0,TX,,MESA SPRINGS HEALTHCARE CENTER,,0,1,1
675646,83.37521865889212,58.19871720116618,0.15656177772569074,2.8677680375776062,1.3734693877551019,1.0,1.0,0.06997084548104955,1.0,,control,6.0,TX,,SNYDER OAKS CARE CENTER,,0,1,1
675650,109.19533527696792,55.97944606413994,0.5853827970017755,4.562112422277977,2.963265306122449,3.2081632653061223,2.9326530612244897,0.06997084548104955,1.0,,control,6.0,TX,,GARDEN TERRACE ALZHEIMERS CENTER OF EXCELLENCE,,0,1,1
675651,129.0,87.31239067055394,0.35291439610500763,2.9046094957276667,2.6265306122448977,3.8040816326530615,2.648979591836735,0.06997084548104955,1.0,,control,6.0,TX,,SAN MARCOS REHABILITATION AND HEALTHCARE CENTER,,0,1,1
675663,56.0,42.16478134110787,0.37089365781920813,3.0159036400202126,2.86734693877551,3.4938775510204083,2.026530612244898,0.06997084548104955,1.0,,control,6.0,TX,,FORT BEND HEALTHCARE CENTER,,0,1,1
675664,94.0058309037901,60.29224489795918,0.267879669937265,3.171267158002459,3.026530612244898,2.4122448979591837,1.8448979591836734,0.0,0.5574344023323614,,control,6.0,TX,,SUNNY SPRINGS NURSING & REHAB,,0,1,0
675667,60.0,48.12714285714286,1.015218900146923,4.697635361134013,2.5857142857142854,3.3959183673469386,4.308163265306122,0.0,0.16034985422740522,,control,6.0,TX,,UNIVERSITY PLACE NURSING CENTER,,0,0,0
675671,120.0,61.78670553935859,0.9123686971449159,4.583052173914053,3.644897959183673,3.8653061224489798,3.5775510204081638,0.06997084548104955,1.0,,control,6.0,TX,,GARDEN TERRACE ALZHEIMERS CENTER OF EXCELLENCE,,0,1,1
675677,60.0,43.58956268221574,0.4113615257231766,3.0406413125746035,3.0979591836734697,2.6734693877551017,1.3857142857142857,0.06997084548104955,0.0,,control,6.0,TX,,DEL RIO NURSING AND REHABILITATION CENTER,,0,0,1
675678,74.0,53.88766763848397,0.40234321333641254,2.673118253184474,2.7897959183673464,3.789795918367347,2.373469387755102,0.06997084548104955,0.5574344023323614,,control,6.0,TX,,CARECHOICE OF BOERNE,,0,1,1
675680,120.0,88.81478134110787,0.26477537771497617,2.7833008186527977,2.4938775510204083,2.622448979591837,1.7938775510204081,0.0,1.0,,control,6.0,TX,,BRENTWOOD PLACE ONE,,0,1,0
675681,61.42507288629738,32.66320699708455,0.4224086379296581,3.461552422011696,4.308163265306122,3.463265306122449,1.7857142857142856,0.0,0.0,,control,6.0,TX,,BRONTE HEALTH AND REHAB CENTER,,0,0,0
675687,108.0,70.7566472303207,0.2811902731363245,3.8181520043352766,3.589795918367347,2.3632653061224493,1.7142857142857142,0.0,0.4425655976676385,,control,6.0,TX,,HOLIDAY HILL INC,,0,0,0
675695,50.0,35.116851311953354,0.29738693580580716,3.7129557338923505,3.0306122448979593,3.177551020408163,2.5469387755102044,0.06997084548104955,0.0,,control,6.0,TX,,COLLEGE STREET HEALTH CARE CENTER,,0,0,1
675697,41.41463414634146,32.15487804878049,0.6398003685356626,6.806547835827525,3.548780487804878,4.5,4.282051282051281,0.0,0.0,,control,4.0,TX,,THE ARMY RESIDENCE COMMUNITY HEALTH CARE CENTER,,0,0,0
675702,120.0,100.21189504373177,0.3130610100007444,2.5550033051692544,1.5081632653061225,1.1897959183673468,1.2102040816326531,0.0,1.0,,control,6.0,TX,,BRENTWOOD PLACE TWO,,0,1,0
675716,75.0,30.34204081632653,0.40044160158613107,4.048685296370104,1.6816326530612247,1.9571428571428573,2.987755102040816,0.0,0.35889212827988337,,control,6.0,TX,,POST NURSING & REHAB CENTER,,0,0,0
675729,90.0,52.27872340425532,0.20214624141944523,3.3500954491019295,1.7317073170731707,1.7317073170731707,1.4000000000000001,0.0,1.0,,control,6.0,TX,,TWIN LAKES REHABILITATION AND CARE CENTER,,0,1,0
675740,59.80145772594752,37.25454810495627,0.38390228876100235,3.0603720951382973,2.373469387755102,2.7469387755102037,2.428571428571429,0.0,1.0,,control,6.0,TX,,KNOPP NURSING & REHAB CENTER INC,,0,1,0
675743,134.0,83.95825072886298,0.3144247162319335,3.528874722441688,1.8326530612244898,1.8326530612244898,1.6265306122448981,0.06997084548104955,0.7314868804664723,,control,6.0,TX,,OCEANVIEW HEALTHCARE AND REHABILITATION,,0,1,1
675744,150.0,120.01539358600584,0.20780309938288938,3.0161223854312476,2.9591836734693877,2.646938775510204,1.4,0.06997084548104955,0.9300291545189504,,control,6.0,TX,,FRIENDSHIP HAVEN HEALTHCARE AND REHABILITATION CEN,,0,1,1
675754,150.0,98.84574344023324,0.38530064695272614,3.3843682537033417,2.983673469387755,3.228571428571428,1.7734693877551022,0.06997084548104955,0.8014577259475218,,control,6.0,TX,,TRAYMORE NURSING CENTER,,0,1,1
675756,234.5002915451895,190.0995335276968,0.3340412274708637,3.049619578155327,1.7734693877551022,1.7081632653061225,1.2102040816326531,0.06997084548104955,1.0,,control,6.0,TX,,WILLIAMSBURG VILLAGE HEALTHCARE CAMPUS,,0,1,1
675757,195.0,102.41708454810495,0.5761674056342047,3.8270630725463914,3.189795918367347,3.963414634146341,2.951219512195122,0.06997084548104955,1.0,,control,6.0,TX,,SIGNATURE POINTE ON THE LAKE HEALTHCARE COMMUNITY,,0,1,1
675765,247.70845481049562,106.83760932944605,0.5297245884327664,3.9320970837079354,4.0,4.0,2.936734693877551,0.06997084548104955,1.0,,control,6.0,TX,,WALNUT PLACE,,0,1,1
675766,56.0,47.708163265306126,0.4525450222281533,3.0607412179222386,3.789795918367347,3.9530612244897956,1.5632653061224488,0.06997084548104955,1.0,,control,6.0,TX,,THE COURTYARD REHABILITATION AND HEALTHCARE CENTER,,0,1,1
675768,48.0,39.40594752186588,0.30609095432101296,4.091735977249495,1.853061224489796,1.3244897959183675,1.453061224489796,0.0,1.0,,control,6.0,TX,,MOUNTAIN VILLA NURSING CENTER,,0,1,0
675773,75.0,50.79489795918367,1.1201884812705956,5.075171313884298,3.4530612244897956,4.810204081632653,4.773469387755102,0.06997084548104955,1.0,,control,6.0,TX,,HOLMGREEN CENTER,,0,1,1
675777,60.0,31.075189504373178,0.7948423043978811,5.527842621161563,3.0979591836734697,4.681632653061224,4.189795918367347,0.06997084548104955,0.0,,control,6.0,TX,,PARKWAY PLACE,,0,0,1
675783,120.0,91.84233236151604,0.2560529925058217,2.7962751026100054,2.9571428571428573,2.9918367346938775,1.9367346938775512,0.06997084548104955,1.0,,control,6.0,TX,,THE VILLA AT MOUNTAIN VIEW,,0,1,1
675796,60.0,45.6362390670554,0.3896250113395713,3.7809113010666904,3.669387755102041,3.23265306122449,2.428571428571429,0.0,1.0,,control,6.0,TX,,MERIDIAN CARE OF HEBBRONVILLE,,0,1,0
675798,120.0,87.20275510204081,0.18811925839577984,3.223142195248467,3.3734693877551023,2.146938775510204,1.2102040816326531,0.0,1.0,,control,6.0,TX,,ARBORETUM NURSING AND REHABILITATION CENTER OF WIN,,0,1,0
675799,121.08775510204082,110.26752186588922,0.258892947469036,3.1475323651277973,4.0,3.4183673469387754,1.836734693877551,0.06997084548104955,0.9300291545189504,,control,6.0,TX,,BRENHAM NURSING AND REHABILITATION CENTER,,0,1,1
675800,120.0,78.02431486880467,0.5512632258849757,3.302400999843251,3.8102040816326532,4.183673469387755,1.8714285714285714,0.06997084548104955,1.0,,control,6.0,TX,,LA VIDA SERENA NURSING AND REHABILITATION,,0,1,1
675815,120.0,96.97166180758018,0.24734190703397976,3.1328174157047073,2.5693877551020408,1.9428571428571428,1.0,0.06997084548104955,0.46297376093294457,,control,6.0,TX,,KINGSVILLE NURSING AND REHABILITATION CENTER,,0,0,1
675817,188.44897959183675,102.48272108843537,0.6819035082852656,6.314128820632308,1.0,1.24390243902439,1.7560975609756098,0.08163265306122448,0.8938775510204082,,control,6.0,TX,,FT WORTH SOUTHWEST NURSING CENTER,,0,1,1
675819,120.0,102.5071137026239,0.41528363842640137,3.303267906332804,2.6816326530612242,2.7591836734693875,1.9489795918367347,0.06997084548104955,0.6845481049562683,,control,6.0,TX,,PARK MANOR OF SOUTH BELT,,0,1,1
675821,105.91020408163266,61.5134693877551,0.18805207546261368,3.3171219990319285,2.642857142857143,2.5918367346938775,1.3979591836734695,0.0,1.0,,control,6.0,TX,,MADISONVILLE CARE CENTER,,0,1,0
675830,75.0,40.33595238095238,0.7761064667233951,3.7563145762743115,3.5469387755102044,4.173469387755102,3.5469387755102044,0.06997084548104955,1.0,,control,6.0,TX,,AUTUMN LEAVES,,0,1,1
675837,63.57492711370262,51.863790087463556,0.41335137102665853,3.725889892593948,2.2653061224489797,2.7510204081632654,3.130612244897959,0.0,1.0,,control,6.0,TX,,E F AND BERTHA KRUSE MEMORIAL LUTHERAN VILLAGE,,0,1,0
675846,84.20408163265306,45.70002915451895,0.3092846366712362,3.694248161712771,3.3816326530612244,2.3816326530612244,1.2102040816326531,0.06997084548104955,1.0,,control,6.0,TX,,TRINITY NURSING AND REHABILITATION,,0,1,1
675851,76.0,52.15743440233236,0.30390843117829547,3.0746900808145776,2.0,1.8714285714285714,2.146938775510204,0.06997084548104955,0.8014577259475218,,control,6.0,TX,,GEORGIA MANOR NURSING HOME,,0,1,1
675853,90.71020408163265,62.85344023323616,0.22986941109107178,3.080869529960329,2.146938775510204,1.5632653061224488,1.1897959183673468,0.0,0.35889212827988337,,control,6.0,TX,,LAKERIDGE LTC PARTNERS INC,,0,0,0
675857,160.0,148.32988338192422,0.34785097767929984,3.1434198130678106,3.9326530612244897,4.804081632653061,2.583673469387755,0.06997084548104955,0.8396501457725948,,control,6.0,TX,,WILLIAM R COURTNEY TEXAS STATE VETERANS HOME,,0,1,1
675863,160.0,143.40620991253644,0.4135979997903876,3.1800198928762162,2.428571428571429,3.16734693877551,3.1795918367346943,0.06997084548104955,0.3766763848396501,,control,6.0,TX,,FRANK M TEJEDA TEXAS STATE VETERANS HOME,,0,0,1
675866,45.27696793002916,34.74017006802721,0.23242995308886438,3.2153209275210908,4.626530612244897,4.497959183673469,1.5816326530612246,0.0,1.0,,control,6.0,TX,,STEPHENVILLE NURSING AND REHABILITATION,,0,1,0
675868,120.0,53.50204081632653,0.6176547527100791,3.9456854505630194,4.373469387755103,4.502040816326531,3.312244897959184,0.0,1.0,,control,6.0,TX,,HEREFORD NURSING & REHABILITATION,,0,1,0
675873,160.0,136.69778425655977,0.46222571882582464,3.642292967920001,4.0,4.0,3.626530612244898,0.06997084548104955,0.0,,control,6.0,TX,,CLYDE W COSPER TEXAS STATE VETERANS HOME,,0,0,1
675874,151.61049562682217,108.00408163265305,0.540502700299365,3.328074563976163,1.9346938775510205,2.7510204081632654,3.5285714285714285,0.06997084548104955,0.6029154518950437,,control,6.0,TX,,LAMUN-LUSK-SANCHEZ TEXAS STATE VETERANS HOME,,0,1,1
675880,44.0,28.942332361516034,0.44929707669277974,4.36564280909228,4.030612244897959,3.840816326530612,2.612244897959184,0.0,0.0,,control,6.0,TX,,STERLING COUNTY NURSING HOME,,0,0,0
675884,96.46064139941691,38.97784256559767,0.20936159166481255,3.6425375792822523,4.626530612244897,4.773469387755102,1.9571428571428573,0.06997084548104955,1.0,,control,6.0,TX,,TEAGUE LTC PARTNERS INC,,0,1,1
675885,100.05072886297376,74.35180758017493,0.3196910481694245,3.2438233931059766,3.2448979591836733,3.2020408163265306,1.9693877551020407,0.0,0.0,,control,6.0,TX,,BURLESON ST JOSEPH MANOR,,0,0,0
675886,95.43673469387755,88.32653061224491,0.35934836477898735,4.015962846093895,3.548780487804878,3.1951219512195124,2.0,0.08163265306122448,0.0,,control,6.0,TX,,THE MEADOWS,,0,0,1
675887,74.37551020408162,63.638629737609335,0.5052377084943619,4.0821688890116405,4.5285714285714285,5.0,3.7244897959183674,0.0,0.09037900874635567,,control,6.0,TX,,ST JOSEPH MANOR,,0,0,0
675900,114.29795918367347,65.45594752186588,0.27349452275702146,3.4110811623793005,2.724489795918367,1.7857142857142856,1.1897959183673468,0.06997084548104955,1.0,,control,6.0,TX,,AVALON PLACE TRINITY,,0,1,1
675901,118.0,97.32119533527697,0.4375306816690245,3.0999808123918458,2.7122448979591836,2.987755102040816,2.146938775510204,0.06997084548104955,0.8014577259475218,,control,6.0,TX,,CAMBRIDGE HEALTH AND REHABILITATION CENTER,,0,1,1
675904,120.0,70.56180758017493,0.38749879290217154,3.955458657842815,3.0857142857142854,3.2959183673469385,3.210204081632653,0.0,1.0,,control,6.0,TX,,WINDFLOWER HEALTH CENTER,,0,1,0
675906,115.0,57.32198250728863,0.28326514263979286,3.7675006127231,2.5551020408163265,2.1387755102040815,1.9571428571428573,0.0,0.35889212827988337,,control,6.0,TX,,BENBROOK NURSING & REHABILITATION CENTER,,0,0,0
675910,106.0,69.07486880466473,0.3121805482595005,3.174918989137749,1.1897959183673468,1.5632653061224488,1.1897959183673468,0.06997084548104955,1.0,,control,6.0,TX,,HOGAN PARK NURSING & REHABILITATION,,0,1,1
675913,95.91078717201167,81.06446064139942,0.337507456024511,3.0967646534573294,1.583673469387755,1.7938775510204081,2.336734693877551,0.06997084548104955,0.8014577259475218,,control,6.0,TX,,PFLUGERVILLE CARE CENTER,,0,1,1
675915,108.69533527696794,81.55798833819242,0.2994876011486427,3.2013977272501477,2.7306122448979595,2.704081632653061,1.746938775510204,0.06997084548104955,0.7825072886297376,,control,6.0,TX,,PARK PLACE CARE CENTER,,0,1,1
675923,88.3064139941691,82.44069970845482,0.26661647867469895,4.134423819431228,4.5285714285714285,5.0,2.6,0.0,0.0,,control,6.0,TX,,MARBRIDGE VILLA,,0,0,0
675927,110.0,71.75833819241983,0.22739712333135392,2.6419164247241445,1.2265306122448978,1.1285714285714286,1.0,0.06997084548104955,1.0,,control,6.0,TX,,CRANE NURSING & REHABILITATION CENTER,,0,1,1
675929,62.0,32.391924198250734,0.4189994722954835,3.047527496167131,2.351020408163265,3.1244897959183673,2.146938775510204,0.06997084548104955,1.0,,control,6.0,TX,,CEDAR CREEK NURSING AND REHABILITATION CENTER,,0,1,1
675931,86.0,81.19332361516035,0.16462184479360387,2.5372929959283583,1.4714285714285713,1.0,1.0,0.0,1.0,,control,6.0,TX,,CEDAR HILLS GERIATRIC CENTER,,0,1,0
675932,127.72565597667639,81.42612244897958,0.23052284691831976,2.9519859560564874,1.8448979591836734,1.0,1.0,0.06997084548104955,1.0,,control,6.0,TX,,ARBOR TERRACE HEALTHCARE CENTER,,0,1,1
675935,127.0,83.17921282798834,0.5615010290589889,3.539574768454025,4.091836734693878,4.46530612244898,2.3020408163265307,0.06997084548104955,1.0,,control,6.0,TX,,LIFE CARE CENTER OF HALTOM,,0,1,1
675942,103.73556851311953,94.64189504373178,0.2184063612412498,3.057030914577931,3.351020408163265,2.9142857142857146,1.746938775510204,0.06997084548104955,0.46297376093294457,,control,6.0,TX,,TOWERS NURSING HOME,,0,0,1
675947,91.0,76.42895043731778,0.3785851025207798,2.6057878518889765,1.8224489795918368,1.920408163265306,2.2448979591836737,0.06997084548104955,0.712536443148688,,control,6.0,TX,,COUNTRY CARE MANOR,,0,1,1
675960,120.0,93.25486880466472,0.2773323869826897,3.1798235327175606,2.7408163265306125,1.5510204081632653,1.0,0.06997084548104955,1.0,,control,6.0,TX,,CASTLE PINES HEALTH AND REHABILITATION,,0,1,1
675961,122.0,96.31183673469388,0.33857652320005466,3.690419392967077,3.446938775510204,3.6918367346938776,2.8081632653061224,0.06997084548104955,0.9096209912536443,,control,6.0,TX,,REGENCY VILLAGE,,0,1,1
675962,150.0,86.0857725947522,0.2714094561674745,3.079242443314439,3.6816326530612242,3.583673469387755,1.9367346938775512,0.06997084548104955,0.6845481049562683,,control,6.0,TX,,SOUTHLAND REHABILITATION AND HEALTHCARE CENTER,,0,1,1
675964,66.0,57.288862973760935,0.35651613752778916,4.44429055488291,3.416326530612245,3.5795918367346937,3.3734693877551023,0.0,0.178134110787172,,control,6.0,TX,,MRC CREEKSIDE,,0,0,0
675969,123.83061224489796,100.15201166180758,0.2450595419106834,3.3001242008052833,2.5877551020408163,2.622448979591837,1.746938775510204,0.06997084548104955,0.7314868804664723,,control,6.0,TX,,SETTLERS RIDGE CARE CENTER,,0,1,1
675973,64.0,35.350670553935856,0.3333388134110812,3.2960174753940894,3.8102040816326532,4.183673469387755,1.8714285714285714,0.06997084548104955,1.0,,control,6.0,TX,,MCLEAN CARE CENTER,,0,1,1
675974,116.0,81.48632653061225,0.2325484511477411,3.171148022887797,2.6530612244897958,2.7081632653061223,1.0,0.0,0.8014577259475218,,control,6.0,TX,,MEDINA VALLEY HEALTH & REHABILITATION CENTER,,0,1,0
675978,80.0,48.24536443148688,0.22642918618830718,2.798306638939568,1.4,1.2102040816326531,1.3734693877551019,0.06997084548104955,1.0,,control,6.0,TX,,ARBOR GRACE WELLNESS CENTER,,0,1,1
675979,45.34285714285714,44.15714285714286,0.5467946710354937,4.46859729040718,3.1122448979591835,4.048979591836735,4.0,0.0,0.0,,control,6.0,TX,,CRESTVIEW RETIREMENT COMMUNITY,,0,0,0
675985,111.5801749271137,83.37411078717201,0.3219608035083413,3.0864977772965467,1.1285714285714286,1.4673469387755103,1.5285714285714287,0.06997084548104955,1.0,,control,6.0,TX,,ROCKWOOD MANOR,,0,1,1
675988,132.0,99.6567638483965,0.3381616734576832,3.5488946025997468,4.5285714285714285,3.836734693877551,1.6816326530612247,0.06997084548104955,0.8014577259475218,,control,6.0,TX,,HILLTOP PARK REHABILITATION AND CARE CENTER,,0,1,1
675997,140.0,118.90352769679299,0.33396594609646135,4.323607082362323,3.6,4.030612244897959,2.804081632653061,0.0,0.0,,control,6.0,TX,,CARILLON INC,,0,0,0
675998,186.69737609329445,149.5448979591837,0.34667731308796945,3.6919350553543033,2.046938775510204,1.9183673469387754,2.4551020408163264,0.06997084548104955,0.2685131195335277,,control,6.0,TX,,"CARTMELL HOME FOR AGED, INC.",,0,0,1
676000,120.0,67.3339941690962,0.2257908367482798,3.3350854058199166,4.226530612244899,3.406122448979592,1.2448979591836733,0.0,1.0,,control,6.0,TX,,PINE RIDGE HEALTH CARE LLP,,0,1,0
676003,131.80903790087464,117.35536443148689,0.24716538768624613,3.062764725341493,4.3061224489795915,3.516326530612245,1.4591836734693877,0.0,1.0,,control,6.0,TX,,AZLE MANOR HEALTH CARE AND REHABILITATION,,0,1,0
676005,115.83061224489796,95.96437317784256,0.2864622376516919,3.3195142502020594,2.3244897959183675,2.7408163265306125,1.416326530612245,0.0,1.0,,control,6.0,TX,,PARK PLACE NURSING & REHABILITATION CENTER,,0,1,0
676008,160.0,142.61078717201167,0.16916518372871941,3.2209901862418513,3.4306122448979592,3.0142857142857142,1.4591836734693877,0.0,1.0,,control,6.0,TX,,SILSBEE OAKS HEALTH CARE LLP,,0,1,0
676009,70.0,54.30268221574344,0.40215383295854895,4.2577385216876165,2.9142857142857146,3.2877551020408164,3.055102040816326,0.0,1.0,,control,6.0,TX,,TREEMONT HEALTH CARE CENTER,,0,1,0
676010,147.86239067055394,106.04892128279883,0.3183359463215537,3.1418228141737585,2.0551020408163265,2.4591836734693877,1.6918367346938776,0.06997084548104955,1.0,,control,6.0,TX,,LEGACY REHABILITATION AND LIVING,,0,1,1
676015,156.0,96.0565306122449,0.3535811432577821,3.7880760260864355,3.2448979591836733,3.3938775510204082,3.1734693877551017,0.0,0.0,,control,6.0,TX,,MABEE HEALTH CARE CENTER,,0,0,0
676020,40.0,28.00536443148688,0.41609945658237957,3.905961185298798,4.626530612244897,4.546938775510204,3.314285714285714,0.0,0.0,,control,6.0,TX,,MENARD MANOR,,0,0,0
676021,60.0,45.8893002915452,0.5618863272500441,4.504841495022326,3.4306122448979592,4.142857142857142,3.695918367346939,0.0,0.0,,control,6.0,TX,,CLAREWOOD HOUSE EXTENDED CARE CENTER,,0,0,0
676026,90.0,71.75055393586005,0.24717460640496347,3.3551499190818905,4.075510204081633,4.448979591836735,2.1530612244897958,0.06997084548104955,0.8396501457725948,,control,6.0,TX,,WILL-O-BELL,,0,1,1
676029,140.0,91.79787172011662,0.44997490144075913,3.2212155370547695,3.204081632653061,3.830612244897959,1.9020408163265308,0.06997084548104955,0.8626822157434402,,control,6.0,TX,,LEGEND OAKS HEALTH AND REHABILITATION - EULESS,,0,1,1
676033,138.0,67.61822157434403,0.38436745918237825,3.104710938772772,4.90204081632653,4.155102040816327,2.216326530612245,0.0,0.0,,control,6.0,TX,,TOWN HALL ESTATES,,0,0,0
676037,110.33673469387756,114.19851311953352,0.18834722723631858,3.437237707575747,1.9081632653061225,1.8448979591836734,1.746938775510204,0.06997084548104955,1.0,,control,6.0,TX,,WESLACO NURSING AND REHABILITATION CENTER,,0,1,1
676041,77.41895043731779,63.50160349854227,0.4897177352851946,5.715633496539405,3.183673469387755,3.983673469387755,3.8714285714285714,0.0,0.0,,control,6.0,TX,,THE MISSION AT AIR FORCE VILLAGE,,0,0,0
676043,90.0,39.88128279883382,0.33930762171400564,2.140811175057194,4.226530612244899,4.253061224489796,1.6265306122448981,0.0,1.0,,control,6.0,TX,,HOUSTON COUNTY NURSING HOME,,0,1,0
676044,90.0,71.7334693877551,0.1326564722271472,3.042961071818696,2.8653061224489793,2.3081632653061224,1.0,0.0,1.0,,control,6.0,TX,,MAGNOLIA LIVING AND REHABILITATION,,0,1,0
676047,124.0408163265306,101.98836734693877,0.29425054343572954,3.0554297127762133,4.6755102040816325,4.048979591836735,1.746938775510204,0.0,0.0,,control,6.0,TX,,TOWN HALL ESTATES KEENE INC,,0,0,0
676049,120.0,67.60361516034985,0.4103554512116535,3.1062785759048506,2.3244897959183675,2.642857142857143,1.416326530612245,0.06997084548104955,0.8728862973760932,,control,6.0,TX,,LEGEND HEALTHCARE AND REHABILITATION - PARIS,,0,1,1
676052,81.88454810495625,67.01697278911564,0.29279170042061675,3.577098058481649,2.7510204081632654,2.16734693877551,2.1204081632653065,0.0,1.0,,control,6.0,TX,,IMMANUEL'S HEALTHCARE,,0,1,0
676055,84.0,62.72149659863946,0.2598687467511648,3.230032952567516,1.1224489795918369,1.2448979591836733,1.7040816326530612,0.0,1.0,,control,6.0,TX,,SHADY ACRES HEALTH AND REHABILITATION CENTER,,0,1,0
676060,160.0,148.91880466472304,0.3494887829341156,3.5427792756233094,2.524489795918367,2.9959183673469387,2.9183673469387754,0.06997084548104955,0.3154518950437317,,control,6.0,TX,,AMBROSIO GUILLEN TEXAS STATE VETERANS HOME,,0,0,1
676063,139.09620991253644,149.2269387755102,0.3843226172326544,3.5164784197095287,2.355102040816327,2.7714285714285714,2.436734693877551,0.06997084548104955,0.1271137026239067,,control,6.0,TX,,ALFREDO GONZALEZ TEXAS STATE VETERANS HOME,,0,0,1
676064,125.0,99.27839650145772,1.5932826117816918,5.432792339310497,3.9020408163265303,4.4,3.0979591836734697,0.0,1.0,,control,6.0,TX,,SPANISH MEADOWS NURSING & REHAB,,0,1,0
676066,114.0,44.85775510204081,0.886942428941869,4.594949772078602,2.2591836734693875,3.242857142857143,4.048979591836735,0.0,1.0,,control,6.0,TX,,THE CONCIERGE,,0,1,0
676067,136.9387755102041,92.90285714285714,0.20992159846669223,3.1665118650775734,2.830612244897959,1.9285714285714286,1.0,0.06997084548104955,0.9300291545189504,,control,6.0,TX,,MIRA VISTA COURT,,0,1,1
676077,72.23848396501458,28.88574829931973,0.33876196709175593,3.911531085284271,3.793877551020408,3.253061224489796,3.1244897959183673,0.0,0.178134110787172,,control,6.0,TX,,GIBSON CARE CENTER,,0,0,0
676079,74.0,39.01256559766764,0.4798091008791979,3.4014895664767644,3.4367346938775514,3.128571428571429,2.620408163265306,0.0,0.0,,control,6.0,TX,,PARK VIEW NURSING CARE CENTER,,0,0,0
676080,116.0,75.49189504373177,0.24985965020591536,3.773057821441618,4.373469387755103,4.455102040816326,2.5510204081632653,0.0,0.0,,control,6.0,TX,,TOWN HALL ESTATES ARLINGTON INC,,0,0,0
676081,125.0,93.36696793002916,0.29610538520926344,3.2075566903267445,2.022448979591837,2.3959183673469386,2.1204081632653065,0.06997084548104955,0.8396501457725948,,control,6.0,TX,,LEGEND OAKS HEALTHCARE AND REHABILITATION CENTER,,0,1,1
676096,128.0,97.21206997084548,0.5972771087144185,3.4659246325045743,3.761224489795919,3.5775510204081638,1.6877551020408164,0.06997084548104955,0.7314868804664723,,control,6.0,TX,,BAYBROOKE VILLAGE CARE AND REHAB CENTER,,0,1,1
676098,116.85918367346939,74.81489795918367,0.264794229405512,3.407686654791446,2.1204081632653065,1.746938775510204,1.1897959183673468,0.0,0.6233236151603498,,control,6.0,TX,,THE PLAZA AT RICHARDSON,,0,1,0
676099,87.02186588921283,77.35355685131195,0.516703924244857,4.7332445500492355,4.4714285714285715,4.871428571428571,3.9081632653061225,0.0,0.3766763848396501,,control,6.0,TX,,THE ARBOUR AT WESTMINSTER MANOR,,0,0,0
676101,155.0,95.79040816326531,0.3329660625416704,3.3033930493610244,3.644897959183673,3.142857142857143,1.5897959183673471,0.06997084548104955,1.0,,control,6.0,TX,,KINDRED TRANSITIONAL CARE AND REHABILITATION-RIDGM,,0,1,1
676104,132.0,87.64443148688048,0.349916392131698,3.3155867335253726,4.373469387755103,4.553061224489796,2.0408163265306123,0.06997084548104955,0.4670553935860058,,control,6.0,TX,,KINDRED TRANSITIONAL CARE AND REHABILITATION-GRAPE,,0,0,1
676105,126.65597667638482,102.07854227405247,0.26291097594025525,3.0953085666368745,2.183673469387755,2.163265306122449,1.3734693877551019,0.0,0.19708454810495624,,control,6.0,TX,,THE PLAZA AT LUBBOCK,,0,0,0
676107,120.0,109.47297376093294,0.30602060662468983,3.0683029192644167,2.5775510204081633,1.9510204081632652,1.3734693877551019,0.06997084548104955,0.19854227405247812,,control,6.0,TX,,CORPUS CHRISTI NURSING AND REHABILITATION CENTER,,0,0,1
676109,38.38483965014577,31.22116618075802,0.5133277486069143,5.335445176410364,3.479591836734694,4.0632653061224495,3.2857142857142856,0.06997084548104955,0.0,,control,6.0,TX,,CALDER WOODS,,0,0,1
676111,84.20145772594752,62.453731778425656,1.0675684334208801,4.829685591956118,4.0,4.773469387755102,4.7142857142857135,0.0,0.26443148688046647,,control,6.0,TX,,THE BUCKINGHAM,,0,0,0
676112,125.0,81.01679300291545,0.37330629417008,3.2601424714311227,2.9020408163265303,3.1122448979591835,1.9571428571428573,0.06997084548104955,1.0,,control,6.0,TX,,CRESTVIEW COURT,,0,1,1
676113,126.0,100.66620991253644,0.34258943602357605,3.243419707237579,2.477551020408163,2.738775510204081,1.6612244897959183,0.06997084548104955,0.9096209912536443,,control,6.0,TX,,LEGEND OAKS HEALTHCARE AND REHABILITATION CENTER -,,0,1,1
676119,109.62361516034986,92.72539358600584,0.2917660214957048,3.247353461169239,2.5775510204081633,2.53469387755102,1.9571428571428573,0.0,0.6655976676384839,,control,6.0,TX,,RIO GRANDE CITY NURSING AND REHABILITATION CENTER,,0,1,0
676120,132.0,85.67897959183674,0.422174465008209,3.1835523385676034,2.3653061224489793,2.236734693877551,1.7142857142857142,0.06997084548104955,0.4247813411078717,,control,6.0,TX,,THE HOMESTEAD OF SHERMAN,,0,0,1
676124,51.0,41.02279883381924,0.6926957010815145,4.961359754565704,4.042857142857143,4.2877551020408164,4.09795918367347,0.0,0.0,,control,6.0,TX,,PINECREST RETIREMENT COMMUNITY,,0,0,0
676125,117.20553935860059,97.42924198250728,0.24638584318251244,3.6073221716093293,1.6979591836734693,2.4714285714285715,1.746938775510204,0.0,0.6655976676384839,,control,6.0,TX,,WINDSOR ATRIUM,,0,1,0
676127,118.0,75.89542274052477,0.3028425210819372,3.400240792290881,2.6714285714285713,2.5632653061224486,1.2102040816326531,0.06997084548104955,0.8014577259475218,,control,6.0,TX,,EMERALD HILLS REHABILITATION AND HEALTHCARE CENTER,,0,1,1
676128,125.0,84.57454810495628,0.3709722934550508,3.139559721173172,3.502040816326531,3.220408163265306,1.4,0.06997084548104955,0.8014577259475218,,control,6.0,TX,,THE MADISON ON MARSH,,0,1,1
676131,84.91078717201165,72.91361516034985,0.7838193854262591,4.792002641275408,3.4,4.091836734693878,4.0,0.06997084548104955,1.0,,control,6.0,TX,,BROOKDALE LAKEWAY 2,,0,1,1
676133,118.21399416909621,85.43650145772594,0.24338500099353222,3.2701579633971884,2.7551020408163263,2.1020408163265305,1.3734693877551019,0.06997084548104955,0.9300291545189504,,control,6.0,TX,,MAVERICK NURSING AND REHABILITATION CENTER,,0,1,1
676135,179.41166180758017,107.15868804664723,0.557815638870588,4.890900969669872,3.746938775510204,4.6755102040816325,4.0,0.0,0.0,,control,6.0,TX,,PRESBYTERIAN VILLAGE NORTH SPECIAL CARE CTR,,0,0,0
676136,146.0,92.19900874635569,0.3314548142611696,3.5045135776959917,2.4551020408163264,2.373469387755102,1.9367346938775512,0.06997084548104955,0.712536443148688,,control,6.0,TX,,HUEBNER CREEK HEALTH & REHABILITATION CENTER,,0,1,1
676137,125.0,88.99241982507289,0.3496017278629103,3.0788894283647776,2.2693877551020405,1.853061224489796,1.9571428571428573,0.06997084548104955,1.0,,control,6.0,TX,,LEGEND OAKS HEALTHCARE AND REHABILITATION CENTER -,,0,1,1
676138,132.0,99.33798833819242,0.20019200566810857,2.802059679270062,3.226530612244898,3.226530612244898,1.0,0.06997084548104955,1.0,,control,6.0,TX,,THE HEIGHTS OF GONZALES,,0,1,1
676143,118.0,88.66769679300292,0.3582532604527615,3.24802613700865,3.273469387755102,3.0632653061224486,1.9367346938775512,0.06997084548104955,1.0,,control,6.0,TX,,KINDRED TRANSITIONAL CARE AND REHABILITATION-MANSF,,0,1,1
676144,140.94927113702624,118.58253644314868,0.1397722328835974,3.3623397596763778,3.626530612244898,3.0979591836734697,1.3734693877551019,0.06997084548104955,0.7927113702623907,,control,6.0,TX,,SENIOR CARE HEALTH & REHABILITATION CENTER - WICHI,,0,1,1
676145,180.0,141.49186588921282,0.33049859147315164,3.3389177321804584,4.112244897959184,4.210204081632654,2.373469387755102,0.06997084548104955,0.7825072886297376,,control,6.0,TX,,PRAIRIE ESTATES,,0,1,1
676146,130.0,75.28011661807581,0.26889862111484897,3.6849034351305,4.804081632653061,4.36734693877551,1.9367346938775512,0.06997084548104955,0.19854227405247812,,control,6.0,TX,,TOWN EAST REHABILITATION AND HEALTHCARE CENTER,,0,0,1
676152,291.8571428571429,118.62148936170212,0.5407187101300042,4.561588962334453,2.1341463414634143,2.792682926829268,4.0,0.0,0.0,,control,6.0,TX,,"SEVEN ACRES JEWISH SENIOR CARE SERVICES, INC",,0,0,0
676155,196.0,114.49072886297377,0.3108959664304299,3.3303243592782907,2.071428571428571,1.4714285714285713,1.0,0.06997084548104955,0.5752186588921282,,control,6.0,TX,,THE COURTYARDS AT PASADENA,,0,1,1
676156,132.0,81.13597667638484,0.9854438486598562,4.326671245324553,4.871428571428571,4.871428571428571,4.03469387755102,0.0,0.6411078717201166,,control,6.0,TX,,PRESTONWOOD REHABILITATION & NURSING CENTER INC,,0,1,0
676157,120.0,106.60163265306122,0.4304912006588102,3.4153076754127616,2.2755102040816326,3.593877551020408,3.8204081632653057,0.06997084548104955,0.5329446064139941,,control,6.0,TX,,USSERY ROAN TEXAS STATE VETERANS HOME,,0,1,1
676158,124.0,90.22148688046647,0.35073947701498587,3.3994265492586337,3.183673469387755,4.183673469387755,2.7469387755102037,0.06997084548104955,0.7314868804664723,,control,6.0,TX,,SONTERRA HEALTH CENTER,,0,1,1
676167,19.65014577259475,18.298279883381923,0.8043539760922775,6.214938205127499,4.226530612244899,4.810204081632653,4.0,0.06997084548104955,0.0,,control,6.0,TX,,BUCKNER WESTMINSTER PLACE,,0,0,1
676170,158.0,111.65825072886297,0.4206446649392255,4.255186901898737,3.089795918367347,3.089795918367347,2.5448979591836736,0.0,0.0,,control,6.0,TX,,ST DOMINIC VILLAGE NURSING HOME,,0,0,0
676172,47.0,38.66297376093294,0.4805251235854311,3.427115398332857,4.226530612244899,5.0,2.2448979591836737,0.06997084548104955,1.0,,control,6.0,TX,,GROVETON NURSING HOME,,0,1,1
676173,60.0,46.251107871720116,0.36848594640884147,3.1494054176542843,4.226530612244899,4.226530612244899,1.5959183673469388,0.06997084548104955,1.0,,control,6.0,TX,,KENEDY HEALTH & REHABILITATION,,0,1,1
676175,90.0,60.78170212765957,0.4980744693177215,4.59002539888883,4.146341463414634,4.341463414634146,3.48780487804878,0.0,0.0,,control,5.0,TX,,PERMIAN RESIDENTIAL CARE CENTER,,0,0,0
676177,93.0,78.93451895043732,0.2830642888137025,3.9445509756572155,3.5142857142857142,3.642857142857143,2.4,0.06997084548104955,0.8014577259475218,,control,6.0,TX,,GARRISON NURSING HOME & REHABILITATION CENTER,,0,1,1
676178,124.0,87.55381924198251,0.30817108084603784,3.4609976958332624,2.648979591836735,2.330612244897959,1.583673469387755,0.06997084548104955,0.5574344023323614,,control,6.0,TX,,DUNCANVILLE HEALTHCARE AND REHABILITATION CENTER,,0,1,1
676180,116.82332361516035,98.98784256559767,0.24161887708236612,2.9118450082089935,3.3734693877551023,2.9571428571428573,1.746938775510204,0.06997084548104955,0.334402332361516,,control,6.0,TX,,ELGIN NURSING AND REHABILITATION CENTER,,0,0,1
676181,98.5539358600583,86.59090379008745,0.20330500502073953,3.0852035807574953,3.226530612244898,2.663265306122449,1.0,0.06997084548104955,0.8014577259475218,,control,6.0,TX,,THE HEIGHTS,,0,1,1
676183,112.0,63.574402332361515,0.16652718736825184,3.006269492466269,2.6,1.8448979591836734,1.5693877551020408,0.0,1.0,,control,6.0,TX,,HUNTINGTON HEALTH CARE & REHABILITATION CENTER,,0,1,0
676187,125.0,72.37548104956268,0.30140969883938984,3.736012056587841,1.5285714285714287,1.7122448979591838,1.5489795918367348,0.0,0.19854227405247812,,control,6.0,TX,,HERITAGE HOUSE OF MARSHALL HEALTH & REHABILITATION,,0,0,0
676189,60.0,53.376501457725944,0.7912792964566564,5.542093927773695,2.7020408163265306,4.075510204081633,4.081632653061225,0.0,0.0,,control,6.0,TX,,THE LEGACY AT WILLOW BEND,,0,0,0
676190,150.0,87.46332361516036,0.31142391016562126,3.129882258719335,2.8836734693877553,2.8836734693877553,2.0,0.06997084548104955,0.46297376093294457,,control,6.0,TX,,STILLHOUSE REHABILITATION AND HEALTHCARE CENTER,,0,0,1
676192,128.0,106.18967930029154,0.43969912988992943,3.4234422565212097,3.757142857142857,3.736734693877551,1.2877551020408162,0.06997084548104955,0.0,,control,6.0,TX,,GARNET HILL REHABILITATION AND SKILLED CARE,,0,0,1
676194,125.0,88.73594752186588,0.5175409826397998,3.226779633172127,1.8693877551020406,2.114285714285714,2.336734693877551,0.06997084548104955,1.0,,control,6.0,TX,,LEGEND OAKS HEALTH AND REHABILITATION - KATY,,0,1,1
676196,125.932944606414,92.18489795918367,0.48044090597878275,3.827475328423425,4.4367346938775505,4.810204081632653,2.6224489795918364,0.0,1.0,,control,6.0,TX,,CORNERSTONE GARDENS LLP,,0,1,0
676197,133.73556851311955,72.9763556851312,0.39498470317943063,3.441010512167412,2.4795918367346936,2.853061224489796,2.373469387755102,0.06997084548104955,0.6411078717201166,,control,6.0,TX,,RIDGEVIEW REHABILITATION AND SKILLED NURSING,,0,1,1
676198,40.147230320699705,38.16906705539358,1.2574345392041009,5.254930836386659,4.773469387755102,4.871428571428571,4.871428571428571,0.06997084548104955,0.0,,control,6.0,TX,,QUERENCIA AT BARTON CREEK,,0,0,1
676203,65.77551020408163,20.636472303206997,0.5451697431645376,5.869915198701924,4.373469387755103,5.0,3.853061224489796,0.0,0.0,,control,6.0,TX,,ROLLING MEADOWS,,0,0,0
676206,109.65772594752187,108.04577259475218,0.2572714808583675,3.7550399723341017,2.4224489795918362,2.3959183673469386,1.746938775510204,0.06997084548104955,0.9300291545189504,,control,6.0,TX,,WINDSOR ARBOR VIEW,,0,1,1
676207,180.0,127.52749271137026,0.4644844271083166,3.200574800227926,1.646938775510204,1.3081632653061224,1.4714285714285713,0.06997084548104955,1.0,,control,6.0,TX,,THE COLONNADES AT REFLECTION BAY,,0,1,1
676212,120.0,107.95615160349854,0.39830465732255715,2.9862240600906977,3.369387755102041,2.7693877551020405,1.4,0.06997084548104955,0.48746355685131193,,control,6.0,TX,,COLLEGE PARK REHABILITATION AND CARE CENTER,,0,0,1
676218,120.0,94.87469387755102,0.1889132901709234,2.890359450774555,1.9081632653061225,1.0979591836734692,1.0,0.06997084548104955,0.4425655976676385,,control,6.0,TX,,JEFFERSON NURSING AND REHABILITATION CENTER,,0,0,1
676220,91.01661807580174,82.14218658892128,0.5137986320815788,2.8033105555351656,4.626530612244897,5.0,2.2448979591836737,0.06997084548104955,1.0,,control,6.0,TX,,GRANITE MESA HEALTH CENTER,,0,1,1
676224,120.0,97.66609329446064,0.2804385593047282,2.9397882705845233,2.642857142857143,2.5142857142857142,1.2877551020408162,0.06997084548104955,0.0,,control,6.0,TX,,THE HEIGHTS ON HUEBNER,,0,0,1
676225,98.7795918367347,53.25895043731778,0.16134961498597872,3.3866497757995417,1.6428571428571428,1.2265306122448978,1.9571428571428573,0.0,0.39708454810495625,,control,6.0,TX,,MITCHELL COUNTY NURSING AND REHABILITATION CENTER,,0,0,0
676227,72.60204081632652,52.776972789115646,0.24982008925615698,3.1129130980163215,1.0979591836734692,1.0,1.4591836734693877,0.0,1.0,,control,6.0,TX,,COPPERAS HOLLOW NURSING & REHABILITATION CENTER,,0,1,0
676228,40.0,32.6169970845481,0.6761415413807506,4.628343946596274,3.9020408163265303,4.177551020408163,3.983673469387755,0.0,0.09037900874635567,,control,6.0,TX,,KENDALL HOUSE WELLNESS & REHABILITATION,,0,0,0
676234,35.0,29.457609329446065,1.058172910198559,4.7091302264831825,3.128571428571429,3.5285714285714285,4.0265306122448985,0.06997084548104955,1.0,,control,6.0,TX,,THE VILLAGE AT GLEANNLOCH FARMS,,0,1,1
676236,98.0,65.9165889212828,0.9817519411311448,4.868293590730069,2.216326530612245,2.9897959183673466,4.075510204081633,0.06997084548104955,1.0,,control,6.0,TX,,BROOKDALE PLACE WILLOWBROOK,,0,1,1
676238,111.80787172011662,90.47734693877551,0.36290471057498536,3.0910330961699635,2.5285714285714285,3.1734693877551017,2.295918367346939,0.06997084548104955,0.19854227405247812,,control,6.0,TX,,LEGEND OAKS HEALTHCARE AND REHABILITATION - NORTH,,0,0,1
676245,111.2597667638484,114.02355685131195,0.23925876751439573,2.718417909091184,3.8040816326530615,2.5285714285714285,1.0,0.06997084548104955,0.5329446064139941,,control,6.0,TX,,PFLUGERVILLE NURSING AND REHABILITATION CENTER,,0,1,1
676247,123.0,89.01355685131196,0.43182475869394676,3.372857635425252,2.9142857142857146,3.314285714285714,2.336734693877551,0.06997084548104955,0.8396501457725948,,control,6.0,TX,,SANDY LAKE REHABILITATION AND CARE CENTER,,0,1,1
676251,124.0,71.3601166180758,0.30178602439089824,3.2321988967553494,2.7,2.5755102040816324,2.2489795918367346,0.06997084548104955,0.8014577259475218,,control,6.0,TX,,LEGEND OAKS HEALTHCARE AND REHABILITATION - NORTH/,,0,1,1
676252,110.87755102040816,79.67727891156463,0.4377212290051586,3.7132058577774627,1.8265306122448979,1.4489795918367347,1.6224489795918366,0.08163265306122448,1.0,,control,6.0,TX,,GRACE CARE CENTER AT VETERANS MEMORIAL,,0,1,1
676253,124.0,79.49192419825073,0.30146505171647486,3.0197696832269205,3.626530612244898,3.3081632653061224,1.9571428571428573,0.0,1.0,,control,6.0,TX,,LEGEND OAKS HEALTHCARE AND REHABILITATION - ENNIS,,0,1,0
676255,136.0,83.86827988338192,0.5060979264165228,3.5211328512648974,1.9836734693877551,2.593877551020408,2.5673469387755103,0.06997084548104955,0.5533527696793002,,control,6.0,TX,,FORT WORTH CENTER OF REHABILITATION,,0,1,1
676257,99.1195335276968,80.43192419825073,0.20242762363271113,3.482204351843585,3.887755102040816,3.1755102040816325,1.416326530612245,0.0,0.3256559766763848,,control,6.0,TX,,TRUCARE LIVING CENTERS,,0,0,0
676259,60.0,51.335539358600585,0.38118723001526605,4.080606174304539,2.6918367346938776,2.9020408163265303,3.210204081632653,0.0,0.06997084548104955,,control,6.0,TX,,SHINNERY OAKS COMMUNITY,,0,0,0
676260,96.0,69.08758017492711,0.642205709514634,4.528057133260994,2.8448979591836734,2.9693877551020407,3.497959183673469,0.0,1.0,,control,6.0,TX,,THE MERIDIAN,,0,1,0
676262,111.74839650145773,105.13790087463556,0.26000376899204647,2.867823292949902,2.593877551020408,3.157142857142857,1.5632653061224488,0.06997084548104955,0.6029154518950437,,control,6.0,TX,,THE HEIGHTS OF TYLER,,0,1,1
676266,58.411661807580174,41.41413994169096,0.8842647580197638,5.446770838729769,4.626530612244897,5.0,4.681632653061224,0.0,0.0,,control,6.0,TX,,LONGHORN VILLAGE,,0,0,0
676268,123.25685131195335,104.20268221574344,0.5653346975632527,4.240516903926566,4.226530612244899,4.789795918367346,4.0,0.0,1.0,,control,6.0,TX,,VILLAGES OF LAKE HIGHLANDS,,0,1,0
676269,101.78833819241981,71.41174927113701,0.15156096242671283,2.800648795753636,2.973469387755102,1.5020408163265304,1.0,0.0,1.0,,control,6.0,TX,,RAYBURN HEALTH CARE & REHABILITATION,,0,1,0
676270,90.0,50.15632653061224,0.7631745881712773,4.030990818044784,3.3571428571428568,2.757142857142857,1.4,0.0,0.9183673469387755,,control,6.0,TX,,BRENTWOOD PLACE FOUR,,0,1,0
676271,120.83061224489796,98.0001166180758,0.26016538661107885,2.82841986209622,2.6265306122448977,1.836734693877551,1.2102040816326531,0.06997084548104955,0.4670553935860058,,control,6.0,TX,,SENIOR CARE OF ONION CREEK,,0,0,1
676272,120.83790087463558,100.01244897959184,0.4191897322585619,3.2432502344275127,3.210204081632653,3.7387755102040816,1.6265306122448981,0.06997084548104955,1.0,,control,6.0,TX,,LEGEND OAKS HEALTHCARE AND REHABILITATION-KYLE,,0,1,1
676275,116.0,93.95737609329447,0.3773252032346558,4.301157874393114,3.4489795918367347,4.075510204081633,2.3387755102040817,0.06997084548104955,0.7825072886297376,,control,6.0,TX,,RIDGECREST HEALTHCARE AND REHABILITATION CENTER,,0,1,1
676276,118.0,94.13413994169096,0.2499753903579464,3.233996775117969,3.416326530612245,3.8816326530612244,1.7142857142857142,0.06997084548104955,0.8014577259475218,,control,6.0,TX,,LAKEWEST REHABILITATION AND SKILLED CARE,,0,1,1
676279,106.6268221574344,90.48985422740523,0.4801375422227635,5.868993200147871,4.416326530612245,5.0,3.4714285714285715,0.0,1.0,,control,6.0,TX,,CROWN POINT HEALTH SUITES,,0,1,0
676282,47.898833819241986,32.52868804664723,1.0025125025096882,6.621430256459965,3.226530612244898,4.030612244897959,4.179487179487179,0.0,0.0,,control,6.0,TX,,BAYOU MANOR,,0,0,0
676283,124.0,95.0930029154519,0.3681451031279532,3.055768636309393,2.0,1.6918367346938776,2.0653061224489795,0.0,1.0,,control,6.0,TX,,TRISUN CARE CENTER- NORTHEAST EL PASO,,0,1,0
676285,107.40233236151605,75.17842565597667,0.3947449597293301,3.3707888094535634,1.7959183673469385,1.7959183673469385,2.0612244897959187,0.0,1.0,,control,6.0,TX,,REMARKABLE HEALTHCARE OF FORT WORTH,,0,1,0
676288,58.01457725947522,50.84495626822157,0.3087758715858561,2.734843808428633,2.1714285714285717,2.3346938775510204,1.6918367346938776,0.0,0.06997084548104955,,control,6.0,TX,,LAS PALMAS,,0,0,0
676291,65.82915451895043,65.02332361516035,0.19847530752384984,2.6256824807853043,1.9571428571428573,2.0551020408163265,1.0,0.0,1.0,,control,6.0,TX,,OAKCREST NURSING AND REHABILITATION CENTER,,0,1,0
676293,150.0,64.60125364431487,0.34548392701261743,3.129054233098255,1.5183673469387755,1.5489795918367348,1.3795918367346938,0.06997084548104955,1.0,,control,6.0,TX,,MONARCH PAVILION REHABILITATION SUITES,,0,1,1
676299,116.62478134110788,105.18256559766763,0.20496055717440453,2.9041632852815678,3.5285714285714285,3.2408163265306125,1.3734693877551019,0.06997084548104955,0.0,,control,6.0,TX,,SOUTHPARK MEADOWS NURSING AND REHABILITATION CENTE,,0,0,1
676305,46.0,38.61539358600582,0.8182238084253423,4.327753019005585,4.773469387755102,5.0,3.6612244897959183,0.06997084548104955,0.0,,control,6.0,TX,,THE STAYTON AT MUSEUM WAY,,0,0,1
676306,62.0,35.63769679300292,0.7982582013803261,5.560851301190615,4.146938775510204,4.546938775510204,4.6755102040816325,0.0,0.0,,control,6.0,TX,,HOLLY HALL,,0,0,0
676309,124.0,103.93705539358601,0.21672504566904563,3.014656071644042,2.3795918367346935,1.779591836734694,1.0,0.0,1.0,,control,6.0,TX,,BAYWOOD CROSSING REHABILITATION & HEALTHCARE CENTE,,0,1,0
676311,75.81749271137026,94.02131195335278,0.5661084896937103,6.2930586835522355,1.7734693877551022,2.773469387755102,4.226530612244899,0.06997084548104955,0.0,,control,6.0,TX,,WATKINS-LOGAN-GARRISON TEXAS STATE VETERAN'S HOME,,0,0,1
676312,124.0,99.2935860058309,0.4242044267841118,3.3082005380019686,3.7244897959183674,3.704081632653061,2.2918367346938777,0.06997084548104955,0.8014577259475218,,control,6.0,TX,,LEGEND OAKS HEALTHCARE AND REHABILITATION - WEST S,,0,1,1
676313,120.0,94.35927113702624,0.25392098121106876,3.2530756487546344,2.559183673469388,2.1285714285714286,1.0,0.06997084548104955,0.8014577259475218,,control,6.0,TX,,LAREDO NURSING AND REHABILITATION CENTER,,0,1,1
676315,120.0,79.71947521865889,0.402818453884519,3.2404966094214283,1.9428571428571428,1.8448979591836734,1.963265306122449,0.06997084548104955,0.5574344023323614,,control,6.0,TX,,THE HILLCREST OF NORTH DALLAS,,0,1,1
676316,78.67667638483965,53.90766763848397,0.4058971502133766,3.3540673322313195,1.3244897959183675,1.453061224489796,2.0326530612244897,0.06997084548104955,0.712536443148688,,control,6.0,TX,,HIGH HOPE CARE CENTER OF BRENHAM,,0,1,1
676319,134.0,89.50810495626823,0.37887053305932994,3.5729234014638926,2.4387755102040813,2.3102040816326532,1.9836734693877551,0.06997084548104955,0.9096209912536443,,control,6.0,TX,,CORINTH REHABILITATION SUITES ON THE PARKWAY,,0,1,1
676321,113.47521865889213,108.70530612244897,0.1549701026192231,3.1392193546848723,1.7244897959183674,1.4714285714285713,1.0,0.06997084548104955,0.9300291545189504,,control,6.0,TX,,WINDSOR NURSING AND REHABILITATION CENTER OF CORPU,,0,1,1
676325,118.32069970845481,96.44615160349855,0.2801025986389952,3.0335603906951008,2.573469387755102,2.557142857142857,1.2102040816326531,0.06997084548104955,0.5752186588921282,,control,6.0,TX,,TRISUN CARE CENTER -  LAKESIDE,,0,1,1
676326,142.0,72.42825072886298,0.5761690543394472,3.5310532383642665,2.983673469387755,3.095918367346939,2.3836734693877553,0.06997084548104955,0.6845481049562683,,control,6.0,TX,,EDGEWOOD REHABILITATION AND CARE CENTER,,0,1,1
676327,97.81137026239068,97.0309329446064,0.4484982407399926,3.2258932692853093,3.2306122448979595,3.4204081632653063,2.336734693877551,0.06997084548104955,1.0,,control,6.0,TX,,COTTONWOOD CREEK NURSING AND REHABILITATION CENTER,,0,1,1
676329,44.0,39.074635568513116,0.8939903604213971,4.267293560703611,5.0,5.0,4.4,0.06997084548104955,0.0,,control,6.0,TX,,CONTINUING CARE AT HIGHLAND SPRINGS,,0,0,1
676332,101.0,69.54516034985423,0.3944266328978246,4.111173567325878,2.295918367346939,2.5408163265306123,2.9591836734693877,0.06997084548104955,1.0,,control,6.0,TX,,THE MEDICAL RESORT AT BAY AREA,,0,1,1
676334,59.60291545189504,31.22751700680272,0.7217435229346536,4.353897415589302,1.5632653061224488,2.2682926829268295,3.8658536585365852,0.0,1.0,,control,6.0,TX,,CHELSEA GARDENS,,0,1,0
676336,44.0,37.16813411078717,1.3831267261109106,5.251559425091051,3.1408163265306124,4.626530612244897,5.0,0.06997084548104955,0.0,,control,6.0,TX,,CONTINUING CARE AT EAGLES TRACE,,0,0,1
676337,120.0,113.47871720116618,0.28253343500155204,3.251365526632177,2.7591836734693875,1.9693877551020407,1.2102040816326531,0.06997084548104955,1.0,,control,6.0,TX,,WINDSOR HOUSTON,,0,1,1
676338,67.62711370262392,51.05527696793003,0.43517084223916913,3.4748127160201916,3.706122448979592,2.8591836734693876,2.16734693877551,0.0,0.0,,control,6.0,TX,,COON MEMORIAL HOME,,0,0,0
676339,135.10932944606412,81.73758017492713,0.30761418249496925,3.1296222535772555,1.5020408163265304,1.0,1.4,0.0,1.0,,control,6.0,TX,,"REMARKABLE HEALTHCARE OF DALLAS, LP",,0,1,0
676341,120.0,69.53314868804665,0.2230605056025985,2.985146645239239,3.583673469387755,2.9571428571428573,1.3734693877551019,0.06997084548104955,0.9300291545189504,,control,6.0,TX,,CAPROCK NURSING & REHABILITATION,,0,1,1
676345,87.84139941690961,82.7495335276968,0.48200881609121804,3.27723088534292,3.585714285714286,4.057142857142857,2.4551020408163264,0.06997084548104955,0.6029154518950437,,control,6.0,TX,,BEL AIR AT TERAVISTA,,0,1,1
676346,109.78221574344023,88.98367346938777,0.15758436571377676,3.351018357544717,2.9306122448979592,2.304081632653061,1.0,0.06997084548104955,1.0,,control,6.0,TX,,SENIOR CARE OF EDINBURG,,0,1,1
676349,110.0,76.31189504373178,0.7079646170710419,4.1023200497819925,3.4285714285714284,3.906122448979592,2.5081632653061225,0.06997084548104955,0.4425655976676385,,control,6.0,TX,,ACCEL AT WILLOW BEND,,0,0,1
676350,131.0,95.62160349854227,0.2550881635343974,2.9341553934966313,3.226530612244898,3.3040816326530615,1.2877551020408162,0.06997084548104955,1.0,,control,6.0,TX,,THE HEIGHTS OF TOMBALL,,0,1,1
676356,131.0,86.04026239067056,0.32487988774050053,3.1888037786444974,2.336734693877551,2.526530612244898,1.4979591836734696,0.06997084548104955,0.2685131195335277,,control,6.0,TX,,THE HEIGHTS OF NORTH HOUSTON,,0,0,1
676358,121.07638483965015,105.89323615160349,0.4368206618561207,3.424274846477008,2.183673469387755,2.557142857142857,1.963265306122449,0.06997084548104955,0.8396501457725948,,control,6.0,TX,,THE VILLAGES ON MACARTHUR,,0,1,1
676359,38.093294460641395,34.88635568513119,0.7422876617331282,4.465115741851161,3.3346938775510204,4.108163265306123,4.4,0.0,0.0,,control,6.0,TX,,CORNERSTONE RETIREMENT COMMUNITY,,0,0,0
676362,130.0,91.56877551020408,0.1534326745236928,3.463356215271726,1.6979591836734693,1.1959183673469387,1.0,0.06997084548104955,1.0,,control,6.0,TX,,BRIDGECREST REHABILITATION SUITES,,0,1,1
676365,118.82303206997085,108.36804664723033,0.29834239408638286,2.8318747502311536,3.389795918367347,3.4816326530612245,1.7734693877551022,0.06997084548104955,0.7355685131195335,,control,6.0,TX,,WILLOW PARK REHABILITATION AND CARE CENTER,,0,1,1
676368,124.61166180758018,91.84483965014576,0.3097322941953059,3.4524155585006753,1.8918367346938776,1.8918367346938776,1.583673469387755,0.0,0.4247813411078717,,control,6.0,TX,,TREVISO TRANSITIONAL CARE,,0,0,0
676370,35.0,25.040728862973758,0.3390325543324433,3.2763444240168296,2.4,2.3836734693877553,1.4591836734693877,0.0,1.0,,control,6.0,TX,,HARMONEE HOUSE,,0,1,0
676371,120.0,101.56291545189504,0.5275480981291728,3.131742203179389,2.0979591836734697,1.7244897959183674,1.7734693877551022,0.06997084548104955,0.712536443148688,,control,6.0,TX,,WINDSOR QUAIL VALLEY POST-ACUTE HEALTHCARE,,0,1,1
676380,120.0,67.26037900874636,0.37428002808796873,3.3968529286368883,1.8448979591836734,1.8448979591836734,1.9571428571428573,0.06997084548104955,1.0,,control,6.0,TX,,BIG SPRING CENTER FOR SKILLED CARE,,0,1,1
676411,61.0,53.26595744680851,0.1750220271083764,2.649404757977533,1.9743589743589745,1.9743589743589745,0.9999999999999999,0.0,1.0,,control,6.0,TX,,CLARENDON NURSING HOME,,0,1,0
676434,70.0,52.728367346938775,0.6955084295365351,4.723872538698797,4.463414634146341,4.158536585365853,2.402439024390244,0.08163265306122448,1.0,,control,6.0,TX,,NORTH HOUSTON TRANSITIONAL CARE,,0,1,1
676435,70.0,46.534523809523805,0.9810245455851929,4.057148313482421,2.512195121951219,2.902439024390244,2.402439024390244,0.08163265306122448,1.0,,control,6.0,TX,,HOUSTON TRANSITIONAL CARE,,0,1,1
676443,67.40816326530611,66.67404255319148,1.154064285795136,5.156360730567176,2.4878048780487805,3.8048780487804876,3.8536585365853657,0.0,1.0,,control,6.0,TX,,THE CENTER AT GRANDE,,0,1,0
676454,70.0,38.11234042553191,1.4149064720929236,4.351721917929066,2.9390243902439024,2.9390243902439024,3.2307692307692304,0.10212765957446808,1.0,,control,5.0,TX,,VIBRALIFE OF KATY REHABILITATION CENTER,,0,1,1
676466,139.0,88.73414634146341,0.48445601341554334,3.717463943626237,2.8,2.2,1.0,0.10212765957446808,0.6531914893617021,,control,5.0,TX,,,,0,1,1
676481,130.0,109.58,0.16559050144433515,3.1090760922604144,4.0,2.0,1.0,0.0,1.0,,control,2.0,TX,,BETHANY SENIOR LIVING,,0,1,0
676483,71.99999999999999,31.689743589743586,1.4945646659489042,6.269209248829945,4.205128205128204,4.435897435897435,3.461538461538461,0.2051282051282051,0.0,,control,3.0,TX,,VENTANA BY BUCKNER,,0,0,1
676494,108.0,78.93333333333332,0.644747551548103,4.459219241080857,3.8000000000000003,3.8000000000000003,2.6,0.0,0.9999999999999999,,control,3.0,TX,,BLUEBONNET POINT WELLNESS,,0,1,0
676495,119.99999999999999,43.45897435897435,0.3988820400959661,2.9825818638367583,5.0,4.0,1.0,0.0,0.7948717948717947,,control,3.0,TX,,STARR COUNTY NURSING AND TRANSITIONAL CARE,,0,1,0
676497,123.99999999999997,43.38,0.5140535976779307,4.069222417472746,4.0,4.0,2.0,0.2051282051282051,0.9999999999999999,,control,3.0,TX,,LAKESIDE HEALTH AND WELLNESS,,0,1,1
686124,203.0,190.95853658536583,1.0628742521002077,4.295574884649071,2.2051282051282053,2.9230769230769225,3.5128205128205128,0.10212765957446808,1.0,,control,5.0,FL,,HARMONY HEALTH CENTER,,0,1,1
745005,80.0,25.960000000000004,0.7480973558999333,6.320188781649408,3.0,3.0,3.0,0.4,1.0,,control,2.0,TX,,CENTER AT ZARAGOZA,,0,1,1
