analysis_spec,sample_role,analysis_sample_label,ccn_str,analysis_facility_name,analysis_state,year,ever_treated,treat_year,post_treat,event_time,deal_id,pe_firm,platform_name,transition_type,transition_verified,verification_tier,ownership_effective_date,baseline_medicaid_share,baseline_medicaid_n_years,baseline_medicare_share,baseline_medicare_n_years,high_medicare,any_private_equity_owner,any_reit_owner,any_trust_owner,any_investment_firm_owner,any_holding_company_owner,any_management_company_owner,baseline_window_start,baseline_window_end,baseline_method,valid_pseudocohorts,has_baseline_medicaid,has_form671,has_pbj_nurse,has_provider_info,has_provider_info_latest,has_owner_snapshot,has_chow_event,has_enrollment_snapshot,control_v2_eligible,control_v2_staffing_eligible,panel_years,years_with_form671,years_with_pbj_nurse,pbj_days_observed,pbj_mean_census,pbj_total_rn_hours,pbj_total_nurse_hours,pbj_mean_rn_hprd,pbj_mean_nurse_hprd,provider_reported_staffing_hprd,provider_staffing_rating,provider_rn_staffing_rating,provider_health_rating,provider_overall_rating,provider_qm_rating,provider_survey_score,provider_reported_incidents,provider_subst_complaints,provider_ic_citations,provider_number_of_fines,provider_total_fines_dollars,provider_payment_denials,provider_total_penalties,provider_changed_ownership_12m,form671_total_residents_mean,form671_medicaid_census_mean,form671_medicare_census_mean,form671_medicaid_share_mean,provider_ownership_type,provider_certified_beds,provider_avg_residents_per_day,provider_legal_business_name,provider_chain_name,provider_chain_id,provider_name,provider_state,facility_name_treatment,state_treatment,city_treatment,provider_processing_date,outcome_available_pbj_staffing,has_provider_staffing_outcome,has_star_rating_outcome,has_form671_payer_mix_outcome,sample_main_staffing,sample_provider_staffing,sample_star_ratings,sample_payer_mix_outcome
gold_main_v2,control,control_v2,015120,"NHC HEALTHCARE, ANNISTON",AL,2016,0,,,,,,,,,,,43.63711059907834,4.0,27.10666359447005,4.0,1,,,,,,,2016.0,2023.0,control_weighted_pseudocohort,5.0,1,0,0,1,1,0,0,0,1.0,1.0,11.0,3.0,9.0,,,,,,,3.74821,3.0,4.0,4.0,4.0,3.0,20.667,0.0,0.0,,0.0,0.0,0.0,0.0,N,,,,,For profit - Corporation,151.0,139.0,NHC HEALTHCARE-ANNISTON LLC,,,"NHC HEALTHCARE, ANNISTON",,,,,,0,1,1,0,0,1,1,0
gold_main_v2,control,control_v2,015120,"NHC HEALTHCARE, ANNISTON",AL,2017,0,,,,,,,,,,,43.63711059907834,4.0,27.10666359447005,4.0,1,,,,,,,2016.0,2023.0,control_weighted_pseudocohort,5.0,1,0,1,1,1,0,0,0,1.0,1.0,11.0,3.0,9.0,365.0,140.4129857461379,38257.75,196758.0,0.7463125925868169,3.8425860967417536,3.8,3.0,4.0,3.0,3.0,4.0,22.667,0.0,2.0,,0.0,0.0,0.0,0.0,N,,,,,For profit - Corporation,151.0,143.0,NHC HEALTHCARE-ANNISTON LLC,,,"NHC HEALTHCARE, ANNISTON",,,,,2017-12-01,1,1,1,0,1,1,1,0
gold_main_v2,control,control_v2,015120,"NHC HEALTHCARE, ANNISTON",AL,2018,0,,,,,,,,,,,43.63711059907834,4.0,27.10666359447005,4.0,1,,,,,,,2016.0,2023.0,control_weighted_pseudocohort,5.0,1,0,1,1,1,0,0,0,1.0,1.0,11.0,3.0,9.0,365.0,140.96955924510272,33847.53,203369.17,0.65730596169602,3.9533737327308742,3.91622,,4.0,,,,24.000,0.0,2.0,,0.0,0.0,0.0,0.0,N,,,,,For profit - Corporation,151.0,140.2,NHC HEALTHCARE-ANNISTON LLC,,,"NHC HEALTHCARE, ANNISTON",,,,,2018-12-01,1,1,0,0,1,1,0,0
gold_main_v2,control,control_v2,015120,"NHC HEALTHCARE, ANNISTON",AL,2019,0,,,,,,,,,,,43.63711059907834,4.0,27.10666359447005,4.0,1,,,,,,,2016.0,2023.0,control_weighted_pseudocohort,5.0,1,0,1,1,1,0,0,0,1.0,1.0,11.0,3.0,9.0,365.0,142.6109193342889,45619.5,208280.05,0.8752391551289593,4.000664382374287,3.9436,,4.0,,,,23.333,0.0,0.0,,0.0,0.0,0.0,0.0,N,,,,,For profit - Corporation,151.0,140.4,NHC HEALTHCARE-ANNISTON LLC,,,"NHC HEALTHCARE, ANNISTON",,,,,2019-11-01,1,1,0,0,1,1,0,0
gold_main_v2,control,control_v2,015120,"NHC HEALTHCARE, ANNISTON",AL,2020,0,,,,,,,,,,,43.63711059907834,4.0,27.10666359447005,4.0,1,,,,,,,2016.0,2023.0,control_weighted_pseudocohort,5.0,1,0,1,1,1,0,0,0,1.0,1.0,11.0,3.0,9.0,366.0,127.96165790731008,36969.1,199554.83,0.7955563812534431,4.286693493469456,4.3746,4.0,4.0,4.0,4.0,4.0,12.667,0.0,0.0,,0.0,0.0,0.0,0.0,N,,,,,For profit - Corporation,151.0,127.8,NHC HEALTHCARE-ANNISTON LLC,,,"NHC HEALTHCARE, ANNISTON",,,,,2020-11-01,1,1,1,0,1,1,1,0
gold_main_v2,control,control_v2,015120,"NHC HEALTHCARE, ANNISTON",AL,2021,0,,,,,,,,,,,43.63711059907834,4.0,27.10666359447005,4.0,1,,,,,,,2016.0,2023.0,control_weighted_pseudocohort,5.0,1,0,1,1,1,0,0,0,1.0,1.0,11.0,3.0,9.0,365.0,120.98958631947762,33004.67,179816.83,0.7553170851315822,4.099831823328424,3.69638,4.0,4.0,2.0,3.0,2.0,24.667,0.0,1.0,2.0,2.0,19636.5,0.0,2.0,N,,,,,For profit - Corporation,151.0,126.9,NHC HEALTHCARE-ANNISTON LLC,,,"NHC HEALTHCARE, ANNISTON",,,,,2021-11-01,1,1,1,0,1,1,1,0
gold_main_v2,control,control_v2,015120,"NHC HEALTHCARE, ANNISTON",AL,2022,0,,,,,,,,,,,43.63711059907834,4.0,27.10666359447005,4.0,1,False,False,False,False,False,False,2016.0,2023.0,control_weighted_pseudocohort,5.0,1,0,1,1,1,1,0,1,1.0,1.0,11.0,3.0,9.0,365.0,121.98496376811596,26408.7,185673.64,0.594191522865219,4.175836308296741,4.04177,4.0,,3.0,3.0,2.0,18.667,0.0,1.0,2.0,2.0,19636.5,0.0,2.0,N,,,,,For profit - Corporation,151.0,122.0,NHC HEALTHCARE-ANNISTON LLC,,,"NHC HEALTHCARE, ANNISTON",,,,,2022-11-01,1,1,1,0,1,1,1,0
gold_main_v2,control,control_v2,015120,"NHC HEALTHCARE, ANNISTON",AL,2023,0,,,,,,,,,,,43.63711059907834,4.0,27.10666359447005,4.0,1,False,False,False,False,False,False,2016.0,2023.0,control_weighted_pseudocohort,5.0,1,1,1,1,1,1,0,1,1.0,1.0,11.0,3.0,9.0,365.0,129.46451730636514,34356.94,188233.82,0.7264123334359692,3.996370590573836,3.97851,4.0,,4.0,4.0,2.0,12.667,0.0,0.0,0.0,0.0,0.0,0.0,0.0,N,144.0,73.0,35.0,0.5069444444444444,For profit - Corporation,151.0,130.2,NHC HEALTHCARE-ANNISTON LLC,NATIONAL HEALTHCARE CORPORATION,364.0,"NHC HEALTHCARE, ANNISTON",AL,,,,2023-11-01,1,1,1,1,1,1,1,1
gold_main_v2,control,control_v2,015120,"NHC HEALTHCARE, ANNISTON",AL,2024,0,,,,,,,,,,,43.63711059907834,4.0,27.10666359447005,4.0,1,False,False,False,False,False,False,2016.0,2023.0,control_weighted_pseudocohort,5.0,1,1,1,1,1,1,0,1,1.0,1.0,11.0,3.0,9.0,366.0,124.48014214046825,36203.0,176774.0,0.7960747128071939,3.886763330388569,3.99083,4.0,,4.0,4.0,2.0,12.667,0.0,0.0,,0.0,0.0,0.0,0.0,N,140.75,72.25,31.25,0.5137961195928753,For profit - Corporation,151.0,125.2,NHC HEALTHCARE-ANNISTON LLC,NATIONAL HEALTHCARE CORPORATION,364.0,"NHC HEALTHCARE, ANNISTON",AL,,,,2024-11-01,1,1,1,1,1,1,1,1
gold_main_v2,control,control_v2,015120,"NHC HEALTHCARE, ANNISTON",AL,2025,0,,,,,,,,,,,43.63711059907834,4.0,27.10666359447005,4.0,1,False,True,False,True,False,False,2016.0,2023.0,control_weighted_pseudocohort,5.0,1,1,1,1,1,1,0,1,1.0,1.0,11.0,3.0,9.0,273.0,132.55110244023288,28998.5,131473.25,0.8020219640484534,3.6379029746500025,3.67337,4.0,,2.0,3.0,5.0,43.000,6.0,0.0,,1.0,11057.0,0.0,1.0,N,131.0,70.0,20.0,0.5343511450381679,For profit - Limited Liability company,151.0,131.6,NHC HEALTHCARE-ANNISTON LLC,NATIONAL HEALTHCARE CORPORATION,364.0,"NHC HEALTHCARE, ANNISTON",AL,,,,2025-11-01,1,1,1,1,1,1,1,1
gold_main_v2,control,control_v2,015120,"NHC HEALTHCARE, ANNISTON",AL,2026,0,,,,,,,,,,,43.63711059907834,4.0,27.10666359447005,4.0,1,False,True,False,True,False,False,2016.0,2023.0,control_weighted_pseudocohort,5.0,1,0,0,1,1,1,0,1,1.0,1.0,11.0,3.0,9.0,,,,,,,3.67404,4.0,,2.0,3.0,5.0,43.000,,,,1.0,11057.0,0.0,1.0,N,,,,,For profit - Limited Liability company,151.0,130.8,NHC HEALTHCARE-ANNISTON LLC,NATIONAL HEALTHCARE CORPORATION,364.0,"NHC HEALTHCARE, ANNISTON",AL,,,,2026-03-01,0,1,1,0,0,1,1,0
gold_main_v2,control,control_v2,015128,"NHC HEALTHCARE, MOULTON",AL,2016,0,,,,,,,,,,,58.15860829493088,4.0,14.461124423963136,4.0,0,,,,,,,2016.0,2023.0,control_weighted_pseudocohort,5.0,1,0,0,1,1,0,0,0,1.0,1.0,11.0,3.0,9.0,,,,,,,3.94272,3.0,3.0,1.0,1.0,4.0,53.667,0.0,3.0,,1.0,71500.0,0.0,1.0,N,,,,,For profit - Corporation,136.0,110.0,NHC HEALTHCARE-MOULTON LLC,,,"NHC HEALTHCARE, MOULTON",,,,,,0,1,1,0,0,1,1,0
gold_main_v2,control,control_v2,015128,"NHC HEALTHCARE, MOULTON",AL,2017,0,,,,,,,,,,,58.15860829493088,4.0,14.461124423963136,4.0,0,,,,,,,2016.0,2023.0,control_weighted_pseudocohort,5.0,1,0,1,1,1,0,0,0,1.0,1.0,11.0,3.0,9.0,365.0,115.82987139671924,31178.0,159833.75,0.7382081253565442,3.781521173343745,3.66356,3.0,3.0,3.0,4.0,5.0,21.333,0.0,3.0,,0.0,0.0,0.0,0.0,N,,,,,For profit - Partnership,136.0,118.0,NHC HEALTHCARE-MOULTON LLC,,,"NHC HEALTHCARE, MOULTON",,,,,2017-12-01,1,1,1,0,1,1,1,0
gold_main_v2,control,control_v2,015128,"NHC HEALTHCARE, MOULTON",AL,2018,0,,,,,,,,,,,58.15860829493088,4.0,14.461124423963136,4.0,0,,,,,,,2016.0,2023.0,control_weighted_pseudocohort,5.0,1,0,1,1,1,0,0,0,1.0,1.0,11.0,3.0,9.0,365.0,115.12441737006957,30269.25,159898.0,0.7208301895616074,3.807864893229133,3.79635,,4.0,,,,24.000,0.0,0.0,,0.0,0.0,0.0,0.0,N,,,,,For profit - Corporation,136.0,116.3,NHC HEALTHCARE-MOULTON LLC,,,"NHC HEALTHCARE, MOULTON",,,,,2018-12-01,1,1,0,0,1,1,0,0
gold_main_v2,control,control_v2,015128,"NHC HEALTHCARE, MOULTON",AL,2019,0,,,,,,,,,,,58.15860829493088,4.0,14.461124423963136,4.0,0,,,,,,,2016.0,2023.0,control_weighted_pseudocohort,5.0,1,0,1,1,1,0,0,0,1.0,1.0,11.0,3.0,9.0,365.0,113.98567778839518,34356.25,161810.5,0.8262966321117984,3.8926824204226262,3.99589,,5.0,,,,16.667,0.0,0.0,,0.0,0.0,0.0,0.0,N,,,,,For profit - Corporation,136.0,112.4,NHC HEALTHCARE-MOULTON LLC,,,"NHC HEALTHCARE, MOULTON",,,,,2019-11-01,1,1,0,0,1,1,0,0
gold_main_v2,control,control_v2,015128,"NHC HEALTHCARE, MOULTON",AL,2020,0,,,,,,,,,,,58.15860829493088,4.0,14.461124423963136,4.0,0,,,,,,,2016.0,2023.0,control_weighted_pseudocohort,5.0,1,0,1,1,1,0,0,0,1.0,1.0,11.0,3.0,9.0,366.0,102.59062947921645,32254.0,155677.9,0.8637021410042308,4.188176742223249,3.98949,5.0,5.0,4.0,5.0,4.0,12.000,0.0,0.0,,0.0,0.0,0.0,0.0,N,,,,,For profit - Corporation,136.0,108.3,NHC HEALTHCARE-MOULTON LLC,,,"NHC HEALTHCARE, MOULTON",,,,,2020-11-01,1,1,1,0,1,1,1,0
gold_main_v2,control,control_v2,015128,"NHC HEALTHCARE, MOULTON",AL,2021,0,,,,,,,,,,,58.15860829493088,4.0,14.461124423963136,4.0,0,,,,,,,2016.0,2023.0,control_weighted_pseudocohort,5.0,1,0,1,1,1,0,0,0,1.0,1.0,11.0,3.0,9.0,365.0,99.1910117056856,27263.25,146185.44,0.7548813997976824,4.052138990009781,3.92384,4.0,4.0,4.0,4.0,2.0,12.000,0.0,0.0,0.0,0.0,0.0,0.0,0.0,N,,,,,For profit - Corporation,136.0,101.7,NHC HEALTHCARE-MOULTON LLC,,,"NHC HEALTHCARE, MOULTON",,,,,2021-11-01,1,1,1,0,1,1,1,0
gold_main_v2,control,control_v2,015128,"NHC HEALTHCARE, MOULTON",AL,2022,0,,,,,,,,,,,58.15860829493088,4.0,14.461124423963136,4.0,0,False,False,False,False,False,False,2016.0,2023.0,control_weighted_pseudocohort,5.0,1,0,1,1,1,1,0,1,1.0,1.0,11.0,3.0,9.0,365.0,107.45535183415618,26777.47,143061.55,0.6825022798803679,3.649201315551632,3.52373,4.0,,4.0,4.0,3.0,12.000,0.0,0.0,0.0,0.0,0.0,0.0,0.0,N,,,,,For profit - Corporation,136.0,108.7,NHC HEALTHCARE-MOULTON LLC,,,"NHC HEALTHCARE, MOULTON",,,,,2022-11-01,1,1,1,0,1,1,1,0
gold_main_v2,control,control_v2,015128,"NHC HEALTHCARE, MOULTON",AL,2023,0,,,,,,,,,,,58.15860829493088,4.0,14.461124423963136,4.0,0,False,False,False,False,False,False,2016.0,2023.0,control_weighted_pseudocohort,5.0,1,1,1,1,1,1,0,1,1.0,1.0,11.0,3.0,9.0,365.0,110.9459408345278,27721.97,148679.96,0.6860751823001174,3.675572301735752,3.6383,4.0,,1.0,1.0,3.0,228.500,0.0,2.0,0.0,1.0,15592.85,1.0,2.0,N,118.0,65.0,18.0,0.5508474576271186,For profit - Corporation,136.0,114.4,NHC HEALTHCARE-MOULTON LLC,NATIONAL HEALTHCARE CORPORATION,364.0,"NHC HEALTHCARE, MOULTON",AL,,,,2023-11-01,1,1,1,1,1,1,1,1
gold_main_v2,control,control_v2,015128,"NHC HEALTHCARE, MOULTON",AL,2024,0,,,,,,,,,,,58.15860829493088,4.0,14.461124423963136,4.0,0,False,False,False,False,False,False,2016.0,2023.0,control_weighted_pseudocohort,5.0,1,1,1,1,1,1,0,1,1.0,1.0,11.0,3.0,9.0,366.0,113.31223124701386,29364.98,151163.02000000002,0.7078205517048285,3.64549289104294,3.61631,3.0,,1.0,1.0,3.0,156.333,0.0,2.0,,1.0,15592.85,1.0,2.0,N,118.0,65.0,18.0,0.5508474576271186,For profit - Corporation,136.0,113.0,NHC HEALTHCARE-MOULTON LLC,NATIONAL HEALTHCARE CORPORATION,364.0,"NHC HEALTHCARE, MOULTON",AL,,,,2024-11-01,1,1,1,1,1,1,1,1
gold_main_v2,control,control_v2,015128,"NHC HEALTHCARE, MOULTON",AL,2025,0,,,,,,,,,,,58.15860829493088,4.0,14.461124423963136,4.0,0,False,True,False,True,False,False,2016.0,2023.0,control_weighted_pseudocohort,5.0,1,1,1,1,1,1,0,1,1.0,1.0,11.0,3.0,9.0,273.0,113.85720302242042,21055.75,113254.5,0.6785945290704664,3.648794943642494,3.73448,3.0,,1.0,2.0,5.0,116.250,0.0,2.0,,0.0,0.0,0.0,0.0,N,118.0,65.0,18.0,0.5508474576271186,For profit - Corporation,136.0,110.1,NHC HEALTHCARE-MOULTON LLC,NATIONAL HEALTHCARE CORPORATION,364.0,"NHC HEALTHCARE, MOULTON",AL,,,,2025-11-01,1,1,1,1,1,1,1,1
gold_main_v2,control,control_v2,015128,"NHC HEALTHCARE, MOULTON",AL,2026,0,,,,,,,,,,,58.15860829493088,4.0,14.461124423963136,4.0,0,False,True,False,True,False,False,2016.0,2023.0,control_weighted_pseudocohort,5.0,1,0,0,1,1,1,0,1,1.0,1.0,11.0,3.0,9.0,,,,,,,3.53707,2.0,,4.0,5.0,5.0,8.000,,,,0.0,0.0,0.0,0.0,N,,,,,For profit - Corporation,136.0,118.2,NHC HEALTHCARE-MOULTON LLC,NATIONAL HEALTHCARE CORPORATION,364.0,"NHC HEALTHCARE, MOULTON",AL,,,,2026-03-01,0,1,1,0,0,1,1,0
gold_main_v2,control,control_v2,015459,GALLERIA WOODS SKILLED NURSING FACILITY,AL,2016,0,,,,,,,,,,,0.0,4.0,17.89742396313364,4.0,1,,,,,,,2016.0,2023.0,control_weighted_pseudocohort,5.0,1,0,0,1,1,0,0,0,1.0,1.0,11.0,3.0,9.0,,,,,,,4.43965,4.0,4.0,5.0,5.0,5.0,6.667,0.0,0.0,,1.0,5525.0,0.0,1.0,N,,,,,For profit - Corporation,30.0,29.0,"CCRC OPCO - GALLERIA WOODS, LLC",,,GALLERIA WOODS SKILLED NURSING FACILITY,,,,,,0,1,1,0,0,1,1,0
gold_main_v2,control,control_v2,015459,GALLERIA WOODS SKILLED NURSING FACILITY,AL,2017,0,,,,,,,,,,,0.0,4.0,17.89742396313364,4.0,1,,,,,,,2016.0,2023.0,control_weighted_pseudocohort,5.0,1,0,1,1,1,0,0,0,1.0,1.0,11.0,3.0,9.0,365.0,28.51535740829219,8449.880000000001,45599.130000000005,0.8121554149651804,4.384250535818504,4.63036,5.0,5.0,4.0,5.0,5.0,14.000,0.0,0.0,,0.0,0.0,0.0,0.0,N,,,,,For profit - Corporation,30.0,28.0,"CCRC OPCO - GALLERIA WOODS, LLC",,,GALLERIA WOODS SKILLED NURSING FACILITY,,,,,2017-12-01,1,1,1,0,1,1,1,0
gold_main_v2,control,control_v2,015459,GALLERIA WOODS SKILLED NURSING FACILITY,AL,2018,0,,,,,,,,,,,0.0,4.0,17.89742396313364,4.0,1,,,,,,,2016.0,2023.0,control_weighted_pseudocohort,5.0,1,0,1,1,1,0,0,0,1.0,1.0,11.0,3.0,9.0,365.0,27.885532462706376,8589.79,46227.29,0.8453245210438571,4.553074153516823,4.62927,,5.0,,,,16.000,0.0,0.0,,1.0,90230.0,0.0,1.0,N,,,,,For profit - Corporation,30.0,28.2,"CCRC OPCO - GALLERIA WOODS, LLC",,,GALLERIA WOODS SKILLED NURSING FACILITY,,,,,2018-12-01,1,1,0,0,1,1,0,0
gold_main_v2,control,control_v2,015459,GALLERIA WOODS SKILLED NURSING FACILITY,AL,2019,0,,,,,,,,,,,0.0,4.0,17.89742396313364,4.0,1,,,,,,,2016.0,2023.0,control_weighted_pseudocohort,5.0,1,0,1,1,1,0,0,0,1.0,1.0,11.0,3.0,9.0,365.0,27.67712613473483,10592.8,45761.55,1.0513963861927775,4.542070130011401,4.61882,,5.0,,,,65.667,0.0,0.0,,1.0,90230.0,0.0,1.0,N,,,,,For profit - Corporation,30.0,27.6,"CCRC OPCO - GALLERIA WOODS, LLC",,,GALLERIA WOODS SKILLED NURSING FACILITY,,,,,2019-11-01,1,1,0,0,1,1,0,0
gold_main_v2,control,control_v2,015459,GALLERIA WOODS SKILLED NURSING FACILITY,AL,2020,0,,,,,,,,,,,0.0,4.0,17.89742396313364,4.0,1,,,,,,,2016.0,2023.0,control_weighted_pseudocohort,5.0,1,0,1,1,1,0,0,0,1.0,1.0,11.0,3.0,9.0,366.0,27.918060200668897,12673.38,44660.28,1.2421356252114335,4.388342274228026,4.61622,5.0,5.0,1.0,2.0,5.0,44.167,0.0,0.0,,1.0,90230.0,0.0,1.0,N,,,,,For profit - Corporation,30.0,27.3,"CCRC OPCO - GALLERIA WOODS, LLC",,,GALLERIA WOODS SKILLED NURSING FACILITY,,,,,2020-11-01,1,1,1,0,1,1,1,0
gold_main_v2,control,control_v2,015459,GALLERIA WOODS SKILLED NURSING FACILITY,AL,2021,0,,,,,,,,,,,0.0,4.0,17.89742396313364,4.0,1,,,,,,,2016.0,2023.0,control_weighted_pseudocohort,5.0,1,0,1,1,1,0,0,0,1.0,1.0,11.0,3.0,9.0,365.0,27.973581913255828,9143.57,43744.2,0.8991006289986854,4.294973696980753,4.25245,5.0,5.0,2.0,3.0,4.0,22.667,0.0,0.0,0.0,1.0,90229.75,0.0,1.0,N,,,,,For profit - Corporation,30.0,28.0,"CCRC OPCO - GALLERIA WOODS, LLC",,,GALLERIA WOODS SKILLED NURSING FACILITY,,,,,2021-11-01,1,1,1,0,1,1,1,0
gold_main_v2,control,control_v2,015459,GALLERIA WOODS SKILLED NURSING FACILITY,AL,2022,0,,,,,,,,,,,0.0,4.0,17.89742396313364,4.0,1,False,False,False,False,False,True,2016.0,2023.0,control_weighted_pseudocohort,5.0,1,0,1,1,1,1,0,1,1.0,1.0,11.0,3.0,9.0,365.0,26.800990736316823,8319.74,44888.32,0.8526402636097594,4.606101852503499,4.5531,5.0,,1.0,2.0,5.0,32.000,0.0,0.0,0.0,0.0,0.0,0.0,0.0,N,,,,,For profit - Corporation,30.0,27.2,"CCRC OPCO-GALLERIA WOODS, LLC",,,GALLERIA WOODS SKILLED NURSING FACILITY,,,,,2022-11-01,1,1,1,0,1,1,1,0
gold_main_v2,control,control_v2,015459,GALLERIA WOODS SKILLED NURSING FACILITY,AL,2023,0,,,,,,,,,,,0.0,4.0,17.89742396313364,4.0,1,False,False,False,False,False,True,2016.0,2023.0,control_weighted_pseudocohort,5.0,1,1,1,1,1,1,0,1,1.0,1.0,11.0,3.0,9.0,365.0,26.884424934968415,8444.59,42059.51,0.864753843982338,4.298720172867384,4.10395,5.0,,1.0,2.0,4.0,32.000,0.0,0.0,0.0,0.0,0.0,0.0,0.0,N,28.0,0.0,3.0,0.0,For profit - Corporation,30.0,27.8,"CCRC OPCO-GALLERIA WOODS, LLC","HEALTHPEAK PROPERTIES, INC.",261.0,GALLERIA WOODS SKILLED NURSING FACILITY,AL,,,,2023-11-01,1,1,1,1,1,1,1,1
gold_main_v2,control,control_v2,015459,GALLERIA WOODS SKILLED NURSING FACILITY,AL,2024,0,,,,,,,,,,,0.0,4.0,17.89742396313364,4.0,1,False,False,False,False,False,True,2016.0,2023.0,control_weighted_pseudocohort,5.0,1,1,1,1,1,1,0,1,1.0,1.0,11.0,3.0,9.0,366.0,27.144320353559483,10760.17,42954.09,1.0866235350986408,4.3393601465218765,4.20151,4.0,,1.0,1.0,4.0,32.000,0.0,0.0,0.0,0.0,0.0,0.0,0.0,N,28.0,0.0,3.0,0.0,For profit - Corporation,30.0,28.1,"CCRC OPCO-GALLERIA WOODS, LLC","HEALTHPEAK PROPERTIES, INC.",261.0,GALLERIA WOODS SKILLED NURSING FACILITY,AL,,,,2024-11-01,1,1,1,1,1,1,1,1
gold_main_v2,control,control_v2,015459,GALLERIA WOODS SKILLED NURSING FACILITY,AL,2025,0,,,,,,,,,,,0.0,4.0,17.89742396313364,4.0,1,False,True,False,False,False,True,2016.0,2023.0,control_weighted_pseudocohort,5.0,1,1,1,1,1,1,0,1,1.0,1.0,11.0,3.0,9.0,273.0,26.35180584311019,8085.81,32028.55,1.1261831662364945,4.468870708584183,4.4261,4.0,,2.0,3.0,5.0,36.000,0.0,0.0,0.0,0.0,0.0,0.0,0.0,N,28.0,0.0,3.0,0.0,For profit - Corporation,30.0,27.1,"CCRC OPCO-GALLERIA WOODS, LLC","HEALTHPEAK PROPERTIES, INC.",261.0,GALLERIA WOODS SKILLED NURSING FACILITY,AL,,,,2025-11-01,1,1,1,1,1,1,1,1
gold_main_v2,control,control_v2,015459,GALLERIA WOODS SKILLED NURSING FACILITY,AL,2026,0,,,,,,,,,,,0.0,4.0,17.89742396313364,4.0,1,False,True,False,False,False,True,2016.0,2023.0,control_weighted_pseudocohort,5.0,1,0,0,1,1,1,0,1,1.0,1.0,11.0,3.0,9.0,,,,,,,4.52407,4.0,,2.0,3.0,5.0,36.000,,,0.0,0.0,0.0,0.0,0.0,N,,,,,For profit - Corporation,30.0,25.9,"CCRC OPCO-GALLERIA WOODS, LLC","HEALTHPEAK PROPERTIES, INC.",261.0,GALLERIA WOODS SKILLED NURSING FACILITY,AL,,,,2026-03-01,0,1,1,0,0,1,1,0
gold_main_v2,control,control_v2,035253,BROOKDALE SANTA CATALINA,AZ,2016,0,,,,,,,,,,,0.0,4.0,38.51491474654378,4.0,1,,,,,,,2016.0,2023.0,control_weighted_pseudocohort,5.0,1,0,0,1,1,0,0,0,1.0,1.0,11.0,3.0,9.0,,,,,,,3.54343,2.0,4.0,3.0,3.0,3.0,34.000,0.0,5.0,,0.0,0.0,0.0,0.0,N,,,,,For profit - Corporation,42.0,38.0,ARC SANTA CATALINA INC,,,BROOKDALE SANTA CATALINA,,,,,,0,1,1,0,0,1,1,0
gold_main_v2,control,control_v2,035253,BROOKDALE SANTA CATALINA,AZ,2017,0,,,,,,,,,,,0.0,4.0,38.51491474654378,4.0,1,,,,,,,2016.0,2023.0,control_weighted_pseudocohort,5.0,1,0,1,1,1,0,0,0,1.0,1.0,11.0,3.0,9.0,365.0,35.80561793279185,14700.69,51712.04000000001,1.133452147893038,3.97716406560859,4.83666,4.0,4.0,4.0,5.0,5.0,16.000,0.0,1.0,,0.0,0.0,0.0,0.0,N,,,,,For profit - Corporation,42.0,30.0,ARC SANTA CATALINA INC,,,BROOKDALE SANTA CATALINA,,,,,2017-12-01,1,1,1,0,1,1,1,0
gold_main_v2,control,control_v2,035253,BROOKDALE SANTA CATALINA,AZ,2018,0,,,,,,,,,,,0.0,4.0,38.51491474654378,4.0,1,,,,,,,2016.0,2023.0,control_weighted_pseudocohort,5.0,1,0,1,1,1,0,0,0,1.0,1.0,11.0,3.0,9.0,365.0,31.68777074374901,12577.22,46720.47,1.1158245656342811,4.152537017262128,4.36435,,5.0,,,,15.200,0.0,0.0,,0.0,0.0,0.0,0.0,N,,,,,For profit - Corporation,42.0,29.0,ARC SANTA CATALINA INC,,,BROOKDALE SANTA CATALINA,,,,,2018-12-01,1,1,0,0,1,1,0,0
gold_main_v2,control,control_v2,035253,BROOKDALE SANTA CATALINA,AZ,2019,0,,,,,,,,,,,0.0,4.0,38.51491474654378,4.0,1,,,,,,,2016.0,2023.0,control_weighted_pseudocohort,5.0,1,0,1,1,1,0,0,0,1.0,1.0,11.0,3.0,9.0,365.0,26.296340977862716,12124.9,40341.51,1.3089372329932858,4.280136466972341,3.98903,,4.0,,,,26.000,1.0,1.0,,0.0,0.0,0.0,0.0,N,,,,,For profit - Corporation,42.0,28.2,ARC SANTA CATALINA INC,,,BROOKDALE SANTA CATALINA,,,,,2019-11-01,1,1,0,0,1,1,0,0
gold_main_v2,control,control_v2,035253,BROOKDALE SANTA CATALINA,AZ,2020,0,,,,,,,,,,,0.0,4.0,38.51491474654378,4.0,1,,,,,,,2016.0,2023.0,control_weighted_pseudocohort,5.0,1,0,1,1,1,0,0,0,1.0,1.0,11.0,3.0,9.0,366.0,22.294493549928333,11393.8,39713.55,1.422352221405181,5.00270838378421,5.04109,5.0,5.0,3.0,5.0,5.0,26.000,1.0,1.0,,0.0,0.0,0.0,0.0,N,,,,,For profit - Corporation,42.0,20.4,ARC SANTA CATALINA INC,,,BROOKDALE SANTA CATALINA,,,,,2020-11-01,1,1,1,0,1,1,1,0
gold_main_v2,control,control_v2,035253,BROOKDALE SANTA CATALINA,AZ,2021,0,,,,,,,,,,,0.0,4.0,38.51491474654378,4.0,1,,,,,,,2016.0,2023.0,control_weighted_pseudocohort,5.0,1,0,1,1,1,0,0,0,1.0,1.0,11.0,3.0,9.0,365.0,29.039906168710516,9926.3,49919.3,0.9694233298653956,4.84339236370052,4.31292,4.0,4.0,3.0,5.0,5.0,25.333,1.0,1.0,1.0,0.0,0.0,0.0,0.0,N,,,,,For profit - Corporation,42.0,31.3,ARC SANTA CATALINA INC,,,BROOKDALE SANTA CATALINA,,,,,2021-11-01,1,1,1,0,1,1,1,0
gold_main_v2,control,control_v2,035253,BROOKDALE SANTA CATALINA,AZ,2022,0,,,,,,,,,,,0.0,4.0,38.51491474654378,4.0,1,False,False,False,False,False,False,2016.0,2023.0,control_weighted_pseudocohort,5.0,1,0,1,1,1,1,0,1,1.0,1.0,11.0,3.0,9.0,365.0,30.365328874024527,12121.5,47647.83,1.1252866724860673,4.368422490560885,4.42398,3.0,,3.0,4.0,5.0,32.667,1.0,1.0,1.0,1.0,5330.0,0.0,1.0,N,,,,,For profit - Corporation,42.0,29.3,ARC SANTA CATALINA INC,,,BROOKDALE SANTA CATALINA,,,,,2022-11-01,1,1,1,0,1,1,1,0
gold_main_v2,control,control_v2,035253,BROOKDALE SANTA CATALINA,AZ,2023,0,,,,,,,,,,,0.0,4.0,38.51491474654378,4.0,1,False,False,False,False,False,False,2016.0,2023.0,control_weighted_pseudocohort,5.0,1,1,1,1,1,1,0,1,1.0,1.0,11.0,3.0,9.0,365.0,27.993368768912248,12140.0,40806.75,1.2051768442626705,4.075866151567584,3.74363,3.0,,2.0,2.0,4.0,52.000,1.0,1.0,1.0,1.0,3464.5,0.0,1.0,N,31.0,0.0,12.0,0.0,For profit - Corporation,42.0,30.6,ARC SANTA CATALINA INC,BROOKDALE SENIOR LIVING,93.0,BROOKDALE SANTA CATALINA,AZ,,,,2023-11-01,1,1,1,1,1,1,1,1
gold_main_v2,control,control_v2,035253,BROOKDALE SANTA CATALINA,AZ,2024,0,,,,,,,,,,,0.0,4.0,38.51491474654378,4.0,1,False,False,False,False,False,False,2016.0,2023.0,control_weighted_pseudocohort,5.0,1,1,1,1,1,1,0,1,1.0,1.0,11.0,3.0,9.0,366.0,25.911669851887243,9978.0,40496.0,1.0654200848045392,4.314745651489725,4.106,4.0,,2.0,3.0,5.0,54.667,1.0,1.0,,0.0,0.0,0.0,0.0,N,33.75,0.0,19.5,0.0,For profit - Corporation,42.0,27.8,ARC SANTA CATALINA INC,BROOKDALE SENIOR LIVING,93.0,BROOKDALE SANTA CATALINA,AZ,,,,2024-11-01,1,1,1,1,1,1,1,1
gold_main_v2,control,control_v2,035253,BROOKDALE SANTA CATALINA,AZ,2025,0,,,,,,,,,,,0.0,4.0,38.51491474654378,4.0,1,False,True,False,False,True,False,2016.0,2023.0,control_weighted_pseudocohort,5.0,1,1,1,1,1,1,0,1,1.0,1.0,11.0,3.0,9.0,273.0,34.94759427368123,7793.5,41173.0,0.8262462620875323,4.348080304262994,4.34753,5.0,,2.0,3.0,4.0,52.000,10.0,20.0,,0.0,0.0,0.0,0.0,N,42.0,0.0,42.0,0.0,For profit - Corporation,42.0,34.8,ARC SANTA CATALINA INC,BROOKDALE SENIOR LIVING,93.0,BROOKDALE SANTA CATALINA,AZ,,,,2025-11-01,1,1,1,1,1,1,1,1
gold_main_v2,control,control_v2,035253,BROOKDALE SANTA CATALINA,AZ,2026,0,,,,,,,,,,,0.0,4.0,38.51491474654378,4.0,1,False,True,False,False,True,False,2016.0,2023.0,control_weighted_pseudocohort,5.0,1,0,0,1,1,1,0,1,1.0,1.0,11.0,3.0,9.0,,,,,,,4.41322,4.0,,2.0,2.0,3.0,50.000,,,,0.0,0.0,0.0,0.0,N,,,,,For profit - Corporation,42.0,34.7,ARC SANTA CATALINA INC,BROOKDALE SENIOR LIVING,93.0,BROOKDALE SANTA CATALINA,AZ,,,,2026-03-01,0,1,1,0,0,1,1,0
gold_main_v2,control,control_v2,055282,POMONA VISTA CARE CENTER,CA,2016,0,,,,,,,,,,,62.31729493087558,4.0,17.833297235023043,4.0,1,,,,,,,2016.0,2023.0,control_weighted_pseudocohort,5.0,1,0,0,1,1,0,0,0,1.0,1.0,11.0,3.0,9.0,,,,,,,3.44483,3.0,3.0,4.0,5.0,5.0,40.667,0.0,0.0,,0.0,0.0,0.0,0.0,N,,,,,For profit - Corporation,59.0,58.0,MJB PARTNERS LLC,,,POMONA VISTA CARE CENTER,,,,,,0,1,1,0,0,1,1,0
gold_main_v2,control,control_v2,055282,POMONA VISTA CARE CENTER,CA,2017,0,,,,,,,,,,,62.31729493087558,4.0,17.833297235023043,4.0,1,,,,,,,2016.0,2023.0,control_weighted_pseudocohort,5.0,1,0,1,1,1,0,0,0,1.0,1.0,11.0,3.0,9.0,274.0,53.25466988727859,6803.719999999999,52245.36,0.4665461229318328,3.583383745920751,4.29259,4.0,4.0,2.0,4.0,5.0,78.000,0.0,4.0,,0.0,0.0,0.0,0.0,N,,,,,For profit - Corporation,59.0,54.0,MJB PARTNERS LLC,,,POMONA VISTA CARE CENTER,,,,,2017-12-01,1,1,1,0,1,1,1,0
gold_main_v2,control,control_v2,055282,POMONA VISTA CARE CENTER,CA,2018,0,,,,,,,,,,,62.31729493087558,4.0,17.833297235023043,4.0,1,,,,,,,2016.0,2023.0,control_weighted_pseudocohort,5.0,1,0,1,1,1,0,0,0,1.0,1.0,11.0,3.0,9.0,274.0,55.7500805152979,6351.98,55019.899999999994,0.4174557222261799,3.604758317380736,,,1.0,,,,88.000,0.0,4.0,,0.0,0.0,0.0,0.0,N,,,,,For profit - Corporation,59.0,53.1,MJB PARTNERS LLC,,,POMONA VISTA CARE CENTER,,,,,2018-12-01,1,0,0,0,1,0,0,0
gold_main_v2,control,control_v2,055282,POMONA VISTA CARE CENTER,CA,2019,0,,,,,,,,,,,62.31729493087558,4.0,17.833297235023043,4.0,1,,,,,,,2016.0,2023.0,control_weighted_pseudocohort,5.0,1,0,1,1,1,0,0,0,1.0,1.0,11.0,3.0,9.0,365.0,56.28769509476031,8003.09,75549.65,0.391192725488023,3.691683828551627,3.84477,,2.0,,,,98.000,3.0,3.0,,0.0,0.0,0.0,0.0,N,,,,,For profit - Corporation,59.0,56.5,MJB PARTNERS LLC,,,POMONA VISTA CARE CENTER,,,,,2019-11-01,1,1,0,0,1,1,0,0
gold_main_v2,control,control_v2,055282,POMONA VISTA CARE CENTER,CA,2020,0,,,,,,,,,,,62.31729493087558,4.0,17.833297235023043,4.0,1,,,,,,,2016.0,2023.0,control_weighted_pseudocohort,5.0,1,0,1,1,1,0,0,0,1.0,1.0,11.0,3.0,9.0,275.0,52.09969740404523,7236.65,57099.6,0.507404824519844,4.00129009694563,4.06587,3.0,3.0,3.0,4.0,5.0,65.333,3.0,0.0,,0.0,0.0,0.0,0.0,N,,,,,For profit - Individual,59.0,52.5,MJB PARTNERS LLC,,,POMONA VISTA CARE CENTER,,,,,2020-11-01,1,1,1,0,1,1,1,0
gold_main_v2,control,control_v2,055282,POMONA VISTA CARE CENTER,CA,2021,0,,,,,,,,,,,62.31729493087558,4.0,17.833297235023043,4.0,1,,,,,,,2016.0,2023.0,control_weighted_pseudocohort,5.0,1,0,1,1,1,0,0,0,1.0,1.0,11.0,3.0,9.0,365.0,54.7114508679726,9347.17,81427.27,0.4699961968923664,4.0790203501747335,4.09253,3.0,2.0,3.0,4.0,5.0,72.000,3.0,0.0,4.0,0.0,0.0,0.0,0.0,N,,,,,For profit - Individual,59.0,54.7,MJB PARTNERS LLC,,,POMONA VISTA CARE CENTER,,,,,2021-11-01,1,1,1,0,1,1,1,0
gold_main_v2,control,control_v2,055282,POMONA VISTA CARE CENTER,CA,2022,0,,,,,,,,,,,62.31729493087558,4.0,17.833297235023043,4.0,1,False,False,False,False,False,False,2016.0,2023.0,control_weighted_pseudocohort,5.0,1,0,1,1,1,1,0,1,1.0,1.0,11.0,3.0,9.0,365.0,56.82673395445134,8555.27,84500.34,0.4133769147070803,4.082562592497094,4.06768,3.0,,1.0,2.0,5.0,356.667,3.0,4.0,4.0,0.0,0.0,0.0,0.0,N,,,,,For profit - Individual,59.0,55.6,MJB PARTNERS LLC,,,POMONA VISTA CARE CENTER,,,,,2022-11-01,1,1,1,0,1,1,1,0
gold_main_v2,control,control_v2,055282,POMONA VISTA CARE CENTER,CA,2023,0,,,,,,,,,,,62.31729493087558,4.0,17.833297235023043,4.0,1,False,False,False,False,False,False,2016.0,2023.0,control_weighted_pseudocohort,5.0,1,1,1,1,1,1,0,1,1.0,1.0,11.0,3.0,9.0,365.0,54.37918856505813,6894.56,84620.7,0.347871221728545,4.270711726982589,4.34084,4.0,,1.0,2.0,5.0,322.167,6.0,14.0,2.0,2.0,154507.6,0.0,2.0,N,53.0,25.0,20.0,0.4716981132075472,For profit - Corporation,59.0,53.3,MJB PARTNERS LLC,THOMAS CHAMBERS & DAVID JOHNSON,518.0,POMONA VISTA CARE CENTER,CA,,,,2023-11-01,1,1,1,1,1,1,1,1
gold_main_v2,control,control_v2,055282,POMONA VISTA CARE CENTER,CA,2024,0,,,,,,,,,,,62.31729493087558,4.0,17.833297235023043,4.0,1,False,False,False,False,False,False,2016.0,2023.0,control_weighted_pseudocohort,5.0,1,1,1,1,1,1,0,1,1.0,1.0,11.0,3.0,9.0,366.0,54.09310797897754,8041.66,85513.81,0.4067684870714481,4.322978190837841,4.3762,3.0,,1.0,2.0,5.0,182.667,14.0,19.0,0.0,2.0,154507.6,0.0,2.0,N,53.75,27.25,20.75,0.5068134171907757,For profit - Limited Liability company,59.0,54.0,MJB PARTNERS LLC,THOMAS CHAMBERS & DAVID JOHNSON,518.0,POMONA VISTA CARE CENTER,CA,,,,2024-11-01,1,1,1,1,1,1,1,1
gold_main_v2,control,control_v2,055282,POMONA VISTA CARE CENTER,CA,2025,0,,,,,,,,,,,62.31729493087558,4.0,17.833297235023043,4.0,1,False,True,False,False,False,False,2016.0,2023.0,control_weighted_pseudocohort,5.0,1,1,1,1,1,1,0,1,1.0,1.0,11.0,3.0,9.0,273.0,54.17957477305304,7480.54,62992.46,0.5064699565855674,4.262319593918442,4.30004,4.0,,2.0,2.0,4.0,110.000,18.0,32.0,,2.0,154508.0,0.0,2.0,N,56.666666666666664,32.0,21.0,0.5636441038739889,For profit - Limited Liability company,59.0,53.4,MJB PARTNERS LLC,DAVID & FRANK JOHNSON,811.0,POMONA VISTA CARE CENTER,CA,,,,2025-11-01,1,1,1,1,1,1,1,1
gold_main_v2,control,control_v2,055282,POMONA VISTA CARE CENTER,CA,2026,0,,,,,,,,,,,62.31729493087558,4.0,17.833297235023043,4.0,1,False,True,False,False,False,False,2016.0,2023.0,control_weighted_pseudocohort,5.0,1,0,0,1,1,1,0,1,1.0,1.0,11.0,3.0,9.0,,,,,,,4.20692,4.0,,2.0,3.0,5.0,102.000,,,,1.0,139035.0,0.0,1.0,N,,,,,For profit - Limited Liability company,59.0,54.1,MJB PARTNERS LLC,DAVID & FRANK JOHNSON,811.0,POMONA VISTA CARE CENTER,CA,,,,2026-03-01,0,1,1,0,0,1,1,0
gold_main_v2,control,control_v2,055989,HERITAGE MANOR,CA,2016,0,,,,,,,,,,,68.08894930875577,4.0,24.890834101382488,4.0,1,,,,,,,2016.0,2023.0,control_weighted_pseudocohort,5.0,1,0,0,1,1,0,0,0,1.0,1.0,11.0,3.0,9.0,,,,,,,3.88999,3.0,3.0,4.0,5.0,5.0,30.000,0.0,0.0,,0.0,0.0,0.0,0.0,N,,,,,For profit - Corporation,99.0,95.0,HERITAGE MANOR HEALTHCARE LLC,,,HERITAGE MANOR,,,,,,0,1,1,0,0,1,1,0
gold_main_v2,control,control_v2,055989,HERITAGE MANOR,CA,2017,0,,,,,,,,,,,68.08894930875577,4.0,24.890834101382488,4.0,1,,,,,,,2016.0,2023.0,control_weighted_pseudocohort,5.0,1,0,1,1,1,0,0,0,1.0,1.0,11.0,3.0,9.0,274.0,94.73107890499196,11818.15,91111.57,0.4557039871683875,3.5113394195114864,3.93724,4.0,4.0,3.0,5.0,5.0,67.333,0.0,0.0,,0.0,0.0,0.0,0.0,N,,,,,For profit - Corporation,99.0,98.0,HERITAGE MANOR HEALTHCARE LLC,,,HERITAGE MANOR,,,,,2017-12-01,1,1,1,0,1,1,1,0
gold_main_v2,control,control_v2,055989,HERITAGE MANOR,CA,2018,0,,,,,,,,,,,68.08894930875577,4.0,24.890834101382488,4.0,1,,,,,,,2016.0,2023.0,control_weighted_pseudocohort,5.0,1,0,1,1,1,0,0,0,1.0,1.0,11.0,3.0,9.0,274.0,94.45563607085346,10501.69,92461.01,0.4060851283708326,3.5744091745715356,,,1.0,,,,64.000,0.0,0.0,,0.0,0.0,0.0,0.0,N,,,,,For profit - Corporation,99.0,96.2,HERITAGE MANOR HEALTHCARE LLC,,,HERITAGE MANOR,,,,,2018-12-01,1,0,0,0,1,0,0,0
gold_main_v2,control,control_v2,055989,HERITAGE MANOR,CA,2019,0,,,,,,,,,,,68.08894930875577,4.0,24.890834101382488,4.0,1,,,,,,,2016.0,2023.0,control_weighted_pseudocohort,5.0,1,0,1,1,1,0,0,0,1.0,1.0,11.0,3.0,9.0,365.0,94.68500092902266,15157.21,121982.22,0.4387622951112496,3.52871759506708,3.65633,,2.0,,,,67.333,0.0,1.0,,0.0,0.0,0.0,0.0,N,,,,,For profit - Corporation,99.0,95.8,HERITAGE MANOR HEALTHCARE LLC,,,HERITAGE MANOR,,,,,2019-11-01,1,1,0,0,1,1,0,0
gold_main_v2,control,control_v2,055989,HERITAGE MANOR,CA,2020,0,,,,,,,,,,,68.08894930875577,4.0,24.890834101382488,4.0,1,,,,,,,2016.0,2023.0,control_weighted_pseudocohort,5.0,1,0,1,1,1,0,0,0,1.0,1.0,11.0,3.0,9.0,275.0,79.684464086638,10880.05,88103.04000000001,0.4998713760514497,4.062065367356166,3.80801,3.0,3.0,3.0,4.0,5.0,69.333,1.0,1.0,,0.0,0.0,0.0,0.0,N,,,,,For profit - Corporation,99.0,91.3,HERITAGE MANOR HEALTHCARE LLC,,,HERITAGE MANOR,,,,,2020-11-01,1,1,1,0,1,1,1,0
gold_main_v2,control,control_v2,055989,HERITAGE MANOR,CA,2021,0,,,,,,,,,,,68.08894930875577,4.0,24.890834101382488,4.0,1,,,,,,,2016.0,2023.0,control_weighted_pseudocohort,5.0,1,0,1,1,1,0,0,0,1.0,1.0,11.0,3.0,9.0,365.0,87.67587394489568,14884.89,122188.43,0.4707199423261348,3.844064118360442,3.71197,2.0,2.0,3.0,4.0,5.0,74.000,1.0,5.0,2.0,1.0,5000.0,0.0,1.0,N,,,,,For profit - Corporation,99.0,91.1,HERITAGE MANOR HEALTHCARE LLC,,,HERITAGE MANOR,,,,,2021-11-01,1,1,1,0,1,1,1,0
gold_main_v2,control,control_v2,055989,HERITAGE MANOR,CA,2022,0,,,,,,,,,,,68.08894930875577,4.0,24.890834101382488,4.0,1,False,False,False,False,False,False,2016.0,2023.0,control_weighted_pseudocohort,5.0,1,0,1,1,1,1,0,1,1.0,1.0,11.0,3.0,9.0,365.0,93.86272827414132,13309.88,128742.86,0.388998948892735,3.7601228423500728,3.68813,2.0,,3.0,4.0,5.0,88.000,2.0,6.0,2.0,1.0,5000.0,0.0,1.0,N,,,,,For profit - Corporation,99.0,95.4,HERITAGE MANOR HEALTHCARE LLC,,,HERITAGE MANOR,,,,,2022-11-01,1,1,1,0,1,1,1,0
gold_main_v2,control,control_v2,055989,HERITAGE MANOR,CA,2023,0,,,,,,,,,,,68.08894930875577,4.0,24.890834101382488,4.0,1,False,False,False,False,False,False,2016.0,2023.0,control_weighted_pseudocohort,5.0,1,1,1,1,1,1,0,1,1.0,1.0,11.0,3.0,9.0,365.0,92.3728353771832,14361.31,130447.91,0.4262540357768735,3.870959133427725,3.85215,4.0,,3.0,4.0,5.0,82.667,1.0,4.0,1.0,0.0,0.0,0.0,0.0,N,96.0,59.0,30.0,0.6145833333333334,For profit - Limited Liability company,99.0,92.7,HERITAGE MANOR HEALTHCARE LLC,THOMAS CHAMBERS & DAVID JOHNSON,518.0,HERITAGE MANOR,CA,,,,2023-11-01,1,1,1,1,1,1,1,1
gold_main_v2,control,control_v2,055989,HERITAGE MANOR,CA,2024,0,,,,,,,,,,,68.08894930875577,4.0,24.890834101382488,4.0,1,False,False,False,False,False,False,2016.0,2023.0,control_weighted_pseudocohort,5.0,1,1,1,1,1,1,0,1,1.0,1.0,11.0,3.0,9.0,366.0,90.89557453416148,13824.92,131600.5,0.4161167667544139,3.957801853994243,3.92981,3.0,,2.0,3.0,5.0,106.667,5.0,9.0,3.0,0.0,0.0,0.0,0.0,N,96.0,59.0,30.0,0.6145833333333334,For profit - Limited Liability company,99.0,89.7,HERITAGE MANOR HEALTHCARE LLC,THOMAS CHAMBERS & DAVID JOHNSON,518.0,HERITAGE MANOR,CA,,,,2024-11-01,1,1,1,1,1,1,1,1
gold_main_v2,control,control_v2,055989,HERITAGE MANOR,CA,2025,0,,,,,,,,,,,68.08894930875577,4.0,24.890834101382488,4.0,1,False,True,False,False,False,False,2016.0,2023.0,control_weighted_pseudocohort,5.0,1,1,1,1,1,1,0,1,1.0,1.0,11.0,3.0,9.0,273.0,94.41991559165471,9713.54,103096.76,0.3770639050121103,4.0014084725865,4.04061,3.0,,1.0,1.0,4.0,179.250,10.0,27.0,3.0,1.0,17940.0,0.0,1.0,N,95.33333333333331,56.333333333333336,34.0,0.5908260233918129,For profit - Limited Liability company,99.0,94.3,HERITAGE MANOR HEALTHCARE LLC,DAVID & FRANK JOHNSON,811.0,HERITAGE MANOR,CA,,,,2025-11-01,1,1,1,1,1,1,1,1
gold_main_v2,control,control_v2,055989,HERITAGE MANOR,CA,2026,0,,,,,,,,,,,68.08894930875577,4.0,24.890834101382488,4.0,1,False,True,False,False,False,False,2016.0,2023.0,control_weighted_pseudocohort,5.0,1,0,0,1,1,1,0,1,1.0,1.0,11.0,3.0,9.0,,,,,,,4.00238,3.0,,1.0,2.0,5.0,165.250,,,3.0,1.0,17940.0,0.0,1.0,N,,,,,For profit - Limited Liability company,99.0,93.7,HERITAGE MANOR HEALTHCARE LLC,DAVID & FRANK JOHNSON,811.0,HERITAGE MANOR,CA,,,,2026-03-01,0,1,1,0,0,1,1,0
gold_main_v2,control,control_v2,056466,SIERRA VIEW CARE CENTER,CA,2016,0,,,,,,,,,,,71.52262211981568,4.0,18.1713133640553,4.0,1,,,,,,,2016.0,2023.0,control_weighted_pseudocohort,5.0,1,0,0,1,1,0,0,0,1.0,1.0,11.0,3.0,9.0,,,,,,,4.38763,4.0,4.0,2.0,3.0,4.0,60.667,0.0,0.0,,0.0,0.0,0.0,0.0,N,,,,,For profit - Corporation,98.0,97.0,SIERRA VIEW CARE HOLDINGS LLC,,,SIERRA VIEW CARE CENTER,,,,,,0,1,1,0,0,1,1,0
gold_main_v2,control,control_v2,056466,SIERRA VIEW CARE CENTER,CA,2017,0,,,,,,,,,,,71.52262211981568,4.0,18.1713133640553,4.0,1,,,,,,,2016.0,2023.0,control_weighted_pseudocohort,5.0,1,0,1,1,1,0,0,0,1.0,1.0,11.0,3.0,9.0,274.0,92.21014492753623,8603.51,90883.23,0.3405171960068476,3.597579572243705,4.58871,3.0,2.0,3.0,4.0,5.0,50.000,1.0,4.0,,0.0,0.0,0.0,0.0,N,,,,,For profit - Corporation,98.0,93.0,SIERRA VIEW CARE HOLDINGS LLC,,,SIERRA VIEW CARE CENTER,,,,,2017-12-01,1,1,1,0,1,1,1,0
gold_main_v2,control,control_v2,056466,SIERRA VIEW CARE CENTER,CA,2018,0,,,,,,,,,,,71.52262211981568,4.0,18.1713133640553,4.0,1,,,,,,,2016.0,2023.0,control_weighted_pseudocohort,5.0,1,0,1,1,1,0,0,0,1.0,1.0,11.0,3.0,9.0,274.0,91.91747181964574,8234.1,93343.26,0.3272987317635626,3.7064195274477862,,,1.0,,,,52.800,1.0,8.0,,0.0,0.0,0.0,0.0,N,,,,,For profit - Corporation,98.0,89.6,SIERRA VIEW CARE HOLDINGS LLC,,,SIERRA VIEW CARE CENTER,,,,,2018-12-01,1,0,0,0,1,0,0,0
gold_main_v2,control,control_v2,056466,SIERRA VIEW CARE CENTER,CA,2019,0,,,,,,,,,,,71.52262211981568,4.0,18.1713133640553,4.0,1,,,,,,,2016.0,2023.0,control_weighted_pseudocohort,5.0,1,0,1,1,1,0,0,0,1.0,1.0,11.0,3.0,9.0,365.0,92.836093857833,11324.25,125442.25,0.3340870053681957,3.7041220059857665,3.85903,,2.0,,,,87.333,1.0,7.0,,0.0,0.0,0.0,0.0,N,,,,,For profit - Individual,98.0,92.6,SIERRA VIEW CARE HOLDINGS LLC,,,SIERRA VIEW CARE CENTER,,,,,2019-11-01,1,1,0,0,1,1,0,0
gold_main_v2,control,control_v2,056466,SIERRA VIEW CARE CENTER,CA,2020,0,,,,,,,,,,,71.52262211981568,4.0,18.1713133640553,4.0,1,,,,,,,2016.0,2023.0,control_weighted_pseudocohort,5.0,1,0,1,1,1,0,0,0,1.0,1.0,11.0,3.0,9.0,275.0,73.68940117853161,9265.9,92761.03,0.4678551207355404,4.6656939442637375,4.52696,3.0,2.0,2.0,3.0,5.0,86.667,1.0,7.0,,0.0,0.0,0.0,0.0,N,,,,,For profit - Individual,98.0,81.3,SIERRA VIEW CARE HOLDINGS LLC,,,SIERRA VIEW CARE CENTER,,,,,2020-11-01,1,1,1,0,1,1,1,0
gold_main_v2,control,control_v2,056466,SIERRA VIEW CARE CENTER,CA,2021,0,,,,,,,,,,,71.52262211981568,4.0,18.1713133640553,4.0,1,,,,,,,2016.0,2023.0,control_weighted_pseudocohort,5.0,1,0,1,1,1,0,0,0,1.0,1.0,11.0,3.0,9.0,365.0,87.54841734352604,12405.1,133821.65000000002,0.3900115655469934,4.202178971481213,4.16991,3.0,2.0,3.0,4.0,5.0,80.667,1.0,5.0,2.0,2.0,19955.0,0.0,2.0,N,,,,,For profit - Individual,98.0,89.4,SIERRA VIEW CARE HOLDINGS LLC,,,SIERRA VIEW CARE CENTER,,,,,2021-11-01,1,1,1,0,1,1,1,0
gold_main_v2,control,control_v2,056466,SIERRA VIEW CARE CENTER,CA,2022,0,,,,,,,,,,,71.52262211981568,4.0,18.1713133640553,4.0,1,False,False,False,False,False,False,2016.0,2023.0,control_weighted_pseudocohort,5.0,1,0,1,1,1,1,0,1,1.0,1.0,11.0,3.0,9.0,365.0,89.25007034028772,11538.95,129150.2,0.3552526251473585,3.9672751079822497,3.98997,4.0,,3.0,4.0,5.0,74.000,1.0,3.0,2.0,2.0,16850.0,0.0,2.0,N,,,,,For profit - Individual,98.0,88.7,SIERRA VIEW CARE HOLDINGS LLC,,,SIERRA VIEW CARE CENTER,,,,,2022-11-01,1,1,1,0,1,1,1,0
gold_main_v2,control,control_v2,056466,SIERRA VIEW CARE CENTER,CA,2023,0,,,,,,,,,,,71.52262211981568,4.0,18.1713133640553,4.0,1,False,False,False,False,False,False,2016.0,2023.0,control_weighted_pseudocohort,5.0,1,1,1,1,1,1,0,1,1.0,1.0,11.0,3.0,9.0,365.0,89.63435658544354,11388.05,131340.28999999998,0.3482898801218599,4.015963314603557,4.02787,4.0,,3.0,4.0,5.0,89.333,2.0,1.0,1.0,0.0,0.0,0.0,0.0,N,86.0,48.0,21.0,0.5581395348837209,For profit - Limited Liability company,98.0,89.1,SIERRA VIEW CARE HOLDINGS LLC,THOMAS CHAMBERS & DAVID JOHNSON,518.0,SIERRA VIEW CARE CENTER,CA,,,,2023-11-01,1,1,1,1,1,1,1,1
gold_main_v2,control,control_v2,056466,SIERRA VIEW CARE CENTER,CA,2024,0,,,,,,,,,,,71.52262211981568,4.0,18.1713133640553,4.0,1,False,False,False,False,False,False,2016.0,2023.0,control_weighted_pseudocohort,5.0,1,1,1,1,1,1,0,1,1.0,1.0,11.0,3.0,9.0,366.0,91.19565217391305,12054.79,133822.2,0.3616506000177564,4.011111204023641,4.04634,3.0,,2.0,3.0,5.0,104.667,5.0,1.0,,0.0,0.0,0.0,0.0,N,93.0,68.0,14.0,0.7311827956989247,For profit - Corporation,98.0,89.8,SIERRA VIEW CARE HOLDINGS LLC,THOMAS CHAMBERS & DAVID JOHNSON,518.0,SIERRA VIEW CARE CENTER,CA,,,,2024-11-01,1,1,1,1,1,1,1,1
gold_main_v2,control,control_v2,056466,SIERRA VIEW CARE CENTER,CA,2025,0,,,,,,,,,,,71.52262211981568,4.0,18.1713133640553,4.0,1,False,True,False,False,False,False,2016.0,2023.0,control_weighted_pseudocohort,5.0,1,1,1,1,1,1,0,1,1.0,1.0,11.0,3.0,9.0,273.0,92.6807727699032,8869.68,100570.14,0.3507324844187806,3.9761772325332583,3.93965,3.0,,3.0,4.0,5.0,79.000,4.0,1.0,,0.0,0.0,0.0,0.0,N,94.0,68.0,19.0,0.723404255319149,For profit - Corporation,98.0,92.6,SIERRA VIEW CARE HOLDINGS LLC,DAVID & FRANK JOHNSON,811.0,SIERRA VIEW CARE CENTER,CA,,,,2025-11-01,1,1,1,1,1,1,1,1
gold_main_v2,control,control_v2,056466,SIERRA VIEW CARE CENTER,CA,2026,0,,,,,,,,,,,71.52262211981568,4.0,18.1713133640553,4.0,1,False,True,False,False,False,False,2016.0,2023.0,control_weighted_pseudocohort,5.0,1,0,0,1,1,1,0,1,1.0,1.0,11.0,3.0,9.0,,,,,,,4.01181,3.0,,3.0,4.0,5.0,79.000,,,,0.0,0.0,0.0,0.0,N,,,,,For profit - Corporation,98.0,91.8,SIERRA VIEW CARE HOLDINGS LLC,DAVID & FRANK JOHNSON,811.0,SIERRA VIEW CARE CENTER,CA,,,,2026-03-01,0,1,1,0,0,1,1,0
gold_main_v2,control,control_v2,065284,GRACE MANOR CARE CENTER,CO,2016,0,,,,,,,,,,,51.86124884792628,4.0,17.333523041474656,4.0,1,,,,,,,2016.0,2023.0,control_weighted_pseudocohort,5.0,1,0,0,1,1,0,0,0,1.0,1.0,11.0,3.0,9.0,,,,,,,3.39411,3.0,4.0,3.0,4.0,5.0,63.333,0.0,0.0,,0.0,0.0,0.0,0.0,N,,,,,For profit - Partnership,37.0,34.0,MADISON SENIOR LIVING MANAGEMENT LLC,,,GRACE MANOR CARE CENTER,,,,,,0,1,1,0,0,1,1,0
gold_main_v2,control,control_v2,065284,GRACE MANOR CARE CENTER,CO,2017,0,,,,,,,,,,,51.86124884792628,4.0,17.333523041474656,4.0,1,,,,,,,2016.0,2023.0,control_weighted_pseudocohort,5.0,1,0,1,1,1,0,0,0,1.0,1.0,11.0,3.0,9.0,365.0,24.530860142273184,8049.2,37306.02,0.9023606896625792,4.193146027897023,6.14,5.0,5.0,2.0,3.0,4.0,66.000,0.0,4.0,,0.0,0.0,0.0,0.0,N,,,,,For profit - Corporation,37.0,25.0,MADISON SENIOR LIVING MANAGEMENT LLC,,,GRACE MANOR CARE CENTER,,,,,2017-12-01,1,1,1,0,1,1,1,0
gold_main_v2,control,control_v2,065284,GRACE MANOR CARE CENTER,CO,2018,0,,,,,,,,,,,51.86124884792628,4.0,17.333523041474656,4.0,1,,,,,,,2016.0,2023.0,control_weighted_pseudocohort,5.0,1,0,1,1,1,0,0,0,1.0,1.0,11.0,3.0,9.0,365.0,33.28782648510909,9082.85,38328.94,0.7640420081375016,3.18430540628,3.37629,,4.0,,,,68.800,0.0,4.0,,0.0,0.0,0.0,0.0,N,,,,,For profit - Corporation,44.0,31.2,MADISON SENIOR LIVING MANAGEMENT LLC,,,GRACE MANOR CARE CENTER,,,,,2018-12-01,1,1,0,0,1,1,0,0
gold_main_v2,control,control_v2,065284,GRACE MANOR CARE CENTER,CO,2019,0,,,,,,,,,,,51.86124884792628,4.0,17.333523041474656,4.0,1,,,,,,,2016.0,2023.0,control_weighted_pseudocohort,5.0,1,0,1,1,1,0,0,0,1.0,1.0,11.0,3.0,9.0,365.0,30.36056099697404,8445.44,36768.07,0.7704558846622089,3.356046363542582,3.45046,,4.0,,,,19.333,0.0,4.0,,0.0,0.0,0.0,0.0,N,,,,,For profit - Corporation,44.0,31.2,MADISON SENIOR LIVING MANAGEMENT LLC,,,GRACE MANOR CARE CENTER,,,,,2019-11-01,1,1,0,0,1,1,0,0
gold_main_v2,control,control_v2,065284,GRACE MANOR CARE CENTER,CO,2020,0,,,,,,,,,,,51.86124884792628,4.0,17.333523041474656,4.0,1,,,,,,,2016.0,2023.0,control_weighted_pseudocohort,5.0,1,0,1,1,1,0,0,0,1.0,1.0,11.0,3.0,9.0,366.0,24.75220974677497,8756.74,34047.770000000004,0.9765683741816444,3.7764071076800456,4.01963,4.0,4.0,5.0,5.0,3.0,7.333,0.0,0.0,,0.0,0.0,0.0,0.0,N,,,,,For profit - Corporation,44.0,22.9,MADISON SENIOR LIVING MANAGEMENT LLC,,,GRACE MANOR CARE CENTER,,,,,2020-11-01,1,1,1,0,1,1,1,0
gold_main_v2,control,control_v2,065284,GRACE MANOR CARE CENTER,CO,2021,0,,,,,,,,,,,51.86124884792628,4.0,17.333523041474656,4.0,1,,,,,,,2016.0,2023.0,control_weighted_pseudocohort,5.0,1,0,1,1,1,0,0,0,1.0,1.0,11.0,3.0,9.0,365.0,25.364908159473377,6427.2,29800.56,0.6998591079642167,3.2470300811444788,3.43056,3.0,3.0,5.0,5.0,3.0,7.333,0.0,0.0,0.0,1.0,650.0,0.0,1.0,N,,,,,For profit - Corporation,44.0,25.2,MADISON SENIOR LIVING MANAGEMENT LLC,,,GRACE MANOR CARE CENTER,,,,,2021-11-01,1,1,1,0,1,1,1,0
gold_main_v2,control,control_v2,065284,GRACE MANOR CARE CENTER,CO,2022,0,,,,,,,,,,,51.86124884792628,4.0,17.333523041474656,4.0,1,False,False,False,False,False,False,2016.0,2023.0,control_weighted_pseudocohort,5.0,1,0,1,1,1,1,0,1,1.0,1.0,11.0,3.0,9.0,365.0,26.9084872856612,7085.46,34911.65,0.7241143256079969,3.564078376054438,3.44576,3.0,,4.0,4.0,3.0,26.667,0.0,0.0,0.0,3.0,27162.2,0.0,3.0,N,,,,,For profit - Partnership,31.0,27.9,MADISON SENIOR LIVING MANAGEMENT LLC,,,GRACE MANOR CARE CENTER,,,,,2022-11-01,1,1,1,0,1,1,1,0
gold_main_v2,control,control_v2,065284,GRACE MANOR CARE CENTER,CO,2023,0,,,,,,,,,,,51.86124884792628,4.0,17.333523041474656,4.0,1,False,False,False,False,False,False,2016.0,2023.0,control_weighted_pseudocohort,5.0,1,1,1,1,1,1,0,1,1.0,1.0,11.0,3.0,9.0,365.0,24.895301799649623,7477.25,29490.64,0.8328736230802258,3.3036893401140186,3.02908,2.0,,4.0,4.0,4.0,32.667,0.0,1.0,0.0,4.0,31370.95,0.0,4.0,N,22.0,11.0,3.0,0.5,For profit - Limited Liability company,31.0,25.6,MADISON SENIOR LIVING MANAGEMENT LLC,,,GRACE MANOR CARE CENTER,CO,,,,2023-11-01,1,1,1,1,1,1,1,1
gold_main_v2,control,control_v2,065284,GRACE MANOR CARE CENTER,CO,2024,0,,,,,,,,,,,51.86124884792628,4.0,17.333523041474656,4.0,1,False,False,False,False,False,False,2016.0,2023.0,control_weighted_pseudocohort,5.0,1,1,1,1,1,1,0,1,1.0,1.0,11.0,3.0,9.0,366.0,26.317456999522214,7632.9,29339.4,0.7997068959893411,3.0816345382340247,3.35341,4.0,,4.0,4.0,3.0,24.667,0.0,1.0,,3.0,5845.45,0.0,3.0,N,22.0,14.0,3.0,0.6363636363636364,For profit - Limited Liability company,31.0,23.5,MADISON SENIOR LIVING MANAGEMENT LLC,,,GRACE MANOR CARE CENTER,CO,,,,2024-11-01,1,1,1,1,1,1,1,1
gold_main_v2,control,control_v2,065284,GRACE MANOR CARE CENTER,CO,2025,0,,,,,,,,,,,51.86124884792628,4.0,17.333523041474656,4.0,1,False,True,False,False,False,False,2016.0,2023.0,control_weighted_pseudocohort,5.0,1,1,1,1,1,1,0,1,1.0,1.0,11.0,3.0,9.0,273.0,28.413323069844807,6100.44,21105.19,0.789540209185719,2.731477484704223,2.56348,2.0,,5.0,5.0,2.0,17.000,0.0,3.0,,2.0,4859.0,0.0,2.0,N,22.0,15.0,3.0,0.6818181818181818,For profit - Limited Liability company,31.0,29.1,MADISON SENIOR LIVING MANAGEMENT LLC,FRONTLINE MANAGEMENT,230.0,GRACE MANOR CARE CENTER,CO,,,,2025-11-01,1,1,1,1,1,1,1,1
gold_main_v2,control,control_v2,065284,GRACE MANOR CARE CENTER,CO,2026,0,,,,,,,,,,,51.86124884792628,4.0,17.333523041474656,4.0,1,False,True,False,False,False,False,2016.0,2023.0,control_weighted_pseudocohort,5.0,1,0,0,1,1,1,0,1,1.0,1.0,11.0,3.0,9.0,,,,,,,2.69616,2.0,,5.0,4.0,1.0,17.000,,,,1.0,1609.0,0.0,1.0,N,,,,,For profit - Limited Liability company,31.0,29.2,MADISON SENIOR LIVING MANAGEMENT LLC,FRONTLINE MANAGEMENT,230.0,GRACE MANOR CARE CENTER,CO,,,,2026-03-01,0,1,1,0,0,1,1,0
gold_main_v2,control,control_v2,065435,"AHC OF LAKEWOOD, LLC",CO,2023,0,,,,,,,,,,,,,,,0,False,False,False,False,False,False,,,,,0,1,1,1,1,1,0,1,1.0,1.0,4.0,3.0,3.0,275.0,26.586438923395445,12742.54,41237.11,1.786882770829486,5.739886628140149,5.92733,,,,,,,0.0,0.0,,3.0,12234.95,0.0,3.0,N,4.0,0.0,4.0,0.0,For profit - Limited Liability company,36.0,24.9,"AHC OF LAKEWOOD, LLC",ADVANCED HEALTH CARE,11.0,"AHC OF LAKEWOOD, LLC",CO,,,,2023-11-01,1,1,0,1,0,0,0,0
gold_main_v2,control,control_v2,065435,"AHC OF LAKEWOOD, LLC",CO,2024,0,,,,,,,,,,,,,,,0,False,False,False,False,False,False,,,,,0,1,1,1,1,1,0,1,1.0,1.0,4.0,3.0,3.0,366.0,29.68131868131868,18218.92,58251.17,1.6983722071041334,5.423290748045841,5.44708,3.0,,4.0,5.0,5.0,26.400,0.0,0.0,,17.0,72639.34,0.0,17.0,N,4.0,0.0,4.0,0.0,For profit - Limited Liability company,36.0,27.6,"AHC OF LAKEWOOD, LLC",ADVANCED HEALTH CARE,11.0,"AHC OF LAKEWOOD, LLC",CO,,,,2024-11-01,1,1,1,1,0,0,0,0
gold_main_v2,control,control_v2,065435,"AHC OF LAKEWOOD, LLC",CO,2025,0,,,,,,,,,,,,,,,0,False,True,True,False,True,False,,,,,0,1,1,1,1,1,0,1,1.0,1.0,4.0,3.0,3.0,273.0,30.797436782219393,15737.17,50336.33,1.8960790822467812,6.068594228799085,6.10238,4.0,,4.0,5.0,5.0,33.000,0.0,0.0,,17.0,72634.0,0.0,17.0,N,4.0,0.0,4.0,0.0,For profit - Limited Liability company,36.0,29.7,"AHC OF LAKEWOOD, LLC",ADVANCED HEALTH CARE,11.0,"AHC OF LAKEWOOD, LLC",CO,,,,2025-11-01,1,1,1,1,0,0,0,0
gold_main_v2,control,control_v2,065435,"AHC OF LAKEWOOD, LLC",CO,2026,0,,,,,,,,,,,,,,,0,False,True,True,False,True,False,,,,,0,0,0,1,1,1,0,1,1.0,1.0,4.0,3.0,3.0,,,,,,,6.25456,4.0,,4.0,5.0,5.0,33.000,,,,17.0,72634.0,0.0,17.0,N,,,,,For profit - Limited Liability company,36.0,30.0,"AHC OF LAKEWOOD, LLC",ADVANCED HEALTH CARE,11.0,"AHC OF LAKEWOOD, LLC",CO,,,,2026-03-01,0,1,1,0,0,0,0,0
gold_main_v2,control,control_v2,075195,PARKWAY PAVILION HEALTH AND REHABILITATION CENTER,CT,2016,0,,,,,,,,,,,64.5955529953917,4.0,12.971396313364057,4.0,0,,,,,,,2016.0,2023.0,control_weighted_pseudocohort,5.0,1,0,0,1,1,0,0,0,1.0,1.0,11.0,3.0,9.0,,,,,,,3.82257,3.0,3.0,4.0,4.0,3.0,21.333,2.0,1.0,,0.0,0.0,0.0,0.0,N,,,,,Non profit - Corporation,130.0,113.0,CH-PARKWAY PAVILLION LLC,,,PARKWAY PAVILION HEALTH AND REHABILITATION CENTER,,,,,,0,1,1,0,0,1,1,0
gold_main_v2,control,control_v2,075195,PARKWAY PAVILION HEALTH AND REHABILITATION CENTER,CT,2017,0,,,,,,,,,,,64.5955529953917,4.0,12.971396313364057,4.0,0,,,,,,,2016.0,2023.0,control_weighted_pseudocohort,5.0,1,0,1,1,1,0,0,0,1.0,1.0,11.0,3.0,9.0,365.0,117.34243377395552,23405.5,143357.0,0.5479176083406486,3.3508086005655904,3.73084,4.0,4.0,2.0,3.0,3.0,43.333,4.0,0.0,,3.0,12295.0,0.0,3.0,N,,,,,For profit - Corporation,130.0,120.0,"WV PARKWAY PAVILION, LLC",,,PARKWAY PAVILION HEALTH AND REHABILITATION CENTER,,,,,2017-12-01,1,1,1,0,1,1,1,0
gold_main_v2,control,control_v2,075195,PARKWAY PAVILION HEALTH AND REHABILITATION CENTER,CT,2018,0,,,,,,,,,,,64.5955529953917,4.0,12.971396313364057,4.0,0,,,,,,,2016.0,2023.0,control_weighted_pseudocohort,5.0,1,0,1,1,1,0,0,0,1.0,1.0,11.0,3.0,9.0,365.0,116.39009529118223,22522.75,140548.33000000002,0.5307954329096707,3.3102851577761783,3.3199,,3.0,,,,47.200,6.0,2.0,,3.0,12295.0,0.0,3.0,N,,,,,For profit - Corporation,130.0,115.0,"WV PARKWAY PAVILION, LLC",,,PARKWAY PAVILION HEALTH AND REHABILITATION CENTER,,,,,2018-12-01,1,1,0,0,1,1,0,0
gold_main_v2,control,control_v2,075195,PARKWAY PAVILION HEALTH AND REHABILITATION CENTER,CT,2019,0,,,,,,,,,,,64.5955529953917,4.0,12.971396313364057,4.0,0,,,,,,,2016.0,2023.0,control_weighted_pseudocohort,5.0,1,0,1,1,1,0,0,0,1.0,1.0,11.0,3.0,9.0,365.0,118.45300737909432,23436.5,139915.0,0.5419011075734469,3.237721786429242,3.22065,,3.0,,,,74.667,8.0,2.0,,3.0,19212.0,0.0,3.0,N,,,,,For profit - Limited Liability company,130.0,121.4,"WV PARKWAY PAVILION, LLC",,,PARKWAY PAVILION HEALTH AND REHABILITATION CENTER,,,,,2019-11-01,1,1,0,0,1,1,0,0
gold_main_v2,control,control_v2,075195,PARKWAY PAVILION HEALTH AND REHABILITATION CENTER,CT,2020,0,,,,,,,,,,,64.5955529953917,4.0,12.971396313364057,4.0,0,,,,,,,2016.0,2023.0,control_weighted_pseudocohort,5.0,1,0,1,1,1,0,0,0,1.0,1.0,11.0,3.0,9.0,366.0,113.21458432871476,23302.5,130030.75,0.5624664657020095,3.138045046506748,3.1651,3.0,3.0,1.0,1.0,4.0,71.333,8.0,3.0,,2.0,27810.0,0.0,2.0,N,,,,,For profit - Limited Liability company,130.0,108.4,"WV PARKWAY PAVILION, LLC",,,PARKWAY PAVILION HEALTH AND REHABILITATION CENTER,,,,,2020-11-01,1,1,1,0,1,1,1,0
gold_main_v2,control,control_v2,075195,PARKWAY PAVILION HEALTH AND REHABILITATION CENTER,CT,2021,0,,,,,,,,,,,64.5955529953917,4.0,12.971396313364057,4.0,0,,,,,,,2016.0,2023.0,control_weighted_pseudocohort,5.0,1,0,1,1,1,0,0,0,1.0,1.0,11.0,3.0,9.0,365.0,114.59839478154696,22672.11,131150.16,0.5423658424441615,3.1354058481220233,3.03121,3.0,3.0,2.0,2.0,2.0,63.333,7.0,1.0,1.0,3.0,35776.65,0.0,3.0,N,,,,,For profit - Limited Liability company,130.0,112.2,"WV PARKWAY PAVILION, LLC",,,PARKWAY PAVILION HEALTH AND REHABILITATION CENTER,,,,,2021-11-01,1,1,1,0,1,1,1,0
gold_main_v2,control,control_v2,075195,PARKWAY PAVILION HEALTH AND REHABILITATION CENTER,CT,2022,0,,,,,,,,,,,64.5955529953917,4.0,12.971396313364057,4.0,0,False,False,False,False,True,False,2016.0,2023.0,control_weighted_pseudocohort,5.0,1,0,1,1,1,1,0,1,1.0,1.0,11.0,3.0,9.0,365.0,115.75938910123692,20852.71,141215.63,0.4940694064564942,3.342985612265625,,,,2.0,2.0,4.0,46.000,3.0,2.0,1.0,3.0,21454.27,0.0,3.0,N,,,,,For profit - Limited Liability company,130.0,,WV-PARKWAY PAVILION LLC,,,PARKWAY PAVILION HEALTH AND REHABILITATION CENTER,,,,,2022-11-01,1,0,1,0,1,0,1,0
gold_main_v2,control,control_v2,075195,PARKWAY PAVILION HEALTH AND REHABILITATION CENTER,CT,2023,0,,,,,,,,,,,64.5955529953917,4.0,12.971396313364057,4.0,0,False,False,False,False,True,False,2016.0,2023.0,control_weighted_pseudocohort,5.0,1,1,1,1,1,1,0,1,1.0,1.0,11.0,3.0,9.0,365.0,110.93446939533897,18343.18,140377.69,0.4534580672700927,3.4694963377601864,3.43542,3.0,,2.0,2.0,3.0,42.000,2.0,4.0,0.0,2.0,13000.0,0.0,2.0,N,110.0,73.0,18.0,0.6636363636363637,For profit - Limited Liability company,130.0,111.4,WV-PARKWAY PAVILION LLC,,,PARKWAY PAVILION HEALTH AND REHABILITATION CENTER,CT,,,,2023-11-01,1,1,1,1,1,1,1,1
gold_main_v2,control,control_v2,075195,PARKWAY PAVILION HEALTH AND REHABILITATION CENTER,CT,2024,0,,,,,,,,,,,64.5955529953917,4.0,12.971396313364057,4.0,0,False,False,False,False,True,False,2016.0,2023.0,control_weighted_pseudocohort,5.0,1,1,1,1,1,1,0,1,1.0,1.0,11.0,3.0,9.0,366.0,112.47799211657907,18244.17,139301.55,0.4443328368492786,3.3860402190143137,3.40189,3.0,,2.0,2.0,4.0,37.333,1.0,4.0,,2.0,17767.75,0.0,2.0,N,111.0,76.0,15.0,0.6841307814992026,For profit - Limited Liability company,130.0,110.2,WV-PARKWAY PAVILION LLC,,,PARKWAY PAVILION HEALTH AND REHABILITATION CENTER,CT,,,,2024-11-01,1,1,1,1,1,1,1,1
gold_main_v2,control,control_v2,075195,Parkway Pavilion Health And Rehabilitation Center,CT,2025,0,,,,,,,,,,,64.5955529953917,4.0,12.971396313364057,4.0,0,False,True,False,False,True,False,2016.0,2023.0,control_weighted_pseudocohort,5.0,1,1,1,1,1,1,0,1,1.0,1.0,11.0,3.0,9.0,273.0,118.27433773955512,13357.57,108332.31,0.413302383287278,3.3574545785177623,3.34494,3.0,,1.0,1.0,2.0,122.000,4.0,6.0,,1.0,8018.0,0.0,1.0,N,114.0,85.0,6.0,0.7456140350877193,For profit - Partnership,130.0,120.5,WV-PARKWAY PAVILION LLC,,,Parkway Pavilion Health And Rehabilitation Center,CT,,,,2025-11-01,1,1,1,1,1,1,1,1
gold_main_v2,control,control_v2,075195,PARKWAY PAVILION HEALTH AND REHABILITATION CENTER,CT,2026,0,,,,,,,,,,,64.5955529953917,4.0,12.971396313364057,4.0,0,False,True,False,False,True,False,2016.0,2023.0,control_weighted_pseudocohort,5.0,1,0,0,1,1,1,0,1,1.0,1.0,11.0,3.0,9.0,,,,,,,3.33111,3.0,,1.0,1.0,2.0,146.000,,,,1.0,8018.0,0.0,1.0,N,,,,,For profit - Partnership,130.0,117.7,WV-PARKWAY PAVILION LLC,,,PARKWAY PAVILION HEALTH AND REHABILITATION CENTER,CT,,,,2026-03-01,0,1,1,0,0,1,1,0
gold_main_v2,control,control_v2,085048,CADIA REHABILITATION CAPITOL,DE,2016,0,,,,,,,,,,,68.6574124423963,4.0,16.683216589861754,4.0,0,,,,,,,2016.0,2023.0,control_weighted_pseudocohort,5.0,1,0,0,1,1,0,0,0,1.0,1.0,11.0,3.0,9.0,,,,,,,3.64195,3.0,3.0,3.0,4.0,5.0,79.333,4.0,8.0,,0.0,0.0,0.0,0.0,N,,,,,For profit - Corporation,120.0,118.0,CAPITOL NURSING AND REHABILITATION CENTER LLC,,,CADIA REHABILITATION CAPITOL,,,,,,0,1,1,0,0,1,1,0
gold_main_v2,control,control_v2,085048,CADIA REHABILITATION CAPITOL,DE,2017,0,,,,,,,,,,,68.6574124423963,4.0,16.683216589861754,4.0,0,,,,,,,2016.0,2023.0,control_weighted_pseudocohort,5.0,1,0,1,1,1,0,0,0,1.0,1.0,11.0,3.0,9.0,274.0,113.0281803542673,20781.27,119842.09,0.6709839944999998,3.8702660732152703,3.63661,3.0,4.0,4.0,5.0,5.0,45.333,0.0,5.0,,0.0,0.0,0.0,0.0,N,,,,,For profit - Corporation,120.0,112.0,CAPITOL NURSING AND REHABILITATION CENTER LLC,,,CADIA REHABILITATION CAPITOL,,,,,2017-12-01,1,1,1,0,1,1,1,0
gold_main_v2,control,control_v2,085048,CADIA REHABILITATION CAPITOL,DE,2018,0,,,,,,,,,,,68.6574124423963,4.0,16.683216589861754,4.0,0,,,,,,,2016.0,2023.0,control_weighted_pseudocohort,5.0,1,0,1,1,1,0,0,0,1.0,1.0,11.0,3.0,9.0,365.0,110.04489236608802,30304.55,156380.01,0.7552183153396457,3.895753590184018,3.85553,,4.0,,,,35.200,0.0,7.0,,0.0,0.0,0.0,0.0,N,,,,,For profit - Corporation,120.0,112.2,CAPITOL NURSING AND REHABILITATION CENTER LLC,,,CADIA REHABILITATION CAPITOL,,,,,2018-12-01,1,1,0,0,1,1,0,0
gold_main_v2,control,control_v2,085048,CADIA REHABILITATION CAPITOL,DE,2019,0,,,,,,,,,,,68.6574124423963,4.0,16.683216589861754,4.0,0,,,,,,,2016.0,2023.0,control_weighted_pseudocohort,5.0,1,0,1,1,1,0,0,0,1.0,1.0,11.0,3.0,9.0,365.0,112.87472129319956,32647.72,156392.54,0.7923716064194417,3.797504993326893,3.73729,,4.0,,,,72.667,3.0,7.0,,2.0,27605.0,0.0,2.0,N,,,,,For profit - Corporation,120.0,114.2,CAPITOL NURSING AND REHABILITATION CENTER LLC,,,CADIA REHABILITATION CAPITOL,,,,,2019-11-01,1,1,0,0,1,1,0,0
gold_main_v2,control,control_v2,085048,CADIA REHABILITATION CAPITOL,DE,2020,0,,,,,,,,,,,68.6574124423963,4.0,16.683216589861754,4.0,0,,,,,,,2016.0,2023.0,control_weighted_pseudocohort,5.0,1,0,1,1,1,0,0,0,1.0,1.0,11.0,3.0,9.0,275.0,97.71874502309284,19245.63,103063.6,0.719217005561405,3.838598179007146,,,,2.0,2.0,4.0,93.333,4.0,6.0,,2.0,27605.0,0.0,2.0,N,,,,,For profit - Corporation,120.0,100.5,CAPITOL NURSING AND REHABILITATION CENTER LLC,,,CADIA REHABILITATION CAPITOL,,,,,2020-11-01,1,0,1,0,1,0,1,0
gold_main_v2,control,control_v2,085048,CADIA REHABILITATION CAPITOL,DE,2021,0,,,,,,,,,,,68.6574124423963,4.0,16.683216589861754,4.0,0,,,,,,,2016.0,2023.0,control_weighted_pseudocohort,5.0,1,0,1,1,1,0,0,0,1.0,1.0,11.0,3.0,9.0,365.0,97.79185645272602,27415.18,128987.13,0.7643250493636944,3.614674188472187,3.55387,4.0,4.0,2.0,3.0,4.0,93.000,3.0,6.0,1.0,3.0,52633.25,0.0,3.0,N,,,,,For profit - Corporation,120.0,98.7,CAPITOL NURSING AND REHABILITATION CENTER LLC,,,CADIA REHABILITATION CAPITOL,,,,,2021-11-01,1,1,1,0,1,1,1,0
gold_main_v2,control,control_v2,085048,CADIA REHABILITATION CAPITOL,DE,2022,0,,,,,,,,,,,68.6574124423963,4.0,16.683216589861754,4.0,0,False,False,False,False,False,False,2016.0,2023.0,control_weighted_pseudocohort,5.0,1,0,1,1,1,1,0,1,1.0,1.0,11.0,3.0,9.0,365.0,101.81847029781812,32325.69,135965.3,0.8688016447310715,3.6599739601373074,3.55187,3.0,,3.0,4.0,5.0,72.667,1.0,4.0,1.0,1.0,25028.25,0.0,1.0,N,,,,,For profit - Limited Liability company,120.0,102.3,CAPITOL NURSING AND REHABILITATION CENTER LLC,,,CADIA REHABILITATION CAPITOL,,,,,2022-11-01,1,1,1,0,1,1,1,0
gold_main_v2,control,control_v2,085048,CADIA REHABILITATION CAPITOL,DE,2023,0,,,,,,,,,,,68.6574124423963,4.0,16.683216589861754,4.0,0,False,False,False,False,False,False,2016.0,2023.0,control_weighted_pseudocohort,5.0,1,1,1,1,1,1,0,1,1.0,1.0,11.0,3.0,9.0,365.0,107.53200151297978,27968.5,143826.99,0.7143143951718361,3.6661576214610143,3.60869,3.0,,3.0,4.0,5.0,61.000,1.0,3.0,1.0,1.0,25028.25,0.0,1.0,N,107.0,84.0,19.0,0.7850467289719626,For profit - Limited Liability company,120.0,107.1,CAPITOL NURSING AND REHABILITATION CENTER LLC,CADIA HEALTHCARE,96.0,CADIA REHABILITATION CAPITOL,DE,,,,2023-11-01,1,1,1,1,1,1,1,1
gold_main_v2,control,control_v2,085048,CADIA REHABILITATION CAPITOL,DE,2024,0,,,,,,,,,,,68.6574124423963,4.0,16.683216589861754,4.0,0,False,False,False,False,False,False,2016.0,2023.0,control_weighted_pseudocohort,5.0,1,1,1,1,1,1,0,1,1.0,1.0,11.0,3.0,9.0,366.0,104.7907011466794,28084.89,144760.76,0.7324186319650855,3.777318498335431,3.75839,4.0,,2.0,3.0,5.0,76.667,1.0,1.0,,1.0,8017.75,0.0,1.0,N,107.0,84.0,19.0,0.7850467289719626,For profit - Limited Liability company,120.0,106.6,CAPITOL NURSING AND REHABILITATION CENTER LLC,CADIA HEALTHCARE,96.0,CADIA REHABILITATION CAPITOL,DE,,,,2024-11-01,1,1,1,1,1,1,1,1
gold_main_v2,control,control_v2,085048,CADIA REHABILITATION CAPITOL,DE,2025,0,,,,,,,,,,,68.6574124423963,4.0,16.683216589861754,4.0,0,False,True,True,False,False,True,2016.0,2023.0,control_weighted_pseudocohort,5.0,1,1,1,1,1,1,0,1,1.0,1.0,11.0,3.0,9.0,273.0,106.61089168480471,18731.81,110890.8,0.6457107546971628,3.815499623788453,3.80818,4.0,,3.0,3.0,4.0,63.000,57.0,112.0,,1.0,8018.0,0.0,1.0,N,109.0,80.0,11.0,0.7339449541284404,For profit - Limited Liability company,120.0,104.5,CAPITOL NURSING AND REHABILITATION CENTER LLC,CADIA HEALTHCARE,96.0,CADIA REHABILITATION CAPITOL,DE,,,,2025-11-01,1,1,1,1,1,1,1,1
gold_main_v2,control,control_v2,085048,CADIA REHABILITATION CAPITOL,DE,2026,0,,,,,,,,,,,68.6574124423963,4.0,16.683216589861754,4.0,0,False,True,True,False,False,True,2016.0,2023.0,control_weighted_pseudocohort,5.0,1,0,0,1,1,1,0,1,1.0,1.0,11.0,3.0,9.0,,,,,,,3.91372,4.0,,3.0,3.0,4.0,81.000,,,,1.0,8018.0,0.0,1.0,N,,,,,For profit - Limited Liability company,120.0,102.8,CAPITOL NURSING AND REHABILITATION CENTER LLC,CADIA HEALTHCARE,96.0,CADIA REHABILITATION CAPITOL,DE,,,,2026-03-01,0,1,1,0,0,1,1,0
gold_main_v2,control,control_v2,085054,CADIA REHABILITATION PIKE CREEK,DE,2016,0,,,,,,,,,,,47.525843317972345,4.0,37.64225806451613,4.0,1,,,,,,,2016.0,2023.0,control_weighted_pseudocohort,5.0,1,0,0,1,1,0,0,0,1.0,1.0,11.0,3.0,9.0,,,,,,,5.09349,5.0,5.0,3.0,5.0,5.0,65.333,0.0,6.0,,0.0,0.0,0.0,0.0,N,,,,,For profit - Corporation,130.0,123.0,PIKE CREEK HEALTHCARE SERVICES LLC,,,CADIA REHABILITATION PIKE CREEK,,,,,,0,1,1,0,0,1,1,0
gold_main_v2,control,control_v2,085054,CADIA REHABILITATION PIKE CREEK,DE,2017,0,,,,,,,,,,,47.525843317972345,4.0,37.64225806451613,4.0,1,,,,,,,2016.0,2023.0,control_weighted_pseudocohort,5.0,1,0,1,1,1,0,0,0,1.0,1.0,11.0,3.0,9.0,274.0,117.35708534621578,40493.71,160349.89,1.258828984238464,4.989309917603165,5.09876,4.0,4.0,3.0,4.0,3.0,57.333,0.0,5.0,,0.0,0.0,0.0,0.0,N,,,,,For profit - Corporation,130.0,121.0,PIKE CREEK HEALTHCARE SERVICES LLC,,,CADIA REHABILITATION PIKE CREEK,,,,,2017-12-01,1,1,1,0,1,1,1,0
gold_main_v2,control,control_v2,085054,CADIA REHABILITATION PIKE CREEK,DE,2018,0,,,,,,,,,,,47.525843317972345,4.0,37.64225806451613,4.0,1,,,,,,,2016.0,2023.0,control_weighted_pseudocohort,5.0,1,0,1,1,1,0,0,0,1.0,1.0,11.0,3.0,9.0,365.0,118.66526848755107,58772.009999999995,202806.16,1.361632273781678,4.695081433790486,4.45266,,3.0,,,,58.400,0.0,5.0,,0.0,0.0,0.0,0.0,N,,,,,For profit - Corporation,130.0,122.3,PIKE CREEK HEALTHCARE SERVICES LLC,,,CADIA REHABILITATION PIKE CREEK,,,,,2018-12-01,1,1,0,0,1,1,0,0
gold_main_v2,control,control_v2,085054,CADIA REHABILITATION PIKE CREEK,DE,2019,0,,,,,,,,,,,47.525843317972345,4.0,37.64225806451613,4.0,1,,,,,,,2016.0,2023.0,control_weighted_pseudocohort,5.0,1,0,1,1,1,0,0,0,1.0,1.0,11.0,3.0,9.0,365.0,115.9501785050698,61926.51,196207.15,1.4636315041827015,4.639095482513611,4.715,,3.0,,,,123.500,1.0,12.0,,0.0,0.0,0.0,0.0,N,,,,,For profit - Corporation,130.0,114.1,PIKE CREEK HEALTHCARE SERVICES LLC,,,CADIA REHABILITATION PIKE CREEK,,,,,2019-11-01,1,1,0,0,1,1,0,0
gold_main_v2,control,control_v2,085054,CADIA REHABILITATION PIKE CREEK,DE,2020,0,,,,,,,,,,,47.525843317972345,4.0,37.64225806451613,4.0,1,,,,,,,2016.0,2023.0,control_weighted_pseudocohort,5.0,1,0,1,1,1,0,0,0,1.0,1.0,11.0,3.0,9.0,366.0,105.67328595317726,50572.1,152035.4,1.3158487151360183,3.9401387924706377,3.02563,,,1.0,2.0,5.0,155.000,2.0,17.0,,0.0,0.0,0.0,0.0,N,,,,,For profit - Corporation,130.0,100.0,PIKE CREEK HEALTHCARE SERVICES LLC,,,CADIA REHABILITATION PIKE CREEK,,,,,2020-11-01,1,1,1,0,1,1,1,0
gold_main_v2,control,control_v2,085054,CADIA REHABILITATION PIKE CREEK,DE,2021,0,,,,,,,,,,,47.525843317972345,4.0,37.64225806451613,4.0,1,,,,,,,2016.0,2023.0,control_weighted_pseudocohort,5.0,1,0,1,1,1,0,0,0,1.0,1.0,11.0,3.0,9.0,365.0,110.83153899240855,44940.39,151297.88999999998,1.115346976994156,3.7500236992170457,3.42199,2.0,2.0,1.0,2.0,5.0,159.000,1.0,10.0,3.0,0.0,0.0,0.0,0.0,N,,,,,For profit - Corporation,130.0,117.4,PIKE CREEK HEALTHCARE SERVICES LLC,,,CADIA REHABILITATION PIKE CREEK,,,,,2021-11-01,1,1,1,0,1,1,1,0
gold_main_v2,control,control_v2,085054,CADIA REHABILITATION PIKE CREEK,DE,2022,0,,,,,,,,,,,47.525843317972345,4.0,37.64225806451613,4.0,1,False,False,False,False,False,False,2016.0,2023.0,control_weighted_pseudocohort,5.0,1,0,1,1,1,1,0,1,1.0,1.0,11.0,3.0,9.0,365.0,108.94780087062696,48720.94,157751.99,1.2252649728717713,3.966802713491357,3.86795,3.0,,1.0,2.0,5.0,155.000,0.0,1.0,3.0,0.0,0.0,0.0,0.0,N,,,,,For profit - Corporation,130.0,107.8,PIKE CREEK HEALTHCARE SERVICES LLC,,,CADIA REHABILITATION PIKE CREEK,,,,,2022-11-01,1,1,1,0,1,1,1,0
gold_main_v2,control,control_v2,085054,CADIA REHABILITATION PIKE CREEK,DE,2023,0,,,,,,,,,,,47.525843317972345,4.0,37.64225806451613,4.0,1,False,False,False,False,False,False,2016.0,2023.0,control_weighted_pseudocohort,5.0,1,1,1,1,1,1,0,1,1.0,1.0,11.0,3.0,9.0,365.0,142.37735573605138,41590.380000000005,212326.4,0.8224479586903167,4.074390268626803,4.03709,2.0,,1.0,2.0,5.0,126.167,0.0,1.0,2.0,1.0,104273.0,0.0,1.0,N,125.0,56.0,61.0,0.448,For profit - Corporation,177.0,126.0,PIKE CREEK HEALTHCARE SERVICES LLC,CADIA HEALTHCARE,96.0,CADIA REHABILITATION PIKE CREEK,DE,,,,2023-11-01,1,1,1,1,1,1,1,1
gold_main_v2,control,control_v2,085054,CADIA REHABILITATION PIKE CREEK,DE,2024,0,,,,,,,,,,,47.525843317972345,4.0,37.64225806451613,4.0,1,False,False,False,False,False,False,2016.0,2023.0,control_weighted_pseudocohort,5.0,1,1,1,1,1,1,0,1,1.0,1.0,11.0,3.0,9.0,366.0,156.03469899665552,36696.2,243904.27,0.6421353251012996,4.2782515125911855,4.38336,1.0,,2.0,2.0,5.0,88.000,3.0,7.0,,2.0,130318.5,0.0,2.0,N,163.0,85.0,75.0,0.5214723926380368,For profit - Limited Liability company,177.0,154.5,PIKE CREEK HEALTHCARE SERVICES LLC,CADIA HEALTHCARE,96.0,CADIA REHABILITATION PIKE CREEK,DE,,,,2024-11-01,1,1,1,1,1,1,1,1
gold_main_v2,control,control_v2,085054,CADIA REHABILITATION PIKE CREEK,DE,2025,0,,,,,,,,,,,47.525843317972345,4.0,37.64225806451613,4.0,1,False,True,True,False,False,True,2016.0,2023.0,control_weighted_pseudocohort,5.0,1,1,1,1,1,1,0,1,1.0,1.0,11.0,3.0,9.0,273.0,150.1379793314576,25139.86,178270.85,0.6140687337466448,4.361025366087489,4.3867,1.0,,2.0,2.0,5.0,95.500,47.0,257.0,,4.0,181151.0,1.0,5.0,N,161.33333333333334,84.66666666666667,67.33333333333333,0.5248634516321089,For profit - Limited Liability company,177.0,144.6,PIKE CREEK HEALTHCARE SERVICES LLC,CADIA HEALTHCARE,96.0,CADIA REHABILITATION PIKE CREEK,DE,,,,2025-11-01,1,1,1,1,1,1,1,1
gold_main_v2,control,control_v2,085054,CADIA REHABILITATION PIKE CREEK,DE,2026,0,,,,,,,,,,,47.525843317972345,4.0,37.64225806451613,4.0,1,False,True,True,False,False,True,2016.0,2023.0,control_weighted_pseudocohort,5.0,1,0,0,1,1,1,0,1,1.0,1.0,11.0,3.0,9.0,,,,,,,4.54897,1.0,,3.0,3.0,5.0,86.500,,,,3.0,78351.0,1.0,4.0,N,,,,,For profit - Limited Liability company,177.0,143.1,PIKE CREEK HEALTHCARE SERVICES LLC,CADIA HEALTHCARE,96.0,CADIA REHABILITATION PIKE CREEK,DE,,,,2026-03-01,0,1,1,0,0,1,1,0
gold_main_v2,control,control_v2,105029,COMMUNITY CONVALESCENT CENTER,FL,2016,0,,,,,,,,,,,63.83992626728111,4.0,17.353267281105992,4.0,1,,,,,,,2016.0,2023.0,control_weighted_pseudocohort,5.0,1,0,0,1,1,0,0,0,1.0,1.0,11.0,3.0,9.0,,,,,,,4.25689,4.0,4.0,1.0,2.0,4.0,144.833,0.0,12.0,,1.0,5948.0,0.0,1.0,N,,,,,Non profit - Corporation,120.0,116.0,"LTCSP PLANT CITY, LLC",,,COMMUNITY CONVALESCENT CENTER,,,,,,0,1,1,0,0,1,1,0
gold_main_v2,control,control_v2,105029,COMMUNITY CONVALESCENT CENTER,FL,2017,0,,,,,,,,,,,63.83992626728111,4.0,17.353267281105992,4.0,1,,,,,,,2016.0,2023.0,control_weighted_pseudocohort,5.0,1,0,1,1,1,0,0,0,1.0,1.0,11.0,3.0,9.0,365.0,117.16013563730957,20718.1,161887.45,0.4847865302211114,3.7858950993961873,4.39194,3.0,3.0,4.0,5.0,5.0,16.000,0.0,5.0,,1.0,13065.0,0.0,1.0,N,,,,,Non profit - Corporation,120.0,118.0,"LTCSP PLANT CITY, LLC",,,COMMUNITY CONVALESCENT CENTER,,,,,2017-12-01,1,1,1,0,1,1,1,0
gold_main_v2,control,control_v2,105029,COMMUNITY CONVALESCENT CENTER,FL,2018,0,,,,,,,,,,,63.83992626728111,4.0,17.353267281105992,4.0,1,,,,,,,2016.0,2023.0,control_weighted_pseudocohort,5.0,1,0,1,1,1,0,0,0,1.0,1.0,11.0,3.0,9.0,365.0,115.9060127674258,19509.95,163680.4,0.4613924364829779,3.870640286861651,3.82634,,3.0,,,,9.600,0.0,3.0,,1.0,13065.0,0.0,1.0,N,,,,,Non profit - Corporation,120.0,117.9,"LTCSP PLANT CITY, LLC",,,COMMUNITY CONVALESCENT CENTER,,,,,2018-12-01,1,1,0,0,1,1,0,0
gold_main_v2,control,control_v2,105029,COMMUNITY CONVALESCENT CENTER,FL,2019,0,,,,,,,,,,,63.83992626728111,4.0,17.353267281105992,4.0,1,,,,,,,2016.0,2023.0,control_weighted_pseudocohort,5.0,1,0,1,1,1,0,0,0,1.0,1.0,11.0,3.0,9.0,365.0,117.89461963157616,21230.75,160831.75,0.4936153772385045,3.7390034833591255,3.71216,,2.0,,,,11.333,0.0,1.0,,0.0,0.0,0.0,0.0,N,,,,,Non profit - Corporation,120.0,118.2,"LTCSP PLANT CITY, LLC",,,COMMUNITY CONVALESCENT CENTER,,,,,2019-11-01,1,1,0,0,1,1,0,0
gold_main_v2,control,control_v2,105029,COMMUNITY CONVALESCENT CENTER,FL,2020,0,,,,,,,,,,,63.83992626728111,4.0,17.353267281105992,4.0,1,,,,,,,2016.0,2023.0,control_weighted_pseudocohort,5.0,1,0,1,1,1,0,0,0,1.0,1.0,11.0,3.0,9.0,366.0,96.46936215957956,17499.75,138320.41,0.5281204401194739,4.06372957362923,4.45048,2.0,2.0,5.0,5.0,5.0,11.333,0.0,1.0,,0.0,0.0,0.0,0.0,N,,,,,Non profit - Corporation,120.0,71.9,"LTCSP PLANT CITY, LLC",,,COMMUNITY CONVALESCENT CENTER,,,,,2020-11-01,1,1,1,0,1,1,1,0
gold_main_v2,control,control_v2,105029,COMMUNITY CONVALESCENT CENTER,FL,2021,0,,,,,,,,,,,63.83992626728111,4.0,17.353267281105992,4.0,1,,,,,,,2016.0,2023.0,control_weighted_pseudocohort,5.0,1,0,1,1,1,0,0,0,1.0,1.0,11.0,3.0,9.0,365.0,107.95745673408716,16397.25,140958.5,0.4185069609615967,3.5884675051808643,3.74326,2.0,2.0,3.0,3.0,2.0,35.000,0.0,5.0,1.0,1.0,13905.45,0.0,1.0,N,,,,,Non profit - Corporation,120.0,99.0,"LTCSP PLANT CITY, LLC",,,COMMUNITY CONVALESCENT CENTER,,,,,2021-11-01,1,1,1,0,1,1,1,0
gold_main_v2,control,control_v2,105029,COMMUNITY CONVALESCENT CENTER,FL,2022,0,,,,,,,,,,,63.83992626728111,4.0,17.353267281105992,4.0,1,False,False,False,False,False,False,2016.0,2023.0,control_weighted_pseudocohort,5.0,1,0,1,1,1,1,0,1,1.0,1.0,11.0,3.0,9.0,365.0,106.03495049636354,18585.75,126211.5,0.4810958694842924,3.259678291324915,3.16273,2.0,,3.0,3.0,4.0,29.167,0.0,5.0,1.0,1.0,13905.45,0.0,1.0,N,,,,,Non profit - Corporation,120.0,111.4,"LTCSP PLANT CITY, LLC",,,COMMUNITY CONVALESCENT CENTER,,,,,2022-11-01,1,1,1,0,1,1,1,0
gold_main_v2,control,control_v2,105029,COMMUNITY CONVALESCENT CENTER,FL,2023,0,,,,,,,,,,,63.83992626728111,4.0,17.353267281105992,4.0,1,False,False,False,False,False,False,2016.0,2023.0,control_weighted_pseudocohort,5.0,1,1,1,1,1,1,0,1,1.0,1.0,11.0,3.0,9.0,365.0,105.9779098317142,20778.25,124823.0,0.5364808708177735,3.2255224089096934,3.22273,3.0,,3.0,4.0,5.0,34.000,3.0,7.0,0.0,1.0,6885.0,0.0,1.0,N,110.0,76.0,11.0,0.6909090909090909,For profit - Corporation,120.0,100.6,"LTCSP PLANT CITY, LLC",,,COMMUNITY CONVALESCENT CENTER,FL,,,,2023-11-01,1,1,1,1,1,1,1,1
gold_main_v2,control,control_v2,105029,COMMUNITY CONVALESCENT CENTER,FL,2024,0,,,,,,,,,,,63.83992626728111,4.0,17.353267281105992,4.0,1,False,False,False,False,False,False,2016.0,2023.0,control_weighted_pseudocohort,5.0,1,1,1,1,1,1,0,1,1.0,1.0,11.0,3.0,9.0,366.0,112.84274964166268,19316.0,136756.75,0.4679623709919908,3.3124536008240835,3.33731,3.0,,2.0,3.0,5.0,46.000,3.0,6.0,,1.0,4535.93,0.0,1.0,N,110.0,76.0,11.0,0.6909090909090909,For profit - Corporation,120.0,109.1,"LTCSP PLANT CITY, LLC",,,COMMUNITY CONVALESCENT CENTER,FL,,,,2024-11-01,1,1,1,1,1,1,1,1
gold_main_v2,control,control_v2,105029,COMMUNITY CONVALESCENT CENTER,FL,2025,0,,,,,,,,,,,63.83992626728111,4.0,17.353267281105992,4.0,1,False,True,False,False,False,False,2016.0,2023.0,control_weighted_pseudocohort,5.0,1,1,1,1,1,1,0,1,1.0,1.0,11.0,3.0,9.0,273.0,113.42242660720922,11709.5,98396.5,0.3778980652656954,3.178368195986327,3.14132,1.0,,1.0,1.0,3.0,282.000,10.0,38.0,,2.0,175586.0,0.0,2.0,N,112.66666666666669,80.0,11.0,0.7091936312275294,Non profit - Corporation,120.0,112.9,"LTCSP PLANT CITY, LLC",SENIOR HEALTH SOUTH,729.0,COMMUNITY CONVALESCENT CENTER,FL,,,,2025-11-01,1,1,1,1,1,1,1,1
gold_main_v2,control,control_v2,105029,COMMUNITY CONVALESCENT CENTER,FL,2026,0,,,,,,,,,,,63.83992626728111,4.0,17.353267281105992,4.0,1,False,True,False,False,False,False,2016.0,2023.0,control_weighted_pseudocohort,5.0,1,0,0,1,1,1,0,1,1.0,1.0,11.0,3.0,9.0,,,,,,,3.15168,2.0,,1.0,1.0,4.0,282.000,,,,2.0,115719.0,0.0,2.0,N,,,,,Non profit - Corporation,120.0,114.0,"LTCSP PLANT CITY, LLC",SENIOR HEALTH SOUTH,729.0,COMMUNITY CONVALESCENT CENTER,FL,,,,2026-03-01,0,1,1,0,0,1,1,0
gold_main_v2,control,control_v2,105117,SOUTH HERITAGE HEALTH & REHABILITATION CENTER,FL,2016,0,,,,,,,,,,,87.99717050691244,4.0,7.172753456221199,4.0,0,,,,,,,2016.0,2023.0,control_weighted_pseudocohort,5.0,1,0,0,1,1,0,0,0,1.0,1.0,11.0,3.0,9.0,,,,,,,3.45435,3.0,3.0,4.0,5.0,5.0,14.000,0.0,4.0,,0.0,0.0,0.0,0.0,N,,,,,Non profit - Corporation,69.0,46.0,"SENIOR HEALTH-SOUTH HERITAGE, LLC",,,SOUTH HERITAGE HEALTH & REHABILITATION CENTER,,,,,,0,1,1,0,0,1,1,0
gold_main_v2,control,control_v2,105117,SOUTH HERITAGE HEALTH & REHABILITATION CENTER,FL,2017,0,,,,,,,,,,,87.99717050691244,4.0,7.172753456221199,4.0,0,,,,,,,2016.0,2023.0,control_weighted_pseudocohort,5.0,1,0,1,1,1,0,0,0,1.0,1.0,11.0,3.0,9.0,365.0,52.05539032223815,6934.3,75101.95,0.3600713631352699,3.963126746553788,3.82596,2.0,1.0,3.0,3.0,2.0,24.000,0.0,8.0,,0.0,0.0,0.0,0.0,N,,,,,Non profit - Corporation,69.0,52.0,"SENIOR HEALTH-SOUTH HERITAGE, LLC",,,SOUTH HERITAGE HEALTH & REHABILITATION CENTER,,,,,2017-12-01,1,1,1,0,1,1,1,0
gold_main_v2,control,control_v2,105117,SOUTH HERITAGE HEALTH & REHABILITATION CENTER,FL,2018,0,,,,,,,,,,,87.99717050691244,4.0,7.172753456221199,4.0,0,,,,,,,2016.0,2023.0,control_weighted_pseudocohort,5.0,1,0,1,1,1,0,0,0,1.0,1.0,11.0,3.0,9.0,365.0,57.94708154164676,7483.5,80353.1,0.3528437475094227,3.7998405236956616,3.71265,,2.0,,,,24.800,0.0,8.0,,0.0,0.0,0.0,0.0,N,,,,,Non profit - Corporation,69.0,56.7,"SENIOR HEALTH-SOUTH HERITAGE, LLC",,,SOUTH HERITAGE HEALTH & REHABILITATION CENTER,,,,,2018-12-01,1,1,0,0,1,1,0,0
gold_main_v2,control,control_v2,105117,SOUTH HERITAGE HEALTH & REHABILITATION CENTER,FL,2019,0,,,,,,,,,,,87.99717050691244,4.0,7.172753456221199,4.0,0,,,,,,,2016.0,2023.0,control_weighted_pseudocohort,5.0,1,0,1,1,1,0,0,0,1.0,1.0,11.0,3.0,9.0,365.0,60.56065124489037,10473.95,82623.85,0.4731181852624779,3.738936399117625,3.71687,,3.0,,,,23.333,0.0,4.0,,1.0,13627.0,0.0,1.0,N,,,,,Non profit - Corporation,69.0,60.2,"SENIOR HEALTH-SOUTH HERITAGE, LLC",,,SOUTH HERITAGE HEALTH & REHABILITATION CENTER,,,,,2019-11-01,1,1,0,0,1,1,0,0
gold_main_v2,control,control_v2,105117,SOUTH HERITAGE HEALTH & REHABILITATION CENTER,FL,2020,0,,,,,,,,,,,87.99717050691244,4.0,7.172753456221199,4.0,0,,,,,,,2016.0,2023.0,control_weighted_pseudocohort,5.0,1,0,1,1,1,0,0,0,1.0,1.0,11.0,3.0,9.0,275.0,58.41316292403249,8970.0,54546.25,0.5603734021512538,3.4031265405420803,,,,4.0,4.0,2.0,22.000,0.0,0.0,,1.0,13627.0,0.0,1.0,N,,,,,Non profit - Corporation,69.0,59.2,"SENIOR HEALTH-SOUTH HERITAGE, LLC",,,SOUTH HERITAGE HEALTH & REHABILITATION CENTER,,,,,2020-11-01,1,0,1,0,1,0,1,0
gold_main_v2,control,control_v2,105117,SOUTH HERITAGE HEALTH & REHABILITATION CENTER,FL,2021,0,,,,,,,,,,,87.99717050691244,4.0,7.172753456221199,4.0,0,,,,,,,2016.0,2023.0,control_weighted_pseudocohort,5.0,1,0,1,1,1,0,0,0,1.0,1.0,11.0,3.0,9.0,365.0,59.26462148962149,14168.5,80786.0,0.6562702119236723,3.735629600672486,3.77639,4.0,4.0,5.0,5.0,5.0,8.667,0.0,0.0,0.0,1.0,13627.25,0.0,1.0,N,,,,,Non profit - Corporation,69.0,56.7,"SENIOR HEALTH-SOUTH HERITAGE, LLC",,,SOUTH HERITAGE HEALTH & REHABILITATION CENTER,,,,,2021-11-01,1,1,1,0,1,1,1,0
gold_main_v2,control,control_v2,105117,SOUTH HERITAGE HEALTH & REHABILITATION CENTER,FL,2022,0,,,,,,,,,,,87.99717050691244,4.0,7.172753456221199,4.0,0,False,False,False,False,False,False,2016.0,2023.0,control_weighted_pseudocohort,5.0,1,0,1,1,1,1,0,1,1.0,1.0,11.0,3.0,9.0,365.0,59.10777260179434,14732.75,75074.5,0.6838567579396175,3.477401048673223,3.40298,4.0,,5.0,5.0,5.0,8.667,0.0,0.0,0.0,0.0,0.0,0.0,0.0,N,,,,,Non profit - Corporation,69.0,60.6,"SENIOR HEALTH-SOUTH HERITAGE, LLC",,,SOUTH HERITAGE HEALTH & REHABILITATION CENTER,,,,,2022-11-01,1,1,1,0,1,1,1,0
gold_main_v2,control,control_v2,105117,SOUTH HERITAGE HEALTH & REHABILITATION CENTER,FL,2023,0,,,,,,,,,,,87.99717050691244,4.0,7.172753456221199,4.0,0,False,False,False,False,False,False,2016.0,2023.0,control_weighted_pseudocohort,5.0,1,1,1,1,1,1,0,1,1.0,1.0,11.0,3.0,9.0,365.0,56.03443157084462,14302.0,68401.75,0.6998233775763287,3.344802785703345,3.26695,4.0,,3.0,4.0,5.0,28.000,0.0,0.0,1.0,0.0,0.0,0.0,0.0,N,54.0,46.0,4.0,0.8518518518518519,Non profit - Corporation,69.0,54.6,"SENIOR HEALTH-SOUTH HERITAGE, LLC",,,SOUTH HERITAGE HEALTH & REHABILITATION CENTER,FL,,,,2023-11-01,1,1,1,1,1,1,1,1
gold_main_v2,control,control_v2,105117,SOUTH HERITAGE HEALTH & REHABILITATION CENTER,FL,2024,0,,,,,,,,,,,87.99717050691244,4.0,7.172753456221199,4.0,0,False,False,False,False,False,False,2016.0,2023.0,control_weighted_pseudocohort,5.0,1,1,1,1,1,1,0,1,1.0,1.0,11.0,3.0,9.0,366.0,57.90029264214047,12097.75,71107.5,0.5713691787057031,3.359335668398839,3.381,3.0,,3.0,3.0,4.0,26.000,0.0,0.0,1.0,0.0,0.0,0.0,0.0,N,54.0,46.0,4.0,0.8518518518518519,Non profit - Corporation,69.0,55.7,"SENIOR HEALTH-SOUTH HERITAGE, LLC",,,SOUTH HERITAGE HEALTH & REHABILITATION CENTER,FL,,,,2024-11-01,1,1,1,1,1,1,1,1
gold_main_v2,control,control_v2,105117,SOUTH HERITAGE HEALTH & REHABILITATION CENTER,FL,2025,0,,,,,,,,,,,87.99717050691244,4.0,7.172753456221199,4.0,0,False,True,False,False,False,False,2016.0,2023.0,control_weighted_pseudocohort,5.0,1,1,1,1,1,1,0,1,1.0,1.0,11.0,3.0,9.0,273.0,60.34559643255295,8943.25,54670.5,0.5429774695872903,3.3202757405488974,3.28312,3.0,,1.0,1.0,4.0,115.000,3.0,6.0,,1.0,90405.0,0.0,1.0,N,58.0,48.0,6.0,0.8275862068965517,Non profit - Corporation,74.0,59.4,"SENIOR HEALTH-SOUTH HERITAGE, LLC",SENIOR HEALTH SOUTH,729.0,SOUTH HERITAGE HEALTH & REHABILITATION CENTER,FL,,,,2025-11-01,1,1,1,1,1,1,1,1
gold_main_v2,control,control_v2,105117,SOUTH HERITAGE HEALTH & REHABILITATION CENTER,FL,2026,0,,,,,,,,,,,87.99717050691244,4.0,7.172753456221199,4.0,0,False,True,False,False,False,False,2016.0,2023.0,control_weighted_pseudocohort,5.0,1,0,0,1,1,1,0,1,1.0,1.0,11.0,3.0,9.0,,,,,,,3.37664,3.0,,1.0,1.0,4.0,130.000,,,,1.0,90405.0,0.0,1.0,N,,,,,Non profit - Corporation,74.0,59.7,"SENIOR HEALTH-SOUTH HERITAGE, LLC",SENIOR HEALTH SOUTH,729.0,SOUTH HERITAGE HEALTH & REHABILITATION CENTER,FL,,,,2026-03-01,0,1,1,0,0,1,1,0
gold_main_v2,control,control_v2,105176,WINTER HAVEN HEALTH AND REHABILITATION CENTER,FL,2016,0,,,,,,,,,,,72.56797695852535,4.0,7.631400921658987,4.0,0,,,,,,,2016.0,2023.0,control_weighted_pseudocohort,5.0,1,0,0,1,1,0,0,0,1.0,1.0,11.0,3.0,9.0,,,,,,,3.8606,3.0,2.0,2.0,2.0,3.0,38.667,0.0,15.0,,4.0,11700.0,0.0,4.0,N,,,,,Non profit - Corporation,140.0,132.0,"SENIOR HEALTH-WINTER HAVEN, LLC",,,WINTER HAVEN HEALTH AND REHABILITATION CENTER,,,,,,0,1,1,0,0,1,1,0
gold_main_v2,control,control_v2,105176,WINTER HAVEN HEALTH AND REHABILITATION CENTER,FL,2017,0,,,,,,,,,,,72.56797695852535,4.0,7.631400921658987,4.0,0,,,,,,,2016.0,2023.0,control_weighted_pseudocohort,5.0,1,0,1,1,1,0,0,0,1.0,1.0,11.0,3.0,9.0,365.0,133.86801574029835,19257.1,185740.1,0.3937835703542101,3.8049383049692302,4.21075,3.0,3.0,2.0,3.0,5.0,48.000,0.0,18.0,,3.0,14170.0,0.0,3.0,N,,,,,Non profit - Corporation,140.0,135.0,"SENIOR HEALTH-WINTER HAVEN, LLC",,,WINTER HAVEN HEALTH AND REHABILITATION CENTER,,,,,2017-12-01,1,1,1,0,1,1,1,0
gold_main_v2,control,control_v2,105176,WINTER HAVEN HEALTH AND REHABILITATION CENTER,FL,2018,0,,,,,,,,,,,72.56797695852535,4.0,7.631400921658987,4.0,0,,,,,,,2016.0,2023.0,control_weighted_pseudocohort,5.0,1,0,1,1,1,0,0,0,1.0,1.0,11.0,3.0,9.0,365.0,133.39638145670756,17820.75,183421.67,0.3659270240854371,3.7683767617084967,3.77881,,2.0,,,,48.000,0.0,15.0,,1.0,8970.0,0.0,1.0,N,,,,,Non profit - Corporation,140.0,131.8,"SENIOR HEALTH-WINTER HAVEN, LLC",,,WINTER HAVEN HEALTH AND REHABILITATION CENTER,,,,,2018-12-01,1,1,0,0,1,1,0,0
gold_main_v2,control,control_v2,105176,WINTER HAVEN HEALTH AND REHABILITATION CENTER,FL,2019,0,,,,,,,,,,,72.56797695852535,4.0,7.631400921658987,4.0,0,,,,,,,2016.0,2023.0,control_weighted_pseudocohort,5.0,1,0,1,1,1,0,0,0,1.0,1.0,11.0,3.0,9.0,365.0,133.55355550246856,18405.25,182393.95,0.3775349859078023,3.742476038575484,3.72389,,2.0,,,,40.667,0.0,4.0,,0.0,0.0,0.0,0.0,N,,,,,Non profit - Corporation,140.0,136.2,"SENIOR HEALTH-WINTER HAVEN, LLC",,,WINTER HAVEN HEALTH AND REHABILITATION CENTER,,,,,2019-11-01,1,1,0,0,1,1,0,0
gold_main_v2,control,control_v2,105176,WINTER HAVEN HEALTH AND REHABILITATION CENTER,FL,2020,0,,,,,,,,,,,72.56797695852535,4.0,7.631400921658987,4.0,0,,,,,,,2016.0,2023.0,control_weighted_pseudocohort,5.0,1,0,1,1,1,0,0,0,1.0,1.0,11.0,3.0,9.0,366.0,119.59573578595318,18264.25,167563.4,0.4187258750649305,3.831418730068017,3.76403,2.0,2.0,1.0,1.0,3.0,174.833,3.0,5.0,,2.0,153721.0,0.0,2.0,N,,,,,Non profit - Corporation,140.0,130.0,"SENIOR HEALTH-WINTER HAVEN, LLC",,,WINTER HAVEN HEALTH AND REHABILITATION CENTER,,,,,2020-11-01,1,1,1,0,1,1,1,0
gold_main_v2,control,control_v2,105176,WINTER HAVEN HEALTH AND REHABILITATION CENTER,FL,2021,0,,,,,,,,,,,72.56797695852535,4.0,7.631400921658987,4.0,0,,,,,,,2016.0,2023.0,control_weighted_pseudocohort,5.0,1,0,1,1,1,0,0,0,1.0,1.0,11.0,3.0,9.0,365.0,119.64330705526358,21145.12,167293.62,0.4869625620120178,3.832936934259035,3.81037,3.0,3.0,1.0,1.0,2.0,129.000,3.0,5.0,3.0,3.0,166720.5,0.0,3.0,N,,,,,Non profit - Corporation,140.0,113.7,"SENIOR HEALTH-WINTER HAVEN, LLC",,,WINTER HAVEN HEALTH AND REHABILITATION CENTER,,,,,2021-11-01,1,1,1,0,1,1,1,0
gold_main_v2,control,control_v2,105176,WINTER HAVEN HEALTH AND REHABILITATION CENTER,FL,2022,0,,,,,,,,,,,72.56797695852535,4.0,7.631400921658987,4.0,0,False,False,False,False,False,False,2016.0,2023.0,control_weighted_pseudocohort,5.0,1,0,1,1,1,1,0,1,1.0,1.0,11.0,3.0,9.0,365.0,123.52335894781548,21674.33,148793.08000000002,0.4804847531385658,3.2960935349860954,3.22345,2.0,,1.0,1.0,3.0,81.167,3.0,2.0,3.0,3.0,166720.5,0.0,3.0,N,,,,,Non profit - Other,140.0,126.4,"SENIOR HEALTH-WINTER HAVEN, LLC",,,WINTER HAVEN HEALTH AND REHABILITATION CENTER,,,,,2022-11-01,1,1,1,0,1,1,1,0
gold_main_v2,control,control_v2,105176,WINTER HAVEN HEALTH AND REHABILITATION CENTER,FL,2023,0,,,,,,,,,,,72.56797695852535,4.0,7.631400921658987,4.0,0,False,False,False,False,False,False,2016.0,2023.0,control_weighted_pseudocohort,5.0,1,1,1,1,1,1,0,1,1.0,1.0,11.0,3.0,9.0,365.0,118.01606081116952,18012.25,139209.25,0.4225033169490649,3.229520169373554,3.33444,2.0,,3.0,3.0,4.0,30.667,0.0,0.0,0.0,0.0,0.0,0.0,0.0,N,137.0,101.0,3.0,0.7372262773722628,Non profit - Other,140.0,106.1,"SENIOR HEALTH-WINTER HAVEN, LLC",,,WINTER HAVEN HEALTH AND REHABILITATION CENTER,FL,,,,2023-11-01,1,1,1,1,1,1,1,1
gold_main_v2,control,control_v2,105176,WINTER HAVEN HEALTH AND REHABILITATION CENTER,FL,2024,0,,,,,,,,,,,72.56797695852535,4.0,7.631400921658987,4.0,0,False,False,False,False,False,False,2016.0,2023.0,control_weighted_pseudocohort,5.0,1,1,1,1,1,1,0,1,1.0,1.0,11.0,3.0,9.0,366.0,135.3082895365504,21472.25,163544.25,0.4332507505381519,3.302129811124528,3.26545,2.0,,2.0,2.0,3.0,50.667,0.0,2.0,,1.0,4081.14,0.0,1.0,N,135.0,100.0,4.0,0.7407407407407407,Non profit - Corporation,140.0,136.2,"SENIOR HEALTH-WINTER HAVEN, LLC",,,WINTER HAVEN HEALTH AND REHABILITATION CENTER,FL,,,,2024-11-01,1,1,1,1,1,1,1,1
gold_main_v2,control,control_v2,105176,WINTER HAVEN HEALTH AND REHABILITATION CENTER,FL,2025,0,,,,,,,,,,,72.56797695852535,4.0,7.631400921658987,4.0,0,False,True,False,False,False,False,2016.0,2023.0,control_weighted_pseudocohort,5.0,1,1,1,1,1,1,0,1,1.0,1.0,11.0,3.0,9.0,273.0,133.10462210896995,16149.75,119609.25,0.4446857539099251,3.2926263249465397,3.25012,2.0,,2.0,2.0,4.0,67.500,8.0,13.0,,1.0,4190.0,0.0,1.0,N,135.0,100.0,4.0,0.7407407407407408,Non profit - Corporation,140.0,132.2,"SENIOR HEALTH-WINTER HAVEN, LLC",SENIOR HEALTH SOUTH,729.0,WINTER HAVEN HEALTH AND REHABILITATION CENTER,FL,,,,2025-11-01,1,1,1,1,1,1,1,1
gold_main_v2,control,control_v2,105176,WINTER HAVEN HEALTH AND REHABILITATION CENTER,FL,2026,0,,,,,,,,,,,72.56797695852535,4.0,7.631400921658987,4.0,0,False,True,False,False,False,False,2016.0,2023.0,control_weighted_pseudocohort,5.0,1,0,0,1,1,1,0,1,1.0,1.0,11.0,3.0,9.0,,,,,,,3.23606,3.0,,2.0,2.0,3.0,67.500,,,,1.0,4190.0,0.0,1.0,N,,,,,Non profit - Corporation,140.0,131.8,"SENIOR HEALTH-WINTER HAVEN, LLC",SENIOR HEALTH SOUTH,729.0,WINTER HAVEN HEALTH AND REHABILITATION CENTER,FL,,,,2026-03-01,0,1,1,0,0,1,1,0
gold_main_v2,control,control_v2,105265,EMERALD COAST CENTER,FL,2016,0,,,,,,,,,,,79.045,4.0,10.132615207373272,4.0,0,,,,,,,2016.0,2023.0,control_weighted_pseudocohort,5.0,1,0,0,1,1,0,0,0,1.0,1.0,11.0,3.0,9.0,,,,,,,3.86326,3.0,2.0,3.0,4.0,5.0,28.000,0.0,1.0,,0.0,0.0,0.0,0.0,N,,,,,Non profit - Corporation,120.0,98.0,"HEARTHSTONE SENIOR COMMUNITIES, INC.",,,EMERALD COAST CENTER,,,,,,0,1,1,0,0,1,1,0
gold_main_v2,control,control_v2,105265,EMERALD COAST CENTER,FL,2017,0,,,,,,,,,,,79.045,4.0,10.132615207373272,4.0,0,,,,,,,2016.0,2023.0,control_weighted_pseudocohort,5.0,1,0,1,1,1,0,0,0,1.0,1.0,11.0,3.0,9.0,365.0,94.89672054998142,23013.8,133634.85,0.6637639633615781,3.8574839786502864,3.8342,4.0,4.0,2.0,4.0,5.0,37.333,0.0,0.0,,1.0,55575.0,0.0,1.0,N,,,,,Non profit - Corporation,120.0,95.0,EMERALD COAST REHABILITATION CENTER LLC,,,EMERALD COAST CENTER,,,,,2017-12-01,1,1,1,0,1,1,1,0
gold_main_v2,control,control_v2,105265,EMERALD COAST CENTER,FL,2018,0,,,,,,,,,,,79.045,4.0,10.132615207373272,4.0,0,,,,,,,2016.0,2023.0,control_weighted_pseudocohort,5.0,1,0,1,1,1,0,0,0,1.0,1.0,11.0,3.0,9.0,365.0,102.91454318628232,25131.4,143320.91999999998,0.6717259603199035,3.816739348271612,3.76878,,4.0,,,,38.400,0.0,0.0,,1.0,55575.0,0.0,1.0,N,,,,,Non profit - Corporation,120.0,103.3,EMERALD COAST REHABILITATION CENTER LLC,,,EMERALD COAST CENTER,,,,,2018-12-01,1,1,0,0,1,1,0,0
gold_main_v2,control,control_v2,105265,EMERALD COAST CENTER,FL,2019,0,,,,,,,,,,,79.045,4.0,10.132615207373272,4.0,0,,,,,,,2016.0,2023.0,control_weighted_pseudocohort,5.0,1,0,1,1,1,0,0,0,1.0,1.0,11.0,3.0,9.0,365.0,105.87626944311728,19789.2,145410.11,0.5122257957983266,3.7636553651492433,3.78417,,3.0,,,,22.000,0.0,0.0,,0.0,0.0,0.0,0.0,N,,,,,Non profit - Corporation,120.0,106.0,EMERALD COAST REHABILITATION CENTER LLC,,,EMERALD COAST CENTER,,,,,2019-11-01,1,1,0,0,1,1,0,0
gold_main_v2,control,control_v2,105265,EMERALD COAST CENTER,FL,2020,0,,,,,,,,,,,79.045,4.0,10.132615207373272,4.0,0,,,,,,,2016.0,2023.0,control_weighted_pseudocohort,5.0,1,0,1,1,1,0,0,0,1.0,1.0,11.0,3.0,9.0,366.0,95.11613115145724,16455.89,128060.52,0.4743892185341333,3.687852459459344,3.66436,3.0,3.0,3.0,3.0,4.0,24.000,1.0,0.0,,0.0,0.0,0.0,0.0,N,,,,,Non profit - Corporation,120.0,102.6,EMERALD COAST REHABILITATION CENTER LLC,,,EMERALD COAST CENTER,,,,,2020-11-01,1,1,1,0,1,1,1,0
gold_main_v2,control,control_v2,105265,EMERALD COAST CENTER,FL,2021,0,,,,,,,,,,,79.045,4.0,10.132615207373272,4.0,0,,,,,,,2016.0,2023.0,control_weighted_pseudocohort,5.0,1,0,1,1,1,0,0,0,1.0,1.0,11.0,3.0,9.0,365.0,97.398983383766,16179.0,129578.75,0.4583975197756822,3.6664274946170385,3.51088,3.0,3.0,4.0,3.0,1.0,16.667,1.0,1.0,1.0,0.0,0.0,0.0,0.0,N,,,,,Non profit - Corporation,120.0,93.7,EMERALD COAST REHABILITATION CENTER LLC,,,EMERALD COAST CENTER,,,,,2021-11-01,1,1,1,0,1,1,1,0
gold_main_v2,control,control_v2,105265,EMERALD COAST CENTER,FL,2022,0,,,,,,,,,,,79.045,4.0,10.132615207373272,4.0,0,False,False,False,False,False,False,2016.0,2023.0,control_weighted_pseudocohort,5.0,1,0,1,1,1,1,0,1,1.0,1.0,11.0,3.0,9.0,365.0,96.22654947709296,17542.75,117105.75,0.5018849192651995,3.333144046603848,3.25722,3.0,,1.0,1.0,3.0,149.500,1.0,2.0,1.0,1.0,143716.09,0.0,1.0,N,,,,,Non profit - Corporation,120.0,94.7,EMERALD COAST REHABILITATION CENTER LLC,,,EMERALD COAST CENTER,,,,,2022-11-01,1,1,1,0,1,1,1,0
gold_main_v2,control,control_v2,105265,EMERALD COAST CENTER,FL,2023,0,,,,,,,,,,,79.045,4.0,10.132615207373272,4.0,0,False,False,False,False,False,False,2016.0,2023.0,control_weighted_pseudocohort,5.0,1,1,1,1,1,1,0,1,1.0,1.0,11.0,3.0,9.0,365.0,102.6597381483251,15523.75,118083.25,0.4140375120682158,3.15127345956597,3.14383,3.0,,1.0,1.0,4.0,108.333,0.0,2.0,1.0,1.0,143716.09,0.0,1.0,N,95.0,74.0,7.0,0.7789473684210526,Non profit - Corporation,120.0,97.5,EMERALD COAST REHABILITATION CENTER LLC,HEARTHSTONE SENIOR COMMUNITIES,262.0,EMERALD COAST CENTER,FL,,,,2023-11-01,1,1,1,1,1,1,1,1
gold_main_v2,control,control_v2,105265,EMERALD COAST CENTER,FL,2024,0,,,,,,,,,,,79.045,4.0,10.132615207373272,4.0,0,False,False,False,False,False,False,2016.0,2023.0,control_weighted_pseudocohort,5.0,1,1,1,1,1,1,0,1,1.0,1.0,11.0,3.0,9.0,366.0,102.38482441471572,18973.25,121248.5,0.5068128277223705,3.236635500724942,3.23683,4.0,,1.0,2.0,5.0,87.167,0.0,2.0,,2.0,169563.09,0.0,2.0,N,99.0,79.0,6.5,0.7972406745017884,Non profit - Corporation,120.0,102.8,EMERALD COAST REHABILITATION CENTER LLC,HEARTHSTONE SENIOR COMMUNITIES,262.0,EMERALD COAST CENTER,FL,,,,2024-11-01,1,1,1,1,1,1,1,1
gold_main_v2,control,control_v2,105265,EMERALD COAST CENTER,FL,2025,0,,,,,,,,,,,79.045,4.0,10.132615207373272,4.0,0,False,True,False,False,False,False,2016.0,2023.0,control_weighted_pseudocohort,5.0,1,1,1,1,1,1,0,1,1.0,1.0,11.0,3.0,9.0,273.0,102.36368848542764,14452.25,90384.75,0.5176224448177501,3.234957576455175,3.26141,3.0,,4.0,4.0,4.0,25.000,0.0,4.0,,2.0,17114.0,0.0,2.0,N,102.33333333333331,83.66666666666667,5.666666666666667,0.8176167131276234,For profit - Individual,120.0,105.0,EMERALD COAST REHABILITATION CENTER LLC,HEARTHSTONE SENIOR COMMUNITIES,262.0,EMERALD COAST CENTER,FL,,,,2025-11-01,1,1,1,1,1,1,1,1
gold_main_v2,control,control_v2,105265,EMERALD COAST CENTER,FL,2026,0,,,,,,,,,,,79.045,4.0,10.132615207373272,4.0,0,False,True,False,False,False,False,2016.0,2023.0,control_weighted_pseudocohort,5.0,1,0,0,1,1,1,0,1,1.0,1.0,11.0,3.0,9.0,,,,,,,3.24693,3.0,,4.0,4.0,3.0,25.000,,,,2.0,17114.0,0.0,2.0,N,,,,,For profit - Individual,120.0,100.9,EMERALD COAST REHABILITATION CENTER LLC,HEARTHSTONE SENIOR COMMUNITIES,262.0,EMERALD COAST CENTER,FL,,,,2026-03-01,0,1,1,0,0,1,1,0
gold_main_v2,control,control_v2,105271,BOCA CIEGA CENTER,FL,2016,0,,,,,,,,,,,82.40020276497697,4.0,10.326741935483872,4.0,0,,,,,,,2016.0,2023.0,control_weighted_pseudocohort,5.0,1,0,0,1,1,0,0,0,1.0,1.0,11.0,3.0,9.0,,,,,,,3.50909,2.0,2.0,1.0,1.0,3.0,164.667,0.0,7.0,,1.0,27950.0,0.0,1.0,N,,,,,Non profit - Corporation,115.0,99.0,BOCA CIEGA REHABILITATION CENTER LLC,,,BOCA CIEGA CENTER,,,,,,0,1,1,0,0,1,1,0
gold_main_v2,control,control_v2,105271,BOCA CIEGA CENTER,FL,2017,0,,,,,,,,,,,82.40020276497697,4.0,10.326741935483872,4.0,0,,,,,,,2016.0,2023.0,control_weighted_pseudocohort,5.0,1,0,1,1,1,0,0,0,1.0,1.0,11.0,3.0,9.0,365.0,100.47911424324468,21222.07,145456.9,0.5790613533715534,3.968347932168235,4.332,4.0,4.0,1.0,2.0,2.0,86.667,0.0,4.0,,1.0,27950.0,0.0,1.0,N,,,,,Non profit - Corporation,115.0,100.0,BOCA CIEGA REHABILITATION CENTER LLC,,,BOCA CIEGA CENTER,,,,,2017-12-01,1,1,1,0,1,1,1,0
gold_main_v2,control,control_v2,105271,BOCA CIEGA CENTER,FL,2018,0,,,,,,,,,,,82.40020276497697,4.0,10.326741935483872,4.0,0,,,,,,,2016.0,2023.0,control_weighted_pseudocohort,5.0,1,0,1,1,1,0,0,0,1.0,1.0,11.0,3.0,9.0,365.0,102.20164569729786,21285.6,143641.58000000002,0.5690292455640182,3.8521986849195935,3.78612,,3.0,,,,43.200,0.0,2.0,,0.0,0.0,0.0,0.0,N,,,,,Non profit - Corporation,120.0,100.5,BOCA CIEGA REHABILITATION CENTER LLC,,,BOCA CIEGA CENTER,,,,,2018-12-01,1,1,0,0,1,1,0,0
gold_main_v2,control,control_v2,105271,BOCA CIEGA CENTER,FL,2019,0,,,,,,,,,,,82.40020276497697,4.0,10.326741935483872,4.0,0,,,,,,,2016.0,2023.0,control_weighted_pseudocohort,5.0,1,0,1,1,1,0,0,0,1.0,1.0,11.0,3.0,9.0,365.0,100.75191577745926,24389.25,138961.63,0.6626923856563265,3.78091014567388,3.77767,,3.0,,,,26.667,1.0,3.0,,1.0,38026.0,0.0,1.0,N,,,,,Non profit - Corporation,120.0,102.5,BOCA CIEGA REHABILITATION CENTER LLC,,,BOCA CIEGA CENTER,,,,,2019-11-01,1,1,0,0,1,1,0,0
gold_main_v2,control,control_v2,105271,BOCA CIEGA CENTER,FL,2020,0,,,,,,,,,,,82.40020276497697,4.0,10.326741935483872,4.0,0,,,,,,,2016.0,2023.0,control_weighted_pseudocohort,5.0,1,0,1,1,1,0,0,0,1.0,1.0,11.0,3.0,9.0,366.0,93.67221094123268,17696.42,127784.87,0.5211878949430915,3.7349713559255666,3.65145,3.0,3.0,3.0,3.0,3.0,24.667,1.0,2.0,,1.0,38026.0,0.0,1.0,N,,,,,Non profit - Corporation,120.0,103.6,BOCA CIEGA REHABILITATION CENTER LLC,,,BOCA CIEGA CENTER,,,,,2020-11-01,1,1,1,0,1,1,1,0
gold_main_v2,control,control_v2,105271,BOCA CIEGA CENTER,FL,2021,0,,,,,,,,,,,82.40020276497697,4.0,10.326741935483872,4.0,0,,,,,,,2016.0,2023.0,control_weighted_pseudocohort,5.0,1,0,1,1,1,0,0,0,1.0,1.0,11.0,3.0,9.0,365.0,94.2509933906673,16109.75,123309.25,0.4733720924994058,3.5919723755227406,3.69966,3.0,3.0,3.0,3.0,2.0,29.333,1.0,7.0,5.0,3.0,58812.96,0.0,3.0,N,,,,,Non profit - Corporation,120.0,87.1,BOCA CIEGA REHABILITATION CENTER LLC,,,BOCA CIEGA CENTER,,,,,2021-11-01,1,1,1,0,1,1,1,0
gold_main_v2,control,control_v2,105271,BOCA CIEGA CENTER,FL,2022,0,,,,,,,,,,,82.40020276497697,4.0,10.326741935483872,4.0,0,False,False,False,False,False,False,2016.0,2023.0,control_weighted_pseudocohort,5.0,1,0,1,1,1,1,0,1,1.0,1.0,11.0,3.0,9.0,365.0,96.13792137813876,21516.25,110564.0,0.613203013038657,3.1449495423543694,3.05063,2.0,,2.0,2.0,4.0,52.000,0.0,6.0,5.0,2.0,20787.0,0.0,2.0,N,,,,,Non profit - Corporation,120.0,94.0,BOCA CIEGA REHABILITATION CENTER LLC,,,BOCA CIEGA CENTER,,,,,2022-11-01,1,1,1,0,1,1,1,0
gold_main_v2,control,control_v2,105271,BOCA CIEGA CENTER,FL,2023,0,,,,,,,,,,,82.40020276497697,4.0,10.326741935483872,4.0,0,False,False,False,False,False,False,2016.0,2023.0,control_weighted_pseudocohort,5.0,1,1,1,1,1,1,0,1,1.0,1.0,11.0,3.0,9.0,365.0,93.40888411105804,19468.5,107420.75,0.5700932098043403,3.152004866743932,3.20016,2.0,,2.0,2.0,4.0,55.333,0.0,16.0,1.0,1.0,11037.0,0.0,1.0,N,102.0,85.0,9.0,0.8333333333333334,Non profit - Corporation,120.0,87.8,BOCA CIEGA REHABILITATION CENTER LLC,HEARTHSTONE SENIOR COMMUNITIES,262.0,BOCA CIEGA CENTER,FL,,,,2023-11-01,1,1,1,1,1,1,1,1
gold_main_v2,control,control_v2,105271,BOCA CIEGA CENTER,FL,2024,0,,,,,,,,,,,82.40020276497697,4.0,10.326741935483872,4.0,0,False,False,False,False,False,False,2016.0,2023.0,control_weighted_pseudocohort,5.0,1,1,1,1,1,1,0,1,1.0,1.0,11.0,3.0,9.0,366.0,102.3350155279503,20313.75,117582.25,0.5421483414128998,3.1393287182233256,3.13508,2.0,,2.0,2.0,4.0,72.000,1.0,14.0,,0.0,0.0,0.0,0.0,N,105.0,91.0,6.75,0.8663522012578617,For profit - Corporation,120.0,101.5,BOCA CIEGA REHABILITATION CENTER LLC,HEARTHSTONE SENIOR COMMUNITIES,262.0,BOCA CIEGA CENTER,FL,,,,2024-11-01,1,1,1,1,1,1,1,1
gold_main_v2,control,control_v2,105271,BOCA CIEGA CENTER,FL,2025,0,,,,,,,,,,,82.40020276497697,4.0,10.326741935483872,4.0,0,False,True,False,False,False,False,2016.0,2023.0,control_weighted_pseudocohort,5.0,1,1,1,1,1,1,0,1,1.0,1.0,11.0,3.0,9.0,273.0,106.35019907628605,15538.5,90781.0,0.5349924823323308,3.126793618846879,3.09266,3.0,,2.0,2.0,3.0,78.000,3.0,23.0,,0.0,0.0,0.0,0.0,N,106.0,93.0,6.0,0.8773584905660378,For profit - Corporation,120.0,106.1,BOCA CIEGA REHABILITATION CENTER LLC,HEARTHSTONE SENIOR COMMUNITIES,262.0,BOCA CIEGA CENTER,FL,,,,2025-11-01,1,1,1,1,1,1,1,1
gold_main_v2,control,control_v2,105271,BOCA CIEGA CENTER,FL,2026,0,,,,,,,,,,,82.40020276497697,4.0,10.326741935483872,4.0,0,False,True,False,False,False,False,2016.0,2023.0,control_weighted_pseudocohort,5.0,1,0,0,1,1,1,0,1,1.0,1.0,11.0,3.0,9.0,,,,,,,3.17675,3.0,,2.0,2.0,4.0,74.000,,,,0.0,0.0,0.0,0.0,N,,,,,For profit - Corporation,120.0,106.7,BOCA CIEGA REHABILITATION CENTER LLC,HEARTHSTONE SENIOR COMMUNITIES,262.0,BOCA CIEGA CENTER,FL,,,,2026-03-01,0,1,1,0,0,1,1,0
gold_main_v2,control,control_v2,105274,CLEARWATER CENTER,FL,2016,0,,,,,,,,,,,83.7317465437788,4.0,6.318271889400922,4.0,0,,,,,,,2016.0,2023.0,control_weighted_pseudocohort,5.0,1,0,0,1,1,0,0,0,1.0,1.0,11.0,3.0,9.0,,,,,,,3.77217,3.0,2.0,3.0,3.0,4.0,26.667,0.0,0.0,,0.0,0.0,0.0,0.0,N,,,,,Non profit - Corporation,109.0,97.0,"CLEARWATER REHABILITATION CENTER, LLC",,,CLEARWATER CENTER,,,,,,0,1,1,0,0,1,1,0
gold_main_v2,control,control_v2,105274,CLEARWATER CENTER,FL,2017,0,,,,,,,,,,,83.7317465437788,4.0,6.318271889400922,4.0,0,,,,,,,2016.0,2023.0,control_weighted_pseudocohort,5.0,1,0,1,1,1,0,0,0,1.0,1.0,11.0,3.0,9.0,365.0,100.98630288793332,17562.8,140688.9,0.4763691964606173,3.8162403230455952,3.81714,3.0,2.0,3.0,3.0,2.0,30.000,0.0,1.0,,0.0,0.0,0.0,0.0,N,,,,,Non profit - Corporation,109.0,105.0,"CLEARWATER REHABILITATION CENTER, LLC",,,CLEARWATER CENTER,,,,,2017-12-01,1,1,1,0,1,1,1,0
gold_main_v2,control,control_v2,105274,CLEARWATER CENTER,FL,2018,0,,,,,,,,,,,83.7317465437788,4.0,6.318271889400922,4.0,0,,,,,,,2016.0,2023.0,control_weighted_pseudocohort,5.0,1,0,1,1,1,0,0,0,1.0,1.0,11.0,3.0,9.0,365.0,102.90830678982852,15210.25,143866.5,0.4051973667210216,3.8312467326325392,3.78538,,3.0,,,,29.600,0.0,4.0,,0.0,0.0,0.0,0.0,N,,,,,Non profit - Corporation,109.0,100.9,"CLEARWATER REHABILITATION CENTER, LLC",,,CLEARWATER CENTER,,,,,2018-12-01,1,1,0,0,1,1,0,0
gold_main_v2,control,control_v2,105274,CLEARWATER CENTER,FL,2019,0,,,,,,,,,,,83.7317465437788,4.0,6.318271889400922,4.0,0,,,,,,,2016.0,2023.0,control_weighted_pseudocohort,5.0,1,0,1,1,1,0,0,0,1.0,1.0,11.0,3.0,9.0,365.0,98.22070194298456,12698.25,135373.45,0.3541153628768198,3.779022902250695,3.82098,,2.0,,,,24.000,0.0,4.0,,0.0,0.0,0.0,0.0,N,,,,,Non profit - Corporation,109.0,93.4,"CLEARWATER REHABILITATION CENTER, LLC",,,CLEARWATER CENTER,,,,,2019-11-01,1,1,0,0,1,1,0,0
gold_main_v2,control,control_v2,105274,CLEARWATER CENTER,FL,2020,0,,,,,,,,,,,83.7317465437788,4.0,6.318271889400922,4.0,0,,,,,,,2016.0,2023.0,control_weighted_pseudocohort,5.0,1,0,1,1,1,0,0,0,1.0,1.0,11.0,3.0,9.0,366.0,98.9150143334926,11663.25,134402.37,0.3232843285323629,3.715290540665664,3.6949,3.0,2.0,3.0,3.0,2.0,24.000,0.0,3.0,,0.0,0.0,0.0,0.0,N,,,,,Non profit - Corporation,109.0,101.4,"CLEARWATER REHABILITATION CENTER, LLC",,,CLEARWATER CENTER,,,,,2020-11-01,1,1,1,0,1,1,1,0
gold_main_v2,control,control_v2,105274,CLEARWATER CENTER,FL,2021,0,,,,,,,,,,,83.7317465437788,4.0,6.318271889400922,4.0,0,,,,,,,2016.0,2023.0,control_weighted_pseudocohort,5.0,1,0,1,1,1,0,0,0,1.0,1.0,11.0,3.0,9.0,365.0,94.71431093061528,14001.5,127783.5,0.4031251230626598,3.701089751248976,3.76241,3.0,2.0,4.0,5.0,5.0,17.333,0.0,0.0,0.0,0.0,0.0,0.0,0.0,N,,,,,Non profit - Corporation,109.0,89.0,"CLEARWATER REHABILITATION CENTER, LLC",,,CLEARWATER CENTER,,,,,2021-11-01,1,1,1,0,1,1,1,0
gold_main_v2,control,control_v2,105274,CLEARWATER CENTER,FL,2022,0,,,,,,,,,,,83.7317465437788,4.0,6.318271889400922,4.0,0,False,False,False,False,False,False,2016.0,2023.0,control_weighted_pseudocohort,5.0,1,0,1,1,1,1,0,1,1.0,1.0,11.0,3.0,9.0,365.0,87.1407144184318,17200.95,103749.7,0.5438070076955251,3.258570498453221,3.20879,2.0,,3.0,3.0,2.0,34.000,1.0,0.0,0.0,0.0,0.0,0.0,0.0,N,,,,,Non profit - Corporation,109.0,83.5,"CLEARWATER REHABILITATION CENTER, LLC",,,CLEARWATER CENTER,,,,,2022-11-01,1,1,1,0,1,1,1,0
gold_main_v2,control,control_v2,105274,CLEARWATER CENTER,FL,2023,0,,,,,,,,,,,83.7317465437788,4.0,6.318271889400922,4.0,0,False,False,False,False,False,False,2016.0,2023.0,control_weighted_pseudocohort,5.0,1,1,1,1,1,1,0,1,1.0,1.0,11.0,3.0,9.0,365.0,93.09526530233052,15553.75,107589.0,0.4612294165898097,3.1664115578516148,3.20201,2.0,,3.0,3.0,4.0,38.667,4.0,3.0,0.0,1.0,14984.84,0.0,1.0,N,104.0,83.0,2.0,0.7980769230769231,Non profit - Corporation,109.0,89.8,"CLEARWATER REHABILITATION CENTER, LLC",HEARTHSTONE SENIOR COMMUNITIES,262.0,CLEARWATER CENTER,FL,,,,2023-11-01,1,1,1,1,1,1,1,1
gold_main_v2,control,control_v2,105274,CLEARWATER CENTER,FL,2024,0,,,,,,,,,,,83.7317465437788,4.0,6.318271889400922,4.0,0,False,False,False,False,False,False,2016.0,2023.0,control_weighted_pseudocohort,5.0,1,1,1,1,1,1,0,1,1.0,1.0,11.0,3.0,9.0,366.0,98.635989010989,12338.25,115337.0,0.3426286466487374,3.1969975189427076,3.23907,2.0,,1.0,1.0,2.0,343.333,5.0,4.0,,2.0,91480.85,0.0,2.0,N,98.0,85.0,6.0,0.8673469387755102,Non profit - Corporation,109.0,98.3,"CLEARWATER REHABILITATION CENTER, LLC",HEARTHSTONE SENIOR COMMUNITIES,262.0,CLEARWATER CENTER,FL,,,,2024-11-01,1,1,1,1,1,1,1,1
gold_main_v2,control,control_v2,105274,CLEARWATER CENTER,FL,2025,0,,,,,,,,,,,83.7317465437788,4.0,6.318271889400922,4.0,0,False,True,False,False,False,False,2016.0,2023.0,control_weighted_pseudocohort,5.0,1,1,1,1,1,1,0,1,1.0,1.0,11.0,3.0,9.0,273.0,96.17942082072516,10479.0,83913.5,0.3988075588835865,3.19752374637094,3.1966,3.0,,1.0,1.0,3.0,492.000,11.0,23.0,,1.0,76496.0,0.0,1.0,N,98.0,85.0,6.0,0.8673469387755102,Non profit - Corporation,109.0,92.2,"CLEARWATER REHABILITATION CENTER, LLC",HEARTHSTONE SENIOR COMMUNITIES,262.0,CLEARWATER CENTER,FL,,,,2025-11-01,1,1,1,1,1,1,1,1
gold_main_v2,control,control_v2,105274,CLEARWATER CENTER,FL,2026,0,,,,,,,,,,,83.7317465437788,4.0,6.318271889400922,4.0,0,False,True,False,False,False,False,2016.0,2023.0,control_weighted_pseudocohort,5.0,1,0,0,1,1,1,0,1,1.0,1.0,11.0,3.0,9.0,,,,,,,3.21963,2.0,,1.0,1.0,3.0,485.000,,,,1.0,76496.0,0.0,1.0,N,,,,,Non profit - Corporation,109.0,96.2,"CLEARWATER REHABILITATION CENTER, LLC",HEARTHSTONE SENIOR COMMUNITIES,262.0,CLEARWATER CENTER,FL,,,,2026-03-01,0,1,1,0,0,1,1,0
gold_main_v2,control,control_v2,105286,BARTOW CENTER,FL,2016,0,,,,,,,,,,,71.56096313364054,4.0,9.32532258064516,4.0,0,,,,,,,2016.0,2023.0,control_weighted_pseudocohort,5.0,1,0,0,1,1,0,0,0,1.0,1.0,11.0,3.0,9.0,,,,,,,3.88398,1.0,1.0,2.0,1.0,3.0,38.000,0.0,7.0,,0.0,0.0,0.0,0.0,N,,,,,Non profit - Corporation,120.0,103.0,BARTOW REHABILITATION CENTER LLC,,,BARTOW CENTER,,,,,,0,1,1,0,0,1,1,0
gold_main_v2,control,control_v2,105286,BARTOW CENTER,FL,2017,0,,,,,,,,,,,71.56096313364054,4.0,9.32532258064516,4.0,0,,,,,,,2016.0,2023.0,control_weighted_pseudocohort,5.0,1,0,1,1,1,0,0,0,1.0,1.0,11.0,3.0,9.0,365.0,109.10333386420342,15847.4,154676.93,0.3984809318437954,3.8857942477852294,4.39219,3.0,3.0,4.0,4.0,4.0,20.667,0.0,8.0,,0.0,0.0,0.0,0.0,N,,,,,Non profit - Corporation,120.0,109.0,BARTOW REHABILITATION CENTER LLC,,,BARTOW CENTER,,,,,2017-12-01,1,1,1,0,1,1,1,0
gold_main_v2,control,control_v2,105286,BARTOW CENTER,FL,2018,0,,,,,,,,,,,71.56096313364054,4.0,9.32532258064516,4.0,0,,,,,,,2016.0,2023.0,control_weighted_pseudocohort,5.0,1,0,1,1,1,0,0,0,1.0,1.0,11.0,3.0,9.0,365.0,113.43689547167808,19056.25,162167.5,0.4601654209074325,3.919047532122496,3.90257,,3.0,,,,14.400,0.0,6.0,,0.0,0.0,0.0,0.0,N,,,,,Non profit - Corporation,120.0,113.0,BARTOW REHABILITATION CENTER LLC,,,BARTOW CENTER,,,,,2018-12-01,1,1,0,0,1,1,0,0
gold_main_v2,control,control_v2,105286,BARTOW CENTER,FL,2019,0,,,,,,,,,,,71.56096313364054,4.0,9.32532258064516,4.0,0,,,,,,,2016.0,2023.0,control_weighted_pseudocohort,5.0,1,0,1,1,1,0,0,0,1.0,1.0,11.0,3.0,9.0,365.0,111.2961485374529,17176.95,155053.05,0.4239149790316412,3.8179123449590184,3.84162,,2.0,,,,46.667,0.0,13.0,,1.0,21393.0,0.0,1.0,N,,,,,Non profit - Corporation,120.0,112.6,BARTOW REHABILITATION CENTER LLC,,,BARTOW CENTER,,,,,2019-11-01,1,1,0,0,1,1,0,0
gold_main_v2,control,control_v2,105286,BARTOW CENTER,FL,2020,0,,,,,,,,,,,71.56096313364054,4.0,9.32532258064516,4.0,0,,,,,,,2016.0,2023.0,control_weighted_pseudocohort,5.0,1,0,1,1,1,0,0,0,1.0,1.0,11.0,3.0,9.0,366.0,100.0757883420927,14565.0,138809.38,0.399380603071706,3.799737779772004,3.70956,2.0,2.0,2.0,2.0,3.0,44.667,0.0,14.0,,1.0,21393.0,0.0,1.0,N,,,,,Non profit - Corporation,120.0,112.9,BARTOW REHABILITATION CENTER LLC,,,BARTOW CENTER,,,,,2020-11-01,1,1,1,0,1,1,1,0
gold_main_v2,control,control_v2,105286,BARTOW CENTER,FL,2021,0,,,,,,,,,,,71.56096313364054,4.0,9.32532258064516,4.0,0,,,,,,,2016.0,2023.0,control_weighted_pseudocohort,5.0,1,0,1,1,1,0,0,0,1.0,1.0,11.0,3.0,9.0,365.0,93.26633155491852,13552.5,121455.25,0.4003543397979523,3.5829546198024227,3.67834,2.0,2.0,2.0,2.0,2.0,37.333,0.0,10.0,2.0,2.0,22043.0,0.0,2.0,N,,,,,Non profit - Corporation,120.0,88.1,BARTOW REHABILITATION CENTER LLC,,,BARTOW CENTER,,,,,2021-11-01,1,1,1,0,1,1,1,0
gold_main_v2,control,control_v2,105286,BARTOW CENTER,FL,2022,0,,,,,,,,,,,71.56096313364054,4.0,9.32532258064516,4.0,0,False,False,False,False,False,False,2016.0,2023.0,control_weighted_pseudocohort,5.0,1,0,1,1,1,1,0,1,1.0,1.0,11.0,3.0,9.0,365.0,102.56871847958804,10786.75,106345.25,0.2907581376389043,2.8550806600132774,3.10332,1.0,,3.0,3.0,5.0,26.667,0.0,10.0,2.0,1.0,650.0,0.0,1.0,N,,,,,Non profit - Corporation,120.0,99.0,BARTOW REHABILITATION CENTER LLC,,,BARTOW CENTER,,,,,2022-11-01,1,1,1,0,1,1,1,0
gold_main_v2,control,control_v2,105286,BARTOW CENTER,FL,2023,0,,,,,,,,,,,71.56096313364054,4.0,9.32532258064516,4.0,0,False,False,False,False,False,False,2016.0,2023.0,control_weighted_pseudocohort,5.0,1,1,1,1,1,1,0,1,1.0,1.0,11.0,3.0,9.0,365.0,102.39402638424376,14220.75,116866.75,0.3804094249274045,3.1266733518374448,3.15146,2.0,,3.0,3.0,4.0,33.333,0.0,15.0,6.0,1.0,12871.2,0.0,1.0,N,104.0,73.0,2.0,0.7019230769230769,Non profit - Corporation,120.0,93.8,BARTOW REHABILITATION CENTER LLC,HEARTHSTONE SENIOR COMMUNITIES,262.0,BARTOW CENTER,FL,,,,2023-11-01,1,1,1,1,1,1,1,1
gold_main_v2,control,control_v2,105286,BARTOW CENTER,FL,2024,0,,,,,,,,,,,71.56096313364054,4.0,9.32532258064516,4.0,0,False,False,False,False,False,False,2016.0,2023.0,control_weighted_pseudocohort,5.0,1,1,1,1,1,1,0,1,1.0,1.0,11.0,3.0,9.0,366.0,117.81685977066412,15643.75,139197.0,0.3633164770674841,3.2289949812758976,3.2657,2.0,,2.0,3.0,5.0,46.000,2.0,14.0,4.0,1.0,12871.2,0.0,1.0,N,111.5,78.0,12.0,0.6997010342598577,Non profit - Corporation,120.0,116.9,BARTOW REHABILITATION CENTER LLC,HEARTHSTONE SENIOR COMMUNITIES,262.0,BARTOW CENTER,FL,,,,2024-11-01,1,1,1,1,1,1,1,1
gold_main_v2,control,control_v2,105286,BARTOW CENTER,FL,2025,0,,,,,,,,,,,71.56096313364054,4.0,9.32532258064516,4.0,0,False,True,False,False,False,False,2016.0,2023.0,control_weighted_pseudocohort,5.0,1,1,1,1,1,1,0,1,1.0,1.0,11.0,3.0,9.0,273.0,115.49694307303002,12891.5,101409.25,0.409418285443998,3.2181701709909185,3.24343,2.0,,2.0,2.0,4.0,73.500,5.0,76.0,,2.0,8034.0,0.0,2.0,N,119.0,83.0,22.0,0.6974789915966385,Non profit - Corporation,120.0,114.9,BARTOW REHABILITATION CENTER LLC,HEARTHSTONE SENIOR COMMUNITIES,262.0,BARTOW CENTER,FL,,,,2025-11-01,1,1,1,1,1,1,1,1
gold_main_v2,control,control_v2,105286,BARTOW CENTER,FL,2026,0,,,,,,,,,,,71.56096313364054,4.0,9.32532258064516,4.0,0,False,True,False,False,False,False,2016.0,2023.0,control_weighted_pseudocohort,5.0,1,0,0,1,1,1,0,1,1.0,1.0,11.0,3.0,9.0,,,,,,,3.18473,2.0,,2.0,2.0,3.0,72.500,,,,2.0,8034.0,0.0,2.0,N,,,,,Non profit - Corporation,120.0,113.9,BARTOW REHABILITATION CENTER LLC,HEARTHSTONE SENIOR COMMUNITIES,262.0,BARTOW CENTER,FL,,,,2026-03-01,0,1,1,0,0,1,1,0
gold_main_v2,control,control_v2,105293,EGRET COVE CENTER,FL,2016,0,,,,,,,,,,,86.92629032258064,4.0,6.505976958525346,4.0,0,,,,,,,2016.0,2023.0,control_weighted_pseudocohort,5.0,1,0,0,1,1,0,0,0,1.0,1.0,11.0,3.0,9.0,,,,,,,3.96095,3.0,2.0,1.0,1.0,4.0,56.667,0.0,14.0,,2.0,2795.0,0.0,2.0,N,,,,,Non profit - Corporation,120.0,105.0,EGRET COVE REHABILITATION CENTER LLC,,,EGRET COVE CENTER,,,,,,0,1,1,0,0,1,1,0
gold_main_v2,control,control_v2,105293,EGRET COVE CENTER,FL,2017,0,,,,,,,,,,,86.92629032258064,4.0,6.505976958525346,4.0,0,,,,,,,2016.0,2023.0,control_weighted_pseudocohort,5.0,1,0,1,1,1,0,0,0,1.0,1.0,11.0,3.0,9.0,365.0,106.8781646493603,18869.5,150250.1,0.4841101836746329,3.85211193829816,4.15701,4.0,4.0,2.0,4.0,5.0,42.000,0.0,7.0,,1.0,15015.0,0.0,1.0,N,,,,,Non profit - Corporation,120.0,107.0,EGRET COVE REHABILITATION CENTER LLC,,,EGRET COVE CENTER,,,,,2017-12-01,1,1,1,0,1,1,1,0
gold_main_v2,control,control_v2,105293,EGRET COVE CENTER,FL,2018,0,,,,,,,,,,,86.92629032258064,4.0,6.505976958525346,4.0,0,,,,,,,2016.0,2023.0,control_weighted_pseudocohort,5.0,1,0,1,1,1,0,0,0,1.0,1.0,11.0,3.0,9.0,365.0,111.22511280989542,19047.6,156605.9,0.4709165825557262,3.8633874381898536,3.76038,,3.0,,,,37.600,0.0,5.0,,1.0,11382.0,0.0,1.0,N,,,,,Non profit - Corporation,120.0,115.3,EGRET COVE REHABILITATION CENTER LLC,,,EGRET COVE CENTER,,,,,2018-12-01,1,1,0,0,1,1,0,0
gold_main_v2,control,control_v2,105293,EGRET COVE CENTER,FL,2019,0,,,,,,,,,,,86.92629032258064,4.0,6.505976958525346,4.0,0,,,,,,,2016.0,2023.0,control_weighted_pseudocohort,5.0,1,0,1,1,1,0,0,0,1.0,1.0,11.0,3.0,9.0,365.0,103.13999508945162,17238.45,146434.8,0.4629124298985352,3.891088396274198,3.8711,,2.0,,,,189.500,1.0,18.0,,2.0,95537.0,1.0,3.0,N,,,,,Non profit - Corporation,120.0,110.4,EGRET COVE REHABILITATION CENTER LLC,,,EGRET COVE CENTER,,,,,2019-11-01,1,1,0,0,1,1,0,0
gold_main_v2,control,control_v2,105293,EGRET COVE CENTER,FL,2020,0,,,,,,,,,,,86.92629032258064,4.0,6.505976958525346,4.0,0,,,,,,,2016.0,2023.0,control_weighted_pseudocohort,5.0,1,0,1,1,1,0,0,0,1.0,1.0,11.0,3.0,9.0,366.0,95.64900860009556,12865.25,128042.21,0.3673059961266643,3.668957808809532,3.49675,2.0,2.0,1.0,1.0,2.0,153.667,1.0,17.0,,3.0,109442.0,1.0,4.0,N,,,,,Non profit - Corporation,120.0,100.3,EGRET COVE REHABILITATION CENTER LLC,,,EGRET COVE CENTER,,,,,2020-11-01,1,1,1,0,1,1,1,0
gold_main_v2,control,control_v2,105293,EGRET COVE CENTER,FL,2021,0,,,,,,,,,,,86.92629032258064,4.0,6.505976958525346,4.0,0,,,,,,,2016.0,2023.0,control_weighted_pseudocohort,5.0,1,0,1,1,1,0,0,0,1.0,1.0,11.0,3.0,9.0,365.0,94.29651019270584,17832.0,129291.75,0.521631669237726,3.75955571572012,3.72522,3.0,3.0,2.0,2.0,2.0,61.167,1.0,14.0,0.0,3.0,109441.95,1.0,4.0,N,,,,,Non profit - Corporation,120.0,95.6,EGRET COVE REHABILITATION CENTER LLC,,,EGRET COVE CENTER,,,,,2021-11-01,1,1,1,0,1,1,1,0
gold_main_v2,control,control_v2,105293,EGRET COVE CENTER,FL,2022,0,,,,,,,,,,,86.92629032258064,4.0,6.505976958525346,4.0,0,False,False,False,False,False,False,2016.0,2023.0,control_weighted_pseudocohort,5.0,1,0,1,1,1,1,0,1,1.0,1.0,11.0,3.0,9.0,365.0,86.44363088602219,18933.5,103905.5,0.5999013892468521,3.2948809613344023,3.20612,3.0,,4.0,4.0,4.0,18.667,0.0,1.0,2.0,0.0,0.0,0.0,0.0,N,,,,,Non profit - Corporation,120.0,77.9,EGRET COVE REHABILITATION CENTER LLC,,,EGRET COVE CENTER,,,,,2022-11-01,1,1,1,0,1,1,1,0
gold_main_v2,control,control_v2,105293,EGRET COVE CENTER,FL,2023,0,,,,,,,,,,,86.92629032258064,4.0,6.505976958525346,4.0,0,False,False,False,False,False,False,2016.0,2023.0,control_weighted_pseudocohort,5.0,1,1,1,1,1,1,0,1,1.0,1.0,11.0,3.0,9.0,365.0,101.11960503264852,20989.25,116220.25,0.5695544210314392,3.1494344551810753,3.13347,3.0,,4.0,4.0,3.0,16.667,0.0,1.0,2.0,0.0,0.0,0.0,0.0,N,76.0,72.0,1.0,0.9473684210526316,Non profit - Corporation,120.0,99.7,EGRET COVE REHABILITATION CENTER LLC,HEARTHSTONE SENIOR COMMUNITIES,262.0,EGRET COVE CENTER,FL,,,,2023-11-01,1,1,1,1,1,1,1,1
gold_main_v2,control,control_v2,105293,EGRET COVE CENTER,FL,2024,0,,,,,,,,,,,86.92629032258064,4.0,6.505976958525346,4.0,0,False,False,False,False,False,False,2016.0,2023.0,control_weighted_pseudocohort,5.0,1,1,1,1,1,1,0,1,1.0,1.0,11.0,3.0,9.0,366.0,109.92689918776875,21422.5,127525.25,0.5314536483102207,3.170304117973062,3.21635,2.0,,3.0,2.0,1.0,36.667,0.0,2.0,2.0,0.0,0.0,0.0,0.0,N,97.75,82.5,10.0,0.8511278195488722,Non profit - Corporation,120.0,111.0,EGRET COVE REHABILITATION CENTER LLC,HEARTHSTONE SENIOR COMMUNITIES,262.0,EGRET COVE CENTER,FL,,,,2024-11-01,1,1,1,1,1,1,1,1
gold_main_v2,control,control_v2,105293,EGRET COVE CENTER,FL,2025,0,,,,,,,,,,,86.92629032258064,4.0,6.505976958525346,4.0,0,False,True,False,False,False,False,2016.0,2023.0,control_weighted_pseudocohort,5.0,1,1,1,1,1,1,0,1,1.0,1.0,11.0,3.0,9.0,273.0,108.17109146891757,16711.5,92770.0,0.5663169009687011,3.1430835268654493,3.18297,2.0,,2.0,2.0,3.0,60.000,0.0,25.0,,1.0,5346.0,0.0,1.0,N,105.0,86.0,13.0,0.8190476190476191,Non profit - Corporation,120.0,105.1,EGRET COVE REHABILITATION CENTER LLC,HEARTHSTONE SENIOR COMMUNITIES,262.0,EGRET COVE CENTER,FL,,,,2025-11-01,1,1,1,1,1,1,1,1
gold_main_v2,control,control_v2,105293,EGRET COVE CENTER,FL,2026,0,,,,,,,,,,,86.92629032258064,4.0,6.505976958525346,4.0,0,False,True,False,False,False,False,2016.0,2023.0,control_weighted_pseudocohort,5.0,1,0,0,1,1,1,0,1,1.0,1.0,11.0,3.0,9.0,,,,,,,3.06849,2.0,,2.0,2.0,2.0,56.000,,,,1.0,5346.0,0.0,1.0,N,,,,,Non profit - Corporation,120.0,108.4,EGRET COVE REHABILITATION CENTER LLC,HEARTHSTONE SENIOR COMMUNITIES,262.0,EGRET COVE CENTER,FL,,,,2026-03-01,0,1,1,0,0,1,1,0
gold_main_v2,control,control_v2,105297,BROOKSVILLE HEALTHCARE CENTER,FL,2016,0,,,,,,,,,,,66.70551843317972,4.0,19.074327188940092,4.0,1,,,,,,,2016.0,2023.0,control_weighted_pseudocohort,5.0,1,0,0,1,1,0,0,0,1.0,1.0,11.0,3.0,9.0,,,,,,,4.52731,2.0,1.0,4.0,4.0,4.0,14.667,0.0,0.0,,0.0,0.0,0.0,0.0,N,,,,,Non profit - Corporation,180.0,141.0,BROOKSVILLE HEALTH CARE CENTER LLC,,,BROOKSVILLE HEALTHCARE CENTER,,,,,,0,1,1,0,0,1,1,0
gold_main_v2,control,control_v2,105297,BROOKSVILLE HEALTHCARE CENTER,FL,2017,0,,,,,,,,,,,66.70551843317972,4.0,19.074327188940092,4.0,1,,,,,,,2016.0,2023.0,control_weighted_pseudocohort,5.0,1,0,1,1,1,0,0,0,1.0,1.0,11.0,3.0,9.0,365.0,149.73654111588894,11910.12,219168.87,0.2177130428554274,4.012814044909858,4.03711,2.0,1.0,3.0,4.0,5.0,26.000,0.0,0.0,,0.0,0.0,0.0,0.0,N,,,,,Non profit - Corporation,180.0,163.0,BROOKSVILLE HEALTH CARE CENTER LLC,,,BROOKSVILLE HEALTHCARE CENTER,,,,,2017-12-01,1,1,1,0,1,1,1,0
gold_main_v2,control,control_v2,105297,BROOKSVILLE HEALTHCARE CENTER,FL,2018,0,,,,,,,,,,,66.70551843317972,4.0,19.074327188940092,4.0,1,,,,,,,2016.0,2023.0,control_weighted_pseudocohort,5.0,1,0,1,1,1,0,0,0,1.0,1.0,11.0,3.0,9.0,365.0,149.96456840261186,15257.76,221116.51,0.2784126764247241,4.040507402601746,3.98769,,2.0,,,,28.000,0.0,0.0,,0.0,0.0,0.0,0.0,N,,,,,Non profit - Corporation,180.0,151.5,BROOKSVILLE HEALTH CARE CENTER LLC,,,BROOKSVILLE HEALTHCARE CENTER,,,,,2018-12-01,1,1,0,0,1,1,0,0
gold_main_v2,control,control_v2,105297,BROOKSVILLE HEALTHCARE CENTER,FL,2019,0,,,,,,,,,,,66.70551843317972,4.0,19.074327188940092,4.0,1,,,,,,,2016.0,2023.0,control_weighted_pseudocohort,5.0,1,0,1,1,1,0,0,0,1.0,1.0,11.0,3.0,9.0,365.0,148.5913375272071,18799.5,219498.0,0.3465117365470931,4.047452495407949,3.99981,,2.0,,,,15.333,0.0,0.0,,0.0,0.0,0.0,0.0,N,,,,,Non profit - Corporation,180.0,142.9,BROOKSVILLE HEALTH CARE CENTER LLC,,,BROOKSVILLE HEALTHCARE CENTER,,,,,2019-11-01,1,1,0,0,1,1,0,0
gold_main_v2,control,control_v2,105297,BROOKSVILLE HEALTHCARE CENTER,FL,2020,0,,,,,,,,,,,66.70551843317972,4.0,19.074327188940092,4.0,1,,,,,,,2016.0,2023.0,control_weighted_pseudocohort,5.0,1,0,1,1,1,0,0,0,1.0,1.0,11.0,3.0,9.0,366.0,127.47915671285236,25384.5,200270.25,0.5506692753629884,4.297848859189221,4.07495,3.0,3.0,4.0,5.0,5.0,15.333,0.0,0.0,,0.0,0.0,0.0,0.0,N,,,,,Non profit - Corporation,180.0,130.5,BROOKSVILLE HEALTH CARE CENTER LLC,,,BROOKSVILLE HEALTHCARE CENTER,,,,,2020-11-01,1,1,1,0,1,1,1,0
gold_main_v2,control,control_v2,105297,BROOKSVILLE HEALTHCARE CENTER,FL,2021,0,,,,,,,,,,,66.70551843317972,4.0,19.074327188940092,4.0,1,,,,,,,2016.0,2023.0,control_weighted_pseudocohort,5.0,1,0,1,1,1,0,0,0,1.0,1.0,11.0,3.0,9.0,365.0,129.01331289483463,23440.5,195958.8,0.500597640216432,4.165427927150783,3.96751,2.0,2.0,4.0,3.0,1.0,17.333,0.0,0.0,1.0,0.0,0.0,0.0,0.0,N,,,,,Non profit - Corporation,180.0,138.1,BROOKSVILLE HEALTH CARE CENTER LLC,,,BROOKSVILLE HEALTHCARE CENTER,,,,,2021-11-01,1,1,1,0,1,1,1,0
gold_main_v2,control,control_v2,105297,BROOKSVILLE HEALTHCARE CENTER,FL,2022,0,,,,,,,,,,,66.70551843317972,4.0,19.074327188940092,4.0,1,False,False,False,False,False,False,2016.0,2023.0,control_weighted_pseudocohort,5.0,1,0,1,1,1,1,0,1,1.0,1.0,11.0,3.0,9.0,274.0,124.70853462157812,13495.95,139664.35,0.395869672569333,4.096033998402274,,1.0,,3.0,2.0,3.0,27.333,0.0,0.0,1.0,2.0,1625.0,0.0,2.0,N,,,,,Non profit - Corporation,180.0,123.1,BROOKSVILLE HEALTH CARE CENTER LLC,,,BROOKSVILLE HEALTHCARE CENTER,,,,,2022-11-01,1,0,1,0,1,0,1,0
gold_main_v2,control,control_v2,105297,BROOKSVILLE HEALTHCARE CENTER,FL,2023,0,,,,,,,,,,,66.70551843317972,4.0,19.074327188940092,4.0,1,False,False,False,False,False,False,2016.0,2023.0,control_weighted_pseudocohort,5.0,1,1,1,1,1,1,0,1,1.0,1.0,11.0,3.0,9.0,365.0,135.6003629824282,19326.52,194720.48,0.3910774384865321,3.9324387836096015,3.69833,2.0,,4.0,4.0,2.0,22.000,0.0,0.0,1.0,2.0,1625.0,0.0,2.0,N,136.0,76.0,15.0,0.5588235294117647,For profit - Limited Liability company,180.0,138.0,BROOKSVILLE HEALTH CARE CENTER LLC,HEALTH SERVICES MANAGEMENT,257.0,BROOKSVILLE HEALTHCARE CENTER,FL,,,,2023-11-01,1,1,1,1,1,1,1,1
gold_main_v2,control,control_v2,105297,BROOKSVILLE HEALTHCARE CENTER,FL,2024,0,,,,,,,,,,,66.70551843317972,4.0,19.074327188940092,4.0,1,False,False,False,False,False,False,2016.0,2023.0,control_weighted_pseudocohort,5.0,1,1,1,1,1,1,0,1,1.0,1.0,11.0,3.0,9.0,366.0,136.03852126134734,27237.75,190397.68,0.5491208628305358,3.827739822475989,3.93582,3.0,,1.0,1.0,2.0,146.333,0.0,0.0,,1.0,37810.5,1.0,2.0,N,136.0,76.0,15.0,0.5588235294117647,For profit - Limited Liability company,180.0,132.8,BROOKSVILLE HEALTH CARE CENTER LLC,HEALTH SERVICES MANAGEMENT,257.0,BROOKSVILLE HEALTHCARE CENTER,FL,,,,2024-11-01,1,1,1,1,1,1,1,1
gold_main_v2,control,control_v2,105297,BROOKSVILLE HEALTHCARE CENTER,FL,2025,0,,,,,,,,,,,66.70551843317972,4.0,19.074327188940092,4.0,1,False,True,False,False,False,False,2016.0,2023.0,control_weighted_pseudocohort,5.0,1,1,1,1,1,1,0,1,1.0,1.0,11.0,3.0,9.0,273.0,136.81755941321157,21722.57,138977.22999999998,0.5831973325843914,3.725769302735008,3.68725,3.0,,2.0,2.0,2.0,83.500,0.0,0.0,,1.0,37811.0,1.0,2.0,N,134.0,81.0,36.0,0.6044776119402985,Non profit - Corporation,180.0,138.8,BROOKSVILLE HEALTH CARE CENTER LLC,HEALTH SERVICES MANAGEMENT,257.0,BROOKSVILLE HEALTHCARE CENTER,FL,,,,2025-11-01,1,1,1,1,1,1,1,1
gold_main_v2,control,control_v2,105297,BROOKSVILLE HEALTHCARE CENTER,FL,2026,0,,,,,,,,,,,66.70551843317972,4.0,19.074327188940092,4.0,1,False,True,False,False,False,False,2016.0,2023.0,control_weighted_pseudocohort,5.0,1,0,0,1,1,1,0,1,1.0,1.0,11.0,3.0,9.0,,,,,,,3.80212,3.0,,2.0,2.0,2.0,83.500,,,,1.0,37811.0,1.0,2.0,N,,,,,Non profit - Corporation,180.0,128.7,BROOKSVILLE HEALTH CARE CENTER LLC,HEALTH SERVICES MANAGEMENT,257.0,BROOKSVILLE HEALTHCARE CENTER,FL,,,,2026-03-01,0,1,1,0,0,1,1,0
gold_main_v2,control,control_v2,105327,CASA MORA REHABILITATION AND EXTENDED CARE,FL,2016,0,,,,,,,,,,,80.23843087557603,4.0,10.652541474654376,4.0,0,,,,,,,2016.0,2023.0,control_weighted_pseudocohort,5.0,1,0,0,1,1,0,0,0,1.0,1.0,11.0,3.0,9.0,,,,,,,4.00252,4.0,4.0,3.0,4.0,3.0,32.000,0.0,17.0,,1.0,104975.0,0.0,1.0,N,,,,,Non profit - Other,240.0,198.0,"FI-CASA MORA, LLC",,,CASA MORA REHABILITATION AND EXTENDED CARE,,,,,,0,1,1,0,0,1,1,0
gold_main_v2,control,control_v2,105327,CASA MORA REHABILITATION AND EXTENDED CARE,FL,2017,0,,,,,,,,,,,80.23843087557603,4.0,10.652541474654376,4.0,0,,,,,,,2016.0,2023.0,control_weighted_pseudocohort,5.0,1,0,1,1,1,0,0,0,1.0,1.0,11.0,3.0,9.0,365.0,200.1812078621861,30852.7,280886.05,0.4208772711093879,3.845575538767724,3.67901,3.0,2.0,3.0,4.0,5.0,28.000,0.0,4.0,,1.0,7410.0,0.0,1.0,N,,,,,Non profit - Corporation,240.0,212.0,"FI-CASA MORA, LLC",,,CASA MORA REHABILITATION AND EXTENDED CARE,,,,,2017-12-01,1,1,1,0,1,1,1,0
gold_main_v2,control,control_v2,105327,CASA MORA REHABILITATION AND EXTENDED CARE,FL,2018,0,,,,,,,,,,,80.23843087557603,4.0,10.652541474654376,4.0,0,,,,,,,2016.0,2023.0,control_weighted_pseudocohort,5.0,1,0,1,1,1,0,0,0,1.0,1.0,11.0,3.0,9.0,365.0,204.9085131655784,36028.15,284817.9,0.4830281725531227,3.8103328329749857,3.75397,,3.0,,,,29.600,0.0,4.0,,1.0,7410.0,0.0,1.0,N,,,,,Non profit - Corporation,240.0,215.0,"FI-CASA MORA, LLC",,,CASA MORA REHABILITATION AND EXTENDED CARE,,,,,2018-12-01,1,1,0,0,1,1,0,0
gold_main_v2,control,control_v2,105327,CASA MORA REHABILITATION AND EXTENDED CARE,FL,2019,0,,,,,,,,,,,80.23843087557603,4.0,10.652541474654376,4.0,0,,,,,,,2016.0,2023.0,control_weighted_pseudocohort,5.0,1,0,1,1,1,0,0,0,1.0,1.0,11.0,3.0,9.0,365.0,204.4083187344057,32216.15,279197.5,0.4318749694953659,3.743681483524188,3.79433,,2.0,,,,38.000,0.0,6.0,,1.0,49600.0,0.0,1.0,N,,,,,Non profit - Corporation,240.0,201.5,"FI-CASA MORA, LLC",,,CASA MORA REHABILITATION AND EXTENDED CARE,,,,,2019-11-01,1,1,0,0,1,1,0,0
gold_main_v2,control,control_v2,105327,CASA MORA REHABILITATION AND EXTENDED CARE,FL,2020,0,,,,,,,,,,,80.23843087557603,4.0,10.652541474654376,4.0,0,,,,,,,2016.0,2023.0,control_weighted_pseudocohort,5.0,1,0,1,1,1,0,0,0,1.0,1.0,11.0,3.0,9.0,366.0,177.74131032011468,29484.0,250484.72,0.4562342046902407,3.861739840527119,3.74269,2.0,2.0,2.0,2.0,4.0,34.667,0.0,5.0,,1.0,49600.0,0.0,1.0,N,,,,,Non profit - Corporation,240.0,188.6,"FI-CASA MORA, LLC",,,CASA MORA REHABILITATION AND EXTENDED CARE,,,,,2020-11-01,1,1,1,0,1,1,1,0
gold_main_v2,control,control_v2,105327,CASA MORA REHABILITATION AND EXTENDED CARE,FL,2021,0,,,,,,,,,,,80.23843087557603,4.0,10.652541474654376,4.0,0,,,,,,,2016.0,2023.0,control_weighted_pseudocohort,5.0,1,0,1,1,1,0,0,0,1.0,1.0,11.0,3.0,9.0,365.0,172.63022907044646,25532.0,236658.0,0.4078038065050943,3.762754068114234,3.72605,2.0,2.0,2.0,2.0,3.0,39.333,2.0,4.0,1.0,3.0,67875.4,0.0,3.0,N,,,,,Non profit - Corporation,240.0,171.8,"FI-CASA MORA, LLC",,,CASA MORA REHABILITATION AND EXTENDED CARE,,,,,2021-11-01,1,1,1,0,1,1,1,0
gold_main_v2,control,control_v2,105327,CASA MORA REHABILITATION AND EXTENDED CARE,FL,2022,0,,,,,,,,,,,80.23843087557603,4.0,10.652541474654376,4.0,0,False,False,False,False,False,False,2016.0,2023.0,control_weighted_pseudocohort,5.0,1,0,1,1,1,1,0,1,1.0,1.0,11.0,3.0,9.0,365.0,180.93599033816423,26348.75,218704.5,0.3989250382777452,3.3148381879799307,3.21948,3.0,,3.0,3.0,2.0,35.333,5.0,19.0,1.0,2.0,18275.4,0.0,2.0,N,,,,,Non profit - Other,240.0,184.0,"FI-CASA MORA, LLC",,,CASA MORA REHABILITATION AND EXTENDED CARE,,,,,2022-11-01,1,1,1,0,1,1,1,0
gold_main_v2,control,control_v2,105327,CASA MORA REHABILITATION AND EXTENDED CARE,FL,2023,0,,,,,,,,,,,80.23843087557603,4.0,10.652541474654376,4.0,0,False,False,False,False,False,False,2016.0,2023.0,control_weighted_pseudocohort,5.0,1,1,1,1,1,1,0,1,1.0,1.0,11.0,3.0,9.0,365.0,178.3868695917609,31246.0,208280.0,0.4798645324128266,3.1998385213382923,3.18108,3.0,,3.0,4.0,5.0,27.333,4.0,19.0,0.0,1.0,3250.0,0.0,1.0,N,180.0,157.0,7.0,0.8722222222222222,Non profit - Other,240.0,174.9,"FI-CASA MORA, LLC",FLORIDA INSTITUTE FOR LONG-TERM CARE,223.0,CASA MORA REHABILITATION AND EXTENDED CARE,FL,,,,2023-11-01,1,1,1,1,1,1,1,1
gold_main_v2,control,control_v2,105327,CASA MORA REHABILITATION AND EXTENDED CARE,FL,2024,0,,,,,,,,,,,80.23843087557603,4.0,10.652541474654376,4.0,0,False,False,False,False,False,False,2016.0,2023.0,control_weighted_pseudocohort,5.0,1,1,1,1,1,1,0,1,1.0,1.0,11.0,3.0,9.0,366.0,204.79201505016724,44876.75,238585.5,0.5972808199060062,3.183304459996949,3.19442,4.0,,1.0,1.0,4.0,152.333,3.0,17.0,,1.0,73220.13,0.0,1.0,N,195.0,152.0,31.0,0.7794871794871795,Non profit - Other,240.0,203.7,"FI-CASA MORA, LLC",FLORIDA INSTITUTE FOR LONG-TERM CARE,223.0,CASA MORA REHABILITATION AND EXTENDED CARE,FL,,,,2024-11-01,1,1,1,1,1,1,1,1
gold_main_v2,control,control_v2,105327,CASA MORA REHABILITATION AND EXTENDED CARE,FL,2025,0,,,,,,,,,,,80.23843087557603,4.0,10.652541474654376,4.0,0,False,True,False,False,False,False,2016.0,2023.0,control_weighted_pseudocohort,5.0,1,1,1,1,1,1,0,1,1.0,1.0,11.0,3.0,9.0,273.0,219.1910619171489,41111.25,191896.75,0.6867106930180743,3.2070995520091645,3.22066,4.0,,1.0,1.0,3.0,457.500,0.0,13.0,,1.0,73220.0,0.0,1.0,N,195.0,152.0,31.0,0.7794871794871795,Non profit - Other,240.0,219.0,"FI-CASA MORA, LLC",FLORIDA INSTITUTE FOR LONG-TERM CARE,223.0,CASA MORA REHABILITATION AND EXTENDED CARE,FL,,,,2025-11-01,1,1,1,1,1,1,1,1
gold_main_v2,control,control_v2,105327,CASA MORA REHABILITATION AND EXTENDED CARE,FL,2026,0,,,,,,,,,,,80.23843087557603,4.0,10.652541474654376,4.0,0,False,True,False,False,False,False,2016.0,2023.0,control_weighted_pseudocohort,5.0,1,0,0,1,1,1,0,1,1.0,1.0,11.0,3.0,9.0,,,,,,,3.23247,4.0,,1.0,1.0,3.0,457.500,,,,1.0,73220.0,0.0,1.0,N,,,,,Non profit - Other,240.0,217.7,"FI-CASA MORA, LLC",FLORIDA INSTITUTE FOR LONG-TERM CARE,223.0,CASA MORA REHABILITATION AND EXTENDED CARE,FL,,,,2026-03-01,0,1,1,0,0,1,1,0
gold_main_v2,control,control_v2,105343,HEATHER HILL HEALTHCARE CENTER,FL,2016,0,,,,,,,,,,,69.1240138248848,4.0,15.132534562211982,4.0,0,,,,,,,2016.0,2023.0,control_weighted_pseudocohort,5.0,1,0,0,1,1,0,0,0,1.0,1.0,11.0,3.0,9.0,,,,,,,3.86111,4.0,3.0,3.0,3.0,1.0,28.667,0.0,4.0,,1.0,1463.0,0.0,1.0,N,,,,,Non profit - Other,105.0,99.0,Legal Business Name Not Available,,,HEATHER HILL HEALTHCARE CENTER,,,,,,0,1,1,0,0,1,1,0
gold_main_v2,control,control_v2,105343,HEATHER HILL HEALTHCARE CENTER,FL,2017,0,,,,,,,,,,,69.1240138248848,4.0,15.132534562211982,4.0,0,,,,,,,2016.0,2023.0,control_weighted_pseudocohort,5.0,1,0,1,1,1,0,0,0,1.0,1.0,11.0,3.0,9.0,365.0,91.3889194139194,8720.2,131817.58000000002,0.2615344496237847,3.9539256344740306,3.92747,3.0,2.0,2.0,2.0,2.0,40.000,0.0,10.0,,1.0,1853.0,0.0,1.0,N,,,,,Non profit - Other,105.0,91.0,Legal Business Name Not Available,,,HEATHER HILL HEALTHCARE CENTER,,,,,2017-12-01,1,1,1,0,1,1,1,0
gold_main_v2,control,control_v2,105343,HEATHER HILL HEALTHCARE CENTER,FL,2018,0,,,,,,,,,,,69.1240138248848,4.0,15.132534562211982,4.0,0,,,,,,,2016.0,2023.0,control_weighted_pseudocohort,5.0,1,0,1,1,1,0,0,0,1.0,1.0,11.0,3.0,9.0,365.0,92.8842590380634,10710.7,135298.2,0.3171285132216027,3.992505054073184,3.91816,,3.0,,,,41.600,0.0,8.0,,2.0,15929.0,0.0,2.0,N,,,,,Non profit - Other,105.0,93.3,Legal Business Name Not Available,,,HEATHER HILL HEALTHCARE CENTER,,,,,2018-12-01,1,1,0,0,1,1,0,0
gold_main_v2,control,control_v2,105343,HEATHER HILL HEALTHCARE CENTER,FL,2019,0,,,,,,,,,,,69.1240138248848,4.0,15.132534562211982,4.0,0,,,,,,,2016.0,2023.0,control_weighted_pseudocohort,5.0,1,0,1,1,1,0,0,0,1.0,1.0,11.0,3.0,9.0,365.0,92.23598436587568,13398.25,134896.5,0.4002421814409823,4.010342243263804,3.98072,,2.0,,,,47.333,0.0,7.0,,1.0,14076.0,0.0,1.0,N,,,,,Non profit - Other,105.0,91.2,Legal Business Name Not Available,,,HEATHER HILL HEALTHCARE CENTER,,,,,2019-11-01,1,1,0,0,1,1,0,0
gold_main_v2,control,control_v2,105343,HEATHER HILL HEALTHCARE CENTER,FL,2020,0,,,,,,,,,,,69.1240138248848,4.0,15.132534562211982,4.0,0,,,,,,,2016.0,2023.0,control_weighted_pseudocohort,5.0,1,0,1,1,1,0,0,0,1.0,1.0,11.0,3.0,9.0,366.0,82.92606306736741,16784.25,120550.5,0.5613693172966372,3.9789911822948727,4.03173,3.0,3.0,2.0,2.0,3.0,47.333,0.0,0.0,,1.0,14076.0,0.0,1.0,N,,,,,Non profit - Other,105.0,83.2,HEATHER HILL NURSING CENTER LLC,,,HEATHER HILL HEALTHCARE CENTER,,,,,2020-11-01,1,1,1,0,1,1,1,0
gold_main_v2,control,control_v2,105343,HEATHER HILL HEALTHCARE CENTER,FL,2021,0,,,,,,,,,,,69.1240138248848,4.0,15.132534562211982,4.0,0,,,,,,,2016.0,2023.0,control_weighted_pseudocohort,5.0,1,0,1,1,1,0,0,0,1.0,1.0,11.0,3.0,9.0,365.0,71.4997060306843,12230.29,97962.5,0.4739353734466778,3.76247331971409,3.4,2.0,2.0,3.0,3.0,3.0,31.000,1.0,2.0,2.0,2.0,29408.39,0.0,2.0,N,,,,,Non profit - Other,105.0,73.7,HEATHER HILL NURSING CENTER LLC,,,HEATHER HILL HEALTHCARE CENTER,,,,,2021-11-01,1,1,1,0,1,1,1,0
gold_main_v2,control,control_v2,105343,HEATHER HILL HEALTHCARE CENTER,FL,2022,0,,,,,,,,,,,69.1240138248848,4.0,15.132534562211982,4.0,0,False,False,False,False,False,False,2016.0,2023.0,control_weighted_pseudocohort,5.0,1,0,1,1,1,1,0,1,1.0,1.0,11.0,3.0,9.0,274.0,81.54838969404187,13842.72,78555.57,0.6181450887042929,3.517033559090339,,1.0,,2.0,1.0,3.0,45.333,1.0,2.0,2.0,2.0,20002.89,0.0,2.0,N,,,,,Non profit - Other,105.0,79.1,HEATHER HILL NURSING CENTER LLC,,,HEATHER HILL HEALTHCARE CENTER,,,,,2022-11-01,1,0,1,0,1,0,1,0
gold_main_v2,control,control_v2,105343,HEATHER HILL HEALTHCARE CENTER,FL,2023,0,,,,,,,,,,,69.1240138248848,4.0,15.132534562211982,4.0,0,False,False,False,False,False,False,2016.0,2023.0,control_weighted_pseudocohort,5.0,1,1,1,1,1,1,0,1,1.0,1.0,11.0,3.0,9.0,365.0,82.4262933322716,20723.58,99909.96,0.689625873483899,3.3267566914965396,2.85288,2.0,,2.0,2.0,2.0,52.333,0.0,6.0,0.0,1.0,4670.25,0.0,1.0,N,79.0,55.0,11.0,0.6962025316455697,Non profit - Other,105.0,85.2,HEATHER HILL NURSING CENTER LLC,HEALTH SERVICES MANAGEMENT,257.0,HEATHER HILL HEALTHCARE CENTER,FL,,,,2023-11-01,1,1,1,1,1,1,1,1
gold_main_v2,control,control_v2,105343,HEATHER HILL HEALTHCARE CENTER,FL,2024,0,,,,,,,,,,,69.1240138248848,4.0,15.132534562211982,4.0,0,False,False,False,False,False,False,2016.0,2023.0,control_weighted_pseudocohort,5.0,1,1,1,1,1,1,0,1,1.0,1.0,11.0,3.0,9.0,366.0,89.41226708074534,16782.85,109448.6,0.5143415479578908,3.347912105880419,3.45314,3.0,,2.0,2.0,3.0,60.000,0.0,4.0,,1.0,4670.25,0.0,1.0,N,83.5,58.75,21.5,0.7034623976172748,Non profit - Other,105.0,86.0,HEATHER HILL NURSING CENTER LLC,HEALTH SERVICES MANAGEMENT,257.0,HEATHER HILL HEALTHCARE CENTER,FL,,,,2024-11-01,1,1,1,1,1,1,1,1
gold_main_v2,control,control_v2,105343,HEATHER HILL HEALTHCARE CENTER,FL,2025,0,,,,,,,,,,,69.1240138248848,4.0,15.132534562211982,4.0,0,False,True,False,False,False,False,2016.0,2023.0,control_weighted_pseudocohort,5.0,1,1,1,1,1,1,0,1,1.0,1.0,11.0,3.0,9.0,273.0,89.26422466422467,14753.45,84979.56,0.6053622885450247,3.492321691124257,3.46377,4.0,,2.0,2.0,4.0,66.000,1.0,11.0,,0.0,0.0,0.0,0.0,N,85.0,60.0,25.0,0.7058823529411765,Non profit - Other,105.0,88.7,HEATHER HILL NURSING CENTER LLC,HEALTH SERVICES MANAGEMENT,257.0,HEATHER HILL HEALTHCARE CENTER,FL,,,,2025-11-01,1,1,1,1,1,1,1,1
gold_main_v2,control,control_v2,105343,HEATHER HILL HEALTHCARE CENTER,FL,2026,0,,,,,,,,,,,69.1240138248848,4.0,15.132534562211982,4.0,0,False,True,False,False,False,False,2016.0,2023.0,control_weighted_pseudocohort,5.0,1,0,0,1,1,1,0,1,1.0,1.0,11.0,3.0,9.0,,,,,,,3.58524,4.0,,2.0,2.0,4.0,61.500,,,,0.0,0.0,0.0,0.0,N,,,,,Non profit - Other,105.0,87.0,HEATHER HILL NURSING CENTER LLC,HEALTH SERVICES MANAGEMENT,257.0,HEATHER HILL HEALTHCARE CENTER,FL,,,,2026-03-01,0,1,1,0,0,1,1,0
gold_main_v2,control,control_v2,105385,ROYAL OAK NURSING CENTER,FL,2016,0,,,,,,,,,,,53.09264055299539,4.0,19.457405529953917,4.0,1,,,,,,,2016.0,2023.0,control_weighted_pseudocohort,5.0,1,0,0,1,1,0,0,0,1.0,1.0,11.0,3.0,9.0,,,,,,,3.87588,1.0,1.0,3.0,2.0,4.0,24.000,0.0,2.0,,0.0,0.0,0.0,0.0,N,,,,,Non profit - Other,120.0,114.0,"ROYAL OAK NURSING CENTER, LLC",,,ROYAL OAK NURSING CENTER,,,,,,0,1,1,0,0,1,1,0
gold_main_v2,control,control_v2,105385,ROYAL OAK NURSING CENTER,FL,2017,0,,,,,,,,,,,53.09264055299539,4.0,19.457405529953917,4.0,1,,,,,,,2016.0,2023.0,control_weighted_pseudocohort,5.0,1,0,1,1,1,0,0,0,1.0,1.0,11.0,3.0,9.0,365.0,110.14756264267136,18538.8,164054.35,0.4612119181204099,4.086039325351726,4.28971,3.0,3.0,4.0,5.0,5.0,16.667,0.0,2.0,,1.0,3048.0,0.0,1.0,N,,,,,Non profit - Other,120.0,102.0,"ROYAL OAK NURSING CENTER, LLC",,,ROYAL OAK NURSING CENTER,,,,,2017-12-01,1,1,1,0,1,1,1,0
gold_main_v2,control,control_v2,105385,ROYAL OAK NURSING CENTER,FL,2018,0,,,,,,,,,,,53.09264055299539,4.0,19.457405529953917,4.0,1,,,,,,,2016.0,2023.0,control_weighted_pseudocohort,5.0,1,0,1,1,1,0,0,0,1.0,1.0,11.0,3.0,9.0,365.0,111.1169845251367,18485.75,156523.11,0.4566552391335109,3.8620288138915857,3.79555,,3.0,,,,16.000,0.0,2.0,,0.0,0.0,0.0,0.0,N,,,,,Non profit - Other,120.0,110.5,"ROYAL OAK NURSING CENTER, LLC",,,ROYAL OAK NURSING CENTER,,,,,2018-12-01,1,1,0,0,1,1,0,0
gold_main_v2,control,control_v2,105385,ROYAL OAK NURSING CENTER,FL,2019,0,,,,,,,,,,,53.09264055299539,4.0,19.457405529953917,4.0,1,,,,,,,2016.0,2023.0,control_weighted_pseudocohort,5.0,1,0,1,1,1,0,0,0,1.0,1.0,11.0,3.0,9.0,365.0,106.63609651218349,22269.5,154677.75,0.573148379774316,3.9754276800775328,3.95343,,3.0,,,,17.333,0.0,1.0,,0.0,0.0,0.0,0.0,N,,,,,Non profit - Other,120.0,105.5,"ROYAL OAK NURSING CENTER, LLC",,,ROYAL OAK NURSING CENTER,,,,,2019-11-01,1,1,0,0,1,1,0,0
gold_main_v2,control,control_v2,105385,ROYAL OAK NURSING CENTER,FL,2020,0,,,,,,,,,,,53.09264055299539,4.0,19.457405529953917,4.0,1,,,,,,,2016.0,2023.0,control_weighted_pseudocohort,5.0,1,0,1,1,1,0,0,0,1.0,1.0,11.0,3.0,9.0,366.0,92.95523769708552,24556.65,141478.37,0.729771639671797,4.180833546047836,4.373,4.0,4.0,4.0,5.0,5.0,16.667,0.0,1.0,,0.0,0.0,0.0,0.0,N,,,,,Non profit - Other,120.0,89.2,"ROYAL OAK NURSING CENTER, LLC",,,ROYAL OAK NURSING CENTER,,,,,2020-11-01,1,1,1,0,1,1,1,0
gold_main_v2,control,control_v2,105385,ROYAL OAK NURSING CENTER,FL,2021,0,,,,,,,,,,,53.09264055299539,4.0,19.457405529953917,4.0,1,,,,,,,2016.0,2023.0,control_weighted_pseudocohort,5.0,1,0,1,1,1,0,0,0,1.0,1.0,11.0,3.0,9.0,365.0,91.579071773637,19693.29,126433.09,0.591571640329344,3.795950503590256,3.48911,3.0,3.0,4.0,4.0,4.0,12.667,0.0,2.0,2.0,1.0,20250.0,0.0,1.0,N,,,,,Non profit - Other,120.0,96.1,"ROYAL OAK NURSING CENTER, LLC",,,ROYAL OAK NURSING CENTER,,,,,2021-11-01,1,1,1,0,1,1,1,0
gold_main_v2,control,control_v2,105385,ROYAL OAK NURSING CENTER,FL,2022,0,,,,,,,,,,,53.09264055299539,4.0,19.457405529953917,4.0,1,False,False,False,False,False,False,2016.0,2023.0,control_weighted_pseudocohort,5.0,1,0,1,1,1,1,0,1,1.0,1.0,11.0,3.0,9.0,274.0,96.04323671497586,17966.23,102319.04,0.6855581884377554,3.9063534435049334,,1.0,,3.0,2.0,4.0,23.333,0.0,4.0,2.0,1.0,20250.0,0.0,1.0,N,,,,,For profit - Corporation,120.0,92.2,"ROYAL OAK NURSING CENTER, LLC",,,ROYAL OAK NURSING CENTER,,,,,2022-11-01,1,0,1,0,1,0,1,0
gold_main_v2,control,control_v2,105385,ROYAL OAK NURSING CENTER,FL,2023,0,,,,,,,,,,,53.09264055299539,4.0,19.457405529953917,4.0,1,False,False,False,False,False,False,2016.0,2023.0,control_weighted_pseudocohort,5.0,1,1,1,1,1,1,0,1,1.0,1.0,11.0,3.0,9.0,365.0,103.27611084567606,25421.45,135098.0,0.6749945444241989,3.5876172126106445,3.263,2.0,,4.0,4.0,4.0,21.333,0.0,2.0,1.0,0.0,0.0,0.0,0.0,N,96.0,38.0,26.0,0.3958333333333333,For profit - Corporation,120.0,104.2,"ROYAL OAK NURSING CENTER, LLC",HEALTH SERVICES MANAGEMENT,257.0,ROYAL OAK NURSING CENTER,FL,,,,2023-11-01,1,1,1,1,1,1,1,1
gold_main_v2,control,control_v2,105385,ROYAL OAK NURSING CENTER,FL,2024,0,,,,,,,,,,,53.09264055299539,4.0,19.457405529953917,4.0,1,False,False,False,False,False,False,2016.0,2023.0,control_weighted_pseudocohort,5.0,1,1,1,1,1,1,0,1,1.0,1.0,11.0,3.0,9.0,366.0,102.66349139990444,26568.9,135678.45,0.7078672573269296,3.6086819911556214,3.74602,4.0,,3.0,3.0,4.0,28.000,0.0,2.0,1.0,0.0,0.0,0.0,0.0,N,103.0,58.0,18.0,0.5631067961165048,Non profit - Corporation,120.0,102.6,"ROYAL OAK NURSING CENTER, LLC",HEALTH SERVICES MANAGEMENT,257.0,ROYAL OAK NURSING CENTER,FL,,,,2024-11-01,1,1,1,1,1,1,1,1
gold_main_v2,control,control_v2,105385,ROYAL OAK NURSING CENTER,FL,2025,0,,,,,,,,,,,53.09264055299539,4.0,19.457405529953917,4.0,1,False,True,False,False,False,False,2016.0,2023.0,control_weighted_pseudocohort,5.0,1,1,1,1,1,1,0,1,1.0,1.0,11.0,3.0,9.0,273.0,107.610381164729,20189.5,106690.5,0.6879143970709222,3.6341203106955864,3.62748,4.0,,3.0,4.0,5.0,32.000,1.0,7.0,,0.0,0.0,0.0,0.0,N,103.0,58.0,18.0,0.5631067961165048,Non profit - Corporation,120.0,109.1,"ROYAL OAK NURSING CENTER, LLC",HEALTH SERVICES MANAGEMENT,257.0,ROYAL OAK NURSING CENTER,FL,,,,2025-11-01,1,1,1,1,1,1,1,1
gold_main_v2,control,control_v2,105385,ROYAL OAK NURSING CENTER,FL,2026,0,,,,,,,,,,,53.09264055299539,4.0,19.457405529953917,4.0,1,False,True,False,False,False,False,2016.0,2023.0,control_weighted_pseudocohort,5.0,1,0,0,1,1,1,0,1,1.0,1.0,11.0,3.0,9.0,,,,,,,3.68807,4.0,,3.0,4.0,5.0,32.000,,,,0.0,0.0,0.0,0.0,N,,,,,Non profit - Corporation,120.0,104.0,"ROYAL OAK NURSING CENTER, LLC",HEALTH SERVICES MANAGEMENT,257.0,ROYAL OAK NURSING CENTER,FL,,,,2026-03-01,0,1,1,0,0,1,1,0
gold_main_v2,control,control_v2,105393,BEAR CREEK NURSING CENTER,FL,2016,0,,,,,,,,,,,44.02896313364056,4.0,36.054983870967746,4.0,1,,,,,,,2016.0,2023.0,control_weighted_pseudocohort,5.0,1,0,0,1,1,0,0,0,1.0,1.0,11.0,3.0,9.0,,,,,,,4.27757,3.0,2.0,4.0,4.0,4.0,18.000,0.0,1.0,,0.0,0.0,0.0,0.0,N,,,,,Non profit - Other,120.0,107.0,BEAR CREEK NURSING CENTER LLC,,,BEAR CREEK NURSING CENTER,,,,,,0,1,1,0,0,1,1,0
gold_main_v2,control,control_v2,105393,BEAR CREEK NURSING CENTER,FL,2017,0,,,,,,,,,,,44.02896313364056,4.0,36.054983870967746,4.0,1,,,,,,,2016.0,2023.0,control_weighted_pseudocohort,5.0,1,0,1,1,1,0,0,0,1.0,1.0,11.0,3.0,9.0,365.0,105.5277326538196,19564.0,159629.5,0.507448764408814,4.147749905081025,4.50953,4.0,4.0,4.0,5.0,5.0,20.667,0.0,4.0,,1.0,3023.0,0.0,1.0,N,,,,,Non profit - Other,120.0,105.0,BEAR CREEK NURSING CENTER LLC,,,BEAR CREEK NURSING CENTER,,,,,2017-12-01,1,1,1,0,1,1,1,0
gold_main_v2,control,control_v2,105393,BEAR CREEK NURSING CENTER,FL,2018,0,,,,,,,,,,,44.02896313364056,4.0,36.054983870967746,4.0,1,,,,,,,2016.0,2023.0,control_weighted_pseudocohort,5.0,1,0,1,1,1,0,0,0,1.0,1.0,11.0,3.0,9.0,365.0,105.59274499654934,22483.75,160866.02,0.5833360114285442,4.175749470269384,4.1663,,3.0,,,,21.600,0.0,3.0,,1.0,3023.0,0.0,1.0,N,,,,,Non profit - Other,120.0,106.3,BEAR CREEK NURSING CENTER LLC,,,BEAR CREEK NURSING CENTER,,,,,2018-12-01,1,1,0,0,1,1,0,0
gold_main_v2,control,control_v2,105393,BEAR CREEK NURSING CENTER,FL,2019,0,,,,,,,,,,,44.02896313364056,4.0,36.054983870967746,4.0,1,,,,,,,2016.0,2023.0,control_weighted_pseudocohort,5.0,1,0,1,1,1,0,0,0,1.0,1.0,11.0,3.0,9.0,365.0,109.13826976163932,27039.25,165699.75,0.6800925334349515,4.163317120775445,4.1193,,3.0,,,,24.000,0.0,2.0,,0.0,0.0,0.0,0.0,N,,,,,Non profit - Other,120.0,111.5,BEAR CREEK NURSING CENTER LLC,,,BEAR CREEK NURSING CENTER,,,,,2019-11-01,1,1,0,0,1,1,0,0
gold_main_v2,control,control_v2,105393,BEAR CREEK NURSING CENTER,FL,2020,0,,,,,,,,,,,44.02896313364056,4.0,36.054983870967746,4.0,1,,,,,,,2016.0,2023.0,control_weighted_pseudocohort,5.0,1,0,1,1,1,0,0,0,1.0,1.0,11.0,3.0,9.0,366.0,92.49701385570953,24259.25,146478.75,0.7237203037772387,4.34794485187037,3.97962,3.0,3.0,4.0,5.0,5.0,22.000,0.0,1.0,,0.0,0.0,0.0,0.0,N,,,,,Non profit - Other,120.0,95.7,BEAR CREEK NURSING CENTER LLC,,,BEAR CREEK NURSING CENTER,,,,,2020-11-01,1,1,1,0,1,1,1,0
gold_main_v2,control,control_v2,105393,BEAR CREEK NURSING CENTER,FL,2021,0,,,,,,,,,,,44.02896313364056,4.0,36.054983870967746,4.0,1,,,,,,,2016.0,2023.0,control_weighted_pseudocohort,5.0,1,0,1,1,1,0,0,0,1.0,1.0,11.0,3.0,9.0,365.0,89.23343353506397,18484.25,136740.63,0.5698758387152687,4.204808173702507,4.06031,3.0,3.0,4.0,4.0,3.0,20.667,1.0,4.0,0.0,0.0,0.0,0.0,0.0,N,,,,,Non profit - Other,120.0,87.7,BEAR CREEK NURSING CENTER LLC,,,BEAR CREEK NURSING CENTER,,,,,2021-11-01,1,1,1,0,1,1,1,0
gold_main_v2,control,control_v2,105393,BEAR CREEK NURSING CENTER,FL,2022,0,,,,,,,,,,,44.02896313364056,4.0,36.054983870967746,4.0,1,False,False,False,False,False,False,2016.0,2023.0,control_weighted_pseudocohort,5.0,1,0,1,1,1,1,0,1,1.0,1.0,11.0,3.0,9.0,274.0,91.84355877616748,12355.03,96620.91,0.4934561432612992,3.841114163660418,,1.0,,4.0,3.0,3.0,21.333,1.0,3.0,0.0,0.0,0.0,0.0,0.0,N,,,,,Non profit - Other,120.0,90.3,BEAR CREEK NURSING CENTER LLC,,,BEAR CREEK NURSING CENTER,,,,,2022-11-01,1,0,1,0,1,0,1,0
gold_main_v2,control,control_v2,105393,BEAR CREEK NURSING CENTER,FL,2023,0,,,,,,,,,,,44.02896313364056,4.0,36.054983870967746,4.0,1,False,False,False,False,False,False,2016.0,2023.0,control_weighted_pseudocohort,5.0,1,1,1,1,1,1,0,1,1.0,1.0,11.0,3.0,9.0,365.0,92.04553870043,19718.31,124018.86,0.5846443042068388,3.6921118518341354,3.17536,2.0,,4.0,4.0,3.0,21.333,0.0,0.0,0.0,1.0,3145.35,0.0,1.0,N,94.0,44.0,25.0,0.4680851063829787,Non profit - Other,120.0,91.8,BEAR CREEK NURSING CENTER LLC,HEALTH SERVICES MANAGEMENT,257.0,BEAR CREEK NURSING CENTER,FL,,,,2023-11-01,1,1,1,1,1,1,1,1
gold_main_v2,control,control_v2,105393,BEAR CREEK NURSING CENTER,FL,2024,0,,,,,,,,,,,44.02896313364056,4.0,36.054983870967746,4.0,1,False,False,False,False,False,False,2016.0,2023.0,control_weighted_pseudocohort,5.0,1,1,1,1,1,1,0,1,1.0,1.0,11.0,3.0,9.0,366.0,101.36069636884856,25191.5,131717.42,0.6803776968503252,3.5522473873554405,3.61794,3.0,,2.0,3.0,5.0,82.667,0.0,2.0,,2.0,37197.55,0.0,2.0,N,104.0,58.0,18.0,0.5576923076923077,Non profit - Corporation,120.0,103.3,BEAR CREEK NURSING CENTER LLC,HEALTH SERVICES MANAGEMENT,257.0,BEAR CREEK NURSING CENTER,FL,,,,2024-11-01,1,1,1,1,1,1,1,1
gold_main_v2,control,control_v2,105393,BEAR CREEK NURSING CENTER,FL,2025,0,,,,,,,,,,,44.02896313364056,4.0,36.054983870967746,4.0,1,False,True,False,False,False,False,2016.0,2023.0,control_weighted_pseudocohort,5.0,1,1,1,1,1,1,0,1,1.0,1.0,11.0,3.0,9.0,273.0,104.6733804038152,22581.05,99462.8,0.7902229614170365,3.4839679240143084,3.53044,4.0,,2.0,3.0,5.0,72.500,1.0,10.0,,2.0,37198.0,0.0,2.0,N,104.0,58.0,18.0,0.5576923076923077,Non profit - Corporation,120.0,103.2,BEAR CREEK NURSING CENTER LLC,HEALTH SERVICES MANAGEMENT,257.0,BEAR CREEK NURSING CENTER,FL,,,,2025-11-01,1,1,1,1,1,1,1,1
gold_main_v2,control,control_v2,105393,BEAR CREEK NURSING CENTER,FL,2026,0,,,,,,,,,,,44.02896313364056,4.0,36.054983870967746,4.0,1,False,True,False,False,False,False,2016.0,2023.0,control_weighted_pseudocohort,5.0,1,0,0,1,1,1,0,1,1.0,1.0,11.0,3.0,9.0,,,,,,,3.45828,3.0,,2.0,2.0,4.0,72.500,,,,2.0,37198.0,0.0,2.0,N,,,,,Non profit - Corporation,120.0,103.0,BEAR CREEK NURSING CENTER LLC,HEALTH SERVICES MANAGEMENT,257.0,BEAR CREEK NURSING CENTER,FL,,,,2026-03-01,0,1,1,0,0,1,1,0
gold_main_v2,control,control_v2,105401,AYERS HEALTH AND REHABILITATION CENTER,FL,2016,0,,,,,,,,,,,60.5237465437788,4.0,21.754684331797236,4.0,1,,,,,,,2016.0,2023.0,control_weighted_pseudocohort,5.0,1,0,0,1,1,0,0,0,1.0,1.0,11.0,3.0,9.0,,,,,,,4.09415,4.0,3.0,4.0,4.0,4.0,15.333,0.0,0.0,,0.0,0.0,0.0,0.0,N,,,,,Non profit - Corporation,120.0,111.0,"AYERS HEALTH & REHABILITATION CENTER, LLC",,,AYERS HEALTH AND REHABILITATION CENTER,,,,,,0,1,1,0,0,1,1,0
gold_main_v2,control,control_v2,105401,AYERS HEALTH AND REHABILITATION CENTER,FL,2017,0,,,,,,,,,,,60.5237465437788,4.0,21.754684331797236,4.0,1,,,,,,,2016.0,2023.0,control_weighted_pseudocohort,5.0,1,0,1,1,1,0,0,0,1.0,1.0,11.0,3.0,9.0,365.0,114.28989754207146,15207.55,166953.55,0.3645610250670913,4.003704316761978,4.12763,3.0,2.0,4.0,5.0,5.0,15.333,0.0,0.0,,0.0,0.0,0.0,0.0,N,,,,,Non profit - Corporation,120.0,114.0,"AYERS HEALTH & REHABILITATION CENTER, LLC",,,AYERS HEALTH AND REHABILITATION CENTER,,,,,2017-12-01,1,1,1,0,1,1,1,0
gold_main_v2,control,control_v2,105401,AYERS HEALTH AND REHABILITATION CENTER,FL,2018,0,,,,,,,,,,,60.5237465437788,4.0,21.754684331797236,4.0,1,,,,,,,2016.0,2023.0,control_weighted_pseudocohort,5.0,1,0,1,1,1,0,0,0,1.0,1.0,11.0,3.0,9.0,365.0,111.16324520889738,16032.1,161078.4,0.3950940516594125,3.972829930567819,3.96326,,3.0,,,,16.800,0.0,0.0,,0.0,0.0,0.0,0.0,N,,,,,Non profit - Other,120.0,112.3,"AYERS HEALTH & REHABILITATION CENTER, LLC",,,AYERS HEALTH AND REHABILITATION CENTER,,,,,2018-12-01,1,1,0,0,1,1,0,0
gold_main_v2,control,control_v2,105401,AYERS HEALTH AND REHABILITATION CENTER,FL,2019,0,,,,,,,,,,,60.5237465437788,4.0,21.754684331797236,4.0,1,,,,,,,2016.0,2023.0,control_weighted_pseudocohort,5.0,1,0,1,1,1,0,0,0,1.0,1.0,11.0,3.0,9.0,365.0,108.23159937888198,15991.25,159895.0,0.4012881157325748,4.046850369718083,3.94589,,1.0,,,,12.667,0.0,0.0,,0.0,0.0,0.0,0.0,N,,,,,Non profit - Other,120.0,107.4,"AYERS HEALTH & REHABILITATION CENTER, LLC",,,AYERS HEALTH AND REHABILITATION CENTER,,,,,2019-11-01,1,1,0,0,1,1,0,0
gold_main_v2,control,control_v2,105401,AYERS HEALTH AND REHABILITATION CENTER,FL,2020,0,,,,,,,,,,,60.5237465437788,4.0,21.754684331797236,4.0,1,,,,,,,2016.0,2023.0,control_weighted_pseudocohort,5.0,1,0,1,1,1,0,0,0,1.0,1.0,11.0,3.0,9.0,366.0,93.13790014333492,23016.5,144918.57,0.6760895360421475,4.26423710007911,4.19574,4.0,4.0,4.0,5.0,5.0,12.667,0.0,0.0,,0.0,0.0,0.0,0.0,N,,,,,Non profit - Other,120.0,100.1,"AYERS HEALTH & REHABILITATION CENTER, LLC",,,AYERS HEALTH AND REHABILITATION CENTER,,,,,2020-11-01,1,1,1,0,1,1,1,0
gold_main_v2,control,control_v2,105401,AYERS HEALTH AND REHABILITATION CENTER,FL,2021,0,,,,,,,,,,,60.5237465437788,4.0,21.754684331797236,4.0,1,,,,,,,2016.0,2023.0,control_weighted_pseudocohort,5.0,1,0,1,1,1,0,0,0,1.0,1.0,11.0,3.0,9.0,365.0,84.34929526994745,19823.92,125194.87,0.6459294041435246,4.07074682792012,4.0671,4.0,4.0,4.0,5.0,5.0,12.667,0.0,0.0,0.0,0.0,0.0,0.0,0.0,N,,,,,For profit - Corporation,120.0,85.3,"AYERS HEALTH & REHABILITATION CENTER, LLC",,,AYERS HEALTH AND REHABILITATION CENTER,,,,,2021-11-01,1,1,1,0,1,1,1,0
gold_main_v2,control,control_v2,105401,AYERS HEALTH AND REHABILITATION CENTER,FL,2022,0,,,,,,,,,,,60.5237465437788,4.0,21.754684331797236,4.0,1,False,False,False,False,False,False,2016.0,2023.0,control_weighted_pseudocohort,5.0,1,0,1,1,1,1,0,1,1.0,1.0,11.0,3.0,9.0,274.0,90.15458937198066,12401.3,93871.91,0.5107489758257481,3.806704928756627,,1.0,,4.0,4.0,5.0,12.667,0.0,0.0,0.0,0.0,0.0,0.0,0.0,N,,,,,Non profit - Corporation,120.0,86.0,"AYERS HEALTH & REHABILITATION CENTER, LLC",,,AYERS HEALTH AND REHABILITATION CENTER,,,,,2022-11-01,1,0,1,0,1,0,1,0
gold_main_v2,control,control_v2,105401,AYERS HEALTH AND REHABILITATION CENTER,FL,2023,0,,,,,,,,,,,60.5237465437788,4.0,21.754684331797236,4.0,1,False,False,False,False,False,False,2016.0,2023.0,control_weighted_pseudocohort,5.0,1,1,1,1,1,1,0,1,1.0,1.0,11.0,3.0,9.0,365.0,99.46562549769072,20850.5,132769.94,0.5729285578143936,3.658050955967403,3.65986,4.0,,4.0,5.0,5.0,12.667,0.0,0.0,0.0,0.0,0.0,0.0,0.0,N,103.0,34.0,34.0,0.3300970873786408,Non profit - Corporation,120.0,97.5,"AYERS HEALTH & REHABILITATION CENTER, LLC",HEALTH SERVICES MANAGEMENT,257.0,AYERS HEALTH AND REHABILITATION CENTER,FL,,,,2023-11-01,1,1,1,1,1,1,1,1
gold_main_v2,control,control_v2,105401,AYERS HEALTH AND REHABILITATION CENTER,FL,2024,0,,,,,,,,,,,60.5237465437788,4.0,21.754684331797236,4.0,1,False,False,False,False,False,False,2016.0,2023.0,control_weighted_pseudocohort,5.0,1,1,1,1,1,1,0,1,1.0,1.0,11.0,3.0,9.0,366.0,104.88518275203056,27599.0,148114.0,0.7193474614217549,3.8624322055065217,3.88976,4.0,,4.0,5.0,5.0,12.000,0.0,0.0,,0.0,0.0,0.0,0.0,N,103.0,34.0,34.0,0.3300970873786408,Non profit - Other,120.0,105.9,"AYERS HEALTH & REHABILITATION CENTER, LLC",HEALTH SERVICES MANAGEMENT,257.0,AYERS HEALTH AND REHABILITATION CENTER,FL,,,,2024-11-01,1,1,1,1,1,1,1,1
gold_main_v2,control,control_v2,105401,AYERS HEALTH AND REHABILITATION CENTER,FL,2025,0,,,,,,,,,,,60.5237465437788,4.0,21.754684331797236,4.0,1,False,True,False,False,False,False,2016.0,2023.0,control_weighted_pseudocohort,5.0,1,1,1,1,1,1,0,1,1.0,1.0,11.0,3.0,9.0,273.0,103.55826564739608,20889.75,108390.25,0.7400814477311536,3.838050007130194,3.86664,4.0,,2.0,3.0,5.0,71.250,1.0,0.0,,1.0,24850.0,0.0,1.0,N,105.0,51.0,18.0,0.4857142857142857,Non profit - Corporation,120.0,103.7,"AYERS HEALTH & REHABILITATION CENTER, LLC",HEALTH SERVICES MANAGEMENT,257.0,AYERS HEALTH AND REHABILITATION CENTER,FL,,,,2025-11-01,1,1,1,1,1,1,1,1
gold_main_v2,control,control_v2,105401,AYERS HEALTH AND REHABILITATION CENTER,FL,2026,0,,,,,,,,,,,60.5237465437788,4.0,21.754684331797236,4.0,1,False,True,False,False,False,False,2016.0,2023.0,control_weighted_pseudocohort,5.0,1,0,0,1,1,1,0,1,1.0,1.0,11.0,3.0,9.0,,,,,,,3.90405,4.0,,2.0,3.0,5.0,71.250,,,,1.0,24850.0,0.0,1.0,N,,,,,Non profit - Corporation,120.0,102.3,"AYERS HEALTH & REHABILITATION CENTER, LLC",HEALTH SERVICES MANAGEMENT,257.0,AYERS HEALTH AND REHABILITATION CENTER,FL,,,,2026-03-01,0,1,1,0,0,1,1,0
gold_main_v2,control,control_v2,105408,TREASURE ISLE CARE CENTER,FL,2016,0,,,,,,,,,,,86.58516820276498,4.0,9.52363133640553,4.0,0,,,,,,,2016.0,2023.0,control_weighted_pseudocohort,5.0,1,0,0,1,1,0,0,0,1.0,1.0,11.0,3.0,9.0,,,,,,,3.97182,4.0,4.0,2.0,4.0,5.0,39.333,0.0,4.0,,0.0,0.0,0.0,0.0,N,,,,,Non profit - Corporation,176.0,149.0,"SENIOR HEALTH-TREASURE ISLE, LLC",,,TREASURE ISLE CARE CENTER,,,,,,0,1,1,0,0,1,1,0
gold_main_v2,control,control_v2,105408,TREASURE ISLE CARE CENTER,FL,2017,0,,,,,,,,,,,86.58516820276498,4.0,9.52363133640553,4.0,0,,,,,,,2016.0,2023.0,control_weighted_pseudocohort,5.0,1,0,1,1,1,0,0,0,1.0,1.0,11.0,3.0,9.0,365.0,164.51245686680468,40489.7,236773.23,0.6742148785665567,3.944186936253425,3.48524,3.0,3.0,2.0,3.0,5.0,40.667,0.0,2.0,,0.0,0.0,0.0,0.0,N,,,,,Non profit - Corporation,176.0,166.0,"SENIOR HEALTH-TREASURE ISLE, LLC",,,TREASURE ISLE CARE CENTER,,,,,2017-12-01,1,1,1,0,1,1,1,0
gold_main_v2,control,control_v2,105408,TREASURE ISLE CARE CENTER,FL,2018,0,,,,,,,,,,,86.58516820276498,4.0,9.52363133640553,4.0,0,,,,,,,2016.0,2023.0,control_weighted_pseudocohort,5.0,1,0,1,1,1,0,0,0,1.0,1.0,11.0,3.0,9.0,365.0,165.4605563518607,43537.45,235867.97,0.7212293997453562,3.907846545060892,3.97939,,4.0,,,,41.600,0.0,3.0,,1.0,13627.0,0.0,1.0,N,,,,,Non profit - Corporation,176.0,164.4,"SENIOR HEALTH-TREASURE ISLE, LLC",,,TREASURE ISLE CARE CENTER,,,,,2018-12-01,1,1,0,0,1,1,0,0
gold_main_v2,control,control_v2,105408,TREASURE ISLE CARE CENTER,FL,2019,0,,,,,,,,,,,86.58516820276498,4.0,9.52363133640553,4.0,0,,,,,,,2016.0,2023.0,control_weighted_pseudocohort,5.0,1,0,1,1,1,0,0,0,1.0,1.0,11.0,3.0,9.0,365.0,169.19168259276955,41268.4,231546.2,0.6684674346523292,3.750227438766065,3.80228,,4.0,,,,46.667,0.0,2.0,,1.0,13627.0,0.0,1.0,N,,,,,Non profit - Corporation,176.0,170.5,"SENIOR HEALTH-TREASURE ISLE, LLC",,,TREASURE ISLE CARE CENTER,,,,,2019-11-01,1,1,0,0,1,1,0,0
gold_main_v2,control,control_v2,105408,TREASURE ISLE CARE CENTER,FL,2020,0,,,,,,,,,,,86.58516820276498,4.0,9.52363133640553,4.0,0,,,,,,,2016.0,2023.0,control_weighted_pseudocohort,5.0,1,0,1,1,1,0,0,0,1.0,1.0,11.0,3.0,9.0,366.0,166.3858994266603,48300.0,230654.25,0.7939380082626798,3.789216753846428,3.85317,4.0,4.0,2.0,4.0,5.0,45.333,0.0,2.0,,1.0,13627.0,0.0,1.0,N,,,,,Non profit - Corporation,176.0,162.1,"SENIOR HEALTH-TREASURE ISLE, LLC",,,TREASURE ISLE CARE CENTER,,,,,2020-11-01,1,1,1,0,1,1,1,0
gold_main_v2,control,control_v2,105408,TREASURE ISLE CARE CENTER,FL,2021,0,,,,,,,,,,,86.58516820276498,4.0,9.52363133640553,4.0,0,,,,,,,2016.0,2023.0,control_weighted_pseudocohort,5.0,1,0,1,1,1,0,0,0,1.0,1.0,11.0,3.0,9.0,365.0,166.33100281361152,47089.0,229445.5,0.7761069379094719,3.7814628235381447,3.88193,4.0,4.0,1.0,2.0,5.0,200.833,1.0,6.0,7.0,3.0,64905.75,0.0,3.0,N,,,,,Non profit - Corporation,176.0,166.2,"SENIOR HEALTH-TREASURE ISLE, LLC",,,TREASURE ISLE CARE CENTER,,,,,2021-11-01,1,1,1,0,1,1,1,0
gold_main_v2,control,control_v2,105408,TREASURE ISLE CARE CENTER,FL,2022,0,,,,,,,,,,,86.58516820276498,4.0,9.52363133640553,4.0,0,False,False,False,False,False,False,2016.0,2023.0,control_weighted_pseudocohort,5.0,1,0,1,1,1,1,0,1,1.0,1.0,11.0,3.0,9.0,365.0,166.25777923767055,43029.75,207891.25,0.7095902389820138,3.428691817452587,3.34722,3.0,,1.0,2.0,5.0,151.000,1.0,7.0,7.0,2.0,51278.5,0.0,2.0,N,,,,,Non profit - Corporation,176.0,166.4,"SENIOR HEALTH-TREASURE ISLE, LLC",,,TREASURE ISLE CARE CENTER,,,,,2022-11-01,1,1,1,0,1,1,1,0
gold_main_v2,control,control_v2,105408,TREASURE ISLE CARE CENTER,FL,2023,0,,,,,,,,,,,86.58516820276498,4.0,9.52363133640553,4.0,0,False,False,False,False,False,False,2016.0,2023.0,control_weighted_pseudocohort,5.0,1,1,1,1,1,1,0,1,1.0,1.0,11.0,3.0,9.0,365.0,168.3327978181239,42006.25,205351.0,0.6840605570372065,3.343086330815434,3.35361,3.0,,1.0,2.0,5.0,83.167,1.0,6.0,6.0,2.0,51278.5,0.0,2.0,N,169.0,140.0,23.0,0.8284023668639053,Non profit - Other,176.0,167.7,"SENIOR HEALTH-TREASURE ISLE, LLC",,,TREASURE ISLE CARE CENTER,FL,,,,2023-11-01,1,1,1,1,1,1,1,1
gold_main_v2,control,control_v2,105408,TREASURE ISLE CARE CENTER,FL,2024,0,,,,,,,,,,,86.58516820276498,4.0,9.52363133640553,4.0,0,False,False,False,False,False,False,2016.0,2023.0,control_weighted_pseudocohort,5.0,1,1,1,1,1,1,0,1,1.0,1.0,11.0,3.0,9.0,366.0,167.17197204968943,42988.75,201070.0,0.7028068345986448,3.2867179990896043,3.33534,3.0,,2.0,1.0,1.0,70.000,1.0,2.0,,0.0,0.0,0.0,0.0,N,168.25,145.25,21.5,0.8633505917159763,Non profit - Corporation,176.0,166.4,"SENIOR HEALTH-TREASURE ISLE, LLC",,,TREASURE ISLE CARE CENTER,FL,,,,2024-11-01,1,1,1,1,1,1,1,1
gold_main_v2,control,control_v2,105408,TREASURE ISLE CARE CENTER,FL,2025,0,,,,,,,,,,,86.58516820276498,4.0,9.52363133640553,4.0,0,False,True,False,False,False,False,2016.0,2023.0,control_weighted_pseudocohort,5.0,1,1,1,1,1,1,0,1,1.0,1.0,11.0,3.0,9.0,273.0,166.13808815982728,32197.25,150092.5,0.7098405150331043,3.310065229287643,3.24524,3.0,,1.0,1.0,4.0,111.000,3.0,3.0,,0.0,0.0,0.0,0.0,N,168.0,147.0,21.0,0.875,Non profit - Corporation,176.0,166.9,"SENIOR HEALTH-TREASURE ISLE, LLC",SENIOR HEALTH SOUTH,729.0,TREASURE ISLE CARE CENTER,FL,,,,2025-11-01,1,1,1,1,1,1,1,1
gold_main_v2,control,control_v2,105408,TREASURE ISLE CARE CENTER,FL,2026,0,,,,,,,,,,,86.58516820276498,4.0,9.52363133640553,4.0,0,False,True,False,False,False,False,2016.0,2023.0,control_weighted_pseudocohort,5.0,1,0,0,1,1,1,0,1,1.0,1.0,11.0,3.0,9.0,,,,,,,3.34454,3.0,,1.0,2.0,5.0,92.000,,,,0.0,0.0,0.0,0.0,N,,,,,Non profit - Corporation,176.0,162.9,"SENIOR HEALTH-TREASURE ISLE, LLC",SENIOR HEALTH SOUTH,729.0,TREASURE ISLE CARE CENTER,FL,,,,2026-03-01,0,1,1,0,0,1,1,0
gold_main_v2,control,control_v2,105437,CYPRESS COVE CARE CENTER,FL,2016,0,,,,,,,,,,,57.57364516129033,4.0,16.07318202764977,4.0,0,,,,,,,2016.0,2023.0,control_weighted_pseudocohort,5.0,1,0,0,1,1,0,0,0,1.0,1.0,11.0,3.0,9.0,,,,,,,3.73879,3.0,2.0,4.0,4.0,4.0,13.333,0.0,0.0,,0.0,0.0,0.0,0.0,N,,,,,Non profit - Corporation,120.0,116.0,"CYPRESS COVE CARE CENTER, LLC",,,CYPRESS COVE CARE CENTER,,,,,,0,1,1,0,0,1,1,0
gold_main_v2,control,control_v2,105437,CYPRESS COVE CARE CENTER,FL,2017,0,,,,,,,,,,,57.57364516129033,4.0,16.07318202764977,4.0,0,,,,,,,2016.0,2023.0,control_weighted_pseudocohort,5.0,1,0,1,1,1,0,0,0,1.0,1.0,11.0,3.0,9.0,365.0,109.82617654085044,12559.3,155567.05,0.31350273105383,3.8835580508384777,4.02768,3.0,2.0,2.0,3.0,5.0,36.667,0.0,2.0,,0.0,0.0,0.0,0.0,N,,,,,Non profit - Corporation,120.0,112.0,"CYPRESS COVE CARE CENTER, LLC",,,CYPRESS COVE CARE CENTER,,,,,2017-12-01,1,1,1,0,1,1,1,0
gold_main_v2,control,control_v2,105437,CYPRESS COVE CARE CENTER,FL,2018,0,,,,,,,,,,,57.57364516129033,4.0,16.07318202764977,4.0,0,,,,,,,2016.0,2023.0,control_weighted_pseudocohort,5.0,1,0,1,1,1,0,0,0,1.0,1.0,11.0,3.0,9.0,365.0,110.62885876201094,15802.0,153577.23,0.3914216015533576,3.806273292946398,3.7375,,3.0,,,,40.000,0.0,2.0,,0.0,0.0,0.0,0.0,N,,,,,Non profit - Corporation,120.0,106.2,"CYPRESS COVE CARE CENTER, LLC",,,CYPRESS COVE CARE CENTER,,,,,2018-12-01,1,1,0,0,1,1,0,0
gold_main_v2,control,control_v2,105437,CYPRESS COVE CARE CENTER,FL,2019,0,,,,,,,,,,,57.57364516129033,4.0,16.07318202764977,4.0,0,,,,,,,2016.0,2023.0,control_weighted_pseudocohort,5.0,1,0,1,1,1,0,0,0,1.0,1.0,11.0,3.0,9.0,365.0,112.4198326432022,18681.5,160099.5,0.4556152716619022,3.90521806461048,3.82355,,2.0,,,,19.333,0.0,0.0,,0.0,0.0,0.0,0.0,N,,,,,Non profit - Corporation,120.0,113.1,"CYPRESS COVE CARE CENTER, LLC",,,CYPRESS COVE CARE CENTER,,,,,2019-11-01,1,1,0,0,1,1,0,0
gold_main_v2,control,control_v2,105437,CYPRESS COVE CARE CENTER,FL,2020,0,,,,,,,,,,,57.57364516129033,4.0,16.07318202764977,4.0,0,,,,,,,2016.0,2023.0,control_weighted_pseudocohort,5.0,1,0,1,1,1,0,0,0,1.0,1.0,11.0,3.0,9.0,366.0,103.93950071667464,17524.0,152209.5,0.4636732367302524,4.012548240509357,4.02309,3.0,3.0,4.0,5.0,5.0,19.333,0.0,0.0,,0.0,0.0,0.0,0.0,N,,,,,Non profit - Corporation,120.0,103.8,"CYPRESS COVE CARE CENTER, LLC",,,CYPRESS COVE CARE CENTER,,,,,2020-11-01,1,1,1,0,1,1,1,0
gold_main_v2,control,control_v2,105437,CYPRESS COVE CARE CENTER,FL,2021,0,,,,,,,,,,,57.57364516129033,4.0,16.07318202764977,4.0,0,,,,,,,2016.0,2023.0,control_weighted_pseudocohort,5.0,1,0,1,1,1,0,0,0,1.0,1.0,11.0,3.0,9.0,365.0,93.76528905876732,15399.75,139824.75,0.451073263870295,4.103224480338965,3.89993,3.0,3.0,3.0,4.0,5.0,26.000,0.0,0.0,1.0,0.0,0.0,0.0,0.0,N,,,,,Non profit - Corporation,120.0,97.6,"CYPRESS COVE CARE CENTER, LLC",,,CYPRESS COVE CARE CENTER,,,,,2021-11-01,1,1,1,0,1,1,1,0
gold_main_v2,control,control_v2,105437,CYPRESS COVE CARE CENTER,FL,2022,0,,,,,,,,,,,57.57364516129033,4.0,16.07318202764977,4.0,0,False,False,False,False,False,False,2016.0,2023.0,control_weighted_pseudocohort,5.0,1,0,1,1,1,1,0,1,1.0,1.0,11.0,3.0,9.0,274.0,104.68196457326891,12622.0,111937.08,0.4404423265077639,3.911354212852638,,1.0,,4.0,3.0,4.0,19.333,0.0,0.0,1.0,0.0,0.0,0.0,0.0,N,,,,,Non profit - Corporation,120.0,106.8,"CYPRESS COVE CARE CENTER, LLC",,,CYPRESS COVE CARE CENTER,,,,,2022-11-01,1,0,1,0,1,0,1,0
gold_main_v2,control,control_v2,105437,CYPRESS COVE CARE CENTER,FL,2023,0,,,,,,,,,,,57.57364516129033,4.0,16.07318202764977,4.0,0,False,False,False,False,False,False,2016.0,2023.0,control_weighted_pseudocohort,5.0,1,1,1,1,1,1,0,1,1.0,1.0,11.0,3.0,9.0,365.0,109.06917436428306,18548.5,145761.07,0.4665011044088614,3.666849406866977,3.56862,3.0,,4.0,5.0,5.0,18.667,0.0,0.0,1.0,0.0,0.0,0.0,0.0,N,109.0,56.0,12.0,0.5137614678899083,Non profit - Corporation,120.0,109.9,Legal Business Name Not Available,,,CYPRESS COVE CARE CENTER,FL,,,,2023-11-01,1,1,1,1,1,1,1,1
gold_main_v2,control,control_v2,105437,CYPRESS COVE CARE CENTER,FL,2024,0,,,,,,,,,,,57.57364516129033,4.0,16.07318202764977,4.0,0,False,False,False,False,False,False,2016.0,2023.0,control_weighted_pseudocohort,5.0,1,1,1,1,1,1,0,1,1.0,1.0,11.0,3.0,9.0,366.0,109.1754359770664,23706.25,148842.25,0.5955256008735896,3.732638879428884,3.73863,4.0,,5.0,5.0,5.0,9.333,0.0,0.0,,0.0,0.0,0.0,0.0,N,109.75,55.25,15.75,0.5036246723460026,Non profit - Corporation,120.0,111.7,Legal Business Name Not Available,,,CYPRESS COVE CARE CENTER,FL,,,,2024-11-01,1,1,1,1,1,1,1,1
gold_main_v2,control,control_v2,105437,CYPRESS COVE CARE CENTER,FL,2025,0,,,,,,,,,,,57.57364516129033,4.0,16.07318202764977,4.0,0,False,True,False,False,False,False,2016.0,2023.0,control_weighted_pseudocohort,5.0,1,1,1,1,1,1,0,1,1.0,1.0,11.0,3.0,9.0,273.0,111.78250783033393,16399.75,113475.0,0.5375499081472866,3.7214700862009606,3.8118,4.0,,4.0,5.0,5.0,10.000,0.0,0.0,,0.0,0.0,0.0,0.0,N,112.0,53.0,27.0,0.4732142857142857,Non profit - Corporation,120.0,110.5,"CYPRESS COVE CARE CENTER, LLC",HEALTH SERVICES MANAGEMENT,257.0,CYPRESS COVE CARE CENTER,FL,,,,2025-11-01,1,1,1,1,1,1,1,1
gold_main_v2,control,control_v2,105437,CYPRESS COVE CARE CENTER,FL,2026,0,,,,,,,,,,,57.57364516129033,4.0,16.07318202764977,4.0,0,False,True,False,False,False,False,2016.0,2023.0,control_weighted_pseudocohort,5.0,1,0,0,1,1,1,0,1,1.0,1.0,11.0,3.0,9.0,,,,,,,3.70907,4.0,,4.0,5.0,5.0,10.000,,,,0.0,0.0,0.0,0.0,N,,,,,Non profit - Corporation,120.0,112.6,"CYPRESS COVE CARE CENTER, LLC",HEALTH SERVICES MANAGEMENT,257.0,CYPRESS COVE CARE CENTER,FL,,,,2026-03-01,0,1,1,0,0,1,1,0
gold_main_v2,control,control_v2,105572,POMPANO HEALTH AND REHABILITATION CENTER,FL,2016,0,,,,,,,,,,,75.34270276497696,4.0,6.326228110599079,4.0,0,,,,,,,2016.0,2023.0,control_weighted_pseudocohort,5.0,1,0,0,1,1,0,0,0,1.0,1.0,11.0,3.0,9.0,,,,,,,3.59424,1.0,2.0,2.0,2.0,5.0,41.333,0.0,2.0,,0.0,0.0,0.0,0.0,N,,,,,Non profit - Corporation,127.0,113.0,"FI-POMPANO REHAB, LLC",,,POMPANO HEALTH AND REHABILITATION CENTER,,,,,,0,1,1,0,0,1,1,0
gold_main_v2,control,control_v2,105572,POMPANO HEALTH AND REHABILITATION CENTER,FL,2017,0,,,,,,,,,,,75.34270276497696,4.0,6.326228110599079,4.0,0,,,,,,,2016.0,2023.0,control_weighted_pseudocohort,5.0,1,0,1,1,1,0,0,0,1.0,1.0,11.0,3.0,9.0,365.0,118.48489807294156,35529.899999999994,166388.77,0.822250816379432,3.8492431177705817,4.2094,4.0,4.0,1.0,2.0,5.0,61.333,0.0,2.0,,1.0,1558.0,0.0,1.0,N,,,,,Non profit - Corporation,127.0,117.0,"FI-POMPANO REHAB, LLC",,,POMPANO HEALTH AND REHABILITATION CENTER,,,,,2017-12-01,1,1,1,0,1,1,1,0
gold_main_v2,control,control_v2,105572,POMPANO HEALTH AND REHABILITATION CENTER,FL,2018,0,,,,,,,,,,,75.34270276497696,4.0,6.326228110599079,4.0,0,,,,,,,2016.0,2023.0,control_weighted_pseudocohort,5.0,1,0,1,1,1,0,0,0,1.0,1.0,11.0,3.0,9.0,365.0,120.17526344428518,34421.85,166334.3,0.7847807139807503,3.792685155996321,3.76325,,4.0,,,,66.400,0.0,2.0,,1.0,1558.0,0.0,1.0,N,,,,,Non profit - Corporation,127.0,120.3,"FI-POMPANO REHAB, LLC",,,POMPANO HEALTH AND REHABILITATION CENTER,,,,,2018-12-01,1,1,0,0,1,1,0,0
gold_main_v2,control,control_v2,105572,POMPANO HEALTH AND REHABILITATION CENTER,FL,2019,0,,,,,,,,,,,75.34270276497696,4.0,6.326228110599079,4.0,0,,,,,,,2016.0,2023.0,control_weighted_pseudocohort,5.0,1,0,1,1,1,0,0,0,1.0,1.0,11.0,3.0,9.0,365.0,119.46018275203058,34936.75,165765.0,0.8014104067434745,3.8023660693786807,3.82534,,4.0,,,,42.667,0.0,0.0,,1.0,1558.0,0.0,1.0,N,,,,,Non profit - Corporation,127.0,119.7,"FI-POMPANO REHAB, LLC",,,POMPANO HEALTH AND REHABILITATION CENTER,,,,,2019-11-01,1,1,0,0,1,1,0,0
gold_main_v2,control,control_v2,105572,POMPANO HEALTH AND REHABILITATION CENTER,FL,2020,0,,,,,,,,,,,75.34270276497696,4.0,6.326228110599079,4.0,0,,,,,,,2016.0,2023.0,control_weighted_pseudocohort,5.0,1,0,1,1,1,0,0,0,1.0,1.0,11.0,3.0,9.0,366.0,113.0558707596751,30404.0,158073.47,0.7372465885579735,3.8285526360029,3.94336,4.0,4.0,2.0,3.0,4.0,42.667,0.0,0.0,,0.0,0.0,0.0,0.0,N,,,,,Non profit - Corporation,127.0,116.5,"FI-POMPANO REHAB, LLC",,,POMPANO HEALTH AND REHABILITATION CENTER,,,,,2020-11-01,1,1,1,0,1,1,1,0
gold_main_v2,control,control_v2,105572,POMPANO HEALTH AND REHABILITATION CENTER,FL,2021,0,,,,,,,,,,,75.34270276497696,4.0,6.326228110599079,4.0,0,,,,,,,2016.0,2023.0,control_weighted_pseudocohort,5.0,1,0,1,1,1,0,0,0,1.0,1.0,11.0,3.0,9.0,365.0,111.81492673992672,24512.75,153002.25,0.6041536365325196,3.752762909111763,3.86333,4.0,4.0,2.0,4.0,5.0,64.000,0.0,0.0,4.0,0.0,0.0,0.0,0.0,N,,,,,Non profit - Corporation,127.0,107.6,"FI-POMPANO REHAB, LLC",,,POMPANO HEALTH AND REHABILITATION CENTER,,,,,2021-11-01,1,1,1,0,1,1,1,0
gold_main_v2,control,control_v2,105572,POMPANO HEALTH AND REHABILITATION CENTER,FL,2022,0,,,,,,,,,,,75.34270276497696,4.0,6.326228110599079,4.0,0,False,False,False,False,False,False,2016.0,2023.0,control_weighted_pseudocohort,5.0,1,0,1,1,1,1,0,1,1.0,1.0,11.0,3.0,9.0,365.0,111.74543518076126,18706.5,136647.25,0.4590941699472,3.3467061893216217,3.28582,3.0,,1.0,1.0,4.0,66.000,0.0,0.0,4.0,0.0,0.0,0.0,0.0,N,,,,,Non profit - Corporation,127.0,114.2,"FI-POMPANO REHAB, LLC",,,POMPANO HEALTH AND REHABILITATION CENTER,,,,,2022-11-01,1,1,1,0,1,1,1,0
gold_main_v2,control,control_v2,105572,POMPANO HEALTH AND REHABILITATION CENTER,FL,2023,0,,,,,,,,,,,75.34270276497696,4.0,6.326228110599079,4.0,0,False,False,False,False,False,False,2016.0,2023.0,control_weighted_pseudocohort,5.0,1,1,1,1,1,1,0,1,1.0,1.0,11.0,3.0,9.0,365.0,116.51204743324308,18734.0,137861.0,0.441272379939408,3.2413591902905456,3.25765,4.0,,2.0,2.0,4.0,69.333,0.0,0.0,4.0,1.0,4962.75,0.0,1.0,N,112.0,84.0,7.0,0.75,Non profit - Corporation,127.0,115.0,"FI-POMPANO REHAB, LLC",FLORIDA INSTITUTE FOR LONG-TERM CARE,223.0,POMPANO HEALTH AND REHABILITATION CENTER,FL,,,,2023-11-01,1,1,1,1,1,1,1,1
gold_main_v2,control,control_v2,105572,POMPANO HEALTH AND REHABILITATION CENTER,FL,2024,0,,,,,,,,,,,75.34270276497696,4.0,6.326228110599079,4.0,0,False,False,False,False,False,False,2016.0,2023.0,control_weighted_pseudocohort,5.0,1,1,1,1,1,1,0,1,1.0,1.0,11.0,3.0,9.0,366.0,120.19096392737696,18631.0,146262.0,0.4238107865104924,3.327274334872659,3.3211,2.0,,2.0,3.0,5.0,61.333,0.0,0.0,,1.0,4962.75,0.0,1.0,N,120.25,85.5,10.75,0.711890243902439,Non profit - Corporation,127.0,122.4,"FI-POMPANO REHAB, LLC",FLORIDA INSTITUTE FOR LONG-TERM CARE,223.0,POMPANO HEALTH AND REHABILITATION CENTER,FL,,,,2024-11-01,1,1,1,1,1,1,1,1
gold_main_v2,control,control_v2,105572,POMPANO HEALTH AND REHABILITATION CENTER,FL,2025,0,,,,,,,,,,,75.34270276497696,4.0,6.326228110599079,4.0,0,False,True,False,False,False,False,2016.0,2023.0,control_weighted_pseudocohort,5.0,1,1,1,1,1,1,0,1,1.0,1.0,11.0,3.0,9.0,273.0,119.23905699775264,16268.75,111635.0,0.5009442319838998,3.4305647001519177,3.40095,2.0,,2.0,2.0,3.0,72.000,0.0,6.0,,1.0,4963.0,0.0,1.0,N,123.0,86.0,12.0,0.6991869918699187,Non profit - Corporation,127.0,120.8,"FI-POMPANO REHAB, LLC",FLORIDA INSTITUTE FOR LONG-TERM CARE,223.0,POMPANO HEALTH AND REHABILITATION CENTER,FL,,,,2025-11-01,1,1,1,1,1,1,1,1
gold_main_v2,control,control_v2,105572,POMPANO HEALTH AND REHABILITATION CENTER,FL,2026,0,,,,,,,,,,,75.34270276497696,4.0,6.326228110599079,4.0,0,False,True,False,False,False,False,2016.0,2023.0,control_weighted_pseudocohort,5.0,1,0,0,1,1,1,0,1,1.0,1.0,11.0,3.0,9.0,,,,,,,3.45783,3.0,,2.0,2.0,3.0,75.000,,,,1.0,4963.0,0.0,1.0,N,,,,,Non profit - Corporation,127.0,116.3,"FI-POMPANO REHAB, LLC",FLORIDA INSTITUTE FOR LONG-TERM CARE,223.0,POMPANO HEALTH AND REHABILITATION CENTER,FL,,,,2026-03-01,0,1,1,0,0,1,1,0
gold_main_v2,control,control_v2,105622,DEERFIELD BEACH HEALTH AND REHABILITATION CENTER,FL,2016,0,,,,,,,,,,,62.25132488479263,4.0,14.035981566820276,4.0,0,,,,,,,2016.0,2023.0,control_weighted_pseudocohort,5.0,1,0,0,1,1,0,0,0,1.0,1.0,11.0,3.0,9.0,,,,,,,4.78615,4.0,3.0,4.0,5.0,5.0,19.333,0.0,4.0,,0.0,0.0,0.0,0.0,N,,,,,Non profit - Corporation,194.0,166.0,"FI-BROWARD NURSING, LLC",,,DEERFIELD BEACH HEALTH AND REHABILITATION CENTER,,,,,,0,1,1,0,0,1,1,0
gold_main_v2,control,control_v2,105622,DEERFIELD BEACH HEALTH AND REHABILITATION CENTER,FL,2017,0,,,,,,,,,,,62.25132488479263,4.0,14.035981566820276,4.0,0,,,,,,,2016.0,2023.0,control_weighted_pseudocohort,5.0,1,0,1,1,1,0,0,0,1.0,1.0,11.0,3.0,9.0,365.0,171.03369963369963,46063.2,247109.48,0.738484295350157,3.961585188453329,3.96385,2.0,2.0,2.0,3.0,5.0,45.333,0.0,5.0,,0.0,0.0,0.0,0.0,N,,,,,For profit - Corporation,194.0,166.0,"FI-BROWARD NURSING, LLC",,,DEERFIELD BEACH HEALTH AND REHABILITATION CENTER,,,,,2017-12-01,1,1,1,0,1,1,1,0
gold_main_v2,control,control_v2,105622,DEERFIELD BEACH HEALTH AND REHABILITATION CENTER,FL,2018,0,,,,,,,,,,,62.25132488479263,4.0,14.035981566820276,4.0,0,,,,,,,2016.0,2023.0,control_weighted_pseudocohort,5.0,1,0,1,1,1,0,0,0,1.0,1.0,11.0,3.0,9.0,365.0,184.8343910919998,56017.7,269094.25,0.8308659107109088,3.989704129461665,3.94685,,4.0,,,,54.400,0.0,6.0,,0.0,0.0,0.0,0.0,N,,,,,Non profit - Corporation,194.0,185.0,"FI-BROWARD NURSING, LLC",,,DEERFIELD BEACH HEALTH AND REHABILITATION CENTER,,,,,2018-12-01,1,1,0,0,1,1,0,0
gold_main_v2,control,control_v2,105622,DEERFIELD BEACH HEALTH AND REHABILITATION CENTER,FL,2019,0,,,,,,,,,,,62.25132488479263,4.0,14.035981566820276,4.0,0,,,,,,,2016.0,2023.0,control_weighted_pseudocohort,5.0,1,0,1,1,1,0,0,0,1.0,1.0,11.0,3.0,9.0,365.0,180.96459030100337,52918.27,257101.69,0.8017973738671004,3.89397975431636,3.97595,,3.0,,,,48.000,0.0,7.0,,0.0,0.0,0.0,0.0,N,,,,,Non profit - Corporation,194.0,179.8,"FI-BROWARD NURSING, LLC",,,DEERFIELD BEACH HEALTH AND REHABILITATION CENTER,,,,,2019-11-01,1,1,0,0,1,1,0,0
gold_main_v2,control,control_v2,105622,DEERFIELD BEACH HEALTH AND REHABILITATION CENTER,FL,2020,0,,,,,,,,,,,62.25132488479263,4.0,14.035981566820276,4.0,0,,,,,,,2016.0,2023.0,control_weighted_pseudocohort,5.0,1,0,1,1,1,0,0,0,1.0,1.0,11.0,3.0,9.0,366.0,173.61395126612518,52496.75,247104.25,0.8293891849906468,3.892738917087868,3.83444,4.0,4.0,2.0,3.0,3.0,40.000,0.0,5.0,,0.0,0.0,0.0,0.0,N,,,,,Non profit - Corporation,194.0,177.4,"FI-BROWARD NURSING, LLC",,,DEERFIELD BEACH HEALTH AND REHABILITATION CENTER,,,,,2020-11-01,1,1,1,0,1,1,1,0
gold_main_v2,control,control_v2,105622,DEERFIELD BEACH HEALTH AND REHABILITATION CENTER,FL,2021,0,,,,,,,,,,,62.25132488479263,4.0,14.035981566820276,4.0,0,,,,,,,2016.0,2023.0,control_weighted_pseudocohort,5.0,1,0,1,1,1,0,0,0,1.0,1.0,11.0,3.0,9.0,365.0,163.75647661517226,40349.25,225867.5,0.6767252913322224,3.778919253117418,3.8313,4.0,4.0,1.0,2.0,3.0,76.167,3.0,2.0,2.0,2.0,164914.91,0.0,2.0,N,,,,,Non profit - Corporation,194.0,159.5,"FI-BROWARD NURSING, LLC",,,DEERFIELD BEACH HEALTH AND REHABILITATION CENTER,,,,,2021-11-01,1,1,1,0,1,1,1,0
gold_main_v2,control,control_v2,105622,DEERFIELD BEACH HEALTH AND REHABILITATION CENTER,FL,2022,0,,,,,,,,,,,62.25132488479263,4.0,14.035981566820276,4.0,0,False,False,False,False,False,False,2016.0,2023.0,control_weighted_pseudocohort,5.0,1,0,1,1,1,1,0,1,1.0,1.0,11.0,3.0,9.0,365.0,172.30919400647662,41620.75,212411.5,0.6625836877638328,3.380704875026186,3.26777,2.0,,2.0,3.0,5.0,65.000,3.0,2.0,2.0,2.0,164914.91,0.0,2.0,N,,,,,Non profit - Corporation,194.0,171.5,"FI-BROWARD NURSING, LLC",,,DEERFIELD BEACH HEALTH AND REHABILITATION CENTER,,,,,2022-11-01,1,1,1,0,1,1,1,0
gold_main_v2,control,control_v2,105622,DEERFIELD BEACH HEALTH AND REHABILITATION CENTER,FL,2023,0,,,,,,,,,,,62.25132488479263,4.0,14.035981566820276,4.0,0,False,False,False,False,False,False,2016.0,2023.0,control_weighted_pseudocohort,5.0,1,1,1,1,1,1,0,1,1.0,1.0,11.0,3.0,9.0,365.0,173.92629598662208,40357.75,211177.0,0.6352853733991881,3.326287789891963,3.32557,3.0,,2.0,2.0,4.0,50.500,3.0,3.0,2.0,2.0,164914.91,0.0,2.0,N,174.0,110.0,25.0,0.632183908045977,Non profit - Corporation,194.0,169.1,"FI-BROWARD NURSING, LLC",FLORIDA INSTITUTE FOR LONG-TERM CARE,223.0,DEERFIELD BEACH HEALTH AND REHABILITATION CENTER,FL,,,,2023-11-01,1,1,1,1,1,1,1,1
gold_main_v2,control,control_v2,105622,DEERFIELD BEACH HEALTH AND REHABILITATION CENTER,FL,2024,0,,,,,,,,,,,62.25132488479263,4.0,14.035981566820276,4.0,0,False,False,False,False,False,False,2016.0,2023.0,control_weighted_pseudocohort,5.0,1,1,1,1,1,1,0,1,1.0,1.0,11.0,3.0,9.0,366.0,181.23411371237455,46112.25,223454.25,0.6954137659200539,3.369562779061943,3.3559,3.0,,2.0,2.0,4.0,54.000,0.0,1.0,,1.0,36089.22,0.0,1.0,N,174.0,110.0,25.0,0.632183908045977,Non profit - Corporation,194.0,182.3,"FI-BROWARD NURSING, LLC",FLORIDA INSTITUTE FOR LONG-TERM CARE,223.0,DEERFIELD BEACH HEALTH AND REHABILITATION CENTER,FL,,,,2024-11-01,1,1,1,1,1,1,1,1
gold_main_v2,control,control_v2,105622,DEERFIELD BEACH HEALTH AND REHABILITATION CENTER,FL,2025,0,,,,,,,,,,,62.25132488479263,4.0,14.035981566820276,4.0,0,False,True,False,False,False,False,2016.0,2023.0,control_weighted_pseudocohort,5.0,1,1,1,1,1,1,0,1,1.0,1.0,11.0,3.0,9.0,273.0,185.48168763603545,40005.0,172052.5,0.7905836091508108,3.399477032809956,3.46734,4.0,,3.0,4.0,5.0,49.000,1.0,22.0,,1.0,36089.0,0.0,1.0,N,188.0,142.0,19.0,0.7553191489361702,Non profit - Corporation,194.0,184.9,"FI-BROWARD NURSING, LLC",FLORIDA INSTITUTE FOR LONG-TERM CARE,223.0,DEERFIELD BEACH HEALTH AND REHABILITATION CENTER,FL,,,,2025-11-01,1,1,1,1,1,1,1,1
gold_main_v2,control,control_v2,105622,DEERFIELD BEACH HEALTH AND REHABILITATION CENTER,FL,2026,0,,,,,,,,,,,62.25132488479263,4.0,14.035981566820276,4.0,0,False,True,False,False,False,False,2016.0,2023.0,control_weighted_pseudocohort,5.0,1,0,0,1,1,1,0,1,1.0,1.0,11.0,3.0,9.0,,,,,,,3.32058,4.0,,3.0,3.0,4.0,49.000,,,,1.0,36089.0,0.0,1.0,N,,,,,Non profit - Corporation,194.0,183.0,"FI-BROWARD NURSING, LLC",FLORIDA INSTITUTE FOR LONG-TERM CARE,223.0,DEERFIELD BEACH HEALTH AND REHABILITATION CENTER,FL,,,,2026-03-01,0,1,1,0,0,1,1,0
gold_main_v2,control,control_v2,105690,HIGHLAND PINES REHABILITATION CENTER,FL,2016,0,,,,,,,,,,,81.58115668202765,4.0,10.987119815668205,4.0,0,,,,,,,2016.0,2023.0,control_weighted_pseudocohort,5.0,1,0,0,1,1,0,0,0,1.0,1.0,11.0,3.0,9.0,,,,,,,3.95412,3.0,2.0,2.0,3.0,5.0,35.333,0.0,5.0,,2.0,14365.0,0.0,2.0,N,,,,,Non profit - Corporation,120.0,97.0,"FI-HIGHLAND PINES, LLC",,,HIGHLAND PINES REHABILITATION CENTER,,,,,,0,1,1,0,0,1,1,0
gold_main_v2,control,control_v2,105690,HIGHLAND PINES REHABILITATION CENTER,FL,2017,0,,,,,,,,,,,81.58115668202765,4.0,10.987119815668205,4.0,0,,,,,,,2016.0,2023.0,control_weighted_pseudocohort,5.0,1,0,1,1,1,0,0,0,1.0,1.0,11.0,3.0,9.0,365.0,113.07403448001274,23207.4,163034.4,0.5629721074857789,3.952260593892604,4.05424,3.0,3.0,2.0,3.0,5.0,43.333,0.0,7.0,,1.0,5168.0,0.0,1.0,N,,,,,Non profit - Corporation,120.0,118.0,"FI-HIGHLAND PINES, LLC",,,HIGHLAND PINES REHABILITATION CENTER,,,,,2017-12-01,1,1,1,0,1,1,1,0
gold_main_v2,control,control_v2,105690,HIGHLAND PINES REHABILITATION CENTER,FL,2018,0,,,,,,,,,,,81.58115668202765,4.0,10.987119815668205,4.0,0,,,,,,,2016.0,2023.0,control_weighted_pseudocohort,5.0,1,0,1,1,1,0,0,0,1.0,1.0,11.0,3.0,9.0,365.0,109.3467198863938,17405.45,153187.7,0.4376120236469603,3.8402505258749136,3.70582,,3.0,,,,50.400,0.0,15.0,,1.0,5168.0,0.0,1.0,N,,,,,For profit - Corporation,120.0,108.6,"FI-HIGHLAND PINES, LLC",,,HIGHLAND PINES REHABILITATION CENTER,,,,,2018-12-01,1,1,0,0,1,1,0,0
gold_main_v2,control,control_v2,105690,HIGHLAND PINES REHABILITATION CENTER,FL,2019,0,,,,,,,,,,,81.58115668202765,4.0,10.987119815668205,4.0,0,,,,,,,2016.0,2023.0,control_weighted_pseudocohort,5.0,1,0,1,1,1,0,0,0,1.0,1.0,11.0,3.0,9.0,365.0,106.29790505388333,17923.57,143158.07,0.4631951882865242,3.693144434043522,3.77016,,3.0,,,,32.000,0.0,13.0,,1.0,13501.0,0.0,1.0,N,,,,,Non profit - Other,120.0,107.4,"FI-HIGHLAND PINES, LLC",,,HIGHLAND PINES REHABILITATION CENTER,,,,,2019-11-01,1,1,0,0,1,1,0,0
gold_main_v2,control,control_v2,105690,HIGHLAND PINES REHABILITATION CENTER,FL,2020,0,,,,,,,,,,,81.58115668202765,4.0,10.987119815668205,4.0,0,,,,,,,2016.0,2023.0,control_weighted_pseudocohort,5.0,1,0,1,1,1,0,0,0,1.0,1.0,11.0,3.0,9.0,366.0,103.0691292403249,17618.0,137684.25,0.4722205703752973,3.658135015099462,3.56916,2.0,2.0,2.0,2.0,2.0,37.333,0.0,13.0,,2.0,26773.0,0.0,2.0,N,,,,,Non profit - Other,120.0,111.2,"FI-HIGHLAND PINES, LLC",,,HIGHLAND PINES REHABILITATION CENTER,,,,,2020-11-01,1,1,1,0,1,1,1,0
gold_main_v2,control,control_v2,105690,HIGHLAND PINES REHABILITATION CENTER,FL,2021,0,,,,,,,,,,,81.58115668202765,4.0,10.987119815668205,4.0,0,,,,,,,2016.0,2023.0,control_weighted_pseudocohort,5.0,1,0,1,1,1,0,0,0,1.0,1.0,11.0,3.0,9.0,365.0,100.62972341667994,14719.0,132823.25,0.4032051276774004,3.617881283775392,3.64611,2.0,2.0,2.0,2.0,4.0,44.667,3.0,6.0,3.0,4.0,41554.5,0.0,4.0,N,,,,,Non profit - Corporation,115.0,98.6,"FI-HIGHLAND PINES, LLC",,,HIGHLAND PINES REHABILITATION CENTER,,,,,2021-11-01,1,1,1,0,1,1,1,0
gold_main_v2,control,control_v2,105690,HIGHLAND PINES REHABILITATION CENTER,FL,2022,0,,,,,,,,,,,81.58115668202765,4.0,10.987119815668205,4.0,0,False,False,False,False,False,False,2016.0,2023.0,control_weighted_pseudocohort,5.0,1,0,1,1,1,1,0,1,1.0,1.0,11.0,3.0,9.0,365.0,108.47385862929342,15269.25,129358.75,0.3859098354535111,3.2700946100090187,3.18132,1.0,,3.0,2.0,3.0,37.333,3.0,5.0,3.0,3.0,28054.0,0.0,3.0,N,,,,,Non profit - Corporation,115.0,109.8,"FI-HIGHLAND PINES, LLC",,,HIGHLAND PINES REHABILITATION CENTER,,,,,2022-11-01,1,1,1,0,1,1,1,0
gold_main_v2,control,control_v2,105690,HIGHLAND PINES REHABILITATION CENTER,FL,2023,0,,,,,,,,,,,81.58115668202765,4.0,10.987119815668205,4.0,0,False,False,False,False,False,False,2016.0,2023.0,control_weighted_pseudocohort,5.0,1,1,1,1,1,1,0,1,1.0,1.0,11.0,3.0,9.0,365.0,108.14933176726656,14735.5,125145.0,0.373706985017554,3.170778844993888,3.14289,2.0,,2.0,3.0,5.0,50.667,3.0,10.0,2.0,2.0,89101.0,0.0,2.0,N,110.0,99.0,4.0,0.9,Non profit - Corporation,115.0,107.1,"FI-HIGHLAND PINES, LLC",FLORIDA INSTITUTE FOR LONG-TERM CARE,223.0,HIGHLAND PINES REHABILITATION CENTER,FL,,,,2023-11-01,1,1,1,1,1,1,1,1
gold_main_v2,control,control_v2,105690,HIGHLAND PINES REHABILITATION CENTER,FL,2024,0,,,,,,,,,,,81.58115668202765,4.0,10.987119815668205,4.0,0,False,False,False,False,False,False,2016.0,2023.0,control_weighted_pseudocohort,5.0,1,1,1,1,1,1,0,1,1.0,1.0,11.0,3.0,9.0,366.0,108.8543657429527,13222.5,125453.5,0.3321690427522629,3.1487697440096603,3.13634,1.0,,1.0,1.0,4.0,84.667,3.0,15.0,1.0,2.0,89729.65,0.0,2.0,N,107.5,93.0,5.5,0.8642857142857143,Non profit - Corporation,115.0,106.3,"FI-HIGHLAND PINES, LLC",FLORIDA INSTITUTE FOR LONG-TERM CARE,223.0,HIGHLAND PINES REHABILITATION CENTER,FL,,,,2024-11-01,1,1,1,1,1,1,1,1
gold_main_v2,control,control_v2,105690,Highland Pines Rehabilitation Center,FL,2025,0,,,,,,,,,,,81.58115668202765,4.0,10.987119815668205,4.0,0,False,True,False,False,False,False,2016.0,2023.0,control_weighted_pseudocohort,5.0,1,1,1,1,1,1,0,1,1.0,1.0,11.0,3.0,9.0,273.0,107.6256728778468,10753.5,93544.5,0.3660781944079938,3.184590965765606,3.21304,2.0,,1.0,1.0,3.0,481.750,9.0,62.0,1.0,3.0,268860.0,0.0,3.0,N,105.0,87.0,7.0,0.8285714285714286,Non profit - Corporation,115.0,108.3,"FI-HIGHLAND PINES, LLC",FLORIDA INSTITUTE FOR LONG-TERM CARE,223.0,Highland Pines Rehabilitation Center,FL,,,,2025-11-01,1,1,1,1,1,1,1,1
gold_main_v2,control,control_v2,105690,Highland Pines Rehabilitation Center,FL,2026,0,,,,,,,,,,,81.58115668202765,4.0,10.987119815668205,4.0,0,False,True,False,False,False,False,2016.0,2023.0,control_weighted_pseudocohort,5.0,1,0,0,1,1,1,0,1,1.0,1.0,11.0,3.0,9.0,,,,,,,3.16265,2.0,,1.0,1.0,2.0,478.750,,,1.0,3.0,272512.0,0.0,3.0,N,,,,,Non profit - Corporation,115.0,106.9,"FI-HIGHLAND PINES, LLC",FLORIDA INSTITUTE FOR LONG-TERM CARE,223.0,Highland Pines Rehabilitation Center,FL,,,,2026-03-01,0,1,1,0,0,1,1,0
gold_main_v2,control,control_v2,105713,ALPINE HEALTH AND REHABILITATION CENTER,FL,2016,0,,,,,,,,,,,83.68757603686636,4.0,8.5023732718894,4.0,0,,,,,,,2016.0,2023.0,control_weighted_pseudocohort,5.0,1,0,0,1,1,0,0,0,1.0,1.0,11.0,3.0,9.0,,,,,,,4.1,4.0,3.0,4.0,4.0,4.0,20.667,0.0,2.0,,1.0,4420.0,0.0,1.0,N,,,,,Non profit - Corporation,57.0,50.0,"SENIOR HEALTH-ALPINE, LLC",,,ALPINE HEALTH AND REHABILITATION CENTER,,,,,,0,1,1,0,0,1,1,0
gold_main_v2,control,control_v2,105713,ALPINE HEALTH AND REHABILITATION CENTER,FL,2017,0,,,,,,,,,,,83.68757603686636,4.0,8.5023732718894,4.0,0,,,,,,,2016.0,2023.0,control_weighted_pseudocohort,5.0,1,0,1,1,1,0,0,0,1.0,1.0,11.0,3.0,9.0,365.0,51.49933906673037,10099.6,72818.05,0.5411471494356163,3.8775385972829457,3.75454,3.0,2.0,5.0,5.0,5.0,8.000,0.0,2.0,,0.0,0.0,0.0,0.0,N,,,,,Non profit - Corporation,57.0,55.0,"SENIOR HEALTH-ALPINE, LLC",,,ALPINE HEALTH AND REHABILITATION CENTER,,,,,2017-12-01,1,1,1,0,1,1,1,0
gold_main_v2,control,control_v2,105713,ALPINE HEALTH AND REHABILITATION CENTER,FL,2018,0,,,,,,,,,,,83.68757603686636,4.0,8.5023732718894,4.0,0,,,,,,,2016.0,2023.0,control_weighted_pseudocohort,5.0,1,0,1,1,1,0,0,0,1.0,1.0,11.0,3.0,9.0,365.0,54.01940595636248,8111.25,77182.68,0.410841659217413,3.916394646970899,3.854,,2.0,,,,4.800,0.0,0.0,,0.0,0.0,0.0,0.0,N,,,,,Non profit - Corporation,57.0,54.3,"SENIOR HEALTH-ALPINE, LLC",,,ALPINE HEALTH AND REHABILITATION CENTER,,,,,2018-12-01,1,1,0,0,1,1,0,0
gold_main_v2,control,control_v2,105713,ALPINE HEALTH AND REHABILITATION CENTER,FL,2019,0,,,,,,,,,,,83.68757603686636,4.0,8.5023732718894,4.0,0,,,,,,,2016.0,2023.0,control_weighted_pseudocohort,5.0,1,0,1,1,1,0,0,0,1.0,1.0,11.0,3.0,9.0,365.0,53.30072795561926,9806.5,73353.0,0.5066750114130569,3.770932169301062,3.66762,,2.0,,,,4.000,0.0,0.0,,0.0,0.0,0.0,0.0,N,,,,,Non profit - Corporation,57.0,53.9,"SENIOR HEALTH-ALPINE, LLC",,,ALPINE HEALTH AND REHABILITATION CENTER,,,,,2019-11-01,1,1,0,0,1,1,0,0
gold_main_v2,control,control_v2,105713,ALPINE HEALTH AND REHABILITATION CENTER,FL,2020,0,,,,,,,,,,,83.68757603686636,4.0,8.5023732718894,4.0,0,,,,,,,2016.0,2023.0,control_weighted_pseudocohort,5.0,1,0,1,1,1,0,0,0,1.0,1.0,11.0,3.0,9.0,366.0,49.10224558050645,8142.75,59300.01,0.4473621742347053,3.2993900875911737,3.77744,3.0,3.0,5.0,5.0,4.0,9.333,0.0,0.0,,0.0,0.0,0.0,0.0,N,,,,,Non profit - Corporation,57.0,54.5,"SENIOR HEALTH-ALPINE, LLC",,,ALPINE HEALTH AND REHABILITATION CENTER,,,,,2020-11-01,1,1,1,0,1,1,1,0
gold_main_v2,control,control_v2,105713,ALPINE HEALTH AND REHABILITATION CENTER,FL,2021,0,,,,,,,,,,,83.68757603686636,4.0,8.5023732718894,4.0,0,,,,,,,2016.0,2023.0,control_weighted_pseudocohort,5.0,1,0,1,1,1,0,0,0,1.0,1.0,11.0,3.0,9.0,365.0,51.235495301799645,9399.75,70958.0,0.502284861108109,3.7991378219331273,3.87249,3.0,3.0,4.0,4.0,3.0,18.000,0.0,0.0,0.0,0.0,0.0,0.0,0.0,N,,,,,Non profit - Corporation,57.0,50.4,"SENIOR HEALTH-ALPINE, LLC",,,ALPINE HEALTH AND REHABILITATION CENTER,,,,,2021-11-01,1,1,1,0,1,1,1,0
gold_main_v2,control,control_v2,105713,ALPINE HEALTH AND REHABILITATION CENTER,FL,2022,0,,,,,,,,,,,83.68757603686636,4.0,8.5023732718894,4.0,0,False,False,False,False,False,False,2016.0,2023.0,control_weighted_pseudocohort,5.0,1,0,1,1,1,1,0,1,1.0,1.0,11.0,3.0,9.0,365.0,49.357072516855126,11096.5,61765.75,0.6201191397742998,3.4324863211286294,3.23615,3.0,,4.0,4.0,4.0,18.000,0.0,0.0,0.0,0.0,0.0,0.0,0.0,N,,,,,Non profit - Corporation,57.0,51.8,"SENIOR HEALTH-ALPINE, LLC",,,ALPINE HEALTH AND REHABILITATION CENTER,,,,,2022-11-01,1,1,1,0,1,1,1,0
gold_main_v2,control,control_v2,105713,ALPINE HEALTH AND REHABILITATION CENTER,FL,2023,0,,,,,,,,,,,83.68757603686636,4.0,8.5023732718894,4.0,0,False,False,False,False,False,False,2016.0,2023.0,control_weighted_pseudocohort,5.0,1,1,1,1,1,1,0,1,1.0,1.0,11.0,3.0,9.0,365.0,48.54473708658492,9255.25,58998.25,0.522072669593387,3.3321020881171464,3.36016,2.0,,4.0,5.0,5.0,18.000,0.0,0.0,0.0,0.0,0.0,0.0,0.0,N,51.0,32.0,7.0,0.6274509803921569,Non profit - Corporation,57.0,48.3,"SENIOR HEALTH-ALPINE, LLC",,,ALPINE HEALTH AND REHABILITATION CENTER,FL,,,,2023-11-01,1,1,1,1,1,1,1,1
gold_main_v2,control,control_v2,105713,ALPINE HEALTH AND REHABILITATION CENTER,FL,2024,0,,,,,,,,,,,83.68757603686636,4.0,8.5023732718894,4.0,0,False,False,False,False,False,False,2016.0,2023.0,control_weighted_pseudocohort,5.0,1,1,1,1,1,1,0,1,1.0,1.0,11.0,3.0,9.0,366.0,50.455655757286195,10583.5,60826.5,0.5731418618151691,3.2973418363180955,3.32275,3.0,,3.0,3.0,4.0,38.667,0.0,0.0,,0.0,0.0,0.0,0.0,N,51.0,32.0,7.0,0.6274509803921569,Non profit - Corporation,57.0,49.5,"SENIOR HEALTH-ALPINE, LLC",,,ALPINE HEALTH AND REHABILITATION CENTER,FL,,,,2024-11-01,1,1,1,1,1,1,1,1
gold_main_v2,control,control_v2,105713,ALPINE HEALTH AND REHABILITATION CENTER,FL,2025,0,,,,,,,,,,,83.68757603686636,4.0,8.5023732718894,4.0,0,False,True,False,False,False,False,2016.0,2023.0,control_weighted_pseudocohort,5.0,1,1,1,1,1,1,0,1,1.0,1.0,11.0,3.0,9.0,273.0,53.17993930385234,9403.0,46804.5,0.6494270901512756,3.2254174765511734,3.23977,3.0,,3.0,3.0,4.0,48.000,0.0,0.0,,0.0,0.0,0.0,0.0,N,51.0,32.0,7.0,0.6274509803921569,Non profit - Corporation,57.0,55.3,"SENIOR HEALTH-ALPINE, LLC",SENIOR HEALTH SOUTH,729.0,ALPINE HEALTH AND REHABILITATION CENTER,FL,,,,2025-11-01,1,1,1,1,1,1,1,1
gold_main_v2,control,control_v2,105713,ALPINE HEALTH AND REHABILITATION CENTER,FL,2026,0,,,,,,,,,,,83.68757603686636,4.0,8.5023732718894,4.0,0,False,True,False,False,False,False,2016.0,2023.0,control_weighted_pseudocohort,5.0,1,0,0,1,1,1,0,1,1.0,1.0,11.0,3.0,9.0,,,,,,,3.31346,2.0,,2.0,2.0,3.0,51.000,,,,0.0,0.0,0.0,0.0,N,,,,,Non profit - Corporation,57.0,51.6,"SENIOR HEALTH-ALPINE, LLC",SENIOR HEALTH SOUTH,729.0,ALPINE HEALTH AND REHABILITATION CENTER,FL,,,,2026-03-01,0,1,1,0,0,1,1,0
gold_main_v2,control,control_v2,105744,SYLVAN HEALTH CENTER,FL,2016,0,,,,,,,,,,,25.078366359447006,4.0,26.47321198156682,4.0,1,,,,,,,2016.0,2023.0,control_weighted_pseudocohort,5.0,1,0,0,1,1,0,0,0,1.0,1.0,11.0,3.0,9.0,,,,,,,4.08001,3.0,3.0,4.0,5.0,5.0,18.000,0.0,4.0,,0.0,0.0,0.0,0.0,N,,,,,For profit - Corporation,60.0,60.0,"CCRC - REGENCY OAKS, LLC",,,SYLVAN HEALTH CENTER,,,,,,0,1,1,0,0,1,1,0
gold_main_v2,control,control_v2,105744,SYLVAN HEALTH CENTER,FL,2017,0,,,,,,,,,,,25.078366359447006,4.0,26.47321198156682,4.0,1,,,,,,,2016.0,2023.0,control_weighted_pseudocohort,5.0,1,0,1,1,1,0,0,0,1.0,1.0,11.0,3.0,9.0,365.0,55.88705805064501,15282.13,88927.38,0.7513618084559642,4.366296536993743,4.51141,4.0,4.0,5.0,5.0,5.0,9.333,0.0,0.0,,0.0,0.0,0.0,0.0,N,,,,,For profit - Corporation,60.0,57.0,"CCRC - REGENCY OAKS, LLC",,,SYLVAN HEALTH CENTER,,,,,2017-12-01,1,1,1,0,1,1,1,0
gold_main_v2,control,control_v2,105744,SYLVAN HEALTH CENTER,FL,2018,0,,,,,,,,,,,25.078366359447006,4.0,26.47321198156682,4.0,1,,,,,,,2016.0,2023.0,control_weighted_pseudocohort,5.0,1,0,1,1,1,0,0,0,1.0,1.0,11.0,3.0,9.0,365.0,54.34422147900409,19748.68,89414.18,0.9980232746901686,4.514610067828054,4.55873,,4.0,,,,8.000,0.0,3.0,,0.0,0.0,0.0,0.0,N,,,,,For profit - Corporation,60.0,56.4,"CCRC - REGENCY OAKS, LLC",,,SYLVAN HEALTH CENTER,,,,,2018-12-01,1,1,0,0,1,1,0,0
gold_main_v2,control,control_v2,105744,SYLVAN HEALTH CENTER,FL,2019,0,,,,,,,,,,,25.078366359447006,4.0,26.47321198156682,4.0,1,,,,,,,2016.0,2023.0,control_weighted_pseudocohort,5.0,1,0,1,1,1,0,0,0,1.0,1.0,11.0,3.0,9.0,365.0,54.56956986250464,23721.5,89669.75,1.192438545297452,4.506429957830555,4.46493,,5.0,,,,15.333,0.0,3.0,,0.0,0.0,0.0,0.0,N,,,,,For profit - Corporation,60.0,55.8,"CCRC - REGENCY OAKS, LLC",,,SYLVAN HEALTH CENTER,,,,,2019-11-01,1,1,0,0,1,1,0,0
gold_main_v2,control,control_v2,105744,SYLVAN HEALTH CENTER,FL,2020,0,,,,,,,,,,,25.078366359447006,4.0,26.47321198156682,4.0,1,,,,,,,2016.0,2023.0,control_weighted_pseudocohort,5.0,1,0,1,1,1,0,0,0,1.0,1.0,11.0,3.0,9.0,366.0,43.448160535117054,21102.54,66874.35,1.427412211241014,4.488562812868971,5.76604,5.0,5.0,4.0,5.0,5.0,15.333,0.0,3.0,,0.0,0.0,0.0,0.0,N,,,,,For profit - Corporation,60.0,38.0,"CCRC - REGENCY OAKS, LLC",,,SYLVAN HEALTH CENTER,,,,,2020-11-01,1,1,1,0,1,1,1,0
gold_main_v2,control,control_v2,105744,REGENCY OAKS HEALTH CENTER,FL,2021,0,,,,,,,,,,,25.078366359447006,4.0,26.47321198156682,4.0,1,,,,,,,2016.0,2023.0,control_weighted_pseudocohort,5.0,1,0,1,1,1,0,0,0,1.0,1.0,11.0,3.0,9.0,365.0,41.18157283537718,24369.11,72264.14,1.680064018086724,4.92470227255281,4.46181,5.0,5.0,4.0,5.0,5.0,16.667,0.0,0.0,0.0,0.0,0.0,0.0,0.0,N,,,,,For profit - Limited Liability company,60.0,48.3,"CCRC - REGENCY OAKS, LLC",,,REGENCY OAKS HEALTH CENTER,,,,,2021-11-01,1,1,1,0,1,1,1,0
gold_main_v2,control,control_v2,105744,REGENCY OAKS HEALTH CENTER,FL,2022,0,,,,,,,,,,,25.078366359447006,4.0,26.47321198156682,4.0,1,False,False,False,False,False,True,2016.0,2023.0,control_weighted_pseudocohort,5.0,1,0,1,1,1,1,0,1,1.0,1.0,11.0,3.0,9.0,365.0,47.158462732919254,21902.629999999997,76167.45999999999,1.297185066983838,4.505402806888552,4.53034,4.0,,4.0,5.0,5.0,16.667,0.0,0.0,0.0,0.0,0.0,0.0,0.0,N,,,,,For profit - Limited Liability company,60.0,45.7,"CCRC - REGENCY OAKS, LLC",,,REGENCY OAKS HEALTH CENTER,,,,,2022-11-01,1,1,1,0,1,1,1,0
gold_main_v2,control,control_v2,105744,REGENCY OAKS HEALTH CENTER,FL,2023,0,,,,,,,,,,,25.078366359447006,4.0,26.47321198156682,4.0,1,False,False,False,False,False,True,2016.0,2023.0,control_weighted_pseudocohort,5.0,1,1,1,1,1,1,0,1,1.0,1.0,11.0,3.0,9.0,365.0,55.19475168551256,21230.08,82919.91,1.053919181673364,4.1232667221203325,3.92596,4.0,,1.0,2.0,5.0,190.333,0.0,0.0,,1.0,58467.5,0.0,1.0,N,56.0,11.0,8.0,0.1964285714285714,For profit - Corporation,60.0,55.8,"CCRC - REGENCY OAKS, LLC","HEALTHPEAK PROPERTIES, INC.",261.0,REGENCY OAKS HEALTH CENTER,FL,,,,2023-11-01,1,1,1,1,1,1,1,1
gold_main_v2,control,control_v2,105744,REGENCY OAKS HEALTH CENTER,FL,2024,0,,,,,,,,,,,25.078366359447006,4.0,26.47321198156682,4.0,1,False,False,False,False,False,True,2016.0,2023.0,control_weighted_pseudocohort,5.0,1,1,1,1,1,1,0,1,1.0,1.0,11.0,3.0,9.0,366.0,55.61350334448161,25023.58,88798.45,1.2305145374143232,4.364797419463818,4.37476,5.0,,1.0,2.0,5.0,190.333,0.0,0.0,,1.0,58467.5,0.0,1.0,N,56.0,10.5,13.0,0.1875,For profit - Corporation,60.0,55.3,"CCRC - REGENCY OAKS, LLC","HEALTHPEAK PROPERTIES, INC.",261.0,REGENCY OAKS HEALTH CENTER,FL,,,,2024-11-01,1,1,1,1,1,1,1,1
gold_main_v2,control,control_v2,105744,REGENCY OAKS HEALTH CENTER,FL,2025,0,,,,,,,,,,,25.078366359447006,4.0,26.47321198156682,4.0,1,False,True,False,False,False,True,2016.0,2023.0,control_weighted_pseudocohort,5.0,1,1,1,1,1,1,0,1,1.0,1.0,11.0,3.0,9.0,273.0,53.64521420608377,15952.21,62134.81,1.0955609148565986,4.2518555998452,4.32416,5.0,,1.0,2.0,4.0,103.500,0.0,0.0,,1.0,58468.0,0.0,1.0,N,56.0,9.0,28.0,0.1607142857142857,For profit - Limited Liability company,60.0,50.9,"CCRC - REGENCY OAKS, LLC","HEALTHPEAK PROPERTIES, INC.",261.0,REGENCY OAKS HEALTH CENTER,FL,,,,2025-11-01,1,1,1,1,1,1,1,1
gold_main_v2,control,control_v2,105744,REGENCY OAKS HEALTH CENTER,FL,2026,0,,,,,,,,,,,25.078366359447006,4.0,26.47321198156682,4.0,1,False,True,False,False,False,True,2016.0,2023.0,control_weighted_pseudocohort,5.0,1,0,0,1,1,1,0,1,1.0,1.0,11.0,3.0,9.0,,,,,,,4.20854,5.0,,1.0,2.0,4.0,103.500,,,,0.0,0.0,0.0,0.0,N,,,,,For profit - Limited Liability company,60.0,54.5,"CCRC - REGENCY OAKS, LLC","HEALTHPEAK PROPERTIES, INC.",261.0,REGENCY OAKS HEALTH CENTER,FL,,,,2026-03-01,0,1,1,0,0,1,1,0
gold_main_v2,control,control_v2,105745,CYPRESS VILLAGE,FL,2016,0,,,,,,,,,,,26.744668202764977,4.0,36.069463133640554,4.0,1,,,,,,,2016.0,2023.0,control_weighted_pseudocohort,5.0,1,0,0,1,1,0,0,0,1.0,1.0,11.0,3.0,9.0,,,,,,,4.99,5.0,5.0,3.0,4.0,3.0,28.667,0.0,1.0,,0.0,0.0,0.0,0.0,N,,,,,For profit - Corporation,120.0,115.0,"CCRC OPCO - CYPRESS VILLAGE, LLC",,,CYPRESS VILLAGE,,,,,,0,1,1,0,0,1,1,0
gold_main_v2,control,control_v2,105745,CYPRESS VILLAGE,FL,2017,0,,,,,,,,,,,26.744668202764977,4.0,36.069463133640554,4.0,1,,,,,,,2016.0,2023.0,control_weighted_pseudocohort,5.0,1,0,1,1,1,0,0,0,1.0,1.0,11.0,3.0,9.0,365.0,108.20824109465414,36358.36,179605.36,0.9228348676280294,4.557168556270643,6.43156,4.0,4.0,3.0,4.0,2.0,30.667,0.0,3.0,,0.0,0.0,0.0,0.0,N,,,,,For profit - Corporation,120.0,103.0,"CCRC OPCO - CYPRESS VILLAGE, LLC",,,CYPRESS VILLAGE,,,,,2017-12-01,1,1,1,0,1,1,1,0
gold_main_v2,control,control_v2,105745,CYPRESS VILLAGE,FL,2018,0,,,,,,,,,,,26.744668202764977,4.0,36.069463133640554,4.0,1,,,,,,,2016.0,2023.0,control_weighted_pseudocohort,5.0,1,0,1,1,1,0,0,0,1.0,1.0,11.0,3.0,9.0,365.0,106.53385756755324,40840.21,176377.14,1.0506897063626277,4.5424115752880745,4.54145,,5.0,,,,29.600,0.0,4.0,,0.0,0.0,0.0,0.0,N,,,,,For profit - Corporation,120.0,105.6,"CCRC OPCO - CYPRESS VILLAGE, LLC",,,CYPRESS VILLAGE,,,,,2018-12-01,1,1,0,0,1,1,0,0
gold_main_v2,control,control_v2,105745,CYPRESS VILLAGE,FL,2019,0,,,,,,,,,,,26.744668202764977,4.0,36.069463133640554,4.0,1,,,,,,,2016.0,2023.0,control_weighted_pseudocohort,5.0,1,0,1,1,1,0,0,0,1.0,1.0,11.0,3.0,9.0,365.0,107.65124887190105,54233.24,186905.79,1.381537600465877,4.762391194108001,4.70769,,5.0,,,,38.667,0.0,4.0,,0.0,0.0,0.0,0.0,N,,,,,For profit - Corporation,120.0,108.6,"CCRC OPCO - CYPRESS VILLAGE, LLC",,,CYPRESS VILLAGE,,,,,2019-11-01,1,1,0,0,1,1,0,0
gold_main_v2,control,control_v2,105745,CYPRESS VILLAGE,FL,2020,0,,,,,,,,,,,26.744668202764977,4.0,36.069463133640554,4.0,1,,,,,,,2016.0,2023.0,control_weighted_pseudocohort,5.0,1,0,1,1,1,0,0,0,1.0,1.0,11.0,3.0,9.0,366.0,98.2153905876732,30812.85,128979.98,0.8509349315501906,3.5992378977893456,4.38719,4.0,4.0,3.0,5.0,5.0,32.667,0.0,3.0,,0.0,0.0,0.0,0.0,N,,,,,For profit - Corporation,120.0,92.8,"CCRC OPCO - CYPRESS VILLAGE, LLC",,,CYPRESS VILLAGE,,,,,2020-11-01,1,1,1,0,1,1,1,0
gold_main_v2,control,control_v2,105745,CYPRESS VILLAGE,FL,2021,0,,,,,,,,,,,26.744668202764977,4.0,36.069463133640554,4.0,1,,,,,,,2016.0,2023.0,control_weighted_pseudocohort,5.0,1,0,1,1,1,0,0,0,1.0,1.0,11.0,3.0,9.0,365.0,91.21824268726442,33023.880000000005,142091.57,1.0060911070574616,4.327760251530587,3.90286,5.0,5.0,3.0,5.0,5.0,31.333,0.0,1.0,1.0,0.0,0.0,0.0,0.0,N,,,,,For profit - Limited Liability company,120.0,98.8,"CCRC OPCO - CYPRESS VILLAGE, LLC",,,CYPRESS VILLAGE,,,,,2021-11-01,1,1,1,0,1,1,1,0
gold_main_v2,control,control_v2,105745,CYPRESS VILLAGE,FL,2022,0,,,,,,,,,,,26.744668202764977,4.0,36.069463133640554,4.0,1,False,False,False,False,False,True,2016.0,2023.0,control_weighted_pseudocohort,5.0,1,0,1,1,1,1,0,1,1.0,1.0,11.0,3.0,9.0,365.0,88.91007326007326,22137.19,155412.28999999998,0.6843688505917416,4.79793935697384,5.07715,4.0,,3.0,3.0,2.0,36.000,0.0,3.0,3.0,1.0,662.94,0.0,1.0,N,,,,,For profit - Limited Liability company,120.0,86.4,"CCRC OPCO - CYPRESS VILLAGE, LLC",,,CYPRESS VILLAGE,,,,,2022-11-01,1,1,1,0,1,1,1,0
gold_main_v2,control,control_v2,105745,CYPRESS VILLAGE,FL,2023,0,,,,,,,,,,,26.744668202764977,4.0,36.069463133640554,4.0,1,False,False,False,False,False,True,2016.0,2023.0,control_weighted_pseudocohort,5.0,1,1,1,1,1,1,0,1,1.0,1.0,11.0,3.0,9.0,365.0,89.70045522110739,25059.24,155737.24,0.7687782685542675,4.767503028128768,4.80304,4.0,,3.0,3.0,3.0,29.333,0.0,5.0,3.0,2.0,4857.39,0.0,2.0,N,85.0,14.0,33.0,0.1647058823529411,For profit - Corporation,120.0,89.9,"CCRC OPCO - CYPRESS VILLAGE, LLC","HEALTHPEAK PROPERTIES, INC.",261.0,CYPRESS VILLAGE,FL,,,,2023-11-01,1,1,1,1,1,1,1,1
gold_main_v2,control,control_v2,105745,CYPRESS VILLAGE,FL,2024,0,,,,,,,,,,,26.744668202764977,4.0,36.069463133640554,4.0,1,False,False,False,False,False,True,2016.0,2023.0,control_weighted_pseudocohort,5.0,1,1,1,1,1,1,0,1,1.0,1.0,11.0,3.0,9.0,366.0,87.27248566650741,32103.58,153540.66,1.0072055134522682,4.819578218916655,4.57113,4.0,,3.0,3.0,3.0,26.000,0.0,4.0,2.0,5.0,18987.61,0.0,5.0,N,85.0,14.0,33.0,0.1647058823529411,For profit - Corporation,100.0,89.5,"CCRC OPCO - CYPRESS VILLAGE, LLC","HEALTHPEAK PROPERTIES, INC.",261.0,CYPRESS VILLAGE,FL,,,,2024-11-01,1,1,1,1,1,1,1,1
gold_main_v2,control,control_v2,105745,CYPRESS VILLAGE,FL,2025,0,,,,,,,,,,,26.744668202764977,4.0,36.069463133640554,4.0,1,False,True,False,False,False,True,2016.0,2023.0,control_weighted_pseudocohort,5.0,1,1,1,1,1,1,0,1,1.0,1.0,11.0,3.0,9.0,273.0,85.53332979419936,23311.7,114496.91,1.0019183756498744,4.920002369462761,4.85193,4.0,,5.0,5.0,4.0,6.000,0.0,10.0,,4.0,18324.0,0.0,4.0,N,85.0,8.666666666666666,28.333333333333332,0.1019607843137255,For profit - Corporation,100.0,87.1,"CCRC OPCO - CYPRESS VILLAGE, LLC","HEALTHPEAK PROPERTIES, INC.",261.0,CYPRESS VILLAGE,FL,,,,2025-11-01,1,1,1,1,1,1,1,1
gold_main_v2,control,control_v2,105745,CYPRESS VILLAGE,FL,2026,0,,,,,,,,,,,26.744668202764977,4.0,36.069463133640554,4.0,1,False,True,False,False,False,True,2016.0,2023.0,control_weighted_pseudocohort,5.0,1,0,0,1,1,1,0,1,1.0,1.0,11.0,3.0,9.0,,,,,,,4.96016,4.0,,5.0,5.0,4.0,6.000,,,,4.0,18324.0,0.0,4.0,N,,,,,For profit - Corporation,100.0,87.0,"CCRC OPCO - CYPRESS VILLAGE, LLC","HEALTHPEAK PROPERTIES, INC.",261.0,CYPRESS VILLAGE,FL,,,,2026-03-01,0,1,1,0,0,1,1,0
gold_main_v2,control,control_v2,105866,PLAZA WEST,FL,2016,0,,,,,,,,,,,28.343912442396313,4.0,34.239965437788015,4.0,1,,,,,,,2016.0,2023.0,control_weighted_pseudocohort,5.0,1,0,0,1,1,0,0,0,1.0,1.0,11.0,3.0,9.0,,,,,,,5.69081,5.0,5.0,2.0,4.0,5.0,35.333,0.0,0.0,,1.0,975.0,0.0,1.0,N,,,,,For profit - Corporation,113.0,87.0,CCRC OPCO-SUN CITY CENTER LLC,,,PLAZA WEST,,,,,,0,1,1,0,0,1,1,0
gold_main_v2,control,control_v2,105866,PLAZA WEST,FL,2017,0,,,,,,,,,,,28.343912442396313,4.0,34.239965437788015,4.0,1,,,,,,,2016.0,2023.0,control_weighted_pseudocohort,5.0,1,0,1,1,1,0,0,0,1.0,1.0,11.0,3.0,9.0,365.0,100.6321773636991,32825.07,172929.57,0.8967098405272655,4.713418547025863,4.6042,4.0,4.0,4.0,4.0,4.0,17.333,0.0,0.0,,1.0,975.0,0.0,1.0,N,,,,,For profit - Corporation,113.0,107.0,CCRC OPCO-SUN CITY CENTER LLC,,,PLAZA WEST,,,,,2017-12-01,1,1,1,0,1,1,1,0
gold_main_v2,control,control_v2,105866,PLAZA WEST,FL,2018,0,,,,,,,,,,,28.343912442396313,4.0,34.239965437788015,4.0,1,,,,,,,2016.0,2023.0,control_weighted_pseudocohort,5.0,1,0,1,1,1,0,0,0,1.0,1.0,11.0,3.0,9.0,365.0,103.2345755693582,36171.09,179841.59,0.9601482870353816,4.774561017594567,4.72075,,4.0,,,,12.000,0.0,0.0,,0.0,0.0,0.0,0.0,N,,,,,For profit - Corporation,113.0,104.9,CCRC OPCO-SUN CITY CENTER LLC,,,PLAZA WEST,,,,,2018-12-01,1,1,0,0,1,1,0,0
gold_main_v2,control,control_v2,105866,PLAZA WEST,FL,2019,0,,,,,,,,,,,28.343912442396313,4.0,34.239965437788015,4.0,1,,,,,,,2016.0,2023.0,control_weighted_pseudocohort,5.0,1,0,1,1,1,0,0,0,1.0,1.0,11.0,3.0,9.0,365.0,100.25268155757286,40791.05,178882.05,1.116060072637695,4.897546139204801,4.91825,,4.0,,,,11.333,0.0,0.0,,0.0,0.0,0.0,0.0,N,,,,,For profit - Corporation,113.0,101.2,CCRC OPCO-SUN CITY CENTER LLC,,,PLAZA WEST,,,,,2019-11-01,1,1,0,0,1,1,0,0
gold_main_v2,control,control_v2,105866,PLAZA WEST,FL,2020,0,,,,,,,,,,,28.343912442396313,4.0,34.239965437788015,4.0,1,,,,,,,2016.0,2023.0,control_weighted_pseudocohort,5.0,1,0,1,1,1,0,0,0,1.0,1.0,11.0,3.0,9.0,366.0,82.39703774486384,27960.36,134435.97,0.9740646725388288,4.691637283697805,5.47367,5.0,5.0,4.0,5.0,3.0,18.667,0.0,1.0,,0.0,0.0,0.0,0.0,N,,,,,For profit - Limited Liability company,113.0,81.1,CCRC OPCO-SUN CITY CENTER LLC,,,PLAZA WEST,,,,,2020-11-01,1,1,1,0,1,1,1,0
gold_main_v2,control,control_v2,105866,PLAZA WEST,FL,2021,0,,,,,,,,,,,28.343912442396313,4.0,34.239965437788015,4.0,1,,,,,,,2016.0,2023.0,control_weighted_pseudocohort,5.0,1,0,1,1,1,0,0,0,1.0,1.0,11.0,3.0,9.0,365.0,88.53370759675107,33688.47,159676.75,1.0448742612069486,4.958945092182461,4.77075,4.0,4.0,3.0,5.0,5.0,23.333,0.0,1.0,1.0,1.0,3250.0,0.0,1.0,N,,,,,For profit - Limited Liability company,113.0,92.6,CCRC OPCO-SUN CITY CENTER LLC,,,PLAZA WEST,,,,,2021-11-01,1,1,1,0,1,1,1,0
gold_main_v2,control,control_v2,105866,PLAZA WEST,FL,2022,0,,,,,,,,,,,28.343912442396313,4.0,34.239965437788015,4.0,1,False,False,False,False,False,True,2016.0,2023.0,control_weighted_pseudocohort,5.0,1,0,1,1,1,1,0,1,1.0,1.0,11.0,3.0,9.0,365.0,97.67472792907576,33239.65,178093.82,0.9327809274957296,5.007950099629872,5.23142,5.0,,4.0,5.0,4.0,21.333,0.0,0.0,1.0,1.0,3250.0,0.0,1.0,N,,,,,For profit - Limited Liability company,113.0,95.0,CCRC OPCO - SUN CITY CENTER. LLC,,,PLAZA WEST,,,,,2022-11-01,1,1,1,0,1,1,1,0
gold_main_v2,control,control_v2,105866,PLAZA WEST,FL,2023,0,,,,,,,,,,,28.343912442396313,4.0,34.239965437788015,4.0,1,False,False,False,False,False,True,2016.0,2023.0,control_weighted_pseudocohort,5.0,1,1,1,1,1,1,0,1,1.0,1.0,11.0,3.0,9.0,365.0,99.13943634867547,32973.96,181068.45,0.9140400892053482,5.01625692386073,5.35833,5.0,,4.0,5.0,5.0,21.333,4.0,2.0,0.0,0.0,0.0,0.0,0.0,N,97.0,31.0,27.0,0.3195876288659793,For profit - Limited Liability company,113.0,94.9,CCRC OPCO - SUN CITY CENTER. LLC,"HEALTHPEAK PROPERTIES, INC.",261.0,PLAZA WEST,FL,,,,2023-11-01,1,1,1,1,1,1,1,1
gold_main_v2,control,control_v2,105866,PLAZA WEST,FL,2024,0,,,,,,,,,,,28.343912442396313,4.0,34.239965437788015,4.0,1,False,False,False,False,False,True,2016.0,2023.0,control_weighted_pseudocohort,5.0,1,1,1,1,1,1,0,1,1.0,1.0,11.0,3.0,9.0,366.0,101.02502388915433,31493.62,178014.94,0.8520890597281114,4.819311993250051,4.84403,5.0,,4.0,5.0,5.0,21.333,4.0,2.0,,0.0,0.0,0.0,0.0,N,97.0,31.0,27.0,0.3195876288659793,For profit - Limited Liability company,113.0,101.2,CCRC OPCO - SUN CITY CENTER. LLC,"HEALTHPEAK PROPERTIES, INC.",261.0,PLAZA WEST,FL,,,,2024-11-01,1,1,1,1,1,1,1,1
gold_main_v2,control,control_v2,105866,PLAZA WEST,FL,2025,0,,,,,,,,,,,28.343912442396313,4.0,34.239965437788015,4.0,1,False,True,False,False,False,True,2016.0,2023.0,control_weighted_pseudocohort,5.0,1,1,1,1,1,1,0,1,1.0,1.0,11.0,3.0,9.0,273.0,99.06207994903646,24715.15,132396.41999999998,0.9137584175045852,4.9030929990391074,4.88329,5.0,,2.0,3.0,3.0,50.000,4.0,6.0,,0.0,0.0,0.0,0.0,N,98.33333333333331,25.0,27.666666666666668,0.2559627096730291,For profit - Limited Liability company,113.0,98.9,CCRC OPCO - SUN CITY CENTER. LLC,"HEALTHPEAK PROPERTIES, INC.",261.0,PLAZA WEST,FL,,,,2025-11-01,1,1,1,1,1,1,1,1
gold_main_v2,control,control_v2,105866,PLAZA WEST,FL,2026,0,,,,,,,,,,,28.343912442396313,4.0,34.239965437788015,4.0,1,False,True,False,False,False,True,2016.0,2023.0,control_weighted_pseudocohort,5.0,1,0,0,1,1,1,0,1,1.0,1.0,11.0,3.0,9.0,,,,,,,4.92551,5.0,,2.0,3.0,4.0,50.000,,,,0.0,0.0,0.0,0.0,N,,,,,For profit - Limited Liability company,113.0,98.7,CCRC OPCO - SUN CITY CENTER. LLC,"HEALTHPEAK PROPERTIES, INC.",261.0,PLAZA WEST,FL,,,,2026-03-01,0,1,1,0,0,1,1,0
gold_main_v2,control,control_v2,106042,FREEDOM SQUARE REHABILITATION & NURSING SERVICES,FL,2016,0,,,,,,,,,,,33.21457834101383,4.0,24.552744239631338,4.0,1,,,,,,,2016.0,2023.0,control_weighted_pseudocohort,5.0,1,0,0,1,1,0,0,0,1.0,1.0,11.0,3.0,9.0,,,,,,,5.23619,4.0,4.0,3.0,5.0,5.0,22.667,0.0,0.0,,0.0,0.0,0.0,0.0,N,,,,,For profit - Corporation,116.0,105.0,CCRC OPCO FREEDOM SQUARE LLC,,,FREEDOM SQUARE REHABILITATION & NURSING SERVICES,,,,,,0,1,1,0,0,1,1,0
gold_main_v2,control,control_v2,106042,FREEDOM SQUARE REHABILITATION & NURSING SERVICES,FL,2017,0,,,,,,,,,,,33.21457834101383,4.0,24.552744239631338,4.0,1,,,,,,,2016.0,2023.0,control_weighted_pseudocohort,5.0,1,0,1,1,1,0,0,0,1.0,1.0,11.0,3.0,9.0,365.0,101.15751313903488,21371.85,153993.16999999998,0.5783005209927243,4.171884216592729,4.17039,4.0,4.0,3.0,5.0,5.0,33.333,0.0,1.0,,0.0,0.0,0.0,0.0,N,,,,,For profit - Corporation,116.0,103.0,CCRC OPCO FREEDOM SQUARE LLC,,,FREEDOM SQUARE REHABILITATION & NURSING SERVICES,,,,,2017-12-01,1,1,1,0,1,1,1,0
gold_main_v2,control,control_v2,106042,FREEDOM SQUARE REHABILITATION & NURSING SERVICES,FL,2018,0,,,,,,,,,,,33.21457834101383,4.0,24.552744239631338,4.0,1,,,,,,,2016.0,2023.0,control_weighted_pseudocohort,5.0,1,0,1,1,1,0,0,0,1.0,1.0,11.0,3.0,9.0,365.0,103.0735347985348,29626.91,166029.29,0.789279813068771,4.417760732349004,4.43952,,4.0,,,,33.600,0.0,4.0,,0.0,0.0,0.0,0.0,N,,,,,For profit - Corporation,116.0,102.5,CCRC OPCO FREEDOM SQUARE LLC,,,FREEDOM SQUARE REHABILITATION & NURSING SERVICES,,,,,2018-12-01,1,1,0,0,1,1,0,0
gold_main_v2,control,control_v2,106042,FREEDOM SQUARE REHABILITATION & NURSING SERVICES,FL,2019,0,,,,,,,,,,,33.21457834101383,4.0,24.552744239631338,4.0,1,,,,,,,2016.0,2023.0,control_weighted_pseudocohort,5.0,1,0,1,1,1,0,0,0,1.0,1.0,11.0,3.0,9.0,365.0,103.29705831608004,28051.78,168525.03,0.7450839132109163,4.47446500317681,4.51844,,3.0,,,,81.333,0.0,3.0,,1.0,13878.0,0.0,1.0,N,,,,,For profit - Corporation,116.0,100.4,CCRC OPCO FREEDOM SQUARE LLC,,,FREEDOM SQUARE REHABILITATION & NURSING SERVICES,,,,,2019-11-01,1,1,0,0,1,1,0,0
gold_main_v2,control,control_v2,106042,FREEDOM SQUARE HEALTH CARE CENTER,FL,2020,0,,,,,,,,,,,33.21457834101383,4.0,24.552744239631338,4.0,1,,,,,,,2016.0,2023.0,control_weighted_pseudocohort,5.0,1,0,1,1,1,0,0,0,1.0,1.0,11.0,3.0,9.0,366.0,78.06847228858098,28297.62,119479.26,1.0944503787283462,4.564332361580902,5.67791,5.0,5.0,1.0,2.0,4.0,63.333,0.0,3.0,,1.0,13878.0,0.0,1.0,N,,,,,For profit - Corporation,116.0,66.4,CCRC OPCO FREEDOM SQUARE LLC,,,FREEDOM SQUARE HEALTH CARE CENTER,,,,,2020-11-01,1,1,1,0,1,1,1,0
gold_main_v2,control,control_v2,106042,FREEDOM SQUARE HEALTH CARE CENTER,FL,2021,0,,,,,,,,,,,33.21457834101383,4.0,24.552744239631338,4.0,1,,,,,,,2016.0,2023.0,control_weighted_pseudocohort,5.0,1,0,1,1,1,0,0,0,1.0,1.0,11.0,3.0,9.0,365.0,83.68537784679089,30641.800000000003,135650.9,1.0101045564943982,4.462259385348399,4.46142,5.0,5.0,2.0,3.0,4.0,63.333,0.0,3.0,4.0,2.0,17342.0,0.0,2.0,N,,,,,For profit - Corporation,116.0,79.3,CCRC OPCO FREEDOM SQUARE LLC,,,FREEDOM SQUARE HEALTH CARE CENTER,,,,,2021-11-01,1,1,1,0,1,1,1,0
gold_main_v2,control,control_v2,106042,FREEDOM SQUARE HEALTH CARE CENTER,FL,2022,0,,,,,,,,,,,33.21457834101383,4.0,24.552744239631338,4.0,1,False,False,False,False,False,True,2016.0,2023.0,control_weighted_pseudocohort,5.0,1,0,1,1,1,1,0,1,1.0,1.0,11.0,3.0,9.0,365.0,101.88910588204068,32820.009999999995,161782.06,0.8802625154244608,4.349312438347405,4.17897,4.0,,2.0,2.0,3.0,45.000,0.0,3.0,4.0,1.0,3464.5,0.0,1.0,N,,,,,For profit - Corporation,116.0,100.8,CCRC OPCO - FREEDOM SQUARE LLC,,,FREEDOM SQUARE HEALTH CARE CENTER,,,,,2022-11-01,1,1,1,0,1,1,1,0
gold_main_v2,control,control_v2,106042,FREEDOM SQUARE HEALTH CARE CENTER,FL,2023,0,,,,,,,,,,,33.21457834101383,4.0,24.552744239631338,4.0,1,False,False,False,False,False,True,2016.0,2023.0,control_weighted_pseudocohort,5.0,1,1,1,1,1,1,0,1,1.0,1.0,11.0,3.0,9.0,365.0,102.5319132558263,34946.89,161361.81,0.9355940499377896,4.3148498736310845,4.39915,4.0,,2.0,3.0,5.0,49.667,0.0,11.0,1.0,0.0,0.0,0.0,0.0,N,89.0,34.0,16.0,0.3820224719101123,For profit - Corporation,116.0,100.0,CCRC OPCO-FREEDOM SQUARE LLC,"HEALTHPEAK PROPERTIES, INC.",261.0,FREEDOM SQUARE HEALTH CARE CENTER,FL,,,,2023-11-01,1,1,1,1,1,1,1,1
gold_main_v2,control,control_v2,106042,FREEDOM SQUARE HEALTH CARE CENTER,FL,2024,0,,,,,,,,,,,33.21457834101383,4.0,24.552744239631338,4.0,1,False,False,False,False,False,True,2016.0,2023.0,control_weighted_pseudocohort,5.0,1,1,1,1,1,1,0,1,1.0,1.0,11.0,3.0,9.0,366.0,105.77821906354517,34899.29,165650.97,0.9015483180572909,4.280731744595263,4.34575,4.0,,3.0,3.0,3.0,28.667,0.0,8.0,,0.0,0.0,0.0,0.0,N,107.0,31.0,28.0,0.2897196261682243,For profit - Corporation,116.0,104.7,CCRC OPCO-FREEDOM SQUARE LLC,"HEALTHPEAK PROPERTIES, INC.",261.0,FREEDOM SQUARE HEALTH CARE CENTER,FL,,,,2024-11-01,1,1,1,1,1,1,1,1
gold_main_v2,control,control_v2,106042,FREEDOM SQUARE HEALTH CARE CENTER,FL,2025,0,,,,,,,,,,,33.21457834101383,4.0,24.552744239631338,4.0,1,False,True,False,False,False,True,2016.0,2023.0,control_weighted_pseudocohort,5.0,1,1,1,1,1,1,0,1,1.0,1.0,11.0,3.0,9.0,273.0,99.72330077330078,26120.949999999997,119282.97,0.9593933728698096,4.389532707079295,4.43952,4.0,,4.0,4.0,3.0,25.000,0.0,9.0,,0.0,0.0,0.0,0.0,N,107.0,31.0,28.0,0.2897196261682243,For profit - Corporation,116.0,97.2,CCRC OPCO-FREEDOM SQUARE LLC,"HEALTHPEAK PROPERTIES, INC.",261.0,FREEDOM SQUARE HEALTH CARE CENTER,FL,,,,2025-11-01,1,1,1,1,1,1,1,1
gold_main_v2,control,control_v2,106042,FREEDOM SQUARE HEALTH CARE CENTER,FL,2026,0,,,,,,,,,,,33.21457834101383,4.0,24.552744239631338,4.0,1,False,True,False,False,False,True,2016.0,2023.0,control_weighted_pseudocohort,5.0,1,0,0,1,1,1,0,1,1.0,1.0,11.0,3.0,9.0,,,,,,,4.53831,4.0,,4.0,4.0,3.0,25.000,,,,0.0,0.0,0.0,0.0,N,,,,,For profit - Corporation,116.0,96.8,CCRC OPCO-FREEDOM SQUARE LLC,"HEALTHPEAK PROPERTIES, INC.",261.0,FREEDOM SQUARE HEALTH CARE CENTER,FL,,,,2026-03-01,0,1,1,0,0,1,1,0
gold_main_v2,control,control_v2,106083,FREEDOM POINTE AT THE VILLAGES REHABILITATION AND,FL,2016,0,,,,,,,,,,,0.0,4.0,74.02435023041475,4.0,1,,,,,,,2016.0,2023.0,control_weighted_pseudocohort,5.0,1,0,0,1,1,0,0,0,1.0,1.0,11.0,3.0,9.0,,,,,,,6.03142,4.0,4.0,4.0,4.0,3.0,11.333,0.0,1.0,,0.0,0.0,0.0,0.0,N,,,,,For profit - Corporation,72.0,70.0,"CCRC- FREEDOM POINTE AT THE VILLAGES, LLC",,,FREEDOM POINTE AT THE VILLAGES REHABILITATION AND,,,,,,0,1,1,0,0,1,1,0
gold_main_v2,control,control_v2,106083,FREEDOM POINTE AT THE VILLAGES REHABILITATION AND,FL,2017,0,,,,,,,,,,,0.0,4.0,74.02435023041475,4.0,1,,,,,,,2016.0,2023.0,control_weighted_pseudocohort,5.0,1,0,1,1,1,0,0,0,1.0,1.0,11.0,3.0,9.0,365.0,67.43518474279344,30656.48,135967.68,1.2482918562954914,5.533918216753265,5.55363,5.0,5.0,2.0,4.0,5.0,36.000,0.0,1.0,,0.0,0.0,0.0,0.0,N,,,,,For profit - Corporation,72.0,69.0,"CCRC- FREEDOM POINTE AT THE VILLAGES, LLC",,,FREEDOM POINTE AT THE VILLAGES REHABILITATION AND,,,,,2017-12-01,1,1,1,0,1,1,1,0
gold_main_v2,control,control_v2,106083,FREEDOM POINTE AT THE VILLAGES REHABILITATION AND,FL,2018,0,,,,,,,,,,,0.0,4.0,74.02435023041475,4.0,1,,,,,,,2016.0,2023.0,control_weighted_pseudocohort,5.0,1,0,1,1,1,0,0,0,1.0,1.0,11.0,3.0,9.0,365.0,68.52976256834953,30584.59,134953.59,1.2242156823286432,5.399197116603373,5.35739,,4.0,,,,40.800,0.0,0.0,,0.0,0.0,0.0,0.0,N,,,,,For profit - Corporation,72.0,69.3,"CCRC- FREEDOM POINTE AT THE VILLAGES, LLC",,,FREEDOM POINTE AT THE VILLAGES REHABILITATION AND,,,,,2018-12-01,1,1,0,0,1,1,0,0
gold_main_v2,control,control_v2,106083,FREEDOM POINTE AT THE VILLAGES REHABILITATION AND,FL,2019,0,,,,,,,,,,,0.0,4.0,74.02435023041475,4.0,1,,,,,,,2016.0,2023.0,control_weighted_pseudocohort,5.0,1,0,1,1,1,0,0,0,1.0,1.0,11.0,3.0,9.0,365.0,67.21910933269629,28066.56,121461.06,1.1454613903340929,4.957543785568121,4.97188,,4.0,,,,48.000,0.0,0.0,,0.0,0.0,0.0,0.0,N,,,,,For profit - Corporation,72.0,68.1,"CCRC- FREEDOM POINTE AT THE VILLAGES, LLC",,,FREEDOM POINTE AT THE VILLAGES REHABILITATION AND,,,,,2019-11-01,1,1,0,0,1,1,0,0
gold_main_v2,control,control_v2,106083,FREEDOM POINTE AT THE VILLAGES REHABILITATION AND,FL,2020,0,,,,,,,,,,,0.0,4.0,74.02435023041475,4.0,1,,,,,,,2016.0,2023.0,control_weighted_pseudocohort,5.0,1,0,1,1,1,0,0,0,1.0,1.0,11.0,3.0,9.0,366.0,52.339285714285715,13369.99,79618.75,0.7468738747407887,4.416492747776711,5.34281,4.0,3.0,1.0,2.0,5.0,117.000,3.0,0.0,,0.0,0.0,0.0,0.0,N,,,,,For profit - Corporation,72.0,45.4,"CCRC- FREEDOM POINTE AT THE VILLAGES, LLC",,,FREEDOM POINTE AT THE VILLAGES REHABILITATION AND,,,,,2020-11-01,1,1,1,0,1,1,1,0
gold_main_v2,control,control_v2,106083,FREEDOM POINTE AT THE VILLAGES REHABILITATION AND,FL,2021,0,,,,,,,,,,,0.0,4.0,74.02435023041475,4.0,1,,,,,,,2016.0,2023.0,control_weighted_pseudocohort,5.0,1,0,1,1,1,0,0,0,1.0,1.0,11.0,3.0,9.0,365.0,54.550097547380155,20908.32,95839.19,1.044815147456164,4.849133350237089,4.29627,3.0,3.0,2.0,2.0,4.0,64.333,3.0,0.0,0.0,1.0,15278.25,0.0,1.0,N,,,,,For profit - Corporation,72.0,59.8,"CCRC- FREEDOM POINTE AT THE VILLAGES, LLC",,,FREEDOM POINTE AT THE VILLAGES REHABILITATION AND,,,,,2021-11-01,1,1,1,0,1,1,1,0
gold_main_v2,control,control_v2,106083,FREEDOM POINTE AT THE VILLAGES REHABILITATION AND,FL,2022,0,,,,,,,,,,,0.0,4.0,74.02435023041475,4.0,1,False,False,False,False,False,True,2016.0,2023.0,control_weighted_pseudocohort,5.0,1,0,1,1,1,1,0,1,1.0,1.0,11.0,3.0,9.0,365.0,66.38979269522747,35396.81,115676.61,1.4645556030449458,4.781713864073879,4.85338,4.0,,3.0,3.0,3.0,26.000,0.0,0.0,0.0,1.0,650.0,0.0,1.0,N,,,,,For profit - Limited Liability company,72.0,65.1,"CCRC-FREEDOM POINTE AT THE VILLAGES, LLC",,,FREEDOM POINTE AT THE VILLAGES REHABILITATION AND,,,,,2022-11-01,1,1,1,0,1,1,1,0
gold_main_v2,control,control_v2,106083,FREEDOM POINTE HEALTH CENTER,FL,2023,0,,,,,,,,,,,0.0,4.0,74.02435023041475,4.0,1,False,False,False,False,False,True,2016.0,2023.0,control_weighted_pseudocohort,5.0,1,1,1,1,1,1,0,1,1.0,1.0,11.0,3.0,9.0,365.0,68.45477716727717,37195.61,118705.94,1.4947866021671252,4.764100795158646,4.80671,5.0,,3.0,5.0,5.0,26.667,0.0,0.0,0.0,1.0,650.0,0.0,1.0,N,65.0,0.0,46.0,0.0,For profit - Limited Liability company,72.0,69.8,"CCRC-FREEDOM POINTE AT THE VILLAGES, LLC","HEALTHPEAK PROPERTIES, INC.",261.0,FREEDOM POINTE HEALTH CENTER,FL,,,,2023-11-01,1,1,1,1,1,1,1,1
gold_main_v2,control,control_v2,106083,FREEDOM POINTE HEALTH CENTER,FL,2024,0,,,,,,,,,,,0.0,4.0,74.02435023041475,4.0,1,False,False,False,False,False,True,2016.0,2023.0,control_weighted_pseudocohort,5.0,1,1,1,1,1,1,0,1,1.0,1.0,11.0,3.0,9.0,366.0,69.14411132345916,32692.86,118728.53,1.294436369475836,4.696305921656342,4.6094,4.0,,3.0,3.0,3.0,28.000,0.0,0.0,,1.0,650.0,0.0,1.0,N,68.0,0.0,55.5,0.0,For profit - Limited Liability company,72.0,68.7,"CCRC-FREEDOM POINTE AT THE VILLAGES, LLC","HEALTHPEAK PROPERTIES, INC.",261.0,FREEDOM POINTE HEALTH CENTER,FL,,,,2024-11-01,1,1,1,1,1,1,1,1
gold_main_v2,control,control_v2,106083,FREEDOM POINTE HEALTH CENTER,FL,2025,0,,,,,,,,,,,0.0,4.0,74.02435023041475,4.0,1,False,True,False,False,False,True,2016.0,2023.0,control_weighted_pseudocohort,5.0,1,1,1,1,1,1,0,1,1.0,1.0,11.0,3.0,9.0,273.0,69.64737307780786,21249.77,88910.63,1.1196750403705027,4.680298015076302,4.60061,4.0,,3.0,3.0,3.0,29.000,0.0,0.0,,0.0,0.0,0.0,0.0,N,71.0,0.0,65.0,0.0,For profit - Limited Liability company,72.0,70.3,"CCRC-FREEDOM POINTE AT THE VILLAGES, LLC","HEALTHPEAK PROPERTIES, INC.",261.0,FREEDOM POINTE HEALTH CENTER,FL,,,,2025-11-01,1,1,1,1,1,1,1,1
gold_main_v2,control,control_v2,106083,FREEDOM POINTE HEALTH CENTER,FL,2026,0,,,,,,,,,,,0.0,4.0,74.02435023041475,4.0,1,False,True,False,False,False,True,2016.0,2023.0,control_weighted_pseudocohort,5.0,1,0,0,1,1,1,0,1,1.0,1.0,11.0,3.0,9.0,,,,,,,4.7605,4.0,,4.0,4.0,3.0,22.000,,,,0.0,0.0,0.0,0.0,N,,,,,For profit - Limited Liability company,72.0,69.5,"CCRC-FREEDOM POINTE AT THE VILLAGES, LLC","HEALTHPEAK PROPERTIES, INC.",261.0,FREEDOM POINTE HEALTH CENTER,FL,,,,2026-03-01,0,1,1,0,0,1,1,0
gold_main_v2,control,control_v2,106152,,FL,2023,0,,,,,,,,,,,,,,,0,,,,,,,,,,,0,1,0,0,0,0,0,0,1.0,1.0,4.0,3.0,2.0,,,,,,,,,,,,,,,,,,,,,,4.0,0.0,0.0,0.0,,,,,,,,,,,,,0,0,0,1,0,0,0,0
gold_main_v2,control,control_v2,106152,DESTINATION HEALTH AND REHABILITATION CENTER,FL,2024,0,,,,,,,,,,,,,,,0,False,False,False,False,False,False,,,,,0,1,1,1,1,1,0,1,1.0,1.0,4.0,3.0,2.0,366.0,28.54927138079312,11493.25,47806.75,1.2673488985196844,5.199412639777389,5.0741,,,,,,,0.0,0.0,,0.0,0.0,0.0,0.0,N,4.0,0.0,0.0,0.0,For profit - Limited Liability company,119.0,25.0,"DESTIN SENIOR CARE, LLC",,,DESTINATION HEALTH AND REHABILITATION CENTER,FL,,,,2024-11-01,1,1,0,1,0,0,0,0
gold_main_v2,control,control_v2,106152,DESTINATION HEALTH AND REHABILITATION CENTER,FL,2025,0,,,,,,,,,,,,,,,0,False,True,False,False,True,False,,,,,0,1,1,1,1,1,0,1,1.0,1.0,4.0,3.0,2.0,273.0,60.55832050397268,13073.25,63489.75,0.8130854167623903,3.839867719082648,3.76936,4.0,,5.0,5.0,4.0,0.000,0.0,0.0,,0.0,0.0,0.0,0.0,N,27.333333333333332,0.0,10.666666666666666,0.0,For profit - Partnership,119.0,58.3,"DESTIN SENIOR CARE, LLC",,,DESTINATION HEALTH AND REHABILITATION CENTER,FL,,,,2025-11-01,1,1,1,1,0,0,0,0
gold_main_v2,control,control_v2,106152,DESTINATION HEALTH AND REHABILITATION CENTER,FL,2026,0,,,,,,,,,,,,,,,0,False,True,False,False,True,False,,,,,0,0,0,1,1,1,0,1,1.0,1.0,4.0,3.0,2.0,,,,,,,3.85271,3.0,,5.0,5.0,4.0,0.000,,,,0.0,0.0,0.0,0.0,N,,,,,For profit - Partnership,119.0,73.0,"DESTIN SENIOR CARE, LLC",,,DESTINATION HEALTH AND REHABILITATION CENTER,FL,,,,2026-03-01,0,1,1,0,0,0,0,0
gold_main_v2,control,control_v2,115718,MARSH'S EDGE,GA,2016,0,,,,,,,,,,,0.0,4.0,19.700912442396312,4.0,1,,,,,,,2016.0,2023.0,control_weighted_pseudocohort,5.0,1,0,0,1,1,0,0,0,1.0,1.0,11.0,3.0,9.0,,,,,,,7.0875,5.0,5.0,1.0,2.0,5.0,40.000,0.0,0.0,,1.0,5200.0,0.0,1.0,N,,,,,For profit - Partnership,20.0,12.0,Legal Business Name Not Available,,,MARSH'S EDGE,,,,,,0,1,1,0,0,1,1,0
gold_main_v2,control,control_v2,115718,MARSH'S EDGE,GA,2017,0,,,,,,,,,,,0.0,4.0,19.700912442396312,4.0,1,,,,,,,2016.0,2023.0,control_weighted_pseudocohort,5.0,1,0,1,1,1,0,0,0,1.0,1.0,11.0,3.0,9.0,365.0,14.99399254127515,6288.5,32661.5,1.157217340250604,6.05032523485553,7.67143,5.0,5.0,1.0,2.0,5.0,35.667,0.0,0.0,,0.0,0.0,0.0,0.0,N,,,,,For profit - Partnership,20.0,14.0,Legal Business Name Not Available,,,MARSH'S EDGE,,,,,2017-12-01,1,1,1,0,1,1,1,0
gold_main_v2,control,control_v2,115718,MARSH'S EDGE,GA,2018,0,,,,,,,,,,,0.0,4.0,19.700912442396312,4.0,1,,,,,,,2016.0,2023.0,control_weighted_pseudocohort,5.0,1,0,1,1,1,0,0,0,1.0,1.0,11.0,3.0,9.0,275.0,12.013616817964644,5931.5,26905.5,1.817070683857294,8.223950780024598,8.77079,,5.0,,,,20.000,0.0,0.0,,0.0,0.0,0.0,0.0,N,,,,,For profit - Corporation,20.0,11.8,"MARSH'S EDGE, LLC",,,MARSH'S EDGE,,,,,2018-12-01,1,1,0,0,1,1,0,0
gold_main_v2,control,control_v2,115718,MARSH'S EDGE,GA,2019,0,,,,,,,,,,,0.0,4.0,19.700912442396312,4.0,1,,,,,,,2016.0,2023.0,control_weighted_pseudocohort,5.0,1,0,1,1,1,0,0,0,1.0,1.0,11.0,3.0,9.0,365.0,11.271466395922918,6444.0,31649.75,1.5977126590790192,7.910045304501104,6.543,,5.0,,,,9.333,0.0,0.0,,0.0,0.0,0.0,0.0,N,,,,,For profit - Limited Liability company,20.0,13.0,"MARSH'S EDGE, LLC",,,MARSH'S EDGE,,,,,2019-11-01,1,1,0,0,1,1,0,0
gold_main_v2,control,control_v2,115718,MARSH'S EDGE,GA,2020,0,,,,,,,,,,,0.0,4.0,19.700912442396312,4.0,1,,,,,,,2016.0,2023.0,control_weighted_pseudocohort,5.0,1,0,1,1,1,0,0,0,1.0,1.0,11.0,3.0,9.0,366.0,11.01899187768753,7515.5,31216.25,1.8871752589836304,7.894399586008333,8.73024,5.0,5.0,4.0,5.0,4.0,9.333,0.0,0.0,,0.0,0.0,0.0,0.0,N,,,,,For profit - Corporation,20.0,10.4,"MARSH'S EDGE, LLC",,,MARSH'S EDGE,,,,,2020-11-01,1,1,1,0,1,1,1,0
gold_main_v2,control,control_v2,115718,MARSH'S EDGE,GA,2021,0,,,,,,,,,,,0.0,4.0,19.700912442396312,4.0,1,,,,,,,2016.0,2023.0,control_weighted_pseudocohort,5.0,1,0,1,1,1,0,0,0,1.0,1.0,11.0,3.0,9.0,365.0,10.683525773743163,9504.75,26636.0,2.4738477245044272,6.979789215958826,7.09436,5.0,5.0,5.0,5.0,5.0,0.000,0.0,0.0,0.0,0.0,0.0,0.0,0.0,N,,,,,For profit - Corporation,20.0,10.6,"MARSH'S EDGE, LLC",,,MARSH'S EDGE,,,,,2021-11-01,1,1,1,0,1,1,1,0
gold_main_v2,control,control_v2,115718,MARSH'S EDGE,GA,2022,0,,,,,,,,,,,0.0,4.0,19.700912442396312,4.0,1,False,False,False,False,True,False,2016.0,2023.0,control_weighted_pseudocohort,5.0,1,0,1,1,1,1,0,1,1.0,1.0,11.0,3.0,9.0,365.0,8.373558024101502,9555.25,30504.0,3.203682548784127,10.196097686233232,10.69441,5.0,,5.0,5.0,5.0,0.000,0.0,0.0,0.0,0.0,0.0,0.0,0.0,N,,,,,For profit - Corporation,20.0,7.8,"MARSH'S EDGE, LLC",,,MARSH'S EDGE,,,,,2022-11-01,1,1,1,0,1,1,1,0
gold_main_v2,control,control_v2,115718,MARSH'S EDGE,GA,2023,0,,,,,,,,,,,0.0,4.0,19.700912442396312,4.0,1,False,False,False,False,True,False,2016.0,2023.0,control_weighted_pseudocohort,5.0,1,1,1,1,1,1,0,1,1.0,1.0,11.0,3.0,9.0,365.0,10.028426102882625,9483.0,30544.0,2.6442741706292954,8.498127451723404,8.79585,5.0,,4.0,5.0,5.0,8.000,0.0,0.0,,1.0,5735.0,0.0,1.0,N,14.0,0.0,5.0,0.0,For profit - Corporation,20.0,9.5,"MARSH'S EDGE, LLC",SENIOR LIVING COMMUNITIES,470.0,MARSH'S EDGE,GA,,,,2023-11-01,1,1,1,1,1,1,1,1
gold_main_v2,control,control_v2,115718,MARSH'S EDGE,GA,2024,0,,,,,,,,,,,0.0,4.0,19.700912442396312,4.0,1,False,False,False,False,True,False,2016.0,2023.0,control_weighted_pseudocohort,5.0,1,1,1,1,1,1,0,1,1.0,1.0,11.0,3.0,9.0,182.0,8.901098901098901,4955.84,16959.440000000002,3.122077922077922,10.72854360124003,11.58824,5.0,,4.0,5.0,5.0,8.000,0.0,0.0,,1.0,4588.0,0.0,1.0,N,14.0,0.0,5.0,0.0,For profit - Corporation,20.0,8.0,"MARSH'S EDGE, LLC",SENIOR LIVING COMMUNITIES,470.0,MARSH'S EDGE,GA,,,,2024-11-01,1,1,1,1,1,1,1,1
gold_main_v2,control,control_v2,115718,MARSH'S EDGE,GA,2025,0,,,,,,,,,,,0.0,4.0,19.700912442396312,4.0,1,False,True,False,False,False,True,2016.0,2023.0,control_weighted_pseudocohort,5.0,1,1,1,1,1,1,0,1,1.0,1.0,11.0,3.0,9.0,92.0,10.054347826086955,1790.0,7682.7,1.941504034914361,8.376124011857707,10.76616,5.0,,4.0,5.0,5.0,16.000,0.0,0.0,,1.0,4588.0,0.0,1.0,N,10.666666666666666,0.0,4.333333333333333,0.0,For profit - Limited Liability company,20.0,8.1,"MARSH'S EDGE, LLC",SENIOR LIVING COMMUNITIES,470.0,MARSH'S EDGE,GA,,,,2025-11-01,1,1,1,1,1,1,1,1
gold_main_v2,control,control_v2,115718,MARSH'S EDGE,GA,2026,0,,,,,,,,,,,0.0,4.0,19.700912442396312,4.0,1,False,True,False,False,False,True,2016.0,2023.0,control_weighted_pseudocohort,5.0,1,0,0,1,1,1,0,1,1.0,1.0,11.0,3.0,9.0,,,,,,,8.30562,5.0,,4.0,5.0,3.0,16.000,,,,0.0,0.0,0.0,0.0,N,,,,,For profit - Limited Liability company,20.0,10.1,"MARSH'S EDGE, LLC",SENIOR LIVING COMMUNITIES,470.0,MARSH'S EDGE,GA,,,,2026-03-01,0,1,1,0,0,1,1,0
gold_main_v2,control,control_v2,145796,BALMORAL HOME,IL,2016,0,,,,,,,,,,,94.0290138248848,4.0,5.236997695852535,4.0,0,,,,,,,2016.0,2023.0,control_weighted_pseudocohort,5.0,1,0,0,1,1,0,0,0,1.0,1.0,11.0,3.0,9.0,,,,,,,2.35945,2.0,4.0,4.0,5.0,5.0,20.000,0.0,5.0,,0.0,0.0,0.0,0.0,N,,,,,For profit - Corporation,213.0,201.0,BALMORAL HOME INC,,,BALMORAL HOME,,,,,,0,1,1,0,0,1,1,0
gold_main_v2,control,control_v2,145796,BALMORAL HOME,IL,2017,0,,,,,,,,,,,94.0290138248848,4.0,5.236997695852535,4.0,0,,,,,,,2016.0,2023.0,control_weighted_pseudocohort,5.0,1,0,1,1,1,0,0,0,1.0,1.0,11.0,3.0,9.0,184.0,196.75,18495.0,54784.25,0.5109317024557324,1.5133416320585833,,,,3.0,3.0,3.0,43.333,0.0,2.0,,0.0,0.0,0.0,0.0,N,,,,,For profit - Corporation,213.0,196.0,BALMORAL HOME INC,,,BALMORAL HOME,,,,,2017-12-01,1,0,1,0,1,0,1,0
gold_main_v2,control,control_v2,145796,BALMORAL HOME,IL,2018,0,,,,,,,,,,,94.0290138248848,4.0,5.236997695852535,4.0,0,,,,,,,2016.0,2023.0,control_weighted_pseudocohort,5.0,1,0,1,1,1,0,0,0,1.0,1.0,11.0,3.0,9.0,275.0,193.1429367733716,28030.0,82566.25,0.5279893457425103,1.5543716898309354,1.52294,,3.0,,,,51.200,0.0,3.0,,0.0,0.0,0.0,0.0,N,,,,,For profit - Partnership,213.0,194.5,BALMORAL HOME INC,,,BALMORAL HOME,,,,,2018-12-01,1,1,0,0,1,1,0,0
gold_main_v2,control,control_v2,145796,BALMORAL HOME,IL,2019,0,,,,,,,,,,,94.0290138248848,4.0,5.236997695852535,4.0,0,,,,,,,2016.0,2023.0,control_weighted_pseudocohort,5.0,1,0,1,1,1,0,0,0,1.0,1.0,11.0,3.0,9.0,365.0,188.54334620693317,38464.25,112143.25,0.5592098404308581,1.63014177301722,1.62231,,2.0,,,,42.667,0.0,2.0,,0.0,0.0,0.0,0.0,N,,,,,For profit - Partnership,213.0,189.4,BALMORAL HOME INC,,,BALMORAL HOME,,,,,2019-11-01,1,1,0,0,1,1,0,0
gold_main_v2,control,control_v2,145796,BALMORAL HOME,IL,2020,0,,,,,,,,,,,94.0290138248848,4.0,5.236997695852535,4.0,0,,,,,,,2016.0,2023.0,control_weighted_pseudocohort,5.0,1,0,1,1,1,0,0,0,1.0,1.0,11.0,3.0,9.0,366.0,171.6293597706641,37581.75,104629.5,0.5989692335493444,1.6688462247172144,1.62934,2.0,2.0,4.0,4.0,3.0,36.000,0.0,4.0,,0.0,0.0,0.0,0.0,N,,,,,For profit - Corporation,213.0,174.2,BALMORAL HOME INC,,,BALMORAL HOME,,,,,2020-11-01,1,1,1,0,1,1,1,0
gold_main_v2,control,control_v2,145796,BALMORAL HOME,IL,2021,0,,,,,,,,,,,94.0290138248848,4.0,5.236997695852535,4.0,0,,,,,,,2016.0,2023.0,control_weighted_pseudocohort,5.0,1,0,1,1,1,0,0,0,1.0,1.0,11.0,3.0,9.0,365.0,155.7287751499708,36601.75,106183.25,0.6445448413814344,1.8691493453432928,1.95457,2.0,3.0,4.0,4.0,4.0,36.000,0.0,6.0,1.0,0.0,0.0,0.0,0.0,N,,,,,For profit - Partnership,213.0,154.0,BALMORAL HOME INC,,,BALMORAL HOME,,,,,2021-11-01,1,1,1,0,1,1,1,0
gold_main_v2,control,control_v2,145796,BALMORAL HOME,IL,2022,0,,,,,,,,,,,94.0290138248848,4.0,5.236997695852535,4.0,0,False,False,False,False,False,False,2016.0,2023.0,control_weighted_pseudocohort,5.0,1,0,1,1,1,1,0,1,1.0,1.0,11.0,3.0,9.0,365.0,154.74158969050274,32848.0,114656.41,0.5827817178261424,2.033370519631789,2.0176,1.0,,3.0,3.0,5.0,54.667,0.0,8.0,1.0,0.0,0.0,0.0,0.0,N,,,,,For profit - Corporation,213.0,158.5,BALMORAL HOME INC,,,BALMORAL HOME,,,,,2022-11-01,1,1,1,0,1,1,1,0
gold_main_v2,control,control_v2,145796,BALMORAL HOME,IL,2023,0,,,,,,,,,,,94.0290138248848,4.0,5.236997695852535,4.0,0,False,False,False,False,False,False,2016.0,2023.0,control_weighted_pseudocohort,5.0,1,1,1,1,1,1,0,1,1.0,1.0,11.0,3.0,9.0,365.0,142.44696275946276,27570.42,114881.6,0.530511095419179,2.210396735763613,2.20689,1.0,,4.0,3.0,4.0,49.333,0.0,9.0,0.0,1.0,10000.0,0.0,1.0,N,142.0,130.0,9.0,0.9154929577464788,For profit - Corporation,213.0,142.6,BALMORAL HOME INC,,,BALMORAL HOME,IL,,,,2023-11-01,1,1,1,1,1,1,1,1
gold_main_v2,control,control_v2,145796,BALMORAL HOME,IL,2024,0,,,,,,,,,,,94.0290138248848,4.0,5.236997695852535,4.0,0,False,False,False,False,False,False,2016.0,2023.0,control_weighted_pseudocohort,5.0,1,1,1,1,1,1,0,1,1.0,1.0,11.0,3.0,9.0,366.0,156.87344720496895,23798.61,125963.43,0.4150076045404757,2.191842341103886,2.06047,1.0,,4.0,3.0,3.0,41.333,0.0,8.0,0.0,1.0,6909.2,0.0,1.0,N,146.25,140.5,4.5,0.9610129329435736,For profit - Corporation,213.0,158.6,BALMORAL HOME INC,,,BALMORAL HOME,IL,,,,2024-11-01,1,1,1,1,1,1,1,1
gold_main_v2,control,control_v2,145796,BALMORAL HOME,IL,2025,0,,,,,,,,,,,94.0290138248848,4.0,5.236997695852535,4.0,0,False,True,True,False,False,True,2016.0,2023.0,control_weighted_pseudocohort,5.0,1,1,1,1,1,1,0,1,1.0,1.0,11.0,3.0,9.0,273.0,167.0964316681708,20193.91,98672.96,0.4427778057046865,2.164308111177576,2.08572,1.0,,4.0,2.0,1.0,64.000,0.0,32.0,,1.0,6909.0,0.0,1.0,N,159.0,151.0,6.0,0.949685534591195,For profit - Corporation,213.0,168.6,BALMORAL HOME INC,,,BALMORAL HOME,IL,,,,2025-11-01,1,1,1,1,1,1,1,1
gold_main_v2,control,control_v2,145796,BALMORAL HOME,IL,2026,0,,,,,,,,,,,94.0290138248848,4.0,5.236997695852535,4.0,0,False,True,True,False,False,True,2016.0,2023.0,control_weighted_pseudocohort,5.0,1,0,0,1,1,1,0,1,1.0,1.0,11.0,3.0,9.0,,,,,,,2.16843,1.0,,4.0,2.0,1.0,60.000,,,,0.0,0.0,0.0,0.0,N,,,,,For profit - Corporation,213.0,170.7,BALMORAL HOME INC,,,BALMORAL HOME,IL,,,,2026-03-01,0,1,1,0,0,1,1,0
gold_main_v2,control,control_v2,155121,ROSEWALK VILLAGE AT LAFAYETTE,IN,2016,0,,,,,,,,,,,77.94622811059908,4.0,12.027944700460829,4.0,0,,,,,,,2016.0,2023.0,control_weighted_pseudocohort,5.0,1,0,0,1,1,0,0,0,1.0,1.0,11.0,3.0,9.0,,,,,,,5.00614,4.0,4.0,3.0,5.0,5.0,38.667,0.0,11.0,,1.0,26100.0,0.0,1.0,N,,,,,Non profit - Corporation,141.0,122.0,Legal Business Name Not Available,,,ROSEWALK VILLAGE AT LAFAYETTE,,,,,,0,1,1,0,0,1,1,0
gold_main_v2,control,control_v2,155121,ROSEWALK VILLAGE AT LAFAYETTE,IN,2017,0,,,,,,,,,,,77.94622811059908,4.0,12.027944700460829,4.0,0,,,,,,,2016.0,2023.0,control_weighted_pseudocohort,5.0,1,0,1,1,1,0,0,0,1.0,1.0,11.0,3.0,9.0,365.0,125.64824281998196,14073.0,157138.8,0.3071689083946214,3.4318567703843987,4.26048,2.0,2.0,1.0,1.0,3.0,98.000,0.0,17.0,,0.0,0.0,0.0,0.0,N,,,,,Non profit - Corporation,141.0,124.0,Legal Business Name Not Available,,,ROSEWALK VILLAGE AT LAFAYETTE,,,,,2017-12-01,1,1,1,0,1,1,1,0
gold_main_v2,control,control_v2,155121,ROSEWALK VILLAGE AT LAFAYETTE,IN,2018,0,,,,,,,,,,,77.94622811059908,4.0,12.027944700460829,4.0,0,,,,,,,2016.0,2023.0,control_weighted_pseudocohort,5.0,1,0,1,1,1,0,0,0,1.0,1.0,11.0,3.0,9.0,365.0,117.71173820141212,19139.85,158179.43,0.4444556774636656,3.682574554779645,3.68131,,2.0,,,,114.400,0.0,18.0,,1.0,6500.0,0.0,1.0,N,,,,,Government - County,141.0,114.2,Legal Business Name Not Available,,,ROSEWALK VILLAGE AT LAFAYETTE,,,,,2018-12-01,1,1,0,0,1,1,0,0
gold_main_v2,control,control_v2,155121,ROSEWALK VILLAGE AT LAFAYETTE,IN,2019,0,,,,,,,,,,,77.94622811059908,4.0,12.027944700460829,4.0,0,,,,,,,2016.0,2023.0,control_weighted_pseudocohort,5.0,1,0,1,1,1,0,0,0,1.0,1.0,11.0,3.0,9.0,365.0,116.53768713170886,15644.5,150919.5,0.3680948400623592,3.550321729175295,3.53905,,2.0,,,,74.667,0.0,16.0,,1.0,6500.0,0.0,1.0,N,,,,,Government - County,141.0,118.8,THE HEALTH AND HOSPITAL CORPORATION OF MARION COUNTY,,,ROSEWALK VILLAGE AT LAFAYETTE,,,,,2019-11-01,1,1,0,0,1,1,0,0
gold_main_v2,control,control_v2,155121,ROSEWALK VILLAGE AT LAFAYETTE,IN,2020,0,,,,,,,,,,,77.94622811059908,4.0,12.027944700460829,4.0,0,,,,,,,2016.0,2023.0,control_weighted_pseudocohort,5.0,1,0,1,1,1,0,0,0,1.0,1.0,11.0,3.0,9.0,366.0,102.96315097945532,14340.25,138845.08000000002,0.3866497501955019,3.7009968901644945,3.60465,1.0,1.0,1.0,1.0,3.0,98.333,0.0,6.0,,0.0,0.0,0.0,0.0,N,,,,,For profit - Corporation,141.0,105.5,THE HEALTH AND HOSPITAL CORPORATION OF MARION COUNTY,,,ROSEWALK VILLAGE AT LAFAYETTE,,,,,2020-11-01,1,1,1,0,1,1,1,0
gold_main_v2,control,control_v2,155121,ROSEWALK VILLAGE AT LAFAYETTE,IN,2021,0,,,,,,,,,,,77.94622811059908,4.0,12.027944700460829,4.0,0,,,,,,,2016.0,2023.0,control_weighted_pseudocohort,5.0,1,0,1,1,1,0,0,0,1.0,1.0,11.0,3.0,9.0,365.0,103.14787121091469,12701.66,117531.95,0.3373041719207851,3.1280087937557735,3.37971,2.0,2.0,1.0,1.0,3.0,101.333,1.0,13.0,2.0,1.0,6500.0,0.0,1.0,N,,,,,For profit - Corporation,141.0,99.5,THE HEALTH AND HOSPITAL CORPORATION OF MARION COUNTY,,,ROSEWALK VILLAGE AT LAFAYETTE,,,,,2021-11-01,1,1,1,0,1,1,1,0
gold_main_v2,control,control_v2,155121,ROSEWALK VILLAGE AT LAFAYETTE,IN,2022,0,,,,,,,,,,,77.94622811059908,4.0,12.027944700460829,4.0,0,False,False,False,False,False,False,2016.0,2023.0,control_weighted_pseudocohort,5.0,1,0,1,1,1,1,0,1,1.0,1.0,11.0,3.0,9.0,365.0,96.4836949885863,8335.91,106316.18,0.236418249680452,3.017496466428888,3.05892,1.0,,2.0,1.0,2.0,72.667,1.0,11.0,2.0,2.0,16250.0,0.0,2.0,N,,,,,Government - County,141.0,95.0,THE HEALTH AND HOSPITAL CORPORATION OF MARION COUNTY,,,ROSEWALK VILLAGE AT LAFAYETTE,,,,,2022-11-01,1,1,1,0,1,1,1,0
gold_main_v2,control,control_v2,155121,ROSEWALK VILLAGE AT LAFAYETTE,IN,2023,0,,,,,,,,,,,77.94622811059908,4.0,12.027944700460829,4.0,0,False,False,False,False,False,False,2016.0,2023.0,control_weighted_pseudocohort,5.0,1,1,1,1,1,1,0,1,1.0,1.0,11.0,3.0,9.0,365.0,103.34503437383871,16203.37,127547.63,0.4271522787690592,3.382221927216178,3.53434,2.0,,2.0,2.0,3.0,49.333,0.0,7.0,0.0,1.0,9750.0,0.0,1.0,N,104.0,85.0,5.0,0.8173076923076923,Government - County,141.0,102.5,THE HEALTH AND HOSPITAL CORPORATION OF MARION COUNTY,AMERICAN SENIOR COMMUNITIES,33.0,ROSEWALK VILLAGE AT LAFAYETTE,IN,,,,2023-11-01,1,1,1,1,1,1,1,1
gold_main_v2,control,control_v2,155121,ROSEWALK VILLAGE AT LAFAYETTE,IN,2024,0,,,,,,,,,,,77.94622811059908,4.0,12.027944700460829,4.0,0,False,False,False,False,False,False,2016.0,2023.0,control_weighted_pseudocohort,5.0,1,1,1,1,1,1,0,1,1.0,1.0,11.0,3.0,9.0,366.0,108.18785833731484,21978.85,131408.1,0.5528658818418835,3.3208009327193473,3.23641,2.0,,4.0,5.0,5.0,24.000,0.0,4.0,0.0,1.0,9750.0,0.0,1.0,N,104.0,87.25,3.5,0.8389423076923077,Government - County,141.0,107.1,THE HEALTH AND HOSPITAL CORPORATION OF MARION COUNTY,AMERICAN SENIOR COMMUNITIES,33.0,ROSEWALK VILLAGE AT LAFAYETTE,IN,,,,2024-11-01,1,1,1,1,1,1,1,1
gold_main_v2,control,control_v2,155121,ROSEWALK VILLAGE AT LAFAYETTE,IN,2025,0,,,,,,,,,,,77.94622811059908,4.0,12.027944700460829,4.0,0,False,True,False,False,False,True,2016.0,2023.0,control_weighted_pseudocohort,5.0,1,1,1,1,1,1,0,1,1.0,1.0,11.0,3.0,9.0,273.0,107.8588611066872,21326.58,101357.73,0.7248053661714362,3.444086557855099,3.49943,2.0,,3.0,4.0,5.0,30.000,0.0,3.0,,0.0,0.0,0.0,0.0,N,108.0,101.33333333333331,2.3333333333333335,0.9365967365967366,Government - County,141.0,107.9,THE HEALTH AND HOSPITAL CORPORATION OF MARION COUNTY,AMERICAN SENIOR COMMUNITIES,33.0,ROSEWALK VILLAGE AT LAFAYETTE,IN,,,,2025-11-01,1,1,1,1,1,1,1,1
gold_main_v2,control,control_v2,155121,ROSEWALK VILLAGE AT LAFAYETTE,IN,2026,0,,,,,,,,,,,77.94622811059908,4.0,12.027944700460829,4.0,0,False,True,False,False,False,True,2016.0,2023.0,control_weighted_pseudocohort,5.0,1,0,0,1,1,1,0,1,1.0,1.0,11.0,3.0,9.0,,,,,,,3.43549,2.0,,3.0,3.0,4.0,30.000,,,,0.0,0.0,0.0,0.0,N,,,,,Government - County,141.0,107.1,THE HEALTH AND HOSPITAL CORPORATION OF MARION COUNTY,AMERICAN SENIOR COMMUNITIES,33.0,ROSEWALK VILLAGE AT LAFAYETTE,IN,,,,2026-03-01,0,1,1,0,0,1,1,0
gold_main_v2,control,control_v2,155242,SIGNATURE HEALTHCARE OF MUNCIE,IN,2016,0,,,,,,,,,,,68.4085529953917,4.0,15.4717465437788,4.0,0,,,,,,,2016.0,2023.0,control_weighted_pseudocohort,5.0,1,0,0,1,1,0,0,0,1.0,1.0,11.0,3.0,9.0,,,,,,,4.3572,4.0,4.0,4.0,5.0,5.0,26.000,0.0,8.0,,0.0,0.0,0.0,0.0,N,,,,,Government - County,185.0,125.0,JACKSON COUNTY SCHNECK MEMORIAL HOSPITAL,,,SIGNATURE HEALTHCARE OF MUNCIE,,,,,,0,1,1,0,0,1,1,0
gold_main_v2,control,control_v2,155242,SIGNATURE HEALTHCARE OF MUNCIE,IN,2017,0,,,,,,,,,,,68.4085529953917,4.0,15.4717465437788,4.0,0,,,,,,,2016.0,2023.0,control_weighted_pseudocohort,5.0,1,0,1,1,1,0,0,0,1.0,1.0,11.0,3.0,9.0,365.0,123.25176049795616,37846.61,165960.27000000002,0.8431491514674385,3.693207012399791,3.93077,3.0,3.0,3.0,4.0,5.0,30.000,1.0,4.0,,0.0,0.0,0.0,0.0,N,,,,,Government - County,185.0,130.0,JACKSON COUNTY SCHNECK MEMORIAL HOSPITAL,,,SIGNATURE HEALTHCARE OF MUNCIE,,,,,2017-12-01,1,1,1,0,1,1,1,0
gold_main_v2,control,control_v2,155242,SIGNATURE HEALTHCARE OF MUNCIE,IN,2018,0,,,,,,,,,,,68.4085529953917,4.0,15.4717465437788,4.0,0,,,,,,,2016.0,2023.0,control_weighted_pseudocohort,5.0,1,0,1,1,1,0,0,0,1.0,1.0,11.0,3.0,9.0,365.0,116.9910833731486,43839.43,159058.3,1.0297792194560251,3.7295311282254846,3.87938,,5.0,,,,27.200,1.0,3.0,,1.0,6043.0,0.0,1.0,N,,,,,For profit - Corporation,140.0,120.3,JACKSON COUNTY SCHNECK MEMORIAL HOSPITAL,,,SIGNATURE HEALTHCARE OF MUNCIE,,,,,2018-12-01,1,1,0,0,1,1,0,0
gold_main_v2,control,control_v2,155242,SIGNATURE HEALTHCARE OF MUNCIE,IN,2019,0,,,,,,,,,,,68.4085529953917,4.0,15.4717465437788,4.0,0,,,,,,,2016.0,2023.0,control_weighted_pseudocohort,5.0,1,0,1,1,1,0,0,0,1.0,1.0,11.0,3.0,9.0,365.0,109.78451451929712,37250.25,141556.51,0.9325661556868216,3.533873221451545,3.47905,,4.0,,,,26.000,0.0,3.0,,1.0,6043.0,0.0,1.0,N,,,,,For profit - Corporation,140.0,108.9,JACKSON COUNTY SCHNECK MEMORIAL HOSPITAL,,,SIGNATURE HEALTHCARE OF MUNCIE,,,,,2019-11-01,1,1,0,0,1,1,0,0
gold_main_v2,control,control_v2,155242,SIGNATURE HEALTHCARE OF MUNCIE,IN,2020,0,,,,,,,,,,,68.4085529953917,4.0,15.4717465437788,4.0,0,,,,,,,2016.0,2023.0,control_weighted_pseudocohort,5.0,1,0,1,1,1,0,0,0,1.0,1.0,11.0,3.0,9.0,366.0,109.31157429526996,28704.21,127476.06,0.7260289456699672,3.198756989287914,3.30883,2.0,3.0,4.0,4.0,4.0,26.667,0.0,5.0,,0.0,0.0,0.0,0.0,N,,,,,For profit - Corporation,140.0,98.7,JACKSON COUNTY SCHNECK MEMORIAL HOSPITAL,,,SIGNATURE HEALTHCARE OF MUNCIE,,,,,2020-11-01,1,1,1,0,1,1,1,0
gold_main_v2,control,control_v2,155242,SIGNATURE HEALTHCARE OF MUNCIE,IN,2021,0,,,,,,,,,,,68.4085529953917,4.0,15.4717465437788,4.0,0,,,,,,,2016.0,2023.0,control_weighted_pseudocohort,5.0,1,0,1,1,1,0,0,0,1.0,1.0,11.0,3.0,9.0,365.0,117.01110381164727,24172.34,145590.53,0.5661816832033603,3.414882937000218,3.10509,2.0,2.0,2.0,3.0,5.0,54.667,1.0,12.0,4.0,3.0,18900.0,2.0,5.0,N,,,,,For profit - Corporation,140.0,118.2,JACKSON COUNTY SCHNECK MEMORIAL HOSPITAL,,,SIGNATURE HEALTHCARE OF MUNCIE,,,,,2021-11-01,1,1,1,0,1,1,1,0
gold_main_v2,control,control_v2,155242,SIGNATURE HEALTHCARE OF MUNCIE,IN,2022,0,,,,,,,,,,,68.4085529953917,4.0,15.4717465437788,4.0,0,False,False,False,False,False,False,2016.0,2023.0,control_weighted_pseudocohort,5.0,1,0,1,1,1,1,0,1,1.0,1.0,11.0,3.0,9.0,365.0,116.51113765461592,26084.75,145270.97999999998,0.6130669815103115,3.41772320209976,3.36868,1.0,,2.0,2.0,5.0,55.333,1.0,11.0,5.0,4.0,21264.75,2.0,6.0,N,,,,,Government - County,140.0,113.1,JACKSON COUNTY SCHNECK MEMORIAL HOSPITAL,,,SIGNATURE HEALTHCARE OF MUNCIE,,,,,2022-11-01,1,1,1,0,1,1,1,0
gold_main_v2,control,control_v2,155242,SIGNATURE HEALTHCARE OF MUNCIE,IN,2023,0,,,,,,,,,,,68.4085529953917,4.0,15.4717465437788,4.0,0,False,False,False,False,False,False,2016.0,2023.0,control_weighted_pseudocohort,5.0,1,1,1,1,1,1,0,1,1.0,1.0,11.0,3.0,9.0,365.0,119.29767279821628,29850.11,150695.27,0.6853212875640754,3.4617765490002252,3.51737,2.0,,3.0,4.0,5.0,36.667,1.0,10.0,4.0,3.0,18014.75,1.0,4.0,N,117.0,82.0,14.0,0.7008547008547008,Government - County,140.0,121.1,JACKSON COUNTY SCHNECK MEMORIAL HOSPITAL,SIGNATURE HEALTHCARE,474.0,SIGNATURE HEALTHCARE OF MUNCIE,IN,,,,2023-11-01,1,1,1,1,1,1,1,1
gold_main_v2,control,control_v2,155242,SIGNATURE HEALTHCARE OF MUNCIE,IN,2024,0,,,,,,,,,,,68.4085529953917,4.0,15.4717465437788,4.0,0,False,False,False,False,False,False,2016.0,2023.0,control_weighted_pseudocohort,5.0,1,1,1,1,1,1,0,1,1.0,1.0,11.0,3.0,9.0,366.0,126.30234710941232,34538.25,157238.37,0.7478222033620705,3.402362809728772,3.15661,1.0,,2.0,1.0,4.0,76.000,0.0,2.0,5.0,0.0,0.0,0.0,0.0,N,119.0,88.0,9.0,0.7394957983193278,For profit - Limited Liability company,140.0,124.4,JACKSON COUNTY SCHNECK MEMORIAL HOSPITAL,SIGNATURE HEALTHCARE,474.0,SIGNATURE HEALTHCARE OF MUNCIE,IN,,,,2024-11-01,1,1,1,1,1,1,1,1
gold_main_v2,control,control_v2,155242,SIGNATURE HEALTHCARE OF MUNCIE,IN,2025,0,,,,,,,,,,,68.4085529953917,4.0,15.4717465437788,4.0,0,False,True,True,False,True,True,2016.0,2023.0,control_weighted_pseudocohort,5.0,1,1,1,1,1,1,0,1,1.0,1.0,11.0,3.0,9.0,273.0,121.54239440109004,25893.980000000003,117536.3,0.7815053829288479,3.5402775605466323,3.75294,2.0,,1.0,2.0,5.0,95.000,14.0,74.0,4.0,0.0,0.0,0.0,0.0,N,127.0,99.0,5.0,0.7795275590551181,For profit - Individual,140.0,121.9,JACKSON COUNTY SCHNECK MEMORIAL HOSPITAL,SIGNATURE HEALTHCARE,474.0,SIGNATURE HEALTHCARE OF MUNCIE,IN,,,,2025-11-01,1,1,1,1,1,1,1,1
gold_main_v2,control,control_v2,155242,SIGNATURE HEALTHCARE OF MUNCIE,IN,2026,0,,,,,,,,,,,68.4085529953917,4.0,15.4717465437788,4.0,0,False,True,True,False,True,True,2016.0,2023.0,control_weighted_pseudocohort,5.0,1,0,0,1,1,1,0,1,1.0,1.0,11.0,3.0,9.0,,,,,,,3.24731,1.0,,1.0,2.0,5.0,103.000,,,4.0,0.0,0.0,0.0,0.0,N,,,,,For profit - Individual,140.0,117.3,JACKSON COUNTY SCHNECK MEMORIAL HOSPITAL,SIGNATURE HEALTHCARE,474.0,SIGNATURE HEALTHCARE OF MUNCIE,IN,,,,2026-03-01,0,1,1,0,0,1,1,0
gold_main_v2,control,control_v2,155243,SIGNATURE HEALTHCARE OF LAFAYETTE,IN,2016,0,,,,,,,,,,,81.74724193548388,4.0,7.260013824884792,4.0,0,,,,,,,2016.0,2023.0,control_weighted_pseudocohort,5.0,1,0,0,1,1,0,0,0,1.0,1.0,11.0,3.0,9.0,,,,,,,3.68821,2.0,3.0,3.0,3.0,3.0,34.000,0.0,11.0,,0.0,0.0,0.0,0.0,N,,,,,Government - County,134.0,106.0,JACKSON COUNTY SCHNECK MEMORIAL HOSPITAL,,,SIGNATURE HEALTHCARE OF LAFAYETTE,,,,,,0,1,1,0,0,1,1,0
gold_main_v2,control,control_v2,155243,SIGNATURE HEALTHCARE OF LAFAYETTE,IN,2017,0,,,,,,,,,,,81.74724193548388,4.0,7.260013824884792,4.0,0,,,,,,,2016.0,2023.0,control_weighted_pseudocohort,5.0,1,0,1,1,1,0,0,0,1.0,1.0,11.0,3.0,9.0,365.0,101.11900846737804,23213.31,120864.18,0.6263786234555487,3.294650340401478,3.42822,2.0,3.0,1.0,1.0,3.0,96.167,2.0,25.0,,0.0,0.0,0.0,0.0,N,,,,,For profit - Corporation,134.0,101.0,JACKSON COUNTY SCHNECK MEMORIAL HOSPITAL,,,SIGNATURE HEALTHCARE OF LAFAYETTE,,,,,2017-12-01,1,1,1,0,1,1,1,0
gold_main_v2,control,control_v2,155243,SIGNATURE HEALTHCARE OF LAFAYETTE,IN,2018,0,,,,,,,,,,,81.74724193548388,4.0,7.260013824884792,4.0,0,,,,,,,2016.0,2023.0,control_weighted_pseudocohort,5.0,1,0,1,1,1,0,0,0,1.0,1.0,11.0,3.0,9.0,365.0,83.94754738015607,18513.66,107814.67,0.6027645531658437,3.51823277238106,3.69993,,3.0,,,,113.800,2.0,26.0,,2.0,91678.0,1.0,3.0,N,,,,,Government - County,122.0,86.2,JACKSON COUNTY SCHNECK MEMORIAL HOSPITAL,,,SIGNATURE HEALTHCARE OF LAFAYETTE,,,,,2018-12-01,1,1,0,0,1,1,0,0
gold_main_v2,control,control_v2,155243,SIGNATURE HEALTHCARE OF LAFAYETTE,IN,2019,0,,,,,,,,,,,81.74724193548388,4.0,7.260013824884792,4.0,0,,,,,,,2016.0,2023.0,control_weighted_pseudocohort,5.0,1,0,1,1,1,0,0,0,1.0,1.0,11.0,3.0,9.0,365.0,80.52452221691352,15048.47,106093.34,0.5130756755938558,3.609974473431164,3.6337,,,,,,256.167,2.0,24.0,,4.0,129881.0,1.0,5.0,N,,,,,Government - County,122.0,78.8,JACKSON COUNTY SCHNECK MEMORIAL HOSPITAL,,,SIGNATURE HEALTHCARE OF LAFAYETTE,,,,,2019-11-01,1,1,0,0,1,1,0,0
gold_main_v2,control,control_v2,155243,SIGNATURE HEALTHCARE OF LAFAYETTE,IN,2020,0,,,,,,,,,,,81.74724193548388,4.0,7.260013824884792,4.0,0,,,,,,,2016.0,2023.0,control_weighted_pseudocohort,5.0,1,0,1,1,1,0,0,0,1.0,1.0,11.0,3.0,9.0,274.0,84.59201305940437,11515.0,81319.1,0.4962734267685705,3.5118030379433587,3.53331,,,,,,144.333,0.0,16.0,,3.0,121917.0,1.0,4.0,N,,,,,For profit - Corporation,122.0,84.3,JACKSON COUNTY SCHNECK MEMORIAL HOSPITAL,,,SIGNATURE HEALTHCARE OF LAFAYETTE,,,,,2020-11-01,1,1,0,0,1,1,0,0
gold_main_v2,control,control_v2,155243,MAJESTIC CARE OF LAFAYETTE,IN,2021,0,,,,,,,,,,,81.74724193548388,4.0,7.260013824884792,4.0,0,,,,,,,2016.0,2023.0,control_weighted_pseudocohort,5.0,1,0,1,1,1,0,0,0,1.0,1.0,11.0,3.0,9.0,365.0,89.85263245208898,8056.81,71054.78,0.2489888094524646,2.15834350323953,2.48477,1.0,1.0,2.0,2.0,5.0,78.333,3.0,31.0,2.0,4.0,122917.0,0.0,4.0,N,,,,,For profit - Corporation,122.0,86.8,JACKSON COUNTY SCHNECK MEMORIAL HOSPITAL,,,MAJESTIC CARE OF LAFAYETTE,,,,,2021-11-01,1,1,1,0,1,1,1,0
gold_main_v2,control,control_v2,155243,MAJESTIC CARE OF LAFAYETTE,IN,2022,0,,,,,,,,,,,81.74724193548388,4.0,7.260013824884792,4.0,0,False,False,False,False,False,False,2016.0,2023.0,control_weighted_pseudocohort,5.0,1,0,1,1,1,1,0,1,1.0,1.0,11.0,3.0,9.0,365.0,101.60881178000744,9467.68,114082.63,0.2549453609450143,3.077913945457126,3.10242,1.0,,2.0,1.0,3.0,74.000,3.0,41.0,2.0,2.0,4250.0,1.0,3.0,N,,,,,For profit - Limited Liability company,122.0,104.2,JACKSON COUNTY SCHNECK MEMORIAL HOSPITAL,,,MAJESTIC CARE OF LAFAYETTE,,,,,2022-11-01,1,1,1,0,1,1,1,0
gold_main_v2,control,control_v2,155243,MAJESTIC CARE OF LAFAYETTE,IN,2023,0,,,,,,,,,,,81.74724193548388,4.0,7.260013824884792,4.0,0,False,False,False,False,False,False,2016.0,2023.0,control_weighted_pseudocohort,5.0,1,1,1,1,1,1,0,1,1.0,1.0,11.0,3.0,9.0,365.0,94.35609571587833,8319.46,101372.78,0.2452917966298732,2.952418161418695,2.99466,1.0,,2.0,1.0,1.0,77.333,3.0,44.0,2.0,1.0,3250.0,1.0,2.0,N,86.0,79.0,3.0,0.9186046511627908,For profit - Corporation,122.0,97.1,JACKSON COUNTY SCHNECK MEMORIAL HOSPITAL,MAJESTIC CARE,331.0,MAJESTIC CARE OF LAFAYETTE,IN,,,,2023-11-01,1,1,1,1,1,1,1,1
gold_main_v2,control,control_v2,155243,MAJESTIC CARE OF LAFAYETTE,IN,2024,0,,,,,,,,,,,81.74724193548388,4.0,7.260013824884792,4.0,0,False,False,False,False,False,False,2016.0,2023.0,control_weighted_pseudocohort,5.0,1,1,1,1,1,1,0,1,1.0,1.0,11.0,3.0,9.0,366.0,92.32483277591972,13280.51,100415.99,0.3966286791159175,2.9795461669756556,2.66744,1.0,,2.0,1.0,4.0,62.667,0.0,16.0,0.0,0.0,0.0,0.0,0.0,N,87.5,77.25,3.5,0.8846056622851365,For profit - Corporation,122.0,94.7,JACKSON COUNTY SCHNECK MEMORIAL HOSPITAL,MAJESTIC CARE,331.0,MAJESTIC CARE OF LAFAYETTE,IN,,,,2024-11-01,1,1,1,1,1,1,1,1
gold_main_v2,control,control_v2,155243,MAJESTIC CARE OF LAFAYETTE,IN,2025,0,,,,,,,,,,,81.74724193548388,4.0,7.260013824884792,4.0,0,False,True,False,False,True,True,2016.0,2023.0,control_weighted_pseudocohort,5.0,1,1,1,1,1,1,0,1,1.0,1.0,11.0,3.0,9.0,273.0,86.75667569145828,13249.73,74758.57,0.5587276819357007,3.160190371440102,3.28904,1.0,,2.0,2.0,5.0,57.000,3.0,86.0,0.0,0.0,0.0,0.0,0.0,N,92.0,72.0,5.0,0.782608695652174,For profit - Corporation,122.0,85.2,JACKSON COUNTY SCHNECK MEMORIAL HOSPITAL,MAJESTIC CARE,331.0,MAJESTIC CARE OF LAFAYETTE,IN,,,,2025-11-01,1,1,1,1,1,1,1,1
gold_main_v2,control,control_v2,155243,MAJESTIC CARE OF LAFAYETTE,IN,2026,0,,,,,,,,,,,81.74724193548388,4.0,7.260013824884792,4.0,0,False,True,False,False,True,True,2016.0,2023.0,control_weighted_pseudocohort,5.0,1,0,0,1,1,1,0,1,1.0,1.0,11.0,3.0,9.0,,,,,,,3.05764,1.0,,2.0,1.0,4.0,57.000,,,0.0,0.0,0.0,0.0,0.0,N,,,,,For profit - Corporation,122.0,90.8,JACKSON COUNTY SCHNECK MEMORIAL HOSPITAL,MAJESTIC CARE,331.0,MAJESTIC CARE OF LAFAYETTE,IN,,,,2026-03-01,0,1,1,0,0,1,1,0
gold_main_v2,control,control_v2,155330,SALEM CROSSING,IN,2016,0,,,,,,,,,,,69.67002534562212,4.0,12.582490783410138,4.0,0,,,,,,,2016.0,2023.0,control_weighted_pseudocohort,5.0,1,0,0,1,1,0,0,0,1.0,1.0,11.0,3.0,9.0,,,,,,,4.62556,4.0,4.0,3.0,5.0,5.0,42.000,0.0,12.0,,0.0,0.0,0.0,0.0,N,,,,,Government - County,92.0,88.0,THE HEALTH AND HOSPITAL CORPORATION OF MARION COUN,,,SALEM CROSSING,,,,,,0,1,1,0,0,1,1,0
gold_main_v2,control,control_v2,155330,SALEM CROSSING,IN,2017,0,,,,,,,,,,,69.67002534562212,4.0,12.582490783410138,4.0,0,,,,,,,2016.0,2023.0,control_weighted_pseudocohort,5.0,1,0,1,1,1,0,0,0,1.0,1.0,11.0,3.0,9.0,365.0,78.37058382438818,12807.5,96028.25,0.4505762017759549,3.363633307863784,4.26084,4.0,4.0,3.0,5.0,5.0,41.333,7.0,7.0,,1.0,13131.0,0.0,1.0,N,,,,,Non profit - Corporation,92.0,83.0,THE HEALTH AND HOSPITAL CORPORATION OF MARION COUNTY,,,SALEM CROSSING,,,,,2017-12-01,1,1,1,0,1,1,1,0
gold_main_v2,control,control_v2,155330,SALEM CROSSING,IN,2018,0,,,,,,,,,,,69.67002534562212,4.0,12.582490783410138,4.0,0,,,,,,,2016.0,2023.0,control_weighted_pseudocohort,5.0,1,0,1,1,1,0,0,0,1.0,1.0,11.0,3.0,9.0,365.0,76.82058714232627,15279.41,96027.66,0.5442938965042717,3.4259060487570685,3.46787,,2.0,,,,40.000,7.0,3.0,,2.0,20281.0,0.0,2.0,N,,,,,Non profit - Corporation,92.0,75.2,THE HEALTH AND HOSPITAL CORPORATION OF MARION COUNTY,,,SALEM CROSSING,,,,,2018-12-01,1,1,0,0,1,1,0,0
gold_main_v2,control,control_v2,155330,SALEM CROSSING,IN,2019,0,,,,,,,,,,,69.67002534562212,4.0,12.582490783410138,4.0,0,,,,,,,2016.0,2023.0,control_weighted_pseudocohort,5.0,1,0,1,1,1,0,0,0,1.0,1.0,11.0,3.0,9.0,365.0,84.32215519987258,19578.4,103753.68,0.6368894877858454,3.375538904397197,3.48145,,3.0,,,,15.333,4.0,6.0,,1.0,7150.0,0.0,1.0,N,,,,,Non profit - Corporation,92.0,84.2,THE HEALTH AND HOSPITAL CORPORATION OF MARION COUNTY,,,SALEM CROSSING,,,,,2019-11-01,1,1,0,0,1,1,0,0
gold_main_v2,control,control_v2,155330,SALEM CROSSING,IN,2020,0,,,,,,,,,,,69.67002534562212,4.0,12.582490783410138,4.0,0,,,,,,,2016.0,2023.0,control_weighted_pseudocohort,5.0,1,0,1,1,1,0,0,0,1.0,1.0,11.0,3.0,9.0,366.0,78.6092032967033,16165.0,106858.5,0.5639583830787397,3.722649785315333,4.04115,3.0,3.0,3.0,4.0,5.0,35.333,1.0,5.0,,0.0,0.0,0.0,0.0,N,,,,,Non profit - Corporation,92.0,75.7,THE HEALTH AND HOSPITAL CORPORATION OF MARION COUNTY,,,SALEM CROSSING,,,,,2020-11-01,1,1,1,0,1,1,1,0
gold_main_v2,control,control_v2,155330,SALEM CROSSING,IN,2021,0,,,,,,,,,,,69.67002534562212,4.0,12.582490783410138,4.0,0,,,,,,,2016.0,2023.0,control_weighted_pseudocohort,5.0,1,0,1,1,1,0,0,0,1.0,1.0,11.0,3.0,9.0,365.0,82.19975712693105,17542.44,94535.69,0.5882569908138163,3.1597661845468217,3.14317,2.0,3.0,3.0,3.0,4.0,35.333,2.0,9.0,0.0,0.0,0.0,0.0,0.0,N,,,,,Non profit - Corporation,92.0,84.0,THE HEALTH AND HOSPITAL CORPORATION OF MARION COUNTY,,,SALEM CROSSING,,,,,2021-11-01,1,1,1,0,1,1,1,0
gold_main_v2,control,control_v2,155330,SALEM CROSSING,IN,2022,0,,,,,,,,,,,69.67002534562212,4.0,12.582490783410138,4.0,0,False,False,False,False,False,False,2016.0,2023.0,control_weighted_pseudocohort,5.0,1,0,1,1,1,1,0,1,1.0,1.0,11.0,3.0,9.0,365.0,82.74343579126187,13686.53,97598.12,0.4536172483181436,3.2370380985570417,3.11157,1.0,,3.0,2.0,4.0,38.667,3.0,6.0,0.0,0.0,0.0,0.0,0.0,N,,,,,Non profit - Corporation,92.0,84.4,THE HEALTH AND HOSPITAL CORPORATION OF MARION COUNTY,,,SALEM CROSSING,,,,,2022-11-01,1,1,1,0,1,1,1,0
gold_main_v2,control,control_v2,155330,SALEM CROSSING,IN,2023,0,,,,,,,,,,,69.67002534562212,4.0,12.582490783410138,4.0,0,False,False,False,False,False,False,2016.0,2023.0,control_weighted_pseudocohort,5.0,1,1,1,1,1,1,0,1,1.0,1.0,11.0,3.0,9.0,365.0,81.44646506874768,11451.32,109235.82,0.3857675731090263,3.677138622053648,3.68592,3.0,,4.0,4.0,4.0,24.000,3.0,1.0,0.0,0.0,0.0,0.0,0.0,N,84.0,60.0,7.0,0.7142857142857143,Non profit - Corporation,92.0,83.1,THE HEALTH AND HOSPITAL CORPORATION OF MARION COUNTY,AMERICAN SENIOR COMMUNITIES,33.0,SALEM CROSSING,IN,,,,2023-11-01,1,1,1,1,1,1,1,1
gold_main_v2,control,control_v2,155330,SALEM CROSSING,IN,2024,0,,,,,,,,,,,69.67002534562212,4.0,12.582490783410138,4.0,0,False,False,False,False,False,False,2016.0,2023.0,control_weighted_pseudocohort,5.0,1,1,1,1,1,1,0,1,1.0,1.0,11.0,3.0,9.0,366.0,83.08862876254182,11048.48,108114.63,0.3636900335316634,3.5561882036339165,3.56657,2.0,,4.0,4.0,4.0,20.667,2.0,1.0,0.0,0.0,0.0,0.0,0.0,N,84.0,60.75,4.75,0.7232142857142857,Non profit - Corporation,92.0,83.1,THE HEALTH AND HOSPITAL CORPORATION OF MARION COUNTY,AMERICAN SENIOR COMMUNITIES,33.0,SALEM CROSSING,IN,,,,2024-11-01,1,1,1,1,1,1,1,1
gold_main_v2,control,control_v2,155330,SALEM CROSSING,IN,2025,0,,,,,,,,,,,69.67002534562212,4.0,12.582490783410138,4.0,0,False,True,False,False,False,True,2016.0,2023.0,control_weighted_pseudocohort,5.0,1,1,1,1,1,1,0,1,1.0,1.0,11.0,3.0,9.0,273.0,80.47063315106793,8206.95,81992.3,0.3739003294071736,3.736990365195705,3.79052,3.0,,4.0,5.0,5.0,12.000,3.0,8.0,,0.0,0.0,0.0,0.0,N,81.0,59.0,3.6666666666666665,0.7285714285714285,Non profit - Corporation,92.0,77.5,THE HEALTH AND HOSPITAL CORPORATION OF MARION COUNTY,AMERICAN SENIOR COMMUNITIES,33.0,SALEM CROSSING,IN,,,,2025-11-01,1,1,1,1,1,1,1,1
gold_main_v2,control,control_v2,155330,SALEM CROSSING,IN,2026,0,,,,,,,,,,,69.67002534562212,4.0,12.582490783410138,4.0,0,False,True,False,False,False,True,2016.0,2023.0,control_weighted_pseudocohort,5.0,1,0,0,1,1,1,0,1,1.0,1.0,11.0,3.0,9.0,,,,,,,3.58958,3.0,,4.0,5.0,5.0,10.000,,,,0.0,0.0,0.0,0.0,N,,,,,Non profit - Corporation,92.0,82.7,THE HEALTH AND HOSPITAL CORPORATION OF MARION COUNTY,AMERICAN SENIOR COMMUNITIES,33.0,SALEM CROSSING,IN,,,,2026-03-01,0,1,1,0,0,1,1,0
gold_main_v2,control,control_v2,155377,SEYMOUR CROSSING,IN,2016,0,,,,,,,,,,,82.54809677419354,4.0,5.774702764976959,4.0,0,,,,,,,2016.0,2023.0,control_weighted_pseudocohort,5.0,1,0,0,1,1,0,0,0,1.0,1.0,11.0,3.0,9.0,,,,,,,4.84844,4.0,4.0,3.0,5.0,5.0,34.667,1.0,17.0,,1.0,7898.0,0.0,1.0,N,,,,,For profit - Corporation,115.0,96.0,THE HEALTH AND HOSPITAL CORPORATION OF MARION COUN,,,SEYMOUR CROSSING,,,,,,0,1,1,0,0,1,1,0
gold_main_v2,control,control_v2,155377,SEYMOUR CROSSING,IN,2017,0,,,,,,,,,,,82.54809677419354,4.0,5.774702764976959,4.0,0,,,,,,,2016.0,2023.0,control_weighted_pseudocohort,5.0,1,0,1,1,1,0,0,0,1.0,1.0,11.0,3.0,9.0,365.0,86.9843353506397,10399.5,110130.5,0.3281072762337197,3.4716663415358653,4.37472,4.0,4.0,2.0,4.0,5.0,44.667,1.0,7.0,,0.0,0.0,0.0,0.0,N,,,,,Government - County,115.0,89.0,THE HEALTH AND HOSPITAL CORPORATION OF MARION COUNTY,,,SEYMOUR CROSSING,,,,,2017-12-01,1,1,1,0,1,1,1,0
gold_main_v2,control,control_v2,155377,SEYMOUR CROSSING,IN,2018,0,,,,,,,,,,,82.54809677419354,4.0,5.774702764976959,4.0,0,,,,,,,2016.0,2023.0,control_weighted_pseudocohort,5.0,1,0,1,1,1,0,0,0,1.0,1.0,11.0,3.0,9.0,365.0,91.5242806710198,13103.63,112435.88,0.3923074555129325,3.367522554096374,3.35292,,2.0,,,,44.800,0.0,5.0,,1.0,7112.0,0.0,1.0,N,,,,,Government - County,115.0,90.8,THE HEALTH AND HOSPITAL CORPORATION OF MARION COUNTY,,,SEYMOUR CROSSING,,,,,2018-12-01,1,1,0,0,1,1,0,0
gold_main_v2,control,control_v2,155377,SEYMOUR CROSSING,IN,2019,0,,,,,,,,,,,82.54809677419354,4.0,5.774702764976959,4.0,0,,,,,,,2016.0,2023.0,control_weighted_pseudocohort,5.0,1,0,1,1,1,0,0,0,1.0,1.0,11.0,3.0,9.0,365.0,85.65793385358603,15471.25,107664.89,0.4953903802328309,3.4461431868655414,3.37598,,2.0,,,,32.667,0.0,8.0,,1.0,7112.0,0.0,1.0,N,,,,,Government - County,115.0,86.2,THE HEALTH AND HOSPITAL CORPORATION OF MARION COUNTY,,,SEYMOUR CROSSING,,,,,2019-11-01,1,1,0,0,1,1,0,0
gold_main_v2,control,control_v2,155377,SEYMOUR CROSSING,IN,2020,0,,,,,,,,,,,82.54809677419354,4.0,5.774702764976959,4.0,0,,,,,,,2016.0,2023.0,control_weighted_pseudocohort,5.0,1,0,1,1,1,0,0,0,1.0,1.0,11.0,3.0,9.0,366.0,79.1043657429527,10555.75,108982.5,0.3633924162328912,3.79575062024912,3.70939,1.0,1.0,4.0,3.0,4.0,18.667,0.0,3.0,,0.0,0.0,0.0,0.0,N,,,,,Government - County,115.0,78.6,THE HEALTH AND HOSPITAL CORPORATION OF MARION COUNTY,,,SEYMOUR CROSSING,,,,,2020-11-01,1,1,1,0,1,1,1,0
gold_main_v2,control,control_v2,155377,SEYMOUR CROSSING,IN,2021,0,,,,,,,,,,,82.54809677419354,4.0,5.774702764976959,4.0,0,,,,,,,2016.0,2023.0,control_weighted_pseudocohort,5.0,1,0,1,1,1,0,0,0,1.0,1.0,11.0,3.0,9.0,365.0,66.14248686096512,10541.23,93787.94,0.4356793179833437,3.897878657115796,4.19342,1.0,1.0,4.0,3.0,4.0,28.667,1.0,6.0,0.0,0.0,0.0,0.0,0.0,N,,,,,Government - City/county,115.0,62.8,THE HEALTH AND HOSPITAL CORPORATION OF MARION COUNTY,,,SEYMOUR CROSSING,,,,,2021-11-01,1,1,1,0,1,1,1,0
gold_main_v2,control,control_v2,155377,SEYMOUR CROSSING,IN,2022,0,,,,,,,,,,,82.54809677419354,4.0,5.774702764976959,4.0,0,False,False,False,False,False,False,2016.0,2023.0,control_weighted_pseudocohort,5.0,1,0,1,1,1,1,0,1,1.0,1.0,11.0,3.0,9.0,365.0,66.66588827838828,11065.61,89750.62,0.454699469505478,3.695660419509733,3.59674,2.0,,3.0,4.0,5.0,33.333,2.0,9.0,0.0,0.0,0.0,0.0,0.0,N,,,,,Government - City/county,115.0,66.8,THE HEALTH AND HOSPITAL CORPORATION OF MARION COUNTY,,,SEYMOUR CROSSING,,,,,2022-11-01,1,1,1,0,1,1,1,0
gold_main_v2,control,control_v2,155377,SEYMOUR CROSSING,IN,2023,0,,,,,,,,,,,82.54809677419354,4.0,5.774702764976959,4.0,0,False,False,False,False,False,False,2016.0,2023.0,control_weighted_pseudocohort,5.0,1,1,1,1,1,1,0,1,1.0,1.0,11.0,3.0,9.0,365.0,67.40744346233477,12813.94,91504.9,0.5218680051434159,3.720746578661259,3.69923,1.0,,4.0,4.0,5.0,24.000,1.0,8.0,0.0,2.0,18250.0,0.0,2.0,N,65.0,58.0,1.0,0.8923076923076924,Government - County,115.0,66.5,THE HEALTH AND HOSPITAL CORPORATION OF MARION COUNTY,AMERICAN SENIOR COMMUNITIES,33.0,SEYMOUR CROSSING,IN,,,,2023-11-01,1,1,1,1,1,1,1,1
gold_main_v2,control,control_v2,155377,SEYMOUR CROSSING,IN,2024,0,,,,,,,,,,,82.54809677419354,4.0,5.774702764976959,4.0,0,False,False,False,False,False,False,2016.0,2023.0,control_weighted_pseudocohort,5.0,1,1,1,1,1,1,0,1,1.0,1.0,11.0,3.0,9.0,366.0,73.87998686096512,13713.03,99157.71,0.5066948022889752,3.668411525004375,3.60253,2.0,,4.0,4.0,4.0,24.667,1.0,6.0,0.0,2.0,13000.0,0.0,2.0,N,72.0,53.0,2.0,0.7361111111111112,Non profit - Corporation,115.0,73.9,THE HEALTH AND HOSPITAL CORPORATION OF MARION COUNTY,AMERICAN SENIOR COMMUNITIES,33.0,SEYMOUR CROSSING,IN,,,,2024-11-01,1,1,1,1,1,1,1,1
gold_main_v2,control,control_v2,155377,SEYMOUR CROSSING,IN,2025,0,,,,,,,,,,,82.54809677419354,4.0,5.774702764976959,4.0,0,False,True,False,False,False,True,2016.0,2023.0,control_weighted_pseudocohort,5.0,1,1,1,1,1,1,0,1,1.0,1.0,11.0,3.0,9.0,273.0,71.95231016970148,10023.85,72464.70999999999,0.5102230364499721,3.692415365299454,3.84892,2.0,,3.0,4.0,5.0,39.000,2.0,15.0,,0.0,0.0,0.0,0.0,N,77.0,55.0,1.0,0.7142857142857143,Government - County,115.0,70.6,THE HEALTH AND HOSPITAL CORPORATION OF MARION COUNTY,AMERICAN SENIOR COMMUNITIES,33.0,SEYMOUR CROSSING,IN,,,,2025-11-01,1,1,1,1,1,1,1,1
gold_main_v2,control,control_v2,155377,SEYMOUR CROSSING,IN,2026,0,,,,,,,,,,,82.54809677419354,4.0,5.774702764976959,4.0,0,False,True,False,False,False,True,2016.0,2023.0,control_weighted_pseudocohort,5.0,1,0,0,1,1,1,0,1,1.0,1.0,11.0,3.0,9.0,,,,,,,3.586,2.0,,2.0,3.0,5.0,43.000,,,,0.0,0.0,0.0,0.0,N,,,,,Government - County,115.0,73.1,THE HEALTH AND HOSPITAL CORPORATION OF MARION COUNTY,AMERICAN SENIOR COMMUNITIES,33.0,SEYMOUR CROSSING,IN,,,,2026-03-01,0,1,1,0,0,1,1,0
gold_main_v2,control,control_v2,155378,SIGNATURE HEALTHCARE AT PARKWOOD,IN,2016,0,,,,,,,,,,,77.50431336405529,4.0,7.099004608294932,4.0,0,,,,,,,2016.0,2023.0,control_weighted_pseudocohort,5.0,1,0,0,1,1,0,0,0,1.0,1.0,11.0,3.0,9.0,,,,,,,3.69239,3.0,4.0,1.0,1.0,2.0,104.667,4.0,15.0,,0.0,0.0,0.0,0.0,N,,,,,For profit - Corporation,138.0,92.0,JACKSON COUNTY SCHNECK MEMORIAL HOSPITAL,,,SIGNATURE HEALTHCARE AT PARKWOOD,,,,,,0,1,1,0,0,1,1,0
gold_main_v2,control,control_v2,155378,SIGNATURE HEALTHCARE AT PARKWOOD,IN,2017,0,,,,,,,,,,,77.50431336405529,4.0,7.099004608294932,4.0,0,,,,,,,2016.0,2023.0,control_weighted_pseudocohort,5.0,1,0,1,1,1,0,0,0,1.0,1.0,11.0,3.0,9.0,365.0,85.19755932473323,17405.87,101901.21,0.558782473774172,3.2797672053759164,2.69947,1.0,2.0,1.0,1.0,4.0,73.333,6.0,16.0,,1.0,6143.0,0.0,1.0,N,,,,,For profit - Corporation,138.0,95.0,JACKSON COUNTY SCHNECK MEMORIAL HOSPITAL,,,SIGNATURE HEALTHCARE AT PARKWOOD,,,,,2017-12-01,1,1,1,0,1,1,1,0
gold_main_v2,control,control_v2,155378,SIGNATURE HEALTHCARE AT PARKWOOD,IN,2018,0,,,,,,,,,,,77.50431336405529,4.0,7.099004608294932,4.0,0,,,,,,,2016.0,2023.0,control_weighted_pseudocohort,5.0,1,0,1,1,1,0,0,0,1.0,1.0,11.0,3.0,9.0,365.0,89.83507790518661,12425.18,106722.55,0.379404683494636,3.2584087681181573,3.36583,,2.0,,,,69.600,2.0,20.0,,1.0,11700.0,0.0,1.0,N,,,,,For profit - Corporation,106.0,90.2,JACKSON COUNTY SCHNECK MEMORIAL HOSPITAL,,,SIGNATURE HEALTHCARE AT PARKWOOD,,,,,2018-12-01,1,1,0,0,1,1,0,0
gold_main_v2,control,control_v2,155378,SIGNATURE HEALTHCARE AT PARKWOOD,IN,2019,0,,,,,,,,,,,77.50431336405529,4.0,7.099004608294932,4.0,0,,,,,,,2016.0,2023.0,control_weighted_pseudocohort,5.0,1,0,1,1,1,0,0,0,1.0,1.0,11.0,3.0,9.0,365.0,84.66108058608059,17689.670000000002,111973.9,0.5733944959630165,3.6301522880318946,3.60414,,3.0,,,,96.333,2.0,18.0,,1.0,11700.0,0.0,1.0,N,,,,,For profit - Corporation,106.0,87.0,JACKSON COUNTY SCHNECK MEMORIAL HOSPITAL,,,SIGNATURE HEALTHCARE AT PARKWOOD,,,,,2019-11-01,1,1,0,0,1,1,0,0
gold_main_v2,control,control_v2,155378,SIGNATURE HEALTHCARE AT PARKWOOD,IN,2020,0,,,,,,,,,,,77.50431336405529,4.0,7.099004608294932,4.0,0,,,,,,,2016.0,2023.0,control_weighted_pseudocohort,5.0,1,0,1,1,1,0,0,0,1.0,1.0,11.0,3.0,9.0,366.0,69.26418418537983,20176.36,90924.78,0.7998651237418902,3.5883756989307924,3.92851,4.0,4.0,2.0,3.0,4.0,73.167,2.0,14.0,,1.0,11700.0,0.0,1.0,N,,,,,For profit - Corporation,106.0,70.6,JACKSON COUNTY SCHNECK MEMORIAL HOSPITAL,,,SIGNATURE HEALTHCARE AT PARKWOOD,,,,,2020-11-01,1,1,1,0,1,1,1,0
gold_main_v2,control,control_v2,155378,SIGNATURE HEALTHCARE AT PARKWOOD,IN,2021,0,,,,,,,,,,,77.50431336405529,4.0,7.099004608294932,4.0,0,,,,,,,2016.0,2023.0,control_weighted_pseudocohort,5.0,1,0,1,1,1,0,0,0,1.0,1.0,11.0,3.0,9.0,365.0,68.6868662738228,20389.83,98748.05,0.8170482285208112,3.9363737524532114,3.73182,4.0,4.0,3.0,4.0,4.0,48.000,5.0,2.0,2.0,1.0,3250.0,0.0,1.0,N,,,,,For profit - Corporation,106.0,66.0,JACKSON COUNTY SCHNECK MEMORIAL HOSPITAL,,,SIGNATURE HEALTHCARE AT PARKWOOD,,,,,2021-11-01,1,1,1,0,1,1,1,0
gold_main_v2,control,control_v2,155378,SIGNATURE HEALTHCARE AT PARKWOOD,IN,2022,0,,,,,,,,,,,77.50431336405529,4.0,7.099004608294932,4.0,0,False,False,False,False,False,False,2016.0,2023.0,control_weighted_pseudocohort,5.0,1,0,1,1,1,1,0,1,1.0,1.0,11.0,3.0,9.0,365.0,75.62134960450177,14432.95,96817.36,0.5233367759220551,3.501122443196176,3.59255,2.0,,3.0,4.0,5.0,43.333,5.0,2.0,2.0,2.0,13000.0,0.0,2.0,N,,,,,For profit - Corporation,106.0,77.9,JACKSON COUNTY SCHNECK MEMORIAL HOSPITAL,,,SIGNATURE HEALTHCARE AT PARKWOOD,,,,,2022-11-01,1,1,1,0,1,1,1,0
gold_main_v2,control,control_v2,155378,SIGNATURE HEALTHCARE AT PARKWOOD,IN,2023,0,,,,,,,,,,,77.50431336405529,4.0,7.099004608294932,4.0,0,False,False,False,False,False,False,2016.0,2023.0,control_weighted_pseudocohort,5.0,1,1,1,1,1,1,0,1,1.0,1.0,11.0,3.0,9.0,365.0,69.90611296915644,10636.28,86077.7,0.4192335692933175,3.373571250361328,3.38919,1.0,,1.0,1.0,3.0,138.667,0.0,4.0,0.0,2.0,268100.0,0.0,2.0,N,68.0,58.0,3.0,0.8529411764705882,For profit - Corporation,106.0,65.5,JACKSON COUNTY SCHNECK MEMORIAL HOSPITAL,SIGNATURE HEALTHCARE,474.0,SIGNATURE HEALTHCARE AT PARKWOOD,IN,,,,2023-11-01,1,1,1,1,1,1,1,1
gold_main_v2,control,control_v2,155378,SIGNATURE HEALTHCARE AT PARKWOOD,IN,2024,0,,,,,,,,,,,77.50431336405529,4.0,7.099004608294932,4.0,0,False,False,False,False,False,False,2016.0,2023.0,control_weighted_pseudocohort,5.0,1,1,1,1,1,1,0,1,1.0,1.0,11.0,3.0,9.0,366.0,85.39951624462493,10084.08,101933.41,0.3232080175047892,3.2620643144847388,3.20467,1.0,,1.0,1.0,4.0,128.667,0.0,4.0,0.0,2.0,175945.25,1.0,3.0,N,80.0,74.0,4.0,0.925,For profit - Corporation,106.0,83.6,JACKSON COUNTY SCHNECK MEMORIAL HOSPITAL,SIGNATURE HEALTHCARE,474.0,SIGNATURE HEALTHCARE AT PARKWOOD,IN,,,,2024-11-01,1,1,1,1,1,1,1,1
gold_main_v2,control,control_v2,155378,SIGNATURE HEALTHCARE AT PARKWOOD,IN,2025,0,,,,,,,,,,,77.50431336405529,4.0,7.099004608294932,4.0,0,False,True,True,True,True,True,2016.0,2023.0,control_weighted_pseudocohort,5.0,1,1,1,1,1,1,0,1,1.0,1.0,11.0,3.0,9.0,273.0,87.02303091433527,10092.97,79648.4,0.4244334728587529,3.354759212927154,3.28155,2.0,,2.0,3.0,5.0,73.250,2.0,43.0,,1.0,8018.0,1.0,2.0,N,88.0,77.0,4.0,0.875,For profit - Corporation,106.0,89.9,JACKSON COUNTY SCHNECK MEMORIAL HOSPITAL,SIGNATURE HEALTHCARE,474.0,SIGNATURE HEALTHCARE AT PARKWOOD,IN,,,,2025-11-01,1,1,1,1,1,1,1,1
gold_main_v2,control,control_v2,155378,SIGNATURE HEALTHCARE AT PARKWOOD,IN,2026,0,,,,,,,,,,,77.50431336405529,4.0,7.099004608294932,4.0,0,False,True,True,True,True,True,2016.0,2023.0,control_weighted_pseudocohort,5.0,1,0,0,1,1,1,0,1,1.0,1.0,11.0,3.0,9.0,,,,,,,3.36075,3.0,,3.0,4.0,5.0,42.000,,,,1.0,8018.0,1.0,2.0,N,,,,,For profit - Corporation,106.0,83.9,JACKSON COUNTY SCHNECK MEMORIAL HOSPITAL,SIGNATURE HEALTHCARE,474.0,SIGNATURE HEALTHCARE AT PARKWOOD,IN,,,,2026-03-01,0,1,1,0,0,1,1,0
gold_main_v2,control,control_v2,155474,SIGNATURE HEALTHCARE OF BREMEN,IN,2016,0,,,,,,,,,,,74.13596774193547,4.0,4.021119815668202,4.0,0,,,,,,,2016.0,2023.0,control_weighted_pseudocohort,5.0,1,0,0,1,1,0,0,0,1.0,1.0,11.0,3.0,9.0,,,,,,,3.42535,3.0,3.0,2.0,3.0,5.0,48.667,0.0,15.0,,1.0,975.0,0.0,1.0,N,,,,,For profit - Corporation,97.0,73.0,JACKSON COUNTY SCHNECK MEMORIAL HOSPITAL,,,SIGNATURE HEALTHCARE OF BREMEN,,,,,,0,1,1,0,0,1,1,0
gold_main_v2,control,control_v2,155474,SIGNATURE HEALTHCARE OF BREMEN,IN,2017,0,,,,,,,,,,,74.13596774193547,4.0,4.021119815668202,4.0,0,,,,,,,2016.0,2023.0,control_weighted_pseudocohort,5.0,1,0,1,1,1,0,0,0,1.0,1.0,11.0,3.0,9.0,365.0,72.46622604448692,10428.6,79622.15,0.3941535839943352,3.016654971846674,3.68334,3.0,4.0,2.0,3.0,5.0,60.000,0.0,7.0,,1.0,1300.0,0.0,1.0,N,,,,,Government - County,97.0,69.0,JACKSON COUNTY SCHNECK MEMORIAL HOSPITAL,,,SIGNATURE HEALTHCARE OF BREMEN,,,,,2017-12-01,1,1,1,0,1,1,1,0
gold_main_v2,control,control_v2,155474,SIGNATURE HEALTHCARE OF BREMEN,IN,2018,0,,,,,,,,,,,74.13596774193547,4.0,4.021119815668202,4.0,0,,,,,,,2016.0,2023.0,control_weighted_pseudocohort,5.0,1,0,1,1,1,0,0,0,1.0,1.0,11.0,3.0,9.0,365.0,66.30713223974094,10855.05,77592.43000000001,0.4491382352837574,3.2101076896163057,3.22195,,3.0,,,,37.600,0.0,7.0,,1.0,1300.0,0.0,1.0,N,,,,,For profit - Corporation,90.0,64.8,JACKSON COUNTY SCHNECK MEMORIAL HOSPITAL,,,SIGNATURE HEALTHCARE OF BREMEN,,,,,2018-12-01,1,1,0,0,1,1,0,0
gold_main_v2,control,control_v2,155474,SIGNATURE HEALTHCARE OF BREMEN,IN,2019,0,,,,,,,,,,,74.13596774193547,4.0,4.021119815668202,4.0,0,,,,,,,2016.0,2023.0,control_weighted_pseudocohort,5.0,1,0,1,1,1,0,0,0,1.0,1.0,11.0,3.0,9.0,365.0,70.91898391463609,14035.71,82962.79,0.5415834469027023,3.207243386581034,3.2338,,3.0,,,,45.333,0.0,13.0,,0.0,0.0,0.0,0.0,N,,,,,For profit - Corporation,90.0,70.3,JACKSON COUNTY SCHNECK MEMORIAL HOSPITAL,,,SIGNATURE HEALTHCARE OF BREMEN,,,,,2019-11-01,1,1,0,0,1,1,0,0
gold_main_v2,control,control_v2,155474,SIGNATURE HEALTHCARE OF BREMEN,IN,2020,0,,,,,,,,,,,74.13596774193547,4.0,4.021119815668202,4.0,0,,,,,,,2016.0,2023.0,control_weighted_pseudocohort,5.0,1,0,1,1,1,0,0,0,1.0,1.0,11.0,3.0,9.0,366.0,69.07498208313426,18805.88,89909.45,0.7437760387590117,3.5643984269300333,3.58757,3.0,3.0,3.0,4.0,5.0,39.333,0.0,6.0,,0.0,0.0,0.0,0.0,N,,,,,For profit - Corporation,82.0,71.5,JACKSON COUNTY SCHNECK MEMORIAL HOSPITAL,,,SIGNATURE HEALTHCARE OF BREMEN,,,,,2020-11-01,1,1,1,0,1,1,1,0
gold_main_v2,control,control_v2,155474,SIGNATURE HEALTHCARE OF BREMEN,IN,2021,0,,,,,,,,,,,74.13596774193547,4.0,4.021119815668202,4.0,0,,,,,,,2016.0,2023.0,control_weighted_pseudocohort,5.0,1,0,1,1,1,0,0,0,1.0,1.0,11.0,3.0,9.0,365.0,61.24491957318044,15802.02,80469.45,0.70985698654125,3.608720558325474,3.4484,3.0,3.0,3.0,4.0,5.0,44.000,0.0,12.0,2.0,2.0,19750.0,0.0,2.0,N,,,,,For profit - Corporation,82.0,63.3,JACKSON COUNTY SCHNECK MEMORIAL HOSPITAL,,,SIGNATURE HEALTHCARE OF BREMEN,,,,,2021-11-01,1,1,1,0,1,1,1,0
gold_main_v2,control,control_v2,155474,SIGNATURE HEALTHCARE OF BREMEN,IN,2022,0,,,,,,,,,,,74.13596774193547,4.0,4.021119815668202,4.0,0,False,False,False,False,False,False,2016.0,2023.0,control_weighted_pseudocohort,5.0,1,0,1,1,1,1,0,1,1.0,1.0,11.0,3.0,9.0,365.0,56.077678903222385,19423.07,68697.69,0.9574358181826712,3.363051133366664,3.3469,3.0,,2.0,3.0,5.0,56.667,2.0,9.0,2.0,2.0,19750.0,0.0,2.0,N,,,,,For profit - Corporation,82.0,59.3,JACKSON COUNTY SCHNECK MEMORIAL HOSPITAL,,,SIGNATURE HEALTHCARE OF BREMEN,,,,,2022-11-01,1,1,1,0,1,1,1,0
gold_main_v2,control,control_v2,155474,SIGNATURE HEALTHCARE OF BREMEN,IN,2023,0,,,,,,,,,,,74.13596774193547,4.0,4.021119815668202,4.0,0,False,False,False,False,False,False,2016.0,2023.0,control_weighted_pseudocohort,5.0,1,1,1,1,1,1,0,1,1.0,1.0,11.0,3.0,9.0,365.0,51.71523729893295,16236.44,64132.61,0.859684143984488,3.4030339147792743,3.3048,2.0,,2.0,2.0,3.0,47.333,2.0,9.0,0.0,1.0,30910.0,0.0,1.0,N,50.0,41.0,1.0,0.82,For profit - Corporation,82.0,51.3,JACKSON COUNTY SCHNECK MEMORIAL HOSPITAL,SIGNATURE HEALTHCARE,474.0,SIGNATURE HEALTHCARE OF BREMEN,IN,,,,2023-11-01,1,1,1,1,1,1,1,1
gold_main_v2,control,control_v2,155474,SIGNATURE HEALTHCARE OF BREMEN,IN,2024,0,,,,,,,,,,,74.13596774193547,4.0,4.021119815668202,4.0,0,False,False,False,False,False,False,2016.0,2023.0,control_weighted_pseudocohort,5.0,1,1,1,1,1,1,0,1,1.0,1.0,11.0,3.0,9.0,366.0,54.07892379359771,15152.45,63741.48,0.7657262018765547,3.21323933634729,2.94131,1.0,,2.0,1.0,4.0,52.000,2.0,5.0,0.0,1.0,20091.5,0.0,1.0,N,52.0,30.0,5.0,0.5769230769230769,For profit - Limited Liability company,82.0,51.2,JACKSON COUNTY SCHNECK MEMORIAL HOSPITAL,SIGNATURE HEALTHCARE,474.0,SIGNATURE HEALTHCARE OF BREMEN,IN,,,,2024-11-01,1,1,1,1,1,1,1,1
gold_main_v2,control,control_v2,155474,SIGNATURE HEALTHCARE OF BREMEN,IN,2025,0,,,,,,,,,,,74.13596774193547,4.0,4.021119815668202,4.0,0,False,True,True,False,True,True,2016.0,2023.0,control_weighted_pseudocohort,5.0,1,1,1,1,1,1,0,1,1.0,1.0,11.0,3.0,9.0,273.0,60.567531984923285,13069.23,54125.91,0.7902230001618918,3.2768565676030756,3.15178,3.0,,1.0,1.0,3.0,90.000,0.0,22.0,,0.0,0.0,0.0,0.0,N,61.0,36.0,8.0,0.5901639344262295,Government - Hospital district,73.0,61.5,JACKSON COUNTY SCHNECK MEMORIAL HOSPITAL,SIGNATURE HEALTHCARE,474.0,SIGNATURE HEALTHCARE OF BREMEN,IN,,,,2025-11-01,1,1,1,1,1,1,1,1
gold_main_v2,control,control_v2,155474,SIGNATURE HEALTHCARE OF BREMEN,IN,2026,0,,,,,,,,,,,74.13596774193547,4.0,4.021119815668202,4.0,0,False,True,True,False,True,True,2016.0,2023.0,control_weighted_pseudocohort,5.0,1,0,0,1,1,1,0,1,1.0,1.0,11.0,3.0,9.0,,,,,,,3.37093,2.0,,2.0,2.0,3.0,75.000,,,,0.0,0.0,0.0,0.0,N,,,,,Government - Hospital district,73.0,59.1,JACKSON COUNTY SCHNECK MEMORIAL HOSPITAL,SIGNATURE HEALTHCARE,474.0,SIGNATURE HEALTHCARE OF BREMEN,IN,,,,2026-03-01,0,1,1,0,0,1,1,0
gold_main_v2,control,control_v2,155495,LAKELAND REHABILITATION AND HEALTHCARE CENTER,IN,2016,0,,,,,,,,,,,73.7202465437788,4.0,10.781147465437789,4.0,0,,,,,,,2016.0,2023.0,control_weighted_pseudocohort,5.0,1,0,0,1,1,0,0,0,1.0,1.0,11.0,3.0,9.0,,,,,,,3.636,3.0,4.0,1.0,1.0,2.0,110.000,0.0,5.0,,0.0,0.0,0.0,0.0,N,,,,,Government - County,60.0,50.0,HANCOCK REGIONAL HOSPITAL,,,LAKELAND REHABILITATION AND HEALTHCARE CENTER,,,,,,0,1,1,0,0,1,1,0
gold_main_v2,control,control_v2,155495,LAKELAND REHABILITATION AND HEALTHCARE CENTER,IN,2017,0,,,,,,,,,,,73.7202465437788,4.0,10.781147465437789,4.0,0,,,,,,,2016.0,2023.0,control_weighted_pseudocohort,5.0,1,0,1,1,1,0,0,0,1.0,1.0,11.0,3.0,9.0,365.0,45.94869140521315,9178.01,54785.03,0.5465006397004843,3.2749939232896015,3.01087,1.0,2.0,2.0,1.0,3.0,62.000,0.0,1.0,,0.0,0.0,0.0,0.0,N,,,,,Government - County,60.0,46.0,HANCOCK REGIONAL HOSPITAL,,,LAKELAND REHABILITATION AND HEALTHCARE CENTER,,,,,2017-12-01,1,1,1,0,1,1,1,0
gold_main_v2,control,control_v2,155495,LAKELAND REHABILITATION AND HEALTHCARE CENTER,IN,2018,0,,,,,,,,,,,73.7202465437788,4.0,10.781147465437789,4.0,0,,,,,,,2016.0,2023.0,control_weighted_pseudocohort,5.0,1,0,1,1,1,0,0,0,1.0,1.0,11.0,3.0,9.0,365.0,45.203793066836546,9928.93,53484.16,0.6045412798668297,3.251844243048628,3.14566,,3.0,,,,52.800,0.0,1.0,,0.0,0.0,0.0,0.0,N,,,,,Non profit - Corporation,60.0,46.4,HANCOCK REGIONAL HOSPITAL,,,LAKELAND REHABILITATION AND HEALTHCARE CENTER,,,,,2018-12-01,1,1,0,0,1,1,0,0
gold_main_v2,control,control_v2,155495,PADDOCK SPRINGS,IN,2019,0,,,,,,,,,,,73.7202465437788,4.0,10.781147465437789,4.0,0,,,,,,,2016.0,2023.0,control_weighted_pseudocohort,5.0,1,0,1,1,1,0,0,0,1.0,1.0,11.0,3.0,9.0,365.0,47.12833187344057,13118.43,71355.15,0.7734408900474308,4.140008185277381,3.99549,,3.0,,,,33.333,2.0,1.0,,0.0,0.0,0.0,0.0,N,,,,,For profit - Corporation,60.0,45.6,HANCOCK REGIONAL HOSPITAL,,,PADDOCK SPRINGS,,,,,2019-11-01,1,1,0,0,1,1,0,0
gold_main_v2,control,control_v2,155495,PADDOCK SPRINGS,IN,2020,0,,,,,,,,,,,73.7202465437788,4.0,10.781147465437789,4.0,0,,,,,,,2016.0,2023.0,control_weighted_pseudocohort,5.0,1,0,1,1,1,0,0,0,1.0,1.0,11.0,3.0,9.0,366.0,51.27385929288103,11740.93,77991.4,0.6286110691086182,4.177583331025549,4.73661,3.0,3.0,3.0,3.0,2.0,33.333,2.0,1.0,,0.0,0.0,0.0,0.0,N,,,,,For profit - Corporation,60.0,48.1,HANCOCK REGIONAL HOSPITAL,,,PADDOCK SPRINGS,,,,,2020-11-01,1,1,1,0,1,1,1,0
gold_main_v2,control,control_v2,155495,PADDOCK SPRINGS,IN,2021,0,,,,,,,,,,,73.7202465437788,4.0,10.781147465437789,4.0,0,,,,,,,2016.0,2023.0,control_weighted_pseudocohort,5.0,1,0,1,1,1,0,0,0,1.0,1.0,11.0,3.0,9.0,365.0,52.31426381589425,12668.12,66982.03,0.6669897380139959,3.5122799071560276,3.56041,3.0,4.0,3.0,3.0,4.0,44.667,2.0,3.0,1.0,2.0,12365.0,0.0,2.0,N,,,,,For profit - Corporation,60.0,50.6,HANCOCK REGIONAL HOSPITAL,,,PADDOCK SPRINGS,,,,,2021-11-01,1,1,1,0,1,1,1,0
gold_main_v2,control,control_v2,155495,PADDOCK SPRINGS,IN,2022,0,,,,,,,,,,,73.7202465437788,4.0,10.781147465437789,4.0,0,False,False,False,False,False,False,2016.0,2023.0,control_weighted_pseudocohort,5.0,1,0,1,1,1,1,0,1,1.0,1.0,11.0,3.0,9.0,365.0,54.722114057440145,12018.09,73189.84,0.5989825495764002,3.6651258182659174,3.7821,1.0,,4.0,4.0,5.0,28.667,0.0,3.0,1.0,2.0,8264.75,0.0,2.0,N,,,,,For profit - Corporation,60.0,53.6,HANCOCK REGIONAL HOSPITAL,,,PADDOCK SPRINGS,,,,,2022-11-01,1,1,1,0,1,1,1,0
gold_main_v2,control,control_v2,155495,PADDOCK SPRINGS,IN,2023,0,,,,,,,,,,,73.7202465437788,4.0,10.781147465437789,4.0,0,False,False,False,False,False,False,2016.0,2023.0,control_weighted_pseudocohort,5.0,1,1,1,1,1,1,0,1,1.0,1.0,11.0,3.0,9.0,365.0,56.78221054308011,13212.13,76607.03,0.6376937827012654,3.695314318708488,3.5136,2.0,,4.0,5.0,5.0,24.000,0.0,3.0,1.0,1.0,7614.75,0.0,1.0,N,60.0,40.0,9.0,0.6666666666666666,For profit - Corporation,60.0,56.2,HANCOCK REGIONAL HOSPITAL,TRILOGY HEALTH SERVICES,524.0,PADDOCK SPRINGS,IN,,,,2023-11-01,1,1,1,1,1,1,1,1
gold_main_v2,control,control_v2,155495,PADDOCK SPRINGS,IN,2024,0,,,,,,,,,,,73.7202465437788,4.0,10.781147465437789,4.0,0,False,False,False,False,False,False,2016.0,2023.0,control_weighted_pseudocohort,5.0,1,1,1,1,1,1,0,1,1.0,1.0,11.0,3.0,9.0,366.0,57.48489010989011,17687.16,84007.38,0.8411593553297061,3.99672582528876,3.97523,3.0,,5.0,5.0,5.0,8.000,0.0,0.0,0.0,0.0,0.0,0.0,0.0,N,59.25,39.0,9.75,0.6578947368421052,For profit - Corporation,60.0,57.6,HANCOCK REGIONAL HOSPITAL,TRILOGY HEALTH SERVICES,524.0,PADDOCK SPRINGS,IN,,,,2024-11-01,1,1,1,1,1,1,1,1
gold_main_v2,control,control_v2,155495,PADDOCK SPRINGS,IN,2025,0,,,,,,,,,,,73.7202465437788,4.0,10.781147465437789,4.0,0,False,True,False,False,True,False,2016.0,2023.0,control_weighted_pseudocohort,5.0,1,1,1,1,1,1,0,1,1.0,1.0,11.0,3.0,9.0,273.0,56.74521332130028,12321.52,61665.009999999995,0.7961601430945677,3.982114268326861,3.93832,3.0,,3.0,4.0,5.0,33.000,0.0,5.0,,0.0,0.0,0.0,0.0,N,57.0,36.0,12.0,0.631578947368421,For profit - Limited Liability company,60.0,56.9,HANCOCK REGIONAL HOSPITAL,TRILOGY HEALTH SERVICES,524.0,PADDOCK SPRINGS,IN,,,,2025-11-01,1,1,1,1,1,1,1,1
gold_main_v2,control,control_v2,155495,PADDOCK SPRINGS,IN,2026,0,,,,,,,,,,,73.7202465437788,4.0,10.781147465437789,4.0,0,False,True,False,False,True,False,2016.0,2023.0,control_weighted_pseudocohort,5.0,1,0,0,1,1,1,0,1,1.0,1.0,11.0,3.0,9.0,,,,,,,4.05032,3.0,,3.0,4.0,5.0,33.000,,,,0.0,0.0,0.0,0.0,N,,,,,For profit - Limited Liability company,60.0,56.4,HANCOCK REGIONAL HOSPITAL,TRILOGY HEALTH SERVICES,524.0,PADDOCK SPRINGS,IN,,,,2026-03-01,0,1,1,0,0,1,1,0
gold_main_v2,control,control_v2,155680,HOMEWOOD HEALTH CAMPUS,IN,2016,0,,,,,,,,,,,53.052,4.0,18.43346313364055,4.0,1,,,,,,,2016.0,2023.0,control_weighted_pseudocohort,5.0,1,0,0,1,1,0,0,0,1.0,1.0,11.0,3.0,9.0,,,,,,,5.73147,5.0,5.0,2.0,4.0,5.0,46.000,0.0,2.0,,0.0,0.0,0.0,0.0,Y,,,,,For profit - Corporation,68.0,54.0,WITHAM MEMORIAL HOSPITAL,,,HOMEWOOD HEALTH CAMPUS,,,,,,0,1,1,0,0,1,1,0
gold_main_v2,control,control_v2,155680,HOMEWOOD HEALTH CAMPUS,IN,2017,0,,,,,,,,,,,53.052,4.0,18.43346313364055,4.0,1,,,,,,,2016.0,2023.0,control_weighted_pseudocohort,5.0,1,0,1,1,1,0,0,0,1.0,1.0,11.0,3.0,9.0,365.0,56.081314699792955,13207.69,65341.42,0.6461602894164377,3.199033947987437,3.613,3.0,4.0,2.0,3.0,5.0,73.333,0.0,16.0,,0.0,0.0,0.0,0.0,N,,,,,For profit - Partnership,68.0,50.0,WITHAM MEMORIAL HOSPITAL,,,HOMEWOOD HEALTH CAMPUS,,,,,2017-12-01,1,1,1,0,1,1,1,0
gold_main_v2,control,control_v2,155680,HOMEWOOD HEALTH CAMPUS,IN,2018,0,,,,,,,,,,,53.052,4.0,18.43346313364055,4.0,1,,,,,,,2016.0,2023.0,control_weighted_pseudocohort,5.0,1,0,1,1,1,0,0,0,1.0,1.0,11.0,3.0,9.0,365.0,55.80123891808674,14254.81,62553.94,0.6992432035888339,3.0892355742039372,2.76732,,4.0,,,,78.400,0.0,23.0,,2.0,11950.0,0.0,2.0,N,,,,,Non profit - Corporation,68.0,58.0,WITHAM MEMORIAL HOSPITAL,,,HOMEWOOD HEALTH CAMPUS,,,,,2018-12-01,1,1,0,0,1,1,0,0
gold_main_v2,control,control_v2,155680,HOMEWOOD HEALTH CAMPUS,IN,2019,0,,,,,,,,,,,53.052,4.0,18.43346313364055,4.0,1,,,,,,,2016.0,2023.0,control_weighted_pseudocohort,5.0,1,0,1,1,1,0,0,0,1.0,1.0,11.0,3.0,9.0,365.0,55.3804414184849,12649.58,58267.68,0.6292764455209151,2.89376657057732,2.88867,,3.0,,,,61.333,0.0,14.0,,2.0,11950.0,0.0,2.0,N,,,,,Non profit - Corporation,68.0,53.8,WITHAM MEMORIAL HOSPITAL,,,HOMEWOOD HEALTH CAMPUS,,,,,2019-11-01,1,1,0,0,1,1,0,0
gold_main_v2,control,control_v2,155680,HOMEWOOD HEALTH CAMPUS,IN,2020,0,,,,,,,,,,,53.052,4.0,18.43346313364055,4.0,1,,,,,,,2016.0,2023.0,control_weighted_pseudocohort,5.0,1,0,1,1,1,0,0,0,1.0,1.0,11.0,3.0,9.0,366.0,41.36998327759197,9765.28,49765.3,0.6602185935308099,3.3869676758783593,4.0746,3.0,3.0,2.0,2.0,4.0,54.667,0.0,9.0,,0.0,0.0,0.0,0.0,N,,,,,Non profit - Corporation,68.0,35.8,WITHAM MEMORIAL HOSPITAL,,,HOMEWOOD HEALTH CAMPUS,,,,,2020-11-01,1,1,1,0,1,1,1,0
gold_main_v2,control,control_v2,155680,HOMEWOOD HEALTH CAMPUS,IN,2021,0,,,,,,,,,,,53.052,4.0,18.43346313364055,4.0,1,,,,,,,2016.0,2023.0,control_weighted_pseudocohort,5.0,1,0,1,1,1,0,0,0,1.0,1.0,11.0,3.0,9.0,365.0,42.40868835271009,12125.06,47817.86,0.7834562499781157,3.133723249441447,2.9307,3.0,4.0,2.0,2.0,4.0,53.333,2.0,5.0,0.0,1.0,650.0,0.0,1.0,N,,,,,Non profit - Corporation,68.0,41.2,WITHAM MEMORIAL HOSPITAL,,,HOMEWOOD HEALTH CAMPUS,,,,,2021-11-01,1,1,1,0,1,1,1,0
gold_main_v2,control,control_v2,155680,HOMEWOOD HEALTH CAMPUS,IN,2022,0,,,,,,,,,,,53.052,4.0,18.43346313364055,4.0,1,False,False,False,False,False,False,2016.0,2023.0,control_weighted_pseudocohort,5.0,1,0,1,1,1,1,0,1,1.0,1.0,11.0,3.0,9.0,365.0,49.60433787227265,16676.65,50613.259999999995,0.9226383846343034,2.8183787430686627,3.03215,1.0,,2.0,1.0,3.0,56.667,2.0,8.0,1.0,2.0,10400.0,0.0,2.0,N,,,,,Non profit - Corporation,68.0,48.3,WITHAM MEMORIAL HOSPITAL,,,HOMEWOOD HEALTH CAMPUS,,,,,2022-11-01,1,1,1,0,1,1,1,0
gold_main_v2,control,control_v2,155680,HOMEWOOD HEALTH CAMPUS,IN,2023,0,,,,,,,,,,,53.052,4.0,18.43346313364055,4.0,1,False,False,False,False,False,False,2016.0,2023.0,control_weighted_pseudocohort,5.0,1,1,1,1,1,1,0,1,1.0,1.0,11.0,3.0,9.0,365.0,51.61515501406806,13418.63,50381.64,0.7125012140744464,2.689519575715876,2.6464,1.0,,2.0,1.0,2.0,48.000,2.0,11.0,1.0,1.0,9750.0,0.0,1.0,N,56.0,30.0,5.0,0.5357142857142857,For profit - Limited Liability company,68.0,51.1,WITHAM MEMORIAL HOSPITAL,TRILOGY HEALTH SERVICES,524.0,HOMEWOOD HEALTH CAMPUS,IN,,,,2023-11-01,1,1,1,1,1,1,1,1
gold_main_v2,control,control_v2,155680,HOMEWOOD HEALTH CAMPUS,IN,2024,0,,,,,,,,,,,53.052,4.0,18.43346313364055,4.0,1,False,False,False,False,False,False,2016.0,2023.0,control_weighted_pseudocohort,5.0,1,1,1,1,1,1,0,1,1.0,1.0,11.0,3.0,9.0,366.0,52.549808886765405,12746.34,54825.43,0.6619660923757631,2.8451134494126022,2.74877,1.0,,2.0,1.0,3.0,56.000,0.0,8.0,1.0,1.0,9750.0,0.0,1.0,N,51.5,30.75,4.25,0.5989285714285715,For profit - Corporation,68.0,50.7,WITHAM MEMORIAL HOSPITAL,TRILOGY HEALTH SERVICES,524.0,HOMEWOOD HEALTH CAMPUS,IN,,,,2024-11-01,1,1,1,1,1,1,1,1
gold_main_v2,control,control_v2,155680,HOMEWOOD HEALTH CAMPUS,IN,2025,0,,,,,,,,,,,53.052,4.0,18.43346313364055,4.0,1,False,True,False,False,True,True,2016.0,2023.0,control_weighted_pseudocohort,5.0,1,1,1,1,1,1,0,1,1.0,1.0,11.0,3.0,9.0,273.0,53.99840031144379,13617.49,53950.61,0.923907838425312,3.6627780627145263,3.48921,2.0,,2.0,3.0,5.0,69.000,3.0,60.0,,0.0,0.0,0.0,0.0,N,50.333333333333336,31.333333333333332,4.666666666666667,0.622483660130719,For profit - Corporation,68.0,52.7,WITHAM MEMORIAL HOSPITAL,TRILOGY HEALTH SERVICES,524.0,HOMEWOOD HEALTH CAMPUS,IN,,,,2025-11-01,1,1,1,1,1,1,1,1
gold_main_v2,control,control_v2,155680,HOMEWOOD HEALTH CAMPUS,IN,2026,0,,,,,,,,,,,53.052,4.0,18.43346313364055,4.0,1,False,True,False,False,True,True,2016.0,2023.0,control_weighted_pseudocohort,5.0,1,0,0,1,1,1,0,1,1.0,1.0,11.0,3.0,9.0,,,,,,,4.04115,4.0,,2.0,2.0,4.0,69.000,,,,0.0,0.0,0.0,0.0,N,,,,,For profit - Corporation,68.0,54.8,WITHAM MEMORIAL HOSPITAL,TRILOGY HEALTH SERVICES,524.0,HOMEWOOD HEALTH CAMPUS,IN,,,,2026-03-01,0,1,1,0,0,1,1,0
gold_main_v2,control,control_v2,155712,COVERED BRIDGE HEALTH CAMPUS,IN,2016,0,,,,,,,,,,,50.21009677419355,4.0,21.009490783410136,4.0,1,,,,,,,2016.0,2023.0,control_weighted_pseudocohort,5.0,1,0,0,1,1,0,0,0,1.0,1.0,11.0,3.0,9.0,,,,,,,3.75614,3.0,5.0,3.0,3.0,3.0,31.333,0.0,0.0,,0.0,0.0,0.0,0.0,N,,,,,Government - County,78.0,57.0,JACKSON COUNTY SCHNECK MEMORIAL HOSPITAL,,,COVERED BRIDGE HEALTH CAMPUS,,,,,,0,1,1,0,0,1,1,0
gold_main_v2,control,control_v2,155712,COVERED BRIDGE HEALTH CAMPUS,IN,2017,0,,,,,,,,,,,50.21009677419355,4.0,21.009490783410136,4.0,1,,,,,,,2016.0,2023.0,control_weighted_pseudocohort,5.0,1,0,1,1,1,0,0,0,1.0,1.0,11.0,3.0,9.0,365.0,56.55080559537082,20669.17,70077.23999999999,1.0029117687276174,3.406775211836014,3.60656,3.0,4.0,3.0,3.0,4.0,34.000,0.0,2.0,,0.0,0.0,0.0,0.0,N,,,,,Government - County,78.0,61.0,JACKSON COUNTY SCHNECK MEMORIAL HOSPITAL,,,COVERED BRIDGE HEALTH CAMPUS,,,,,2017-12-01,1,1,1,0,1,1,1,0
gold_main_v2,control,control_v2,155712,COVERED BRIDGE HEALTH CAMPUS,IN,2018,0,,,,,,,,,,,50.21009677419355,4.0,21.009490783410136,4.0,1,,,,,,,2016.0,2023.0,control_weighted_pseudocohort,5.0,1,0,1,1,1,0,0,0,1.0,1.0,11.0,3.0,9.0,365.0,59.4119094070181,16928.96,64894.34,0.7819774771186595,2.9953114458429275,3.03079,,4.0,,,,36.800,0.0,6.0,,0.0,0.0,0.0,0.0,N,,,,,Government - County,78.0,58.6,JACKSON COUNTY SCHNECK MEMORIAL HOSPITAL,,,COVERED BRIDGE HEALTH CAMPUS,,,,,2018-12-01,1,1,0,0,1,1,0,0
gold_main_v2,control,control_v2,155712,COVERED BRIDGE HEALTH CAMPUS,IN,2019,0,,,,,,,,,,,50.21009677419355,4.0,21.009490783410136,4.0,1,,,,,,,2016.0,2023.0,control_weighted_pseudocohort,5.0,1,0,1,1,1,0,0,0,1.0,1.0,11.0,3.0,9.0,365.0,55.80494505494505,19605.68,61152.6,0.9632858375103832,3.0051256160441806,2.95274,,4.0,,,,36.000,0.0,4.0,,1.0,11700.0,0.0,1.0,N,,,,,Government - County,78.0,57.2,JACKSON COUNTY SCHNECK MEMORIAL HOSPITAL,,,COVERED BRIDGE HEALTH CAMPUS,,,,,2019-11-01,1,1,0,0,1,1,0,0
gold_main_v2,control,control_v2,155712,COVERED BRIDGE HEALTH CAMPUS,IN,2020,0,,,,,,,,,,,50.21009677419355,4.0,21.009490783410136,4.0,1,,,,,,,2016.0,2023.0,control_weighted_pseudocohort,5.0,1,0,1,1,1,0,0,0,1.0,1.0,11.0,3.0,9.0,366.0,48.253195174390825,19445.91,71999.5,1.1319983718838469,4.136171315514053,4.14733,4.0,4.0,3.0,5.0,5.0,40.000,0.0,4.0,,1.0,11700.0,0.0,1.0,N,,,,,Government - County,78.0,51.3,JACKSON COUNTY SCHNECK MEMORIAL HOSPITAL,,,COVERED BRIDGE HEALTH CAMPUS,,,,,2020-11-01,1,1,1,0,1,1,1,0
gold_main_v2,control,control_v2,155712,COVERED BRIDGE HEALTH CAMPUS,IN,2021,0,,,,,,,,,,,50.21009677419355,4.0,21.009490783410136,4.0,1,,,,,,,2016.0,2023.0,control_weighted_pseudocohort,5.0,1,0,1,1,1,0,0,0,1.0,1.0,11.0,3.0,9.0,365.0,43.98795389393215,20716.57,60417.8,1.3014791790678606,3.790524395067454,3.79934,4.0,5.0,2.0,3.0,4.0,65.667,0.0,2.0,2.0,4.0,32165.25,0.0,4.0,N,,,,,Government - County,78.0,43.0,JACKSON COUNTY SCHNECK MEMORIAL HOSPITAL,,,COVERED BRIDGE HEALTH CAMPUS,,,,,2021-11-01,1,1,1,0,1,1,1,0
gold_main_v2,control,control_v2,155712,COVERED BRIDGE HEALTH CAMPUS,IN,2022,0,,,,,,,,,,,50.21009677419355,4.0,21.009490783410136,4.0,1,False,False,False,False,False,False,2016.0,2023.0,control_weighted_pseudocohort,5.0,1,0,1,1,1,1,0,1,1.0,1.0,11.0,3.0,9.0,365.0,52.311421670117326,22175.72,65431.06,1.1635562206135182,3.433411663500956,3.31139,3.0,,3.0,4.0,5.0,47.333,0.0,2.0,2.0,4.0,30215.25,0.0,4.0,N,,,,,Government - County,78.0,52.7,JACKSON COUNTY SCHNECK MEMORIAL HOSPITAL,,,COVERED BRIDGE HEALTH CAMPUS,,,,,2022-11-01,1,1,1,0,1,1,1,0
gold_main_v2,control,control_v2,155712,COVERED BRIDGE HEALTH CAMPUS,IN,2023,0,,,,,,,,,,,50.21009677419355,4.0,21.009490783410136,4.0,1,False,False,False,False,False,False,2016.0,2023.0,control_weighted_pseudocohort,5.0,1,1,1,1,1,1,0,1,1.0,1.0,11.0,3.0,9.0,365.0,52.31064527260179,23843.83,66072.91,1.2512453346305743,3.4678835221829796,3.23558,3.0,,4.0,5.0,5.0,26.667,0.0,2.0,1.0,2.0,19500.0,0.0,2.0,N,69.0,27.0,6.0,0.391304347826087,Government - County,78.0,52.4,JACKSON COUNTY SCHNECK MEMORIAL HOSPITAL,TRILOGY HEALTH SERVICES,524.0,COVERED BRIDGE HEALTH CAMPUS,IN,,,,2023-11-01,1,1,1,1,1,1,1,1
gold_main_v2,control,control_v2,155712,COVERED BRIDGE HEALTH CAMPUS,IN,2024,0,,,,,,,,,,,50.21009677419355,4.0,21.009490783410136,4.0,1,False,False,False,False,False,False,2016.0,2023.0,control_weighted_pseudocohort,5.0,1,1,1,1,1,1,0,1,1.0,1.0,11.0,3.0,9.0,366.0,52.105679646440514,21330.4,71964.38,1.1191711306925325,3.784429852737425,3.79678,4.0,,4.0,5.0,5.0,16.667,0.0,0.0,,0.0,0.0,0.0,0.0,N,69.0,27.0,6.0,0.391304347826087,Government - County,78.0,52.8,JACKSON COUNTY SCHNECK MEMORIAL HOSPITAL,TRILOGY HEALTH SERVICES,524.0,COVERED BRIDGE HEALTH CAMPUS,IN,,,,2024-11-01,1,1,1,1,1,1,1,1
gold_main_v2,control,control_v2,155712,COVERED BRIDGE HEALTH CAMPUS,IN,2025,0,,,,,,,,,,,50.21009677419355,4.0,21.009490783410136,4.0,1,False,True,True,False,True,True,2016.0,2023.0,control_weighted_pseudocohort,5.0,1,1,1,1,1,1,0,1,1.0,1.0,11.0,3.0,9.0,273.0,52.254803489586095,14084.93,53588.44,0.9921713831451516,3.778890390180179,4.0068,4.0,,4.0,5.0,5.0,14.000,0.0,0.0,,0.0,0.0,0.0,0.0,N,73.0,34.0,6.0,0.4657534246575341,Government - County,78.0,48.7,JACKSON COUNTY SCHNECK MEMORIAL HOSPITAL,TRILOGY HEALTH SERVICES,524.0,COVERED BRIDGE HEALTH CAMPUS,IN,,,,2025-11-01,1,1,1,1,1,1,1,1
gold_main_v2,control,control_v2,155712,COVERED BRIDGE HEALTH CAMPUS,IN,2026,0,,,,,,,,,,,50.21009677419355,4.0,21.009490783410136,4.0,1,False,True,True,False,True,True,2016.0,2023.0,control_weighted_pseudocohort,5.0,1,0,0,1,1,1,0,1,1.0,1.0,11.0,3.0,9.0,,,,,,,3.78369,4.0,,4.0,5.0,5.0,14.000,,,,0.0,0.0,0.0,0.0,N,,,,,Government - County,78.0,51.3,JACKSON COUNTY SCHNECK MEMORIAL HOSPITAL,TRILOGY HEALTH SERVICES,524.0,COVERED BRIDGE HEALTH CAMPUS,IN,,,,2026-03-01,0,1,1,0,0,1,1,0
gold_main_v2,control,control_v2,155727,STONEBRIDGE HEALTH CAMPUS,IN,2016,0,,,,,,,,,,,62.01879723502304,4.0,25.04365207373272,4.0,1,,,,,,,2016.0,2023.0,control_weighted_pseudocohort,5.0,1,0,0,1,1,0,0,0,1.0,1.0,11.0,3.0,9.0,,,,,,,4.94216,4.0,3.0,2.0,3.0,3.0,57.333,0.0,0.0,,0.0,0.0,0.0,0.0,N,,,,,Government - City/county,68.0,51.0,JACKSON COUNTY SCHNECK MEMORIAL HOSPITAL,,,STONEBRIDGE HEALTH CAMPUS,,,,,,0,1,1,0,0,1,1,0
gold_main_v2,control,control_v2,155727,STONEBRIDGE HEALTH CAMPUS,IN,2017,0,,,,,,,,,,,62.01879723502304,4.0,25.04365207373272,4.0,1,,,,,,,2016.0,2023.0,control_weighted_pseudocohort,5.0,1,0,1,1,1,0,0,0,1.0,1.0,11.0,3.0,9.0,365.0,57.45874674842066,13292.37,75817.0,0.6350274650708962,3.628575815536499,3.43421,2.0,2.0,4.0,4.0,3.0,23.333,0.0,0.0,,0.0,0.0,0.0,0.0,N,,,,,For profit - Corporation,68.0,57.0,JACKSON COUNTY SCHNECK MEMORIAL HOSPITAL,,,STONEBRIDGE HEALTH CAMPUS,,,,,2017-12-01,1,1,1,0,1,1,1,0
gold_main_v2,control,control_v2,155727,STONEBRIDGE HEALTH CAMPUS,IN,2018,0,,,,,,,,,,,62.01879723502304,4.0,25.04365207373272,4.0,1,,,,,,,2016.0,2023.0,control_weighted_pseudocohort,5.0,1,0,1,1,1,0,0,0,1.0,1.0,11.0,3.0,9.0,365.0,55.68023769708552,9925.29,67932.42,0.4909083651101454,3.3504459557368382,3.34816,,3.0,,,,13.600,0.0,0.0,,0.0,0.0,0.0,0.0,N,,,,,For profit - Corporation,68.0,57.5,JACKSON COUNTY SCHNECK MEMORIAL HOSPITAL,,,STONEBRIDGE HEALTH CAMPUS,,,,,2018-12-01,1,1,0,0,1,1,0,0
gold_main_v2,control,control_v2,155727,STONEBRIDGE HEALTH CAMPUS,IN,2019,0,,,,,,,,,,,62.01879723502304,4.0,25.04365207373272,4.0,1,,,,,,,2016.0,2023.0,control_weighted_pseudocohort,5.0,1,0,1,1,1,0,0,0,1.0,1.0,11.0,3.0,9.0,365.0,53.43555900621118,10974.08,65167.46000000001,0.562833936919875,3.3516189380025976,3.2483,,2.0,,,,8.667,0.0,2.0,,0.0,0.0,0.0,0.0,N,,,,,Government - County,68.0,53.3,JACKSON COUNTY SCHNECK MEMORIAL HOSPITAL,,,STONEBRIDGE HEALTH CAMPUS,,,,,2019-11-01,1,1,0,0,1,1,0,0
gold_main_v2,control,control_v2,155727,STONEBRIDGE HEALTH CAMPUS,IN,2020,0,,,,,,,,,,,62.01879723502304,4.0,25.04365207373272,4.0,1,,,,,,,2016.0,2023.0,control_weighted_pseudocohort,5.0,1,0,1,1,1,0,0,0,1.0,1.0,11.0,3.0,9.0,366.0,48.79279144768275,10239.46,66276.03,0.5816603762968335,3.7442908381901505,3.51681,3.0,3.0,5.0,5.0,3.0,8.667,0.0,2.0,,0.0,0.0,0.0,0.0,N,,,,,Government - County,68.0,49.9,JACKSON COUNTY SCHNECK MEMORIAL HOSPITAL,,,STONEBRIDGE HEALTH CAMPUS,,,,,2020-11-01,1,1,1,0,1,1,1,0
gold_main_v2,control,control_v2,155727,STONEBRIDGE HEALTH CAMPUS,IN,2021,0,,,,,,,,,,,62.01879723502304,4.0,25.04365207373272,4.0,1,,,,,,,2016.0,2023.0,control_weighted_pseudocohort,5.0,1,0,1,1,1,0,0,0,1.0,1.0,11.0,3.0,9.0,365.0,47.00877793703881,10880.27,61056.2,0.6306302310711596,3.581053687870877,3.53813,3.0,3.0,5.0,5.0,3.0,9.333,0.0,3.0,0.0,1.0,650.0,0.0,1.0,N,,,,,Government - County,68.0,46.3,JACKSON COUNTY SCHNECK MEMORIAL HOSPITAL,,,STONEBRIDGE HEALTH CAMPUS,,,,,2021-11-01,1,1,1,0,1,1,1,0
gold_main_v2,control,control_v2,155727,STONEBRIDGE HEALTH CAMPUS,IN,2022,0,,,,,,,,,,,62.01879723502304,4.0,25.04365207373272,4.0,1,False,False,False,False,False,False,2016.0,2023.0,control_weighted_pseudocohort,5.0,1,0,1,1,1,1,0,1,1.0,1.0,11.0,3.0,9.0,365.0,53.42458857567553,15459.78,65894.62,0.7940239414417629,3.387558973837326,3.40675,3.0,,5.0,5.0,4.0,10.667,0.0,1.0,0.0,1.0,650.0,0.0,1.0,N,,,,,For profit - Corporation,68.0,52.6,JACKSON COUNTY SCHNECK MEMORIAL HOSPITAL,,,STONEBRIDGE HEALTH CAMPUS,,,,,2022-11-01,1,1,1,0,1,1,1,0
gold_main_v2,control,control_v2,155727,STONEBRIDGE HEALTH CAMPUS,IN,2023,0,,,,,,,,,,,62.01879723502304,4.0,25.04365207373272,4.0,1,False,False,False,False,False,False,2016.0,2023.0,control_weighted_pseudocohort,5.0,1,1,1,1,1,1,0,1,1.0,1.0,11.0,3.0,9.0,365.0,52.16757379094335,15796.25,66392.48,0.8289969566605798,3.4971682123285976,3.66534,3.0,,4.0,4.0,3.0,23.333,0.0,1.0,0.0,0.0,0.0,0.0,0.0,N,54.0,35.0,8.0,0.6481481481481481,For profit - Corporation,68.0,50.0,JACKSON COUNTY SCHNECK MEMORIAL HOSPITAL,TRILOGY HEALTH SERVICES,524.0,STONEBRIDGE HEALTH CAMPUS,IN,,,,2023-11-01,1,1,1,1,1,1,1,1
gold_main_v2,control,control_v2,155727,STONEBRIDGE HEALTH CAMPUS,IN,2024,0,,,,,,,,,,,62.01879723502304,4.0,25.04365207373272,4.0,1,False,False,False,False,False,False,2016.0,2023.0,control_weighted_pseudocohort,5.0,1,1,1,1,1,1,0,1,1.0,1.0,11.0,3.0,9.0,366.0,58.454102962255135,14393.81,67568.0,0.679610434550485,3.1652844541548086,3.17341,3.0,,4.0,4.0,4.0,20.000,0.0,0.0,0.0,1.0,7442.5,0.0,1.0,N,62.5,34.5,10.5,0.5798611111111112,For profit - Corporation,68.0,56.5,JACKSON COUNTY SCHNECK MEMORIAL HOSPITAL,TRILOGY HEALTH SERVICES,524.0,STONEBRIDGE HEALTH CAMPUS,IN,,,,2024-11-01,1,1,1,1,1,1,1,1
gold_main_v2,control,control_v2,155727,STONEBRIDGE HEALTH CAMPUS,IN,2025,0,,,,,,,,,,,62.01879723502304,4.0,25.04365207373272,4.0,1,False,True,False,False,True,True,2016.0,2023.0,control_weighted_pseudocohort,5.0,1,1,1,1,1,1,0,1,1.0,1.0,11.0,3.0,9.0,273.0,62.0618587531631,10593.25,58809.21,0.6241995861212383,3.4745606617014553,3.52739,3.0,,5.0,5.0,5.0,3.000,0.0,3.0,,1.0,7443.0,0.0,1.0,N,88.0,33.0,18.0,0.375,For profit - Corporation,68.0,61.4,JACKSON COUNTY SCHNECK MEMORIAL HOSPITAL,TRILOGY HEALTH SERVICES,524.0,STONEBRIDGE HEALTH CAMPUS,IN,,,,2025-11-01,1,1,1,1,1,1,1,1
gold_main_v2,control,control_v2,155727,STONEBRIDGE HEALTH CAMPUS,IN,2026,0,,,,,,,,,,,62.01879723502304,4.0,25.04365207373272,4.0,1,False,True,False,False,True,True,2016.0,2023.0,control_weighted_pseudocohort,5.0,1,0,0,1,1,1,0,1,1.0,1.0,11.0,3.0,9.0,,,,,,,3.50525,3.0,,5.0,5.0,5.0,3.000,,,,0.0,0.0,0.0,0.0,N,,,,,For profit - Corporation,68.0,63.4,JACKSON COUNTY SCHNECK MEMORIAL HOSPITAL,TRILOGY HEALTH SERVICES,524.0,STONEBRIDGE HEALTH CAMPUS,IN,,,,2026-03-01,0,1,1,0,0,1,1,0
gold_main_v2,control,control_v2,155735,ASHFORD PLACE HEALTH CAMPUS,IN,2016,0,,,,,,,,,,,53.19409907834102,4.0,22.03215207373272,4.0,1,,,,,,,2016.0,2023.0,control_weighted_pseudocohort,5.0,1,0,0,1,1,0,0,0,1.0,1.0,11.0,3.0,9.0,,,,,,,4.213,3.0,3.0,2.0,2.0,3.0,46.000,0.0,9.0,,0.0,0.0,0.0,0.0,N,,,,,Government - County,68.0,50.0,HANCOCK REGIONAL HOSPITAL,,,ASHFORD PLACE HEALTH CAMPUS,,,,,,0,1,1,0,0,1,1,0
gold_main_v2,control,control_v2,155735,ASHFORD PLACE HEALTH CAMPUS,IN,2017,0,,,,,,,,,,,53.19409907834102,4.0,22.03215207373272,4.0,1,,,,,,,2016.0,2023.0,control_weighted_pseudocohort,5.0,1,0,1,1,1,0,0,0,1.0,1.0,11.0,3.0,9.0,365.0,52.624842066146414,19201.57,74260.41,0.9998205516602454,3.882736585473199,3.61182,2.0,4.0,2.0,3.0,5.0,46.000,0.0,4.0,,0.0,0.0,0.0,0.0,N,,,,,Government - County,68.0,55.0,HANCOCK REGIONAL HOSPITAL,,,ASHFORD PLACE HEALTH CAMPUS,,,,,2017-12-01,1,1,1,0,1,1,1,0
gold_main_v2,control,control_v2,155735,ASHFORD PLACE HEALTH CAMPUS,IN,2018,0,,,,,,,,,,,53.19409907834102,4.0,22.03215207373272,4.0,1,,,,,,,2016.0,2023.0,control_weighted_pseudocohort,5.0,1,0,1,1,1,0,0,0,1.0,1.0,11.0,3.0,9.0,365.0,55.18261002282741,14327.26,69317.04000000001,0.713609895810404,3.450379982970067,3.45201,,3.0,,,,41.600,0.0,1.0,,1.0,6500.0,0.0,1.0,N,,,,,Government - County,68.0,55.0,HANCOCK REGIONAL HOSPITAL,,,ASHFORD PLACE HEALTH CAMPUS,,,,,2018-12-01,1,1,0,0,1,1,0,0
gold_main_v2,control,control_v2,155735,ASHFORD PLACE HEALTH CAMPUS,IN,2019,0,,,,,,,,,,,53.19409907834102,4.0,22.03215207373272,4.0,1,,,,,,,2016.0,2023.0,control_weighted_pseudocohort,5.0,1,0,1,1,1,0,0,0,1.0,1.0,11.0,3.0,9.0,365.0,57.54716847162499,13616.72,66532.91,0.6475690173170352,3.170647245499117,3.09915,,2.0,,,,50.667,0.0,1.0,,1.0,6500.0,0.0,1.0,N,,,,,Government - County,68.0,56.8,HANCOCK REGIONAL HOSPITAL,,,ASHFORD PLACE HEALTH CAMPUS,,,,,2019-11-01,1,1,0,0,1,1,0,0
gold_main_v2,control,control_v2,155735,ASHFORD PLACE HEALTH CAMPUS,IN,2020,0,,,,,,,,,,,53.19409907834102,4.0,22.03215207373272,4.0,1,,,,,,,2016.0,2023.0,control_weighted_pseudocohort,5.0,1,0,1,1,1,0,0,0,1.0,1.0,11.0,3.0,9.0,366.0,49.30831939799331,13563.91,64509.77,0.7552627617105836,3.5897655286636683,3.68279,3.0,3.0,3.0,4.0,5.0,48.667,0.0,1.0,,1.0,6500.0,0.0,1.0,N,,,,,Government - County,68.0,46.6,HANCOCK REGIONAL HOSPITAL,,,ASHFORD PLACE HEALTH CAMPUS,,,,,2020-11-01,1,1,1,0,1,1,1,0
gold_main_v2,control,control_v2,155735,ASHFORD PLACE HEALTH CAMPUS,IN,2021,0,,,,,,,,,,,53.19409907834102,4.0,22.03215207373272,4.0,1,,,,,,,2016.0,2023.0,control_weighted_pseudocohort,5.0,1,0,1,1,1,0,0,0,1.0,1.0,11.0,3.0,9.0,365.0,51.03251247544726,11463.69,64126.600000000006,0.6229881127497344,3.4539013079919254,3.41132,2.0,3.0,2.0,3.0,5.0,58.000,0.0,1.0,3.0,4.0,26650.0,0.0,4.0,N,,,,,Government - County,68.0,53.2,HANCOCK REGIONAL HOSPITAL,,,ASHFORD PLACE HEALTH CAMPUS,,,,,2021-11-01,1,1,1,0,1,1,1,0
gold_main_v2,control,control_v2,155735,ASHFORD PLACE HEALTH CAMPUS,IN,2022,0,,,,,,,,,,,53.19409907834102,4.0,22.03215207373272,4.0,1,False,False,False,False,False,False,2016.0,2023.0,control_weighted_pseudocohort,5.0,1,0,1,1,1,1,0,1,1.0,1.0,11.0,3.0,9.0,365.0,50.81595264638743,14237.12,69217.47,0.7685314746038395,3.737179298385571,3.74582,4.0,,2.0,3.0,5.0,63.333,0.0,8.0,3.0,3.0,20150.0,0.0,3.0,N,,,,,Government - County,68.0,50.6,HANCOCK REGIONAL HOSPITAL,,,ASHFORD PLACE HEALTH CAMPUS,,,,,2022-11-01,1,1,1,0,1,1,1,0
gold_main_v2,control,control_v2,155735,ASHFORD PLACE HEALTH CAMPUS,IN,2023,0,,,,,,,,,,,53.19409907834102,4.0,22.03215207373272,4.0,1,False,False,False,False,False,False,2016.0,2023.0,control_weighted_pseudocohort,5.0,1,1,1,1,1,1,0,1,1.0,1.0,11.0,3.0,9.0,365.0,48.86415498752456,13883.35,69133.98999999999,0.7810503774980623,3.890610539224702,3.98279,3.0,,1.0,2.0,5.0,119.500,0.0,9.0,1.0,2.0,19808.75,0.0,2.0,N,49.0,22.0,20.0,0.4489795918367347,For profit - Corporation,68.0,47.2,HANCOCK REGIONAL HOSPITAL,TRILOGY HEALTH SERVICES,524.0,ASHFORD PLACE HEALTH CAMPUS,IN,,,,2023-11-01,1,1,1,1,1,1,1,1
gold_main_v2,control,control_v2,155735,ASHFORD PLACE HEALTH CAMPUS,IN,2024,0,,,,,,,,,,,53.19409907834102,4.0,22.03215207373272,4.0,1,False,False,False,False,False,False,2016.0,2023.0,control_weighted_pseudocohort,5.0,1,1,1,1,1,1,0,1,1.0,1.0,11.0,3.0,9.0,366.0,51.838270425226945,11238.78,68510.56,0.5954181259913535,3.623103153108904,3.42303,2.0,,1.0,1.0,4.0,95.000,0.0,9.0,0.0,2.0,38944.75,1.0,3.0,N,53.5,25.75,15.5,0.4804267161410018,For profit - Corporation,68.0,53.1,HANCOCK REGIONAL HOSPITAL,TRILOGY HEALTH SERVICES,524.0,ASHFORD PLACE HEALTH CAMPUS,IN,,,,2024-11-01,1,1,1,1,1,1,1,1
gold_main_v2,control,control_v2,155735,ASHFORD PLACE HEALTH CAMPUS,IN,2025,0,,,,,,,,,,,53.19409907834102,4.0,22.03215207373272,4.0,1,False,True,False,False,False,True,2016.0,2023.0,control_weighted_pseudocohort,5.0,1,1,1,1,1,1,0,1,1.0,1.0,11.0,3.0,9.0,273.0,51.261812744421434,8101.36,54469.31,0.5808155942741245,3.901120602125785,3.87249,3.0,,2.0,3.0,5.0,76.250,2.0,7.0,,1.0,28886.0,1.0,2.0,N,53.666666666666664,29.666666666666668,12.666666666666666,0.5560308972073678,For profit - Corporation,68.0,51.6,HANCOCK REGIONAL HOSPITAL,TRILOGY HEALTH SERVICES,524.0,ASHFORD PLACE HEALTH CAMPUS,IN,,,,2025-11-01,1,1,1,1,1,1,1,1
gold_main_v2,control,control_v2,155735,ASHFORD PLACE HEALTH CAMPUS,IN,2026,0,,,,,,,,,,,53.19409907834102,4.0,22.03215207373272,4.0,1,False,True,False,False,False,True,2016.0,2023.0,control_weighted_pseudocohort,5.0,1,0,0,1,1,1,0,1,1.0,1.0,11.0,3.0,9.0,,,,,,,3.7778,3.0,,3.0,4.0,5.0,30.000,,,,0.0,0.0,0.0,0.0,N,,,,,Non profit - Other,68.0,53.4,HANCOCK REGIONAL HOSPITAL,TRILOGY HEALTH SERVICES,524.0,ASHFORD PLACE HEALTH CAMPUS,IN,,,,2026-03-01,0,1,1,0,0,1,1,0
gold_main_v2,control,control_v2,155736,MILL POND HEALTH CAMPUS,IN,2016,0,,,,,,,,,,,61.1349400921659,4.0,17.66633870967742,4.0,1,,,,,,,2016.0,2023.0,control_weighted_pseudocohort,5.0,1,0,0,1,1,0,0,0,1.0,1.0,11.0,3.0,9.0,,,,,,,3.59465,3.0,4.0,4.0,4.0,2.0,24.000,0.0,4.0,,0.0,0.0,0.0,0.0,Y,,,,,For profit - Corporation,68.0,56.0,PUTNAM COUNTY HOSPITAL,,,MILL POND HEALTH CAMPUS,,,,,,0,1,1,0,0,1,1,0
gold_main_v2,control,control_v2,155736,MILL POND HEALTH CAMPUS,IN,2017,0,,,,,,,,,,,61.1349400921659,4.0,17.66633870967742,4.0,1,,,,,,,2016.0,2023.0,control_weighted_pseudocohort,5.0,1,0,1,1,1,0,0,0,1.0,1.0,11.0,3.0,9.0,365.0,58.587414397197,9402.61,69165.97,0.4419965746953507,3.2469200443393187,3.68091,3.0,3.0,4.0,3.0,1.0,26.000,0.0,4.0,,0.0,0.0,0.0,0.0,N,,,,,For profit - Corporation,68.0,55.0,PUTNAM COUNTY HOSPITAL,,,MILL POND HEALTH CAMPUS,,,,,2017-12-01,1,1,1,0,1,1,1,0
gold_main_v2,control,control_v2,155736,MILL POND HEALTH CAMPUS,IN,2018,0,,,,,,,,,,,61.1349400921659,4.0,17.66633870967742,4.0,1,,,,,,,2016.0,2023.0,control_weighted_pseudocohort,5.0,1,0,1,1,1,0,0,0,1.0,1.0,11.0,3.0,9.0,365.0,56.4130806391676,11164.25,69609.53,0.5431457370925078,3.383956956043081,3.38136,,3.0,,,,23.200,0.0,1.0,,0.0,0.0,0.0,0.0,N,,,,,For profit - Corporation,68.0,57.8,PUTNAM COUNTY HOSPITAL,,,MILL POND HEALTH CAMPUS,,,,,2018-12-01,1,1,0,0,1,1,0,0
gold_main_v2,control,control_v2,155736,MILL POND HEALTH CAMPUS,IN,2019,0,,,,,,,,,,,61.1349400921659,4.0,17.66633870967742,4.0,1,,,,,,,2016.0,2023.0,control_weighted_pseudocohort,5.0,1,0,1,1,1,0,0,0,1.0,1.0,11.0,3.0,9.0,365.0,51.46468917555874,12381.28,64405.36,0.661945717559334,3.4479713347969043,3.11162,,3.0,,,,26.667,0.0,1.0,,0.0,0.0,0.0,0.0,N,,,,,For profit - Corporation,68.0,56.5,PUTNAM COUNTY HOSPITAL,,,MILL POND HEALTH CAMPUS,,,,,2019-11-01,1,1,0,0,1,1,0,0
gold_main_v2,control,control_v2,155736,MILL POND HEALTH CAMPUS,IN,2020,0,,,,,,,,,,,61.1349400921659,4.0,17.66633870967742,4.0,1,,,,,,,2016.0,2023.0,control_weighted_pseudocohort,5.0,1,0,1,1,1,0,0,0,1.0,1.0,11.0,3.0,9.0,366.0,44.4375,12714.35,61564.380000000005,0.7889819901016532,3.8213042899251857,4.03733,4.0,4.0,4.0,4.0,3.0,26.667,0.0,1.0,,0.0,0.0,0.0,0.0,N,,,,,For profit - Corporation,68.0,39.5,PUTNAM COUNTY HOSPITAL,,,MILL POND HEALTH CAMPUS,,,,,2020-11-01,1,1,1,0,1,1,1,0
gold_main_v2,control,control_v2,155736,MILL POND HEALTH CAMPUS,IN,2021,0,,,,,,,,,,,61.1349400921659,4.0,17.66633870967742,4.0,1,,,,,,,2016.0,2023.0,control_weighted_pseudocohort,5.0,1,0,1,1,1,0,0,0,1.0,1.0,11.0,3.0,9.0,365.0,46.27772734511865,10298.18,61134.79,0.6193922956298482,3.6181782073638806,3.51552,2.0,2.0,4.0,4.0,3.0,28.000,0.0,0.0,2.0,2.0,10400.0,0.0,2.0,N,,,,,For profit - Corporation,68.0,49.7,PUTNAM COUNTY HOSPITAL,,,MILL POND HEALTH CAMPUS,,,,,2021-11-01,1,1,1,0,1,1,1,0
gold_main_v2,control,control_v2,155736,MILL POND HEALTH CAMPUS,IN,2022,0,,,,,,,,,,,61.1349400921659,4.0,17.66633870967742,4.0,1,False,False,False,False,False,False,2016.0,2023.0,control_weighted_pseudocohort,5.0,1,0,1,1,1,1,0,1,1.0,1.0,11.0,3.0,9.0,365.0,41.80314739608218,9487.42,49205.19,0.6248787754278813,3.2320326043465495,3.32947,2.0,,4.0,4.0,2.0,28.667,1.0,0.0,2.0,3.0,20150.0,0.0,3.0,N,,,,,For profit - Corporation,68.0,40.8,PUTNAM COUNTY HOSPITAL,,,MILL POND HEALTH CAMPUS,,,,,2022-11-01,1,1,1,0,1,1,1,0
gold_main_v2,control,control_v2,155736,MILL POND HEALTH CAMPUS,IN,2023,0,,,,,,,,,,,61.1349400921659,4.0,17.66633870967742,4.0,1,False,False,False,False,False,False,2016.0,2023.0,control_weighted_pseudocohort,5.0,1,1,1,1,1,1,0,1,1.0,1.0,11.0,3.0,9.0,365.0,46.131761294261295,11204.54,52513.19,0.6611806863931999,3.12821304365888,3.03796,2.0,,2.0,2.0,4.0,57.333,1.0,3.0,2.0,3.0,34500.0,0.0,3.0,N,41.0,26.0,5.0,0.6341463414634146,For profit - Corporation,68.0,45.1,PUTNAM COUNTY HOSPITAL,TRILOGY HEALTH SERVICES,524.0,MILL POND HEALTH CAMPUS,IN,,,,2023-11-01,1,1,1,1,1,1,1,1
gold_main_v2,control,control_v2,155736,MILL POND HEALTH CAMPUS,IN,2024,0,,,,,,,,,,,61.1349400921659,4.0,17.66633870967742,4.0,1,False,False,False,False,False,False,2016.0,2023.0,control_weighted_pseudocohort,5.0,1,1,1,1,1,1,0,1,1.0,1.0,11.0,3.0,9.0,366.0,50.40420449116101,17006.04,61821.29,0.9236383571415312,3.3579159839857993,3.2447,2.0,,3.0,3.0,4.0,36.000,1.0,3.0,,1.0,10381.8,0.0,1.0,N,47.0,32.0,9.0,0.6808510638297872,Government - County,68.0,53.5,PUTNAM COUNTY HOSPITAL,TRILOGY HEALTH SERVICES,524.0,MILL POND HEALTH CAMPUS,IN,,,,2024-11-01,1,1,1,1,1,1,1,1
gold_main_v2,control,control_v2,155736,MILL POND HEALTH CAMPUS,IN,2025,0,,,,,,,,,,,61.1349400921659,4.0,17.66633870967742,4.0,1,False,True,False,False,True,True,2016.0,2023.0,control_weighted_pseudocohort,5.0,1,1,1,1,1,1,0,1,1.0,1.0,11.0,3.0,9.0,273.0,54.53749270053618,11219.5,49849.850000000006,0.7630754550070061,3.362015949573369,3.40732,2.0,,3.0,4.0,5.0,25.000,1.0,5.0,,0.0,0.0,0.0,0.0,N,49.0,30.0,9.0,0.6136170212765957,Government - County,68.0,54.7,PUTNAM COUNTY HOSPITAL,TRILOGY HEALTH SERVICES,524.0,MILL POND HEALTH CAMPUS,IN,,,,2025-11-01,1,1,1,1,1,1,1,1
gold_main_v2,control,control_v2,155736,MILL POND HEALTH CAMPUS,IN,2026,0,,,,,,,,,,,61.1349400921659,4.0,17.66633870967742,4.0,1,False,True,False,False,True,True,2016.0,2023.0,control_weighted_pseudocohort,5.0,1,0,0,1,1,1,0,1,1.0,1.0,11.0,3.0,9.0,,,,,,,3.14438,2.0,,4.0,5.0,5.0,20.000,,,,0.0,0.0,0.0,0.0,N,,,,,Government - County,68.0,58.6,PUTNAM COUNTY HOSPITAL,TRILOGY HEALTH SERVICES,524.0,MILL POND HEALTH CAMPUS,IN,,,,2026-03-01,0,1,1,0,0,1,1,0
gold_main_v2,control,control_v2,155762,FOREST PARK HEALTH CAMPUS,IN,2016,0,,,,,,,,,,,57.72119815668203,4.0,25.126582949308755,4.0,1,,,,,,,2016.0,2023.0,control_weighted_pseudocohort,5.0,1,0,0,1,1,0,0,0,1.0,1.0,11.0,3.0,9.0,,,,,,,3.79922,3.0,3.0,3.0,3.0,4.0,36.667,0.0,6.0,,0.0,0.0,0.0,0.0,Y,,,,,For profit - Corporation,70.0,64.0,HENRY COUNTY MEMORIAL HOSPITAL,,,FOREST PARK HEALTH CAMPUS,,,,,,0,1,1,0,0,1,1,0
gold_main_v2,control,control_v2,155762,FOREST PARK HEALTH CAMPUS,IN,2017,0,,,,,,,,,,,57.72119815668203,4.0,25.126582949308755,4.0,1,,,,,,,2016.0,2023.0,control_weighted_pseudocohort,5.0,1,0,1,1,1,0,0,0,1.0,1.0,11.0,3.0,9.0,365.0,54.60929022668153,16393.07,76949.38,0.8240714085926977,3.869718802235496,3.89375,3.0,4.0,3.0,3.0,3.0,27.333,2.0,8.0,,0.0,0.0,0.0,0.0,N,,,,,Government - County,70.0,56.0,HENRY COUNTY MEMORIAL HOSPITAL,,,FOREST PARK HEALTH CAMPUS,,,,,2017-12-01,1,1,1,0,1,1,1,0
gold_main_v2,control,control_v2,155762,FOREST PARK HEALTH CAMPUS,IN,2018,0,,,,,,,,,,,57.72119815668203,4.0,25.126582949308755,4.0,1,,,,,,,2016.0,2023.0,control_weighted_pseudocohort,5.0,1,0,1,1,1,0,0,0,1.0,1.0,11.0,3.0,9.0,365.0,55.17660521845304,15040.38,72471.47,0.7474309857837413,3.6059888801557696,3.51507,,4.0,,,,22.400,2.0,2.0,,0.0,0.0,0.0,0.0,N,,,,,Government - County,70.0,56.8,HENRY COUNTY MEMORIAL HOSPITAL,,,FOREST PARK HEALTH CAMPUS,,,,,2018-12-01,1,1,0,0,1,1,0,0
gold_main_v2,control,control_v2,155762,FOREST PARK HEALTH CAMPUS,IN,2019,0,,,,,,,,,,,57.72119815668203,4.0,25.126582949308755,4.0,1,,,,,,,2016.0,2023.0,control_weighted_pseudocohort,5.0,1,0,1,1,1,0,0,0,1.0,1.0,11.0,3.0,9.0,365.0,54.281838934012846,14768.06,71782.05,0.7450247725555383,3.623958882738916,3.4926,,3.0,,,,29.333,0.0,0.0,,0.0,0.0,0.0,0.0,N,,,,,Government - County,70.0,55.5,HENRY COUNTY MEMORIAL HOSPITAL,,,FOREST PARK HEALTH CAMPUS,,,,,2019-11-01,1,1,0,0,1,1,0,0
gold_main_v2,control,control_v2,155762,FOREST PARK HEALTH CAMPUS,IN,2020,0,,,,,,,,,,,57.72119815668203,4.0,25.126582949308755,4.0,1,,,,,,,2016.0,2023.0,control_weighted_pseudocohort,5.0,1,0,1,1,1,0,0,0,1.0,1.0,11.0,3.0,9.0,366.0,47.991250597228856,13061.76,68530.94,0.7503003618453774,3.9459098014787166,3.93814,3.0,3.0,3.0,3.0,4.0,29.333,0.0,0.0,,0.0,0.0,0.0,0.0,N,,,,,Government - County,70.0,45.4,HENRY COUNTY MEMORIAL HOSPITAL,,,FOREST PARK HEALTH CAMPUS,,,,,2020-11-01,1,1,1,0,1,1,1,0
gold_main_v2,control,control_v2,155762,FOREST PARK HEALTH CAMPUS,IN,2021,0,,,,,,,,,,,57.72119815668203,4.0,25.126582949308755,4.0,1,,,,,,,2016.0,2023.0,control_weighted_pseudocohort,5.0,1,0,1,1,1,0,0,0,1.0,1.0,11.0,3.0,9.0,365.0,52.55234511864947,14220.31,61570.76,0.7515102340380895,3.232459609320448,3.23908,2.0,3.0,3.0,3.0,3.0,29.333,0.0,0.0,0.0,1.0,2275.0,0.0,1.0,N,,,,,Government - County,70.0,53.3,HENRY COUNTY MEMORIAL HOSPITAL,,,FOREST PARK HEALTH CAMPUS,,,,,2021-11-01,1,1,1,0,1,1,1,0
gold_main_v2,control,control_v2,155762,FOREST PARK HEALTH CAMPUS,IN,2022,0,,,,,,,,,,,57.72119815668203,4.0,25.126582949308755,4.0,1,False,False,False,False,False,False,2016.0,2023.0,control_weighted_pseudocohort,5.0,1,0,1,1,1,1,0,1,1.0,1.0,11.0,3.0,9.0,365.0,53.711154244306414,9557.12,62508.41,0.4895026861659103,3.210702896487303,2.74673,1.0,,3.0,2.0,4.0,40.667,0.0,3.0,0.0,1.0,2275.0,0.0,1.0,N,,,,,Government - County,70.0,53.6,HENRY COUNTY MEMORIAL HOSPITAL,,,FOREST PARK HEALTH CAMPUS,,,,,2022-11-01,1,1,1,0,1,1,1,0
gold_main_v2,control,control_v2,155762,FOREST PARK HEALTH CAMPUS,IN,2023,0,,,,,,,,,,,57.72119815668203,4.0,25.126582949308755,4.0,1,False,False,False,False,False,False,2016.0,2023.0,control_weighted_pseudocohort,5.0,1,1,1,1,1,1,0,1,1.0,1.0,11.0,3.0,9.0,365.0,53.72408292190901,11629.84,72389.11,0.5940050563644468,3.6959000052008353,3.69316,2.0,,3.0,3.0,3.0,36.667,0.0,3.0,0.0,0.0,0.0,0.0,0.0,N,67.0,30.0,15.0,0.4477611940298507,Government - County,70.0,54.4,HENRY COUNTY MEMORIAL HOSPITAL,TRILOGY HEALTH SERVICES,524.0,FOREST PARK HEALTH CAMPUS,IN,,,,2023-11-01,1,1,1,1,1,1,1,1
gold_main_v2,control,control_v2,155762,FOREST PARK HEALTH CAMPUS,IN,2024,0,,,,,,,,,,,57.72119815668203,4.0,25.126582949308755,4.0,1,False,False,False,False,False,False,2016.0,2023.0,control_weighted_pseudocohort,5.0,1,1,1,1,1,1,0,1,1.0,1.0,11.0,3.0,9.0,366.0,53.77057453416149,14741.31,64552.53,0.7488459735447958,3.283801361039825,3.25841,2.0,,3.0,3.0,4.0,29.333,0.0,0.0,0.0,0.0,0.0,0.0,0.0,N,67.0,30.0,15.0,0.4477611940298507,For profit - Corporation,70.0,53.2,HENRY COUNTY MEMORIAL HOSPITAL,TRILOGY HEALTH SERVICES,524.0,FOREST PARK HEALTH CAMPUS,IN,,,,2024-11-01,1,1,1,1,1,1,1,1
gold_main_v2,control,control_v2,155762,FOREST PARK HEALTH CAMPUS,IN,2025,0,,,,,,,,,,,57.72119815668203,4.0,25.126582949308755,4.0,1,False,True,False,False,True,True,2016.0,2023.0,control_weighted_pseudocohort,5.0,1,1,1,1,1,1,0,1,1.0,1.0,11.0,3.0,9.0,273.0,54.35575994054255,12722.75,46525.41,0.8588670327428508,3.139557837710933,3.01881,2.0,,4.0,5.0,5.0,15.000,0.0,2.0,,0.0,0.0,0.0,0.0,N,81.0,32.0,11.0,0.3950617283950617,For profit - Corporation,70.0,54.9,HENRY COUNTY MEMORIAL HOSPITAL,TRILOGY HEALTH SERVICES,524.0,FOREST PARK HEALTH CAMPUS,IN,,,,2025-11-01,1,1,1,1,1,1,1,1
gold_main_v2,control,control_v2,155762,FOREST PARK HEALTH CAMPUS,IN,2026,0,,,,,,,,,,,57.72119815668203,4.0,25.126582949308755,4.0,1,False,True,False,False,True,True,2016.0,2023.0,control_weighted_pseudocohort,5.0,1,0,0,1,1,1,0,1,1.0,1.0,11.0,3.0,9.0,,,,,,,3.36582,2.0,,4.0,5.0,5.0,15.000,,,,0.0,0.0,0.0,0.0,N,,,,,For profit - Corporation,70.0,54.0,HENRY COUNTY MEMORIAL HOSPITAL,TRILOGY HEALTH SERVICES,524.0,FOREST PARK HEALTH CAMPUS,IN,,,,2026-03-01,0,1,1,0,0,1,1,0
gold_main_v2,control,control_v2,155772,COBBLESTONE CROSSINGS HEALTH CAMPUS,IN,2016,0,,,,,,,,,,,39.877806451612905,4.0,39.37523732718894,4.0,1,,,,,,,2016.0,2023.0,control_weighted_pseudocohort,5.0,1,0,0,1,1,0,0,0,1.0,1.0,11.0,3.0,9.0,,,,,,,5.02999,5.0,5.0,3.0,4.0,3.0,33.333,0.0,4.0,,0.0,0.0,0.0,0.0,N,,,,,For profit - Corporation,60.0,55.0,PUTNAM COUNTY HOSPITAL,,,COBBLESTONE CROSSINGS HEALTH CAMPUS,,,,,,0,1,1,0,0,1,1,0
gold_main_v2,control,control_v2,155772,COBBLESTONE CROSSINGS HEALTH CAMPUS,IN,2017,0,,,,,,,,,,,39.877806451612905,4.0,39.37523732718894,4.0,1,,,,,,,2016.0,2023.0,control_weighted_pseudocohort,5.0,1,0,1,1,1,0,0,0,1.0,1.0,11.0,3.0,9.0,365.0,50.56465201465201,9846.07,79794.6,0.5336763184363071,4.351711575429034,4.74535,4.0,4.0,3.0,5.0,5.0,31.333,0.0,2.0,,0.0,0.0,0.0,0.0,N,,,,,Government - County,60.0,43.0,PUTNAM COUNTY HOSPITAL,,,COBBLESTONE CROSSINGS HEALTH CAMPUS,,,,,2017-12-01,1,1,1,0,1,1,1,0
gold_main_v2,control,control_v2,155772,COBBLESTONE CROSSINGS HEALTH CAMPUS,IN,2018,0,,,,,,,,,,,39.877806451612905,4.0,39.37523732718894,4.0,1,,,,,,,2016.0,2023.0,control_weighted_pseudocohort,5.0,1,0,1,1,1,0,0,0,1.0,1.0,11.0,3.0,9.0,365.0,52.78338442958008,9911.93,81474.95999999999,0.5177583427333697,4.245319397508905,4.28611,,3.0,,,,32.000,0.0,0.0,,0.0,0.0,0.0,0.0,N,,,,,For profit - Corporation,60.0,54.3,PUTNAM COUNTY HOSPITAL,,,COBBLESTONE CROSSINGS HEALTH CAMPUS,,,,,2018-12-01,1,1,0,0,1,1,0,0
gold_main_v2,control,control_v2,155772,COBBLESTONE CROSSINGS HEALTH CAMPUS,IN,2019,0,,,,,,,,,,,39.877806451612905,4.0,39.37523732718894,4.0,1,,,,,,,2016.0,2023.0,control_weighted_pseudocohort,5.0,1,0,1,1,1,0,0,0,1.0,1.0,11.0,3.0,9.0,365.0,50.21420475659606,9840.13,76497.98999999999,0.5395630137754558,4.186272880909938,4.16216,,2.0,,,,26.667,0.0,0.0,,0.0,0.0,0.0,0.0,N,,,,,Non profit - Other,60.0,49.5,PUTNAM COUNTY HOSPITAL,,,COBBLESTONE CROSSINGS HEALTH CAMPUS,,,,,2019-11-01,1,1,0,0,1,1,0,0
gold_main_v2,control,control_v2,155772,COBBLESTONE CROSSINGS HEALTH CAMPUS,IN,2020,0,,,,,,,,,,,39.877806451612905,4.0,39.37523732718894,4.0,1,,,,,,,2016.0,2023.0,control_weighted_pseudocohort,5.0,1,0,1,1,1,0,0,0,1.0,1.0,11.0,3.0,9.0,366.0,44.27795031055901,11634.01,69681.73,0.7199126865629986,4.311731462284658,4.32784,4.0,4.0,4.0,4.0,3.0,26.667,0.0,0.0,,0.0,0.0,0.0,0.0,N,,,,,Non profit - Other,60.0,41.4,PUTNAM COUNTY HOSPITAL,,,COBBLESTONE CROSSINGS HEALTH CAMPUS,,,,,2020-11-01,1,1,1,0,1,1,1,0
gold_main_v2,control,control_v2,155772,COBBLESTONE CROSSINGS HEALTH CAMPUS,IN,2021,0,,,,,,,,,,,39.877806451612905,4.0,39.37523732718894,4.0,1,,,,,,,2016.0,2023.0,control_weighted_pseudocohort,5.0,1,0,1,1,1,0,0,0,1.0,1.0,11.0,3.0,9.0,365.0,41.81749017890322,11826.57,62458.06,0.7765304853973825,4.1150491594905345,4.36333,4.0,4.0,3.0,4.0,4.0,34.667,0.0,4.0,2.0,2.0,10400.0,0.0,2.0,N,,,,,Non profit - Other,60.0,40.7,PUTNAM COUNTY HOSPITAL,,,COBBLESTONE CROSSINGS HEALTH CAMPUS,,,,,2021-11-01,1,1,1,0,1,1,1,0
gold_main_v2,control,control_v2,155772,COBBLESTONE CROSSINGS HEALTH CAMPUS,IN,2022,0,,,,,,,,,,,39.877806451612905,4.0,39.37523732718894,4.0,1,False,False,False,False,False,False,2016.0,2023.0,control_weighted_pseudocohort,5.0,1,0,1,1,1,1,0,1,1.0,1.0,11.0,3.0,9.0,365.0,46.585157535701015,13027.47,64743.34,0.7653368642094526,3.828784758159542,3.89599,3.0,,3.0,4.0,5.0,33.333,0.0,4.0,2.0,3.0,20150.0,0.0,3.0,N,,,,,Non profit - Other,60.0,46.6,PUTNAM COUNTY HOSPITAL,,,COBBLESTONE CROSSINGS HEALTH CAMPUS,,,,,2022-11-01,1,1,1,0,1,1,1,0
gold_main_v2,control,control_v2,155772,COBBLESTONE CROSSINGS HEALTH CAMPUS,IN,2023,0,,,,,,,,,,,39.877806451612905,4.0,39.37523732718894,4.0,1,False,False,False,False,False,False,2016.0,2023.0,control_weighted_pseudocohort,5.0,1,1,1,1,1,1,0,1,1.0,1.0,11.0,3.0,9.0,365.0,44.65626891224717,16356.68,66978.08,1.00779374745551,4.122013290004745,4.27699,4.0,,3.0,4.0,5.0,34.667,0.0,9.0,0.0,1.0,9750.0,0.0,1.0,N,43.0,17.0,15.0,0.3953488372093023,Non profit - Other,60.0,44.4,PUTNAM COUNTY HOSPITAL,TRILOGY HEALTH SERVICES,524.0,COBBLESTONE CROSSINGS HEALTH CAMPUS,IN,,,,2023-11-01,1,1,1,1,1,1,1,1
gold_main_v2,control,control_v2,155772,COBBLESTONE CROSSINGS HEALTH CAMPUS,IN,2024,0,,,,,,,,,,,39.877806451612905,4.0,39.37523732718894,4.0,1,False,False,False,False,False,False,2016.0,2023.0,control_weighted_pseudocohort,5.0,1,1,1,1,1,1,0,1,1.0,1.0,11.0,3.0,9.0,366.0,44.26248208313426,16598.89,69940.02,1.0263810307405794,4.326134147477625,4.5176,4.0,,2.0,2.0,4.0,43.333,0.0,7.0,0.0,1.0,9750.0,0.0,1.0,N,58.0,19.5,14.0,0.3483593501115004,For profit - Corporation,60.0,47.7,PUTNAM COUNTY HOSPITAL,TRILOGY HEALTH SERVICES,524.0,COBBLESTONE CROSSINGS HEALTH CAMPUS,IN,,,,2024-11-01,1,1,1,1,1,1,1,1
gold_main_v2,control,control_v2,155772,COBBLESTONE CROSSINGS HEALTH CAMPUS,IN,2025,0,,,,,,,,,,,39.877806451612905,4.0,39.37523732718894,4.0,1,False,True,False,True,True,True,2016.0,2023.0,control_weighted_pseudocohort,5.0,1,1,1,1,1,1,0,1,1.0,1.0,11.0,3.0,9.0,273.0,45.05627399975226,9766.19,52220.45,0.7942993190226026,4.259312960036174,4.28401,3.0,,2.0,3.0,5.0,48.000,2.0,27.0,,0.0,0.0,0.0,0.0,N,61.666666666666664,22.0,12.0,0.3889474300433204,For profit - Corporation,60.0,44.2,PUTNAM COUNTY HOSPITAL,TRILOGY HEALTH SERVICES,524.0,COBBLESTONE CROSSINGS HEALTH CAMPUS,IN,,,,2025-11-01,1,1,1,1,1,1,1,1
gold_main_v2,control,control_v2,155772,COBBLESTONE CROSSINGS HEALTH CAMPUS,IN,2026,0,,,,,,,,,,,39.877806451612905,4.0,39.37523732718894,4.0,1,False,True,False,True,True,True,2016.0,2023.0,control_weighted_pseudocohort,5.0,1,0,0,1,1,1,0,1,1.0,1.0,11.0,3.0,9.0,,,,,,,4.23327,2.0,,2.0,3.0,5.0,60.000,,,,0.0,0.0,0.0,0.0,N,,,,,For profit - Corporation,60.0,44.3,PUTNAM COUNTY HOSPITAL,TRILOGY HEALTH SERVICES,524.0,COBBLESTONE CROSSINGS HEALTH CAMPUS,IN,,,,2026-03-01,0,1,1,0,0,1,1,0
gold_main_v2,control,control_v2,155775,CUMBERLAND POINTE HEALTH CAMPUS,IN,2016,0,,,,,,,,,,,43.268903225806454,4.0,16.603,4.0,0,,,,,,,2016.0,2023.0,control_weighted_pseudocohort,5.0,1,0,0,1,1,0,0,0,1.0,1.0,11.0,3.0,9.0,,,,,,,4.01584,4.0,5.0,4.0,5.0,5.0,25.333,0.0,1.0,,0.0,0.0,0.0,0.0,Y,,,,,Government - County,71.0,60.0,WITHAM MEMORIAL HOSPITAL,,,CUMBERLAND POINTE HEALTH CAMPUS,,,,,,0,1,1,0,0,1,1,0
gold_main_v2,control,control_v2,155775,CUMBERLAND POINTE HEALTH CAMPUS,IN,2017,0,,,,,,,,,,,43.268903225806454,4.0,16.603,4.0,0,,,,,,,2016.0,2023.0,control_weighted_pseudocohort,5.0,1,0,1,1,1,0,0,0,1.0,1.0,11.0,3.0,9.0,365.0,60.76125444603706,24019.53,77599.41,1.0872229288501578,3.509077754640528,3.75239,3.0,5.0,2.0,3.0,5.0,44.000,0.0,3.0,,0.0,0.0,0.0,0.0,N,,,,,Government - County,71.0,63.0,WITHAM MEMORIAL HOSPITAL,,,CUMBERLAND POINTE HEALTH CAMPUS,,,,,2017-12-01,1,1,1,0,1,1,1,0
gold_main_v2,control,control_v2,155775,CUMBERLAND POINTE HEALTH CAMPUS,IN,2018,0,,,,,,,,,,,43.268903225806454,4.0,16.603,4.0,0,,,,,,,2016.0,2023.0,control_weighted_pseudocohort,5.0,1,0,1,1,1,0,0,0,1.0,1.0,11.0,3.0,9.0,365.0,64.08600095556616,22311.09,75030.89,0.954497491593328,3.208982312967343,3.18723,,5.0,,,,49.600,0.0,3.0,,0.0,0.0,0.0,0.0,N,,,,,Government - County,71.0,62.6,WITHAM MEMORIAL HOSPITAL,,,CUMBERLAND POINTE HEALTH CAMPUS,,,,,2018-12-01,1,1,0,0,1,1,0,0
gold_main_v2,control,control_v2,155775,CUMBERLAND POINTE HEALTH CAMPUS,IN,2019,0,,,,,,,,,,,43.268903225806454,4.0,16.603,4.0,0,,,,,,,2016.0,2023.0,control_weighted_pseudocohort,5.0,1,0,1,1,1,0,0,0,1.0,1.0,11.0,3.0,9.0,365.0,60.207656473960824,21973.54,69786.93000000001,1.004429772598878,3.181465223774742,3.24204,,4.0,,,,40.667,0.0,2.0,,0.0,0.0,0.0,0.0,N,,,,,Government - County,71.0,60.4,WITHAM MEMORIAL HOSPITAL,,,CUMBERLAND POINTE HEALTH CAMPUS,,,,,2019-11-01,1,1,0,0,1,1,0,0
gold_main_v2,control,control_v2,155775,CUMBERLAND POINTE HEALTH CAMPUS,IN,2020,0,,,,,,,,,,,43.268903225806454,4.0,16.603,4.0,0,,,,,,,2016.0,2023.0,control_weighted_pseudocohort,5.0,1,0,1,1,1,0,0,0,1.0,1.0,11.0,3.0,9.0,366.0,57.49002627806976,24346.62,68035.58,1.159792163769735,3.2429347434768623,3.48479,4.0,5.0,3.0,5.0,5.0,35.333,0.0,2.0,,0.0,0.0,0.0,0.0,N,,,,,Government - County,71.0,54.4,WITHAM MEMORIAL HOSPITAL,,,CUMBERLAND POINTE HEALTH CAMPUS,,,,,2020-11-01,1,1,1,0,1,1,1,0
gold_main_v2,control,control_v2,155775,CUMBERLAND POINTE HEALTH CAMPUS,IN,2021,0,,,,,,,,,,,43.268903225806454,4.0,16.603,4.0,0,,,,,,,2016.0,2023.0,control_weighted_pseudocohort,5.0,1,0,1,1,1,0,0,0,1.0,1.0,11.0,3.0,9.0,365.0,57.12079683601423,22074.54,58730.53,1.071721049473792,2.8338676717006472,2.92721,3.0,5.0,3.0,3.0,4.0,39.333,1.0,7.0,0.0,1.0,650.0,0.0,1.0,N,,,,,Government - County,71.0,57.2,WITHAM MEMORIAL HOSPITAL,,,CUMBERLAND POINTE HEALTH CAMPUS,,,,,2021-11-01,1,1,1,0,1,1,1,0
gold_main_v2,control,control_v2,155775,CUMBERLAND POINTE HEALTH CAMPUS,IN,2022,0,,,,,,,,,,,43.268903225806454,4.0,16.603,4.0,0,False,False,False,False,False,False,2016.0,2023.0,control_weighted_pseudocohort,5.0,1,0,1,1,1,1,0,1,1.0,1.0,11.0,3.0,9.0,365.0,58.75717869087434,19642.27,53410.9,0.919525281106497,2.4978355607669513,2.46008,2.0,,3.0,4.0,5.0,34.000,1.0,5.0,0.0,1.0,650.0,0.0,1.0,N,,,,,Government - County,71.0,62.2,WITHAM MEMORIAL HOSPITAL,,,CUMBERLAND POINTE HEALTH CAMPUS,,,,,2022-11-01,1,1,1,0,1,1,1,0
gold_main_v2,control,control_v2,155775,CUMBERLAND POINTE HEALTH CAMPUS,IN,2023,0,,,,,,,,,,,43.268903225806454,4.0,16.603,4.0,0,False,False,False,False,False,False,2016.0,2023.0,control_weighted_pseudocohort,5.0,1,1,1,1,1,1,0,1,1.0,1.0,11.0,3.0,9.0,365.0,59.17662778043213,22596.68,64346.89,1.0476694587051902,2.993145606211136,2.75801,1.0,,2.0,1.0,3.0,48.000,1.0,6.0,0.0,0.0,0.0,0.0,0.0,N,62.0,31.0,12.0,0.5,Government - County,71.0,62.1,WITHAM MEMORIAL HOSPITAL,TRILOGY HEALTH SERVICES,524.0,CUMBERLAND POINTE HEALTH CAMPUS,IN,,,,2023-11-01,1,1,1,1,1,1,1,1
gold_main_v2,control,control_v2,155775,CUMBERLAND POINTE HEALTH CAMPUS,IN,2024,0,,,,,,,,,,,43.268903225806454,4.0,16.603,4.0,0,False,False,False,False,False,False,2016.0,2023.0,control_weighted_pseudocohort,5.0,1,1,1,1,1,1,0,1,1.0,1.0,11.0,3.0,9.0,366.0,56.110696368848544,17909.31,69797.82,0.8747793179980486,3.40135963440813,3.43997,2.0,,2.0,2.0,4.0,44.000,0.0,3.0,0.0,0.0,0.0,0.0,0.0,N,101.75,35.5,9.75,0.3663043478260869,Government - County,71.0,57.9,WITHAM MEMORIAL HOSPITAL,TRILOGY HEALTH SERVICES,524.0,CUMBERLAND POINTE HEALTH CAMPUS,IN,,,,2024-11-01,1,1,1,1,1,1,1,1
gold_main_v2,control,control_v2,155775,CUMBERLAND POINTE HEALTH CAMPUS,IN,2025,0,,,,,,,,,,,43.268903225806454,4.0,16.603,4.0,0,False,True,False,False,True,True,2016.0,2023.0,control_weighted_pseudocohort,5.0,1,1,1,1,1,1,0,1,1.0,1.0,11.0,3.0,9.0,273.0,51.47306099697405,12980.74,48932.92,0.9274861803523108,3.4875395863153877,3.58465,3.0,,2.0,3.0,5.0,51.000,0.0,35.0,,0.0,0.0,0.0,0.0,N,110.66666666666669,36.666666666666664,9.666666666666666,0.3321398124467178,Non profit - Corporation,71.0,50.2,WITHAM MEMORIAL HOSPITAL,TRILOGY HEALTH SERVICES,524.0,CUMBERLAND POINTE HEALTH CAMPUS,IN,,,,2025-11-01,1,1,1,1,1,1,1,1
gold_main_v2,control,control_v2,155775,CUMBERLAND POINTE HEALTH CAMPUS,IN,2026,0,,,,,,,,,,,43.268903225806454,4.0,16.603,4.0,0,False,True,False,False,True,True,2016.0,2023.0,control_weighted_pseudocohort,5.0,1,0,0,1,1,1,0,1,1.0,1.0,11.0,3.0,9.0,,,,,,,3.40811,2.0,,2.0,3.0,5.0,51.000,,,,0.0,0.0,0.0,0.0,N,,,,,Non profit - Corporation,71.0,52.6,WITHAM MEMORIAL HOSPITAL,TRILOGY HEALTH SERVICES,524.0,CUMBERLAND POINTE HEALTH CAMPUS,IN,,,,2026-03-01,0,1,1,0,0,1,1,0
gold_main_v2,control,control_v2,155777,CREASY SPRINGS HEALTH CAMPUS,IN,2016,0,,,,,,,,,,,36.179937788018435,4.0,27.08058064516129,4.0,1,,,,,,,2016.0,2023.0,control_weighted_pseudocohort,5.0,1,0,0,1,1,0,0,0,1.0,1.0,11.0,3.0,9.0,,,,,,,6.4,5.0,5.0,4.0,5.0,2.0,28.000,0.0,8.0,,0.0,0.0,0.0,0.0,N,,,,,Government - County,71.0,58.0,HANCOCK REGIONAL HOSPITAL,,,CREASY SPRINGS HEALTH CAMPUS,,,,,,0,1,1,0,0,1,1,0
gold_main_v2,control,control_v2,155777,CREASY SPRINGS HEALTH CAMPUS,IN,2017,0,,,,,,,,,,,36.179937788018435,4.0,27.08058064516129,4.0,1,,,,,,,2016.0,2023.0,control_weighted_pseudocohort,5.0,1,0,1,1,1,0,0,0,1.0,1.0,11.0,3.0,9.0,365.0,64.2999734564952,23735.44,96285.31,1.0125653911701342,4.103487059402468,6.6049,5.0,5.0,4.0,4.0,1.0,26.667,0.0,1.0,,1.0,7938.0,0.0,1.0,N,,,,,Government - County,71.0,51.0,HANCOCK REGIONAL HOSPITAL,,,CREASY SPRINGS HEALTH CAMPUS,,,,,2017-12-01,1,1,1,0,1,1,1,0
gold_main_v2,control,control_v2,155777,CREASY SPRINGS HEALTH CAMPUS,IN,2018,0,,,,,,,,,,,36.179937788018435,4.0,27.08058064516129,4.0,1,,,,,,,2016.0,2023.0,control_weighted_pseudocohort,5.0,1,0,1,1,1,0,0,0,1.0,1.0,11.0,3.0,9.0,365.0,62.03636924669534,22908.07,86354.75,1.014788654727377,3.822108431579173,3.89974,,5.0,,,,28.000,0.0,1.0,,1.0,7938.0,0.0,1.0,N,,,,,For profit - Corporation,71.0,62.5,HANCOCK REGIONAL HOSPITAL,,,CREASY SPRINGS HEALTH CAMPUS,,,,,2018-12-01,1,1,0,0,1,1,0,0
gold_main_v2,control,control_v2,155777,CREASY SPRINGS HEALTH CAMPUS,IN,2019,0,,,,,,,,,,,36.179937788018435,4.0,27.08058064516129,4.0,1,,,,,,,2016.0,2023.0,control_weighted_pseudocohort,5.0,1,0,1,1,1,0,0,0,1.0,1.0,11.0,3.0,9.0,365.0,62.01489953283431,26104.16,81288.98,1.153930000007707,3.5973042907172075,3.56624,,5.0,,,,27.333,0.0,0.0,,0.0,0.0,0.0,0.0,N,,,,,For profit - Corporation,71.0,60.5,HANCOCK REGIONAL HOSPITAL,,,CREASY SPRINGS HEALTH CAMPUS,,,,,2019-11-01,1,1,0,0,1,1,0,0
gold_main_v2,control,control_v2,155777,CREASY SPRINGS HEALTH CAMPUS,IN,2020,0,,,,,,,,,,,36.179937788018435,4.0,27.08058064516129,4.0,1,,,,,,,2016.0,2023.0,control_weighted_pseudocohort,5.0,1,0,1,1,1,0,0,0,1.0,1.0,11.0,3.0,9.0,366.0,56.68654443382704,27298.0,77748.25,1.3172352030761552,3.759985186575511,3.91783,4.0,5.0,2.0,4.0,5.0,64.833,0.0,1.0,,1.0,6633.0,0.0,1.0,N,,,,,For profit - Corporation,71.0,53.8,HANCOCK REGIONAL HOSPITAL,,,CREASY SPRINGS HEALTH CAMPUS,,,,,2020-11-01,1,1,1,0,1,1,1,0
gold_main_v2,control,control_v2,155777,CREASY SPRINGS HEALTH CAMPUS,IN,2021,0,,,,,,,,,,,36.179937788018435,4.0,27.08058064516129,4.0,1,,,,,,,2016.0,2023.0,control_weighted_pseudocohort,5.0,1,0,1,1,1,0,0,0,1.0,1.0,11.0,3.0,9.0,365.0,55.24057904655731,26251.15,72085.69,1.2950712205448471,3.585105671623967,3.6797,4.0,5.0,2.0,3.0,4.0,52.333,0.0,1.0,0.0,2.0,7283.25,0.0,2.0,N,,,,,For profit - Corporation,71.0,51.0,HANCOCK REGIONAL HOSPITAL,,,CREASY SPRINGS HEALTH CAMPUS,,,,,2021-11-01,1,1,1,0,1,1,1,0
gold_main_v2,control,control_v2,155777,CREASY SPRINGS HEALTH CAMPUS,IN,2022,0,,,,,,,,,,,36.179937788018435,4.0,27.08058064516129,4.0,1,False,False,False,False,False,False,2016.0,2023.0,control_weighted_pseudocohort,5.0,1,0,1,1,1,1,0,1,1.0,1.0,11.0,3.0,9.0,365.0,59.43063717683283,22311.86,65129.57,1.0359918891549806,3.0094191344165626,2.72666,2.0,,3.0,3.0,3.0,41.833,0.0,6.0,0.0,2.0,7283.25,0.0,2.0,N,,,,,For profit - Corporation,71.0,60.3,HANCOCK REGIONAL HOSPITAL,,,CREASY SPRINGS HEALTH CAMPUS,,,,,2022-11-01,1,1,1,0,1,1,1,0
gold_main_v2,control,control_v2,155777,CREASY SPRINGS HEALTH CAMPUS,IN,2023,0,,,,,,,,,,,36.179937788018435,4.0,27.08058064516129,4.0,1,False,False,False,False,False,False,2016.0,2023.0,control_weighted_pseudocohort,5.0,1,1,1,1,1,1,0,1,1.0,1.0,11.0,3.0,9.0,365.0,61.73263059404364,23262.25,75681.5,1.0379791699718606,3.3690685944192724,3.20424,3.0,,3.0,3.0,4.0,42.667,0.0,14.0,0.0,1.0,11450.0,0.0,1.0,N,58.0,21.0,22.0,0.3620689655172414,Government - County,71.0,61.3,HANCOCK REGIONAL HOSPITAL,TRILOGY HEALTH SERVICES,524.0,CREASY SPRINGS HEALTH CAMPUS,IN,,,,2023-11-01,1,1,1,1,1,1,1,1
gold_main_v2,control,control_v2,155777,CREASY SPRINGS HEALTH CAMPUS,IN,2024,0,,,,,,,,,,,36.179937788018435,4.0,27.08058064516129,4.0,1,False,False,False,False,False,False,2016.0,2023.0,control_weighted_pseudocohort,5.0,1,1,1,1,1,1,0,1,1.0,1.0,11.0,3.0,9.0,366.0,59.438694457716196,25453.95,91401.7,1.1763907615891498,4.21438534930298,4.24715,4.0,,2.0,3.0,5.0,49.333,0.0,14.0,0.0,2.0,15460.25,0.0,2.0,N,58.0,21.0,22.0,0.3620689655172414,For profit - Limited Liability company,71.0,58.3,HANCOCK REGIONAL HOSPITAL,TRILOGY HEALTH SERVICES,524.0,CREASY SPRINGS HEALTH CAMPUS,IN,,,,2024-11-01,1,1,1,1,1,1,1,1
gold_main_v2,control,control_v2,155777,CREASY SPRINGS HEALTH CAMPUS,IN,2025,0,,,,,,,,,,,36.179937788018435,4.0,27.08058064516129,4.0,1,False,True,False,False,True,True,2016.0,2023.0,control_weighted_pseudocohort,5.0,1,1,1,1,1,1,0,1,1.0,1.0,11.0,3.0,9.0,273.0,59.115067862893945,20046.99,73682.5,1.2498098763943957,4.577586753103508,4.34701,4.0,,2.0,3.0,5.0,52.000,1.0,9.0,,1.0,8018.0,0.0,1.0,N,110.0,16.0,29.0,0.1454545454545454,For profit - Limited Liability company,71.0,60.7,HANCOCK REGIONAL HOSPITAL,TRILOGY HEALTH SERVICES,524.0,CREASY SPRINGS HEALTH CAMPUS,IN,,,,2025-11-01,1,1,1,1,1,1,1,1
gold_main_v2,control,control_v2,155777,CREASY SPRINGS HEALTH CAMPUS,IN,2026,0,,,,,,,,,,,36.179937788018435,4.0,27.08058064516129,4.0,1,False,True,False,False,True,True,2016.0,2023.0,control_weighted_pseudocohort,5.0,1,0,0,1,1,1,0,1,1.0,1.0,11.0,3.0,9.0,,,,,,,4.77394,4.0,,2.0,3.0,5.0,55.000,,,,1.0,8018.0,0.0,1.0,N,,,,,For profit - Limited Liability company,71.0,61.1,HANCOCK REGIONAL HOSPITAL,TRILOGY HEALTH SERVICES,524.0,CREASY SPRINGS HEALTH CAMPUS,IN,,,,2026-03-01,0,1,1,0,0,1,1,0
gold_main_v2,control,control_v2,155779,PRAIRIE LAKES HEALTH CAMPUS,IN,2016,0,,,,,,,,,,,43.38761059907834,4.0,21.693301843317975,4.0,1,,,,,,,2016.0,2023.0,control_weighted_pseudocohort,5.0,1,0,0,1,1,0,0,0,1.0,1.0,11.0,3.0,9.0,,,,,,,5.26346,5.0,5.0,2.0,3.0,2.0,61.333,2.0,11.0,,1.0,21060.0,0.0,1.0,N,,,,,For profit - Corporation,61.0,52.0,HANCOCK REGIONAL HOSPITAL,,,PRAIRIE LAKES HEALTH CAMPUS,,,,,,0,1,1,0,0,1,1,0
gold_main_v2,control,control_v2,155779,PRAIRIE LAKES HEALTH CAMPUS,IN,2017,0,,,,,,,,,,,43.38761059907834,4.0,21.693301843317975,4.0,1,,,,,,,2016.0,2023.0,control_weighted_pseudocohort,5.0,1,0,1,1,1,0,0,0,1.0,1.0,11.0,3.0,9.0,365.0,46.96865809311461,13115.38,74114.78,0.7710694354318679,4.357131515752117,4.706,4.0,4.0,2.0,3.0,4.0,54.667,2.0,13.0,,0.0,0.0,0.0,0.0,N,,,,,Government - County,61.0,50.0,HANCOCK REGIONAL HOSPITAL,,,PRAIRIE LAKES HEALTH CAMPUS,,,,,2017-12-01,1,1,1,0,1,1,1,0
gold_main_v2,control,control_v2,155779,PRAIRIE LAKES HEALTH CAMPUS,IN,2018,0,,,,,,,,,,,43.38761059907834,4.0,21.693301843317975,4.0,1,,,,,,,2016.0,2023.0,control_weighted_pseudocohort,5.0,1,0,1,1,1,0,0,0,1.0,1.0,11.0,3.0,9.0,365.0,53.0774220948134,14725.74,74377.42,0.7626375188834882,3.8492250062590703,3.75668,,3.0,,,,52.800,2.0,7.0,,0.0,0.0,0.0,0.0,N,,,,,Non profit - Corporation,61.0,53.8,HANCOCK REGIONAL HOSPITAL,,,PRAIRIE LAKES HEALTH CAMPUS,,,,,2018-12-01,1,1,0,0,1,1,0,0
gold_main_v2,control,control_v2,155779,PRAIRIE LAKES HEALTH CAMPUS,IN,2019,0,,,,,,,,,,,43.38761059907834,4.0,21.693301843317975,4.0,1,,,,,,,2016.0,2023.0,control_weighted_pseudocohort,5.0,1,0,1,1,1,0,0,0,1.0,1.0,11.0,3.0,9.0,365.0,53.712883553644424,16552.07,74674.17,0.8465505731445068,3.819137298003856,3.69525,,3.0,,,,24.000,0.0,4.0,,0.0,0.0,0.0,0.0,N,,,,,Non profit - Corporation,61.0,53.3,HANCOCK REGIONAL HOSPITAL,,,PRAIRIE LAKES HEALTH CAMPUS,,,,,2019-11-01,1,1,0,0,1,1,0,0
gold_main_v2,control,control_v2,155779,PRAIRIE LAKES HEALTH CAMPUS,IN,2020,0,,,,,,,,,,,43.38761059907834,4.0,21.693301843317975,4.0,1,,,,,,,2016.0,2023.0,control_weighted_pseudocohort,5.0,1,0,1,1,1,0,0,0,1.0,1.0,11.0,3.0,9.0,366.0,45.99847706641185,11546.22,65920.68,0.6947229647003796,3.9941553752985888,3.74444,3.0,3.0,4.0,5.0,5.0,22.000,0.0,0.0,,0.0,0.0,0.0,0.0,N,,,,,For profit - Corporation,61.0,43.2,HANCOCK REGIONAL HOSPITAL,,,PRAIRIE LAKES HEALTH CAMPUS,,,,,2020-11-01,1,1,1,0,1,1,1,0
gold_main_v2,control,control_v2,155779,PRAIRIE LAKES HEALTH CAMPUS,IN,2021,0,,,,,,,,,,,43.38761059907834,4.0,21.693301843317975,4.0,1,,,,,,,2016.0,2023.0,control_weighted_pseudocohort,5.0,1,0,1,1,1,0,0,0,1.0,1.0,11.0,3.0,9.0,365.0,52.15827361044752,12386.2,61757.31,0.6668078928412335,3.3099818352947317,3.04333,2.0,3.0,3.0,3.0,4.0,39.333,2.0,3.0,3.0,3.0,13650.0,0.0,3.0,N,,,,,For profit - Corporation,61.0,52.0,HANCOCK REGIONAL HOSPITAL,,,PRAIRIE LAKES HEALTH CAMPUS,,,,,2021-11-01,1,1,1,0,1,1,1,0
gold_main_v2,control,control_v2,155779,PRAIRIE LAKES HEALTH CAMPUS,IN,2022,0,,,,,,,,,,,43.38761059907834,4.0,21.693301843317975,4.0,1,False,False,False,False,False,False,2016.0,2023.0,control_weighted_pseudocohort,5.0,1,0,1,1,1,1,0,1,1.0,1.0,11.0,3.0,9.0,365.0,56.320471678080374,14726.75,67942.75,0.7201072844466939,3.314677686822741,3.28522,2.0,,2.0,2.0,4.0,48.000,2.0,6.0,6.0,4.0,44650.0,0.0,4.0,N,,,,,For profit - Corporation,61.0,56.0,HANCOCK REGIONAL HOSPITAL,,,PRAIRIE LAKES HEALTH CAMPUS,,,,,2022-11-01,1,1,1,0,1,1,1,0
gold_main_v2,control,control_v2,155779,PRAIRIE LAKES HEALTH CAMPUS,IN,2023,0,,,,,,,,,,,43.38761059907834,4.0,21.693301843317975,4.0,1,False,False,False,False,False,False,2016.0,2023.0,control_weighted_pseudocohort,5.0,1,1,1,1,1,1,0,1,1.0,1.0,11.0,3.0,9.0,365.0,53.277674258109045,17396.33,73049.79000000001,0.9048781766681993,3.774389655978908,4.0295,2.0,,3.0,4.0,5.0,42.000,4.0,9.0,4.0,3.0,44900.0,0.0,3.0,N,58.0,26.0,18.0,0.4482758620689655,For profit - Limited Liability company,61.0,52.4,HANCOCK REGIONAL HOSPITAL,TRILOGY HEALTH SERVICES,524.0,PRAIRIE LAKES HEALTH CAMPUS,IN,,,,2023-11-01,1,1,1,1,1,1,1,1
gold_main_v2,control,control_v2,155779,PRAIRIE LAKES HEALTH CAMPUS,IN,2024,0,,,,,,,,,,,43.38761059907834,4.0,21.693301843317975,4.0,1,False,False,False,False,False,False,2016.0,2023.0,control_weighted_pseudocohort,5.0,1,1,1,1,1,1,0,1,1.0,1.0,11.0,3.0,9.0,366.0,57.62589584328715,19827.68,79812.22,0.9399309573590062,3.785629863130731,3.70754,2.0,,3.0,3.0,4.0,28.000,2.0,6.0,3.0,2.0,29900.0,0.0,2.0,N,58.0,26.0,18.0,0.4482758620689655,Government - County,61.0,56.5,HANCOCK REGIONAL HOSPITAL,TRILOGY HEALTH SERVICES,524.0,PRAIRIE LAKES HEALTH CAMPUS,IN,,,,2024-11-01,1,1,1,1,1,1,1,1
gold_main_v2,control,control_v2,155779,PRAIRIE LAKES HEALTH CAMPUS,IN,2025,0,,,,,,,,,,,43.38761059907834,4.0,21.693301843317975,4.0,1,False,True,False,False,True,True,2016.0,2023.0,control_weighted_pseudocohort,5.0,1,1,1,1,1,1,0,1,1.0,1.0,11.0,3.0,9.0,273.0,56.58562669214843,11797.44,60022.56,0.7633860453789089,3.891483711820932,3.7002,2.0,,5.0,5.0,5.0,8.000,2.0,7.0,,0.0,0.0,0.0,0.0,N,58.0,27.0,18.0,0.4655172413793103,Government - County,61.0,56.0,HANCOCK REGIONAL HOSPITAL,TRILOGY HEALTH SERVICES,524.0,PRAIRIE LAKES HEALTH CAMPUS,IN,,,,2025-11-01,1,1,1,1,1,1,1,1
gold_main_v2,control,control_v2,155779,PRAIRIE LAKES HEALTH CAMPUS,IN,2026,0,,,,,,,,,,,43.38761059907834,4.0,21.693301843317975,4.0,1,False,True,False,False,True,True,2016.0,2023.0,control_weighted_pseudocohort,5.0,1,0,0,1,1,1,0,1,1.0,1.0,11.0,3.0,9.0,,,,,,,3.75274,2.0,,4.0,5.0,5.0,10.000,,,,0.0,0.0,0.0,0.0,N,,,,,Government - County,61.0,56.9,HANCOCK REGIONAL HOSPITAL,TRILOGY HEALTH SERVICES,524.0,PRAIRIE LAKES HEALTH CAMPUS,IN,,,,2026-03-01,0,1,1,0,0,1,1,0
gold_main_v2,control,control_v2,155791,BLAIR RIDGE HEALTH CAMPUS,IN,2016,0,,,,,,,,,,,37.37947004608295,4.0,30.981488479262673,4.0,1,,,,,,,2016.0,2023.0,control_weighted_pseudocohort,5.0,1,0,0,1,1,0,0,0,1.0,1.0,11.0,3.0,9.0,,,,,,,3.99352,4.0,5.0,1.0,2.0,5.0,78.667,0.0,4.0,,0.0,0.0,0.0,0.0,Y,,,,,Government - County,55.0,54.0,WITHAM MEMORIAL HOSPITAL,,,BLAIR RIDGE HEALTH CAMPUS,,,,,,0,1,1,0,0,1,1,0
gold_main_v2,control,control_v2,155791,BLAIR RIDGE HEALTH CAMPUS,IN,2017,0,,,,,,,,,,,37.37947004608295,4.0,30.981488479262673,4.0,1,,,,,,,2016.0,2023.0,control_weighted_pseudocohort,5.0,1,0,1,1,1,0,0,0,1.0,1.0,11.0,3.0,9.0,365.0,49.98192918192918,14981.03,74519.64,0.830368719294337,4.114561480690277,3.8147,4.0,5.0,2.0,4.0,5.0,56.000,0.0,0.0,,0.0,0.0,0.0,0.0,N,,,,,Government - County,55.0,51.0,WITHAM MEMORIAL HOSPITAL,,,BLAIR RIDGE HEALTH CAMPUS,,,,,2017-12-01,1,1,1,0,1,1,1,0
gold_main_v2,control,control_v2,155791,BLAIR RIDGE HEALTH CAMPUS,IN,2018,0,,,,,,,,,,,37.37947004608295,4.0,30.981488479262673,4.0,1,,,,,,,2016.0,2023.0,control_weighted_pseudocohort,5.0,1,0,1,1,1,0,0,0,1.0,1.0,11.0,3.0,9.0,365.0,50.47105032648511,12357.78,74915.09,0.6717935273749349,4.075805544240394,4.19576,,1.0,,,,12.800,0.0,0.0,,0.0,0.0,0.0,0.0,N,,,,,Government - County,55.0,48.8,WITHAM MEMORIAL HOSPITAL,,,BLAIR RIDGE HEALTH CAMPUS,,,,,2018-12-01,1,1,0,0,1,1,0,0
gold_main_v2,control,control_v2,155791,BLAIR RIDGE HEALTH CAMPUS,IN,2019,0,,,,,,,,,,,37.37947004608295,4.0,30.981488479262673,4.0,1,,,,,,,2016.0,2023.0,control_weighted_pseudocohort,5.0,1,0,1,1,1,0,0,0,1.0,1.0,11.0,3.0,9.0,365.0,50.800674205022034,18704.24,80532.81,1.0107261972978474,4.349368059897832,4.36336,,4.0,,,,13.333,0.0,3.0,,0.0,0.0,0.0,0.0,N,,,,,Government - County,55.0,50.7,WITHAM MEMORIAL HOSPITAL,,,BLAIR RIDGE HEALTH CAMPUS,,,,,2019-11-01,1,1,0,0,1,1,0,0
gold_main_v2,control,control_v2,155791,BLAIR RIDGE HEALTH CAMPUS,IN,2020,0,,,,,,,,,,,37.37947004608295,4.0,30.981488479262673,4.0,1,,,,,,,2016.0,2023.0,control_weighted_pseudocohort,5.0,1,0,1,1,1,0,0,0,1.0,1.0,11.0,3.0,9.0,366.0,42.84576564739608,15985.82,66724.48000000001,1.023289614262071,4.265735158753519,4.36389,4.0,4.0,1.0,2.0,4.0,254.333,0.0,6.0,,0.0,0.0,0.0,0.0,N,,,,,For profit - Corporation,55.0,38.8,WITHAM MEMORIAL HOSPITAL,,,BLAIR RIDGE HEALTH CAMPUS,,,,,2020-11-01,1,1,1,0,1,1,1,0
gold_main_v2,control,control_v2,155791,BLAIR RIDGE HEALTH CAMPUS,IN,2021,0,,,,,,,,,,,37.37947004608295,4.0,30.981488479262673,4.0,1,,,,,,,2016.0,2023.0,control_weighted_pseudocohort,5.0,1,0,1,1,1,0,0,0,1.0,1.0,11.0,3.0,9.0,365.0,47.462747518182304,13451.95,66117.52,0.7818922253345295,3.8324177019842143,3.87671,3.0,3.0,1.0,1.0,3.0,179.333,0.0,6.0,1.0,3.0,288314.0,0.0,3.0,N,,,,,For profit - Corporation,55.0,51.8,WITHAM MEMORIAL HOSPITAL,,,BLAIR RIDGE HEALTH CAMPUS,,,,,2021-11-01,1,1,1,0,1,1,1,0
gold_main_v2,control,control_v2,155791,BLAIR RIDGE HEALTH CAMPUS,IN,2022,0,,,,,,,,,,,37.37947004608295,4.0,30.981488479262673,4.0,1,False,False,False,False,False,False,2016.0,2023.0,control_weighted_pseudocohort,5.0,1,0,1,1,1,1,0,1,1.0,1.0,11.0,3.0,9.0,365.0,46.2831608005521,11042.13,63377.08,0.6577841501725724,3.7431929497024337,3.62911,3.0,,1.0,1.0,3.0,124.333,0.0,5.0,1.0,3.0,288314.0,0.0,3.0,N,,,,,For profit - Corporation,55.0,45.7,WITHAM MEMORIAL HOSPITAL,,,BLAIR RIDGE HEALTH CAMPUS,,,,,2022-11-01,1,1,1,0,1,1,1,0
gold_main_v2,control,control_v2,155791,BLAIR RIDGE HEALTH CAMPUS,IN,2023,0,,,,,,,,,,,37.37947004608295,4.0,30.981488479262673,4.0,1,False,False,False,False,False,False,2016.0,2023.0,control_weighted_pseudocohort,5.0,1,1,1,1,1,1,0,1,1.0,1.0,11.0,3.0,9.0,365.0,47.446273955513085,11130.43,73347.19,0.6474904142182317,4.250205808343128,4.19925,4.0,,4.0,4.0,4.0,28.667,0.0,2.0,0.0,1.0,26698.75,0.0,1.0,N,47.0,23.0,8.0,0.4893617021276595,For profit - Corporation,55.0,47.4,WITHAM MEMORIAL HOSPITAL,TRILOGY HEALTH SERVICES,524.0,BLAIR RIDGE HEALTH CAMPUS,IN,,,,2023-11-01,1,1,1,1,1,1,1,1
gold_main_v2,control,control_v2,155791,BLAIR RIDGE HEALTH CAMPUS,IN,2024,0,,,,,,,,,,,37.37947004608295,4.0,30.981488479262673,4.0,1,False,False,False,False,False,False,2016.0,2023.0,control_weighted_pseudocohort,5.0,1,1,1,1,1,1,0,1,1.0,1.0,11.0,3.0,9.0,366.0,48.05808050645007,13161.0,77194.54000000001,0.7539106791923484,4.4039463116831605,4.37693,3.0,,3.0,4.0,5.0,28.667,0.0,2.0,0.0,1.0,26698.75,0.0,1.0,N,49.5,19.0,11.5,0.388911620294599,For profit - Corporation,55.0,46.9,WITHAM MEMORIAL HOSPITAL,TRILOGY HEALTH SERVICES,524.0,BLAIR RIDGE HEALTH CAMPUS,IN,,,,2024-11-01,1,1,1,1,1,1,1,1
gold_main_v2,control,control_v2,155791,BLAIR RIDGE HEALTH CAMPUS,IN,2025,0,,,,,,,,,,,37.37947004608295,4.0,30.981488479262673,4.0,1,False,True,False,False,True,True,2016.0,2023.0,control_weighted_pseudocohort,5.0,1,1,1,1,1,1,0,1,1.0,1.0,11.0,3.0,9.0,273.0,49.48114791810443,10925.75,58286.82000000001,0.8109331291890642,4.321899437685617,4.26724,4.0,,3.0,4.0,5.0,27.000,0.0,0.0,0.0,0.0,0.0,0.0,0.0,N,51.0,17.333333333333332,14.666666666666666,0.3419675562532705,For profit - Corporation,55.0,49.3,WITHAM MEMORIAL HOSPITAL,TRILOGY HEALTH SERVICES,524.0,BLAIR RIDGE HEALTH CAMPUS,IN,,,,2025-11-01,1,1,1,1,1,1,1,1
gold_main_v2,control,control_v2,155791,BLAIR RIDGE HEALTH CAMPUS,IN,2026,0,,,,,,,,,,,37.37947004608295,4.0,30.981488479262673,4.0,1,False,True,False,False,True,True,2016.0,2023.0,control_weighted_pseudocohort,5.0,1,0,0,1,1,1,0,1,1.0,1.0,11.0,3.0,9.0,,,,,,,4.32958,4.0,,3.0,4.0,5.0,30.000,,,,0.0,0.0,0.0,0.0,N,,,,,For profit - Corporation,55.0,49.4,WITHAM MEMORIAL HOSPITAL,TRILOGY HEALTH SERVICES,524.0,BLAIR RIDGE HEALTH CAMPUS,IN,,,,2026-03-01,0,1,1,0,0,1,1,0
gold_main_v2,control,control_v2,155795,AVALON SPRINGS HEALTH CAMPUS,IN,2016,0,,,,,,,,,,,23.890529953917053,4.0,40.74152995391705,4.0,1,,,,,,,2016.0,2023.0,control_weighted_pseudocohort,5.0,1,0,0,1,1,0,0,0,1.0,1.0,11.0,3.0,9.0,,,,,,,,,,1.0,2.0,5.0,111.667,0.0,44.0,,0.0,0.0,0.0,0.0,N,,,,,Government - County,61.0,59.0,HANCOCK REGIONAL HOSPITAL,,,AVALON SPRINGS HEALTH CAMPUS,,,,,,0,0,1,0,0,0,1,0
gold_main_v2,control,control_v2,155795,AVALON SPRINGS HEALTH CAMPUS,IN,2017,0,,,,,,,,,,,23.890529953917053,4.0,40.74152995391705,4.0,1,,,,,,,2016.0,2023.0,control_weighted_pseudocohort,5.0,1,0,1,1,1,0,0,0,1.0,1.0,11.0,3.0,9.0,365.0,57.139912804586714,18570.3,88353.59,0.8946849143608491,4.253787699322022,4.06416,4.0,4.0,3.0,5.0,5.0,38.000,0.0,15.0,,0.0,0.0,0.0,0.0,N,,,,,Government - County,61.0,53.0,HANCOCK REGIONAL HOSPITAL,,,AVALON SPRINGS HEALTH CAMPUS,,,,,2017-12-01,1,1,1,0,1,1,1,0
gold_main_v2,control,control_v2,155795,AVALON SPRINGS HEALTH CAMPUS,IN,2018,0,,,,,,,,,,,23.890529953917053,4.0,40.74152995391705,4.0,1,,,,,,,2016.0,2023.0,control_weighted_pseudocohort,5.0,1,0,1,1,1,0,0,0,1.0,1.0,11.0,3.0,9.0,365.0,55.95986754791103,21297.71,84276.94,1.0457550480032345,4.139461667028405,4.18032,,5.0,,,,31.200,0.0,6.0,,0.0,0.0,0.0,0.0,N,,,,,Government - County,61.0,54.2,HANCOCK REGIONAL HOSPITAL,,,AVALON SPRINGS HEALTH CAMPUS,,,,,2018-12-01,1,1,0,0,1,1,0,0
gold_main_v2,control,control_v2,155795,AVALON SPRINGS HEALTH CAMPUS,IN,2019,0,,,,,,,,,,,23.890529953917053,4.0,40.74152995391705,4.0,1,,,,,,,2016.0,2023.0,control_weighted_pseudocohort,5.0,1,0,1,1,1,0,0,0,1.0,1.0,11.0,3.0,9.0,365.0,56.49865888941976,24564.39,83025.72,1.1929388355895028,4.032586171019018,3.93433,,4.0,,,,26.000,0.0,6.0,,0.0,0.0,0.0,0.0,N,,,,,Government - County,61.0,57.4,HANCOCK REGIONAL HOSPITAL,,,AVALON SPRINGS HEALTH CAMPUS,,,,,2019-11-01,1,1,0,0,1,1,0,0
gold_main_v2,control,control_v2,155795,AVALON SPRINGS HEALTH CAMPUS,IN,2020,0,,,,,,,,,,,23.890529953917053,4.0,40.74152995391705,4.0,1,,,,,,,2016.0,2023.0,control_weighted_pseudocohort,5.0,1,0,1,1,1,0,0,0,1.0,1.0,11.0,3.0,9.0,366.0,47.527323220258005,26111.13,74421.04000000001,1.5248023737860406,4.325448290525766,4.27221,4.0,5.0,4.0,4.0,3.0,24.667,0.0,1.0,,0.0,0.0,0.0,0.0,N,,,,,Government - County,61.0,45.5,HANCOCK REGIONAL HOSPITAL,,,AVALON SPRINGS HEALTH CAMPUS,,,,,2020-11-01,1,1,1,0,1,1,1,0
gold_main_v2,control,control_v2,155795,AVALON SPRINGS HEALTH CAMPUS,IN,2021,0,,,,,,,,,,,23.890529953917053,4.0,40.74152995391705,4.0,1,,,,,,,2016.0,2023.0,control_weighted_pseudocohort,5.0,1,0,1,1,1,0,0,0,1.0,1.0,11.0,3.0,9.0,365.0,40.831817035621384,17792.09,57854.85,1.2143488185913682,3.9381019901650127,3.87944,4.0,5.0,4.0,4.0,4.0,24.000,0.0,1.0,0.0,1.0,650.0,0.0,1.0,N,,,,,Government - County,61.0,43.2,HANCOCK REGIONAL HOSPITAL,,,AVALON SPRINGS HEALTH CAMPUS,,,,,2021-11-01,1,1,1,0,1,1,1,0
gold_main_v2,control,control_v2,155795,AVALON SPRINGS HEALTH CAMPUS,IN,2022,0,,,,,,,,,,,23.890529953917053,4.0,40.74152995391705,4.0,1,False,False,False,False,False,False,2016.0,2023.0,control_weighted_pseudocohort,5.0,1,0,1,1,1,1,0,1,1.0,1.0,11.0,3.0,9.0,365.0,45.84411995009821,14857.81,58363.509999999995,0.888811040285697,3.4866928283140908,3.52918,2.0,,4.0,5.0,5.0,17.333,0.0,0.0,0.0,1.0,650.0,0.0,1.0,N,,,,,For profit - Corporation,61.0,41.7,HANCOCK REGIONAL HOSPITAL,,,AVALON SPRINGS HEALTH CAMPUS,,,,,2022-11-01,1,1,1,0,1,1,1,0
gold_main_v2,control,control_v2,155795,AVALON SPRINGS HEALTH CAMPUS,IN,2023,0,,,,,,,,,,,23.890529953917053,4.0,40.74152995391705,4.0,1,False,False,False,False,False,False,2016.0,2023.0,control_weighted_pseudocohort,5.0,1,1,1,1,1,1,0,1,1.0,1.0,11.0,3.0,9.0,365.0,53.28355762594893,19540.09,67991.4,1.0032339535282515,3.5031590392272176,3.49551,3.0,,4.0,5.0,5.0,22.000,0.0,0.0,0.0,0.0,0.0,0.0,0.0,N,51.0,11.0,22.0,0.2156862745098039,For profit - Corporation,61.0,53.6,HANCOCK REGIONAL HOSPITAL,TRILOGY HEALTH SERVICES,524.0,AVALON SPRINGS HEALTH CAMPUS,IN,,,,2023-11-01,1,1,1,1,1,1,1,1
gold_main_v2,control,control_v2,155795,AVALON SPRINGS HEALTH CAMPUS,IN,2024,0,,,,,,,,,,,23.890529953917053,4.0,40.74152995391705,4.0,1,False,False,False,False,False,False,2016.0,2023.0,control_weighted_pseudocohort,5.0,1,1,1,1,1,1,0,1,1.0,1.0,11.0,3.0,9.0,366.0,54.53383301481128,19393.2,69727.49,0.9760531867708914,3.5103197277851494,3.30538,3.0,,3.0,4.0,5.0,28.667,0.0,0.0,,0.0,0.0,0.0,0.0,N,52.5,10.75,23.0,0.2056243550051599,Government - County,61.0,55.3,HANCOCK REGIONAL HOSPITAL,TRILOGY HEALTH SERVICES,524.0,AVALON SPRINGS HEALTH CAMPUS,IN,,,,2024-11-01,1,1,1,1,1,1,1,1
gold_main_v2,control,control_v2,155795,AVALON SPRINGS HEALTH CAMPUS,IN,2025,0,,,,,,,,,,,23.890529953917053,4.0,40.74152995391705,4.0,1,False,True,False,True,True,True,2016.0,2023.0,control_weighted_pseudocohort,5.0,1,1,1,1,1,1,0,1,1.0,1.0,11.0,3.0,9.0,273.0,55.46430871865655,18115.879999999997,53549.619999999995,1.1992766944426947,3.5469964173454858,3.36597,3.0,,2.0,3.0,5.0,50.000,0.0,15.0,,0.0,0.0,0.0,0.0,N,57.0,10.0,26.0,0.175438596491228,Government - County,61.0,56.6,HANCOCK REGIONAL HOSPITAL,TRILOGY HEALTH SERVICES,524.0,AVALON SPRINGS HEALTH CAMPUS,IN,,,,2025-11-01,1,1,1,1,1,1,1,1
gold_main_v2,control,control_v2,155795,AVALON SPRINGS HEALTH CAMPUS,IN,2026,0,,,,,,,,,,,23.890529953917053,4.0,40.74152995391705,4.0,1,False,True,False,True,True,True,2016.0,2023.0,control_weighted_pseudocohort,5.0,1,0,0,1,1,1,0,1,1.0,1.0,11.0,3.0,9.0,,,,,,,3.74931,4.0,,3.0,4.0,5.0,41.000,,,,0.0,0.0,0.0,0.0,N,,,,,Government - County,61.0,54.5,HANCOCK REGIONAL HOSPITAL,TRILOGY HEALTH SERVICES,524.0,AVALON SPRINGS HEALTH CAMPUS,IN,,,,2026-03-01,0,1,1,0,0,1,1,0
gold_main_v2,control,control_v2,155797,ASPEN PLACE HEALTH CAMPUS,IN,2016,0,,,,,,,,,,,44.38434562211982,4.0,18.29012211981567,4.0,1,,,,,,,2016.0,2023.0,control_weighted_pseudocohort,5.0,1,0,0,1,1,0,0,0,1.0,1.0,11.0,3.0,9.0,,,,,,,4.70689,5.0,5.0,2.0,3.0,2.0,49.333,0.0,6.0,,0.0,0.0,0.0,0.0,N,,,,,Government - County,64.0,58.0,HENRY COUNTY MEMORIAL HOSPITAL,,,ASPEN PLACE HEALTH CAMPUS,,,,,,0,1,1,0,0,1,1,0
gold_main_v2,control,control_v2,155797,ASPEN PLACE HEALTH CAMPUS,IN,2017,0,,,,,,,,,,,44.38434562211982,4.0,18.29012211981567,4.0,1,,,,,,,2016.0,2023.0,control_weighted_pseudocohort,5.0,1,0,1,1,1,0,0,0,1.0,1.0,11.0,3.0,9.0,365.0,60.11998128682912,16488.61,82331.09,0.7537447003887094,3.762165761522165,3.44408,2.0,4.0,1.0,1.0,3.0,228.667,1.0,5.0,,1.0,24830.0,0.0,1.0,N,,,,,Non profit - Corporation,64.0,59.0,HENRY COUNTY MEMORIAL HOSPITAL,,,ASPEN PLACE HEALTH CAMPUS,,,,,2017-12-01,1,1,1,0,1,1,1,0
gold_main_v2,control,control_v2,155797,ASPEN PLACE HEALTH CAMPUS,IN,2018,0,,,,,,,,,,,44.38434562211982,4.0,18.29012211981567,4.0,1,,,,,,,2016.0,2023.0,control_weighted_pseudocohort,5.0,1,0,1,1,1,0,0,0,1.0,1.0,11.0,3.0,9.0,365.0,61.26284572915007,13950.75,74029.28,0.623179655549791,3.314129942849479,3.3566,,4.0,,,,266.400,1.0,5.0,,1.0,24830.0,0.0,1.0,N,,,,,Non profit - Corporation,64.0,61.5,HENRY COUNTY MEMORIAL HOSPITAL,,,ASPEN PLACE HEALTH CAMPUS,,,,,2018-12-01,1,1,0,0,1,1,0,0
gold_main_v2,control,control_v2,155797,ASPEN PLACE HEALTH CAMPUS,IN,2019,0,,,,,,,,,,,44.38434562211982,4.0,18.29012211981567,4.0,1,,,,,,,2016.0,2023.0,control_weighted_pseudocohort,5.0,1,0,1,1,1,0,0,0,1.0,1.0,11.0,3.0,9.0,365.0,59.60339093273876,15970.69,74032.94,0.7346762837538094,3.406852863881008,3.42263,,3.0,,,,40.667,1.0,2.0,,0.0,0.0,0.0,0.0,N,,,,,Non profit - Corporation,64.0,59.7,HENRY COUNTY MEMORIAL HOSPITAL,,,ASPEN PLACE HEALTH CAMPUS,,,,,2019-11-01,1,1,0,0,1,1,0,0
gold_main_v2,control,control_v2,155797,ASPEN PLACE HEALTH CAMPUS,IN,2020,0,,,,,,,,,,,44.38434562211982,4.0,18.29012211981567,4.0,1,,,,,,,2016.0,2023.0,control_weighted_pseudocohort,5.0,1,0,1,1,1,0,0,0,1.0,1.0,11.0,3.0,9.0,366.0,53.95359531772575,17392.61,71838.55,0.8819533913378067,3.6481332118775622,3.69595,3.0,4.0,3.0,3.0,3.0,44.667,0.0,2.0,,0.0,0.0,0.0,0.0,N,,,,,For profit - Corporation,64.0,52.2,HENRY COUNTY MEMORIAL HOSPITAL,,,ASPEN PLACE HEALTH CAMPUS,,,,,2020-11-01,1,1,1,0,1,1,1,0
gold_main_v2,control,control_v2,155797,ASPEN PLACE HEALTH CAMPUS,IN,2021,0,,,,,,,,,,,44.38434562211982,4.0,18.29012211981567,4.0,1,,,,,,,2016.0,2023.0,control_weighted_pseudocohort,5.0,1,0,1,1,1,0,0,0,1.0,1.0,11.0,3.0,9.0,365.0,44.360322769018424,13064.74,59276.51,0.8460711238423598,3.7187696778081,3.89748,3.0,4.0,3.0,3.0,4.0,41.333,1.0,2.0,1.0,1.0,650.0,0.0,1.0,N,,,,,For profit - Corporation,64.0,41.1,HENRY COUNTY MEMORIAL HOSPITAL,,,ASPEN PLACE HEALTH CAMPUS,,,,,2021-11-01,1,1,1,0,1,1,1,0
gold_main_v2,control,control_v2,155797,ASPEN PLACE HEALTH CAMPUS,IN,2022,0,,,,,,,,,,,44.38434562211982,4.0,18.29012211981567,4.0,1,False,False,False,False,False,False,2016.0,2023.0,control_weighted_pseudocohort,5.0,1,0,1,1,1,1,0,1,1.0,1.0,11.0,3.0,9.0,365.0,48.76136062005627,11801.01,53916.49,0.6645370085453233,3.0335458825456385,2.77883,1.0,,2.0,1.0,3.0,71.000,1.0,4.0,1.0,2.0,12505.0,0.0,2.0,N,,,,,For profit - Corporation,64.0,50.7,HENRY COUNTY MEMORIAL HOSPITAL,,,ASPEN PLACE HEALTH CAMPUS,,,,,2022-11-01,1,1,1,0,1,1,1,0
gold_main_v2,control,control_v2,155797,ASPEN PLACE HEALTH CAMPUS,IN,2023,0,,,,,,,,,,,44.38434562211982,4.0,18.29012211981567,4.0,1,False,False,False,False,False,False,2016.0,2023.0,control_weighted_pseudocohort,5.0,1,1,1,1,1,1,0,1,1.0,1.0,11.0,3.0,9.0,365.0,53.72975327812284,14973.17,72330.51000000001,0.7654796641069583,3.70497293594421,3.61093,2.0,,2.0,2.0,3.0,82.000,1.0,4.0,0.0,2.0,10955.75,0.0,2.0,N,57.0,28.0,18.0,0.4912280701754385,For profit - Corporation,64.0,54.6,HENRY COUNTY MEMORIAL HOSPITAL,TRILOGY HEALTH SERVICES,524.0,ASPEN PLACE HEALTH CAMPUS,IN,,,,2023-11-01,1,1,1,1,1,1,1,1
gold_main_v2,control,control_v2,155797,ASPEN PLACE HEALTH CAMPUS,IN,2024,0,,,,,,,,,,,44.38434562211982,4.0,18.29012211981567,4.0,1,False,False,False,False,False,False,2016.0,2023.0,control_weighted_pseudocohort,5.0,1,1,1,1,1,1,0,1,1.0,1.0,11.0,3.0,9.0,366.0,47.35929288103201,17881.59,68562.02,1.038543335198356,3.9677103335394217,3.80134,3.0,,2.0,2.0,3.0,61.000,0.0,2.0,0.0,2.0,10955.75,0.0,2.0,N,75.0,28.75,14.25,0.3913255360623781,For profit - Corporation,64.0,51.1,HENRY COUNTY MEMORIAL HOSPITAL,TRILOGY HEALTH SERVICES,524.0,ASPEN PLACE HEALTH CAMPUS,IN,,,,2024-11-01,1,1,1,1,1,1,1,1
gold_main_v2,control,control_v2,155797,ASPEN PLACE HEALTH CAMPUS,IN,2025,0,,,,,,,,,,,44.38434562211982,4.0,18.29012211981567,4.0,1,False,True,False,False,True,True,2016.0,2023.0,control_weighted_pseudocohort,5.0,1,1,1,1,1,1,0,1,1.0,1.0,11.0,3.0,9.0,273.0,46.208046221089695,15087.99,50168.54000000001,1.2015917520506572,3.9966851389898426,4.20832,3.0,,2.0,2.0,4.0,47.000,2.0,13.0,,0.0,0.0,0.0,0.0,N,53.666666666666664,26.333333333333332,6.333333333333333,0.5360082304526749,For profit - Corporation,64.0,43.1,HENRY COUNTY MEMORIAL HOSPITAL,TRILOGY HEALTH SERVICES,524.0,ASPEN PLACE HEALTH CAMPUS,IN,,,,2025-11-01,1,1,1,1,1,1,1,1
gold_main_v2,control,control_v2,155797,ASPEN PLACE HEALTH CAMPUS,IN,2026,0,,,,,,,,,,,44.38434562211982,4.0,18.29012211981567,4.0,1,False,True,False,False,True,True,2016.0,2023.0,control_weighted_pseudocohort,5.0,1,0,0,1,1,1,0,1,1.0,1.0,11.0,3.0,9.0,,,,,,,3.70129,3.0,,2.0,3.0,5.0,47.000,,,,0.0,0.0,0.0,0.0,N,,,,,For profit - Corporation,64.0,48.8,HENRY COUNTY MEMORIAL HOSPITAL,TRILOGY HEALTH SERVICES,524.0,ASPEN PLACE HEALTH CAMPUS,IN,,,,2026-03-01,0,1,1,0,0,1,1,0
gold_main_v2,control,control_v2,155806,WELLBROOKE OF WABASH,IN,2016,0,,,,,,,,,,,42.5064,2.0,28.225149999999996,2.0,1,,,,,,,2019.0,2023.0,control_weighted_pseudocohort,4.0,1,0,0,1,1,0,0,0,1.0,1.0,11.0,3.0,9.0,,,,,,,4.70157,4.0,3.0,3.0,4.0,4.0,30.000,0.0,0.0,,0.0,0.0,0.0,0.0,Y,,,,,For profit - Corporation,70.0,32.0,WITHAM MEMORIAL HOSPITAL,,,WELLBROOKE OF WABASH,,,,,,0,1,1,0,0,1,1,0
gold_main_v2,control,control_v2,155806,WELLBROOKE OF WABASH,IN,2017,0,,,,,,,,,,,42.5064,2.0,28.225149999999996,2.0,1,,,,,,,2019.0,2023.0,control_weighted_pseudocohort,4.0,1,0,1,1,1,0,0,0,1.0,1.0,11.0,3.0,9.0,365.0,48.4887442267877,11399.27,66460.22,0.6388818232012954,3.7799979373675177,3.83751,3.0,3.0,4.0,5.0,5.0,26.000,0.0,0.0,,0.0,0.0,0.0,0.0,N,,,,,Government - County,70.0,48.0,WITHAM MEMORIAL HOSPITAL,,,WELLBROOKE OF WABASH,,,,,2017-12-01,1,1,1,0,1,1,1,0
gold_main_v2,control,control_v2,155806,WELLBROOKE OF WABASH,IN,2018,0,,,,,,,,,,,42.5064,2.0,28.225149999999996,2.0,1,,,,,,,2019.0,2023.0,control_weighted_pseudocohort,4.0,1,0,1,1,1,0,0,0,1.0,1.0,11.0,3.0,9.0,365.0,45.32871144555927,12432.92,60552.240000000005,0.7539803303796783,3.6791207142445104,3.82743,,4.0,,,,29.600,0.0,1.0,,0.0,0.0,0.0,0.0,N,,,,,For profit - Corporation,70.0,43.1,WITHAM MEMORIAL HOSPITAL,,,WELLBROOKE OF WABASH,,,,,2018-12-01,1,1,0,0,1,1,0,0
gold_main_v2,control,control_v2,155806,WELLBROOKE OF WABASH,IN,2019,0,,,,,,,,,,,42.5064,2.0,28.225149999999996,2.0,1,,,,,,,2019.0,2023.0,control_weighted_pseudocohort,4.0,1,0,1,1,1,0,0,0,1.0,1.0,11.0,3.0,9.0,365.0,47.95779980888676,12769.63,62297.48,0.7399571679330377,3.5947705645928667,3.76553,,3.0,,,,44.000,1.0,2.0,,0.0,0.0,0.0,0.0,N,,,,,For profit - Corporation,70.0,42.7,WITHAM MEMORIAL HOSPITAL,,,WELLBROOKE OF WABASH,,,,,2019-11-01,1,1,0,0,1,1,0,0
gold_main_v2,control,control_v2,155806,WELLBROOKE OF WABASH,IN,2020,0,,,,,,,,,,,42.5064,2.0,28.225149999999996,2.0,1,,,,,,,2019.0,2023.0,control_weighted_pseudocohort,4.0,1,0,1,1,1,0,0,0,1.0,1.0,11.0,3.0,9.0,366.0,45.72864906832298,12866.24,64319.5,0.77115185334806,3.877045938304564,3.80359,4.0,4.0,2.0,4.0,5.0,53.333,1.0,5.0,,0.0,0.0,0.0,0.0,N,,,,,For profit - Corporation,70.0,43.9,WITHAM MEMORIAL HOSPITAL,,,WELLBROOKE OF WABASH,,,,,2020-11-01,1,1,1,0,1,1,1,0
gold_main_v2,control,control_v2,155806,WELLBROOKE OF WABASH,IN,2021,0,,,,,,,,,,,42.5064,2.0,28.225149999999996,2.0,1,,,,,,,2019.0,2023.0,control_weighted_pseudocohort,4.0,1,0,1,1,1,0,0,0,1.0,1.0,11.0,3.0,9.0,365.0,44.73102670276583,11358.2,60180.869999999995,0.6972461224484978,3.731944935808404,3.97157,3.0,3.0,3.0,3.0,4.0,49.333,1.0,6.0,0.0,1.0,650.0,0.0,1.0,N,,,,,For profit - Corporation,70.0,45.4,WITHAM MEMORIAL HOSPITAL,,,WELLBROOKE OF WABASH,,,,,2021-11-01,1,1,1,0,1,1,1,0
gold_main_v2,control,control_v2,155806,WELLBROOKE OF WABASH,IN,2022,0,,,,,,,,,,,42.5064,2.0,28.225149999999996,2.0,1,False,False,False,False,False,False,2019.0,2023.0,control_weighted_pseudocohort,4.0,1,0,1,1,1,1,0,1,1.0,1.0,11.0,3.0,9.0,365.0,50.773755773212294,9535.78,64067.32,0.5148582617313424,3.463630695383657,3.4591,2.0,,1.0,2.0,5.0,98.833,1.0,6.0,1.0,3.0,68636.75,1.0,4.0,N,,,,,For profit - Corporation,70.0,50.2,WITHAM MEMORIAL HOSPITAL,,,WELLBROOKE OF WABASH,,,,,2022-11-01,1,1,1,0,1,1,1,0
gold_main_v2,control,control_v2,155806,WELLBROOKE OF WABASH,IN,2023,0,,,,,,,,,,,42.5064,2.0,28.225149999999996,2.0,1,False,False,False,False,False,False,2019.0,2023.0,control_weighted_pseudocohort,4.0,1,1,1,1,1,1,0,1,1.0,1.0,11.0,3.0,9.0,365.0,53.14359438870308,13486.14,70726.99,0.6949082331936518,3.6486447280531658,3.61142,3.0,,2.0,3.0,5.0,59.667,1.0,2.0,1.0,3.0,82311.75,1.0,4.0,N,52.0,24.0,8.0,0.4615384615384615,For profit - Corporation,70.0,54.2,WITHAM MEMORIAL HOSPITAL,TRILOGY HEALTH SERVICES,524.0,WELLBROOKE OF WABASH,IN,,,,2023-11-01,1,1,1,1,1,1,1,1
gold_main_v2,control,control_v2,155806,WELLBROOKE OF WABASH,IN,2024,0,,,,,,,,,,,42.5064,2.0,28.225149999999996,2.0,1,False,False,False,False,False,False,2019.0,2023.0,control_weighted_pseudocohort,4.0,1,1,1,1,1,1,0,1,1.0,1.0,11.0,3.0,9.0,366.0,50.86780339225992,14380.71,71742.04000000001,0.7752396263401896,3.864440551162643,3.94715,3.0,,3.0,4.0,5.0,30.500,1.0,1.0,1.0,3.0,77298.0,1.0,4.0,N,52.0,24.0,8.0,0.4615384615384615,For profit - Corporation,70.0,51.6,WITHAM MEMORIAL HOSPITAL,TRILOGY HEALTH SERVICES,524.0,WELLBROOKE OF WABASH,IN,,,,2024-11-01,1,1,1,1,1,1,1,1
gold_main_v2,control,control_v2,155806,WELLBROOKE OF WABASH,IN,2025,0,,,,,,,,,,,42.5064,2.0,28.225149999999996,2.0,1,False,True,False,False,True,True,2019.0,2023.0,control_weighted_pseudocohort,4.0,1,1,1,1,1,1,0,1,1.0,1.0,11.0,3.0,9.0,273.0,50.88988515510255,10596.43,61262.28,0.7635283833892453,4.425372965875117,4.57973,4.0,,3.0,4.0,5.0,33.500,0.0,2.0,,0.0,0.0,0.0,0.0,N,52.0,28.0,11.0,0.5384615384615384,For profit - Corporation,70.0,49.3,WITHAM MEMORIAL HOSPITAL,TRILOGY HEALTH SERVICES,524.0,WELLBROOKE OF WABASH,IN,,,,2025-11-01,1,1,1,1,1,1,1,1
gold_main_v2,control,control_v2,155806,WELLBROOKE OF WABASH,IN,2026,0,,,,,,,,,,,42.5064,2.0,28.225149999999996,2.0,1,False,True,False,False,True,True,2019.0,2023.0,control_weighted_pseudocohort,4.0,1,0,0,1,1,1,0,1,1.0,1.0,11.0,3.0,9.0,,,,,,,4.56942,4.0,,3.0,4.0,5.0,28.500,,,,0.0,0.0,0.0,0.0,N,,,,,For profit - Corporation,70.0,51.2,WITHAM MEMORIAL HOSPITAL,TRILOGY HEALTH SERVICES,524.0,WELLBROOKE OF WABASH,IN,,,,2026-03-01,0,1,1,0,0,1,1,0
gold_main_v2,control,control_v2,155808,WELLBROOKE OF WESTFIELD,IN,2016,0,,,,,,,,,,,39.00593333333333,2.0,24.378616666666662,2.0,1,,,,,,,2019.0,2023.0,control_weighted_pseudocohort,4.0,1,0,0,1,1,0,0,0,1.0,1.0,11.0,3.0,9.0,,,,,,,3.65098,3.0,3.0,2.0,3.0,5.0,47.333,0.0,2.0,,0.0,0.0,0.0,0.0,N,,,,,For profit - Corporation,70.0,51.0,Legal Business Name Not Available,,,WELLBROOKE OF WESTFIELD,,,,,,0,1,1,0,0,1,1,0
gold_main_v2,control,control_v2,155808,WELLBROOKE OF WESTFIELD,IN,2017,0,,,,,,,,,,,39.00593333333333,2.0,24.378616666666662,2.0,1,,,,,,,2019.0,2023.0,control_weighted_pseudocohort,4.0,1,0,1,1,1,0,0,0,1.0,1.0,11.0,3.0,9.0,365.0,51.07920780909911,11058.23,72482.94,0.5942195638816099,3.9028371489299447,4.0451,3.0,3.0,2.0,3.0,5.0,46.667,0.0,2.0,,0.0,0.0,0.0,0.0,N,,,,,For profit - Corporation,70.0,51.0,HANCOCK REGIONAL HOSPITAL,,,WELLBROOKE OF WESTFIELD,,,,,2017-12-01,1,1,1,0,1,1,1,0
gold_main_v2,control,control_v2,155808,WELLBROOKE OF WESTFIELD,IN,2018,0,,,,,,,,,,,39.00593333333333,2.0,24.378616666666662,2.0,1,,,,,,,2019.0,2023.0,control_weighted_pseudocohort,4.0,1,0,1,1,1,0,0,0,1.0,1.0,11.0,3.0,9.0,365.0,51.32110474066996,15489.02,69611.28,0.8267247150118693,3.7234409266299746,3.68199,,4.0,,,,21.600,0.0,0.0,,0.0,0.0,0.0,0.0,N,,,,,Government - County,70.0,52.0,HANCOCK REGIONAL HOSPITAL,,,WELLBROOKE OF WESTFIELD,,,,,2018-12-01,1,1,0,0,1,1,0,0
gold_main_v2,control,control_v2,155808,WELLBROOKE OF WESTFIELD,IN,2019,0,,,,,,,,,,,39.00593333333333,2.0,24.378616666666662,2.0,1,,,,,,,2019.0,2023.0,control_weighted_pseudocohort,4.0,1,0,1,1,1,0,0,0,1.0,1.0,11.0,3.0,9.0,365.0,49.32218107978978,17927.199999999997,65587.6,0.9941895613849208,3.6529537763485567,3.70989,,4.0,,,,30.000,0.0,6.0,,0.0,0.0,0.0,0.0,N,,,,,For profit - Corporation,70.0,47.4,HANCOCK REGIONAL HOSPITAL,,,WELLBROOKE OF WESTFIELD,,,,,2019-11-01,1,1,0,0,1,1,0,0
gold_main_v2,control,control_v2,155808,WELLBROOKE OF WESTFIELD,IN,2020,0,,,,,,,,,,,39.00593333333333,2.0,24.378616666666662,2.0,1,,,,,,,2019.0,2023.0,control_weighted_pseudocohort,4.0,1,0,1,1,1,0,0,0,1.0,1.0,11.0,3.0,9.0,366.0,44.3288939321548,19085.39,61530.17,1.1777209816367975,3.829994519552295,4.15445,4.0,5.0,3.0,5.0,5.0,34.667,0.0,9.0,,0.0,0.0,0.0,0.0,N,,,,,For profit - Corporation,70.0,40.1,HANCOCK REGIONAL HOSPITAL,,,WELLBROOKE OF WESTFIELD,,,,,2020-11-01,1,1,1,0,1,1,1,0
gold_main_v2,control,control_v2,155808,WELLBROOKE OF WESTFIELD,IN,2021,0,,,,,,,,,,,39.00593333333333,2.0,24.378616666666662,2.0,1,,,,,,,2019.0,2023.0,control_weighted_pseudocohort,4.0,1,0,1,1,1,0,0,0,1.0,1.0,11.0,3.0,9.0,365.0,47.82426872644264,17519.08,54769.31,1.0081616948967596,3.171390618347764,,1.0,1.0,3.0,2.0,3.0,36.000,1.0,16.0,1.0,2.0,10400.0,0.0,2.0,N,,,,,For profit - Corporation,70.0,48.2,HANCOCK REGIONAL HOSPITAL,,,WELLBROOKE OF WESTFIELD,,,,,2021-11-01,1,0,1,0,1,0,1,0
gold_main_v2,control,control_v2,155808,WELLBROOKE OF WESTFIELD,IN,2022,0,,,,,,,,,,,39.00593333333333,2.0,24.378616666666662,2.0,1,False,False,False,False,False,False,2019.0,2023.0,control_weighted_pseudocohort,4.0,1,0,1,1,1,1,0,1,1.0,1.0,11.0,3.0,9.0,365.0,50.47968691936083,18132.06,57854.46,0.9852107300931144,3.143079473507293,3.01214,2.0,,4.0,4.0,4.0,30.667,1.0,11.0,3.0,2.0,10400.0,0.0,2.0,N,,,,,For profit - Corporation,70.0,51.8,HANCOCK REGIONAL HOSPITAL,,,WELLBROOKE OF WESTFIELD,,,,,2022-11-01,1,1,1,0,1,1,1,0
gold_main_v2,control,control_v2,155808,WELLBROOKE OF WESTFIELD,IN,2023,0,,,,,,,,,,,39.00593333333333,2.0,24.378616666666662,2.0,1,False,False,False,False,False,False,2019.0,2023.0,control_weighted_pseudocohort,4.0,1,1,1,1,1,1,0,1,1.0,1.0,11.0,3.0,9.0,365.0,49.74959852948983,15816.97,65757.2,0.8743737994166666,3.627824603442953,3.45628,2.0,,2.0,2.0,4.0,52.667,0.0,7.0,3.0,1.0,9750.0,0.0,1.0,N,52.0,20.0,19.0,0.3846153846153846,For profit - Corporation,70.0,49.3,HANCOCK REGIONAL HOSPITAL,TRILOGY HEALTH SERVICES,524.0,WELLBROOKE OF WESTFIELD,IN,,,,2023-11-01,1,1,1,1,1,1,1,1
gold_main_v2,control,control_v2,155808,WELLBROOKE OF WESTFIELD,IN,2024,0,,,,,,,,,,,39.00593333333333,2.0,24.378616666666662,2.0,1,False,False,False,False,False,False,2019.0,2023.0,control_weighted_pseudocohort,4.0,1,1,1,1,1,1,0,1,1.0,1.0,11.0,3.0,9.0,366.0,51.31742713807931,14298.61,71031.38,0.763349995849679,3.788890074871615,3.70936,2.0,,2.0,3.0,5.0,53.333,0.0,3.0,2.0,1.0,9750.0,0.0,1.0,N,53.5,20.75,11.5,0.3878205128205128,For profit - Corporation,70.0,52.9,HANCOCK REGIONAL HOSPITAL,TRILOGY HEALTH SERVICES,524.0,WELLBROOKE OF WESTFIELD,IN,,,,2024-11-01,1,1,1,1,1,1,1,1
gold_main_v2,control,control_v2,155808,WELLBROOKE OF WESTFIELD,IN,2025,0,,,,,,,,,,,39.00593333333333,2.0,24.378616666666662,2.0,1,False,True,False,False,True,False,2019.0,2023.0,control_weighted_pseudocohort,4.0,1,1,1,1,1,1,0,1,1.0,1.0,11.0,3.0,9.0,273.0,49.401834156181984,8068.95,58141.119999999995,0.5978290332845493,4.318254652319816,4.2406,2.0,,3.0,4.0,5.0,31.000,1.0,21.0,,1.0,9750.0,0.0,1.0,N,50.0,20.333333333333332,7.0,0.4074074074074074,For profit - Corporation,70.0,49.4,HANCOCK REGIONAL HOSPITAL,TRILOGY HEALTH SERVICES,524.0,WELLBROOKE OF WESTFIELD,IN,,,,2025-11-01,1,1,1,1,1,1,1,1
gold_main_v2,control,control_v2,155808,WELLBROOKE OF WESTFIELD,IN,2026,0,,,,,,,,,,,39.00593333333333,2.0,24.378616666666662,2.0,1,False,True,False,False,True,False,2019.0,2023.0,control_weighted_pseudocohort,4.0,1,0,0,1,1,1,0,1,1.0,1.0,11.0,3.0,9.0,,,,,,,4.46158,3.0,,3.0,4.0,5.0,30.000,,,,0.0,0.0,0.0,0.0,N,,,,,For profit - Corporation,70.0,48.0,HANCOCK REGIONAL HOSPITAL,TRILOGY HEALTH SERVICES,524.0,WELLBROOKE OF WESTFIELD,IN,,,,2026-03-01,0,1,1,0,0,1,1,0
gold_main_v2,control,control_v2,155811,WELLBROOKE OF AVON,IN,2016,0,,,,,,,,,,,25.97586666666666,2.0,41.06433333333334,2.0,1,,,,,,,2019.0,2023.0,control_weighted_pseudocohort,4.0,1,0,0,1,1,0,0,0,1.0,1.0,11.0,3.0,9.0,,,,,,,5.74722,5.0,5.0,4.0,5.0,5.0,23.200,0.0,6.0,,0.0,0.0,0.0,0.0,N,,,,,For profit - Corporation,70.0,54.0,Legal Business Name Not Available,,,WELLBROOKE OF AVON,,,,,,0,1,1,0,0,1,1,0
gold_main_v2,control,control_v2,155811,WELLBROOKE OF AVON,IN,2017,0,,,,,,,,,,,25.97586666666666,2.0,41.06433333333334,2.0,1,,,,,,,2019.0,2023.0,control_weighted_pseudocohort,4.0,1,0,1,1,1,0,0,0,1.0,1.0,11.0,3.0,9.0,365.0,39.24375763125763,11887.19,71030.44,0.838109141703465,5.025940265302223,4.44167,4.0,4.0,2.0,4.0,5.0,61.333,0.0,6.0,,1.0,19890.0,0.0,1.0,N,,,,,For profit - Corporation,70.0,36.0,PUTNAM COUNTY HOSPITAL,,,WELLBROOKE OF AVON,,,,,2017-12-01,1,1,1,0,1,1,1,0
gold_main_v2,control,control_v2,155811,WELLBROOKE OF AVON,IN,2018,0,,,,,,,,,,,25.97586666666666,2.0,41.06433333333334,2.0,1,,,,,,,2019.0,2023.0,control_weighted_pseudocohort,4.0,1,0,1,1,1,0,0,0,1.0,1.0,11.0,3.0,9.0,365.0,46.7403215745607,13104.57,73877.42,0.7763407782579433,4.3597653100164,4.30423,,1.0,,,,69.600,0.0,0.0,,1.0,19890.0,0.0,1.0,N,,,,,For profit - Corporation,70.0,46.5,PUTNAM COUNTY HOSPITAL,,,WELLBROOKE OF AVON,,,,,2018-12-01,1,1,0,0,1,1,0,0
gold_main_v2,control,control_v2,155811,WELLBROOKE OF AVON,IN,2019,0,,,,,,,,,,,25.97586666666666,2.0,41.06433333333334,2.0,1,,,,,,,2019.0,2023.0,control_weighted_pseudocohort,4.0,1,0,1,1,1,0,0,0,1.0,1.0,11.0,3.0,9.0,365.0,47.884612730264905,11532.64,70756.09,0.6606443371346371,4.064387852252686,4.1711,,3.0,,,,22.000,0.0,0.0,,0.0,0.0,0.0,0.0,N,,,,,Non profit - Corporation,70.0,48.6,PUTNAM COUNTY HOSPITAL,,,WELLBROOKE OF AVON,,,,,2019-11-01,1,1,0,0,1,1,0,0
gold_main_v2,control,control_v2,155811,WELLBROOKE OF AVON,IN,2020,0,,,,,,,,,,,25.97586666666666,2.0,41.06433333333334,2.0,1,,,,,,,2019.0,2023.0,control_weighted_pseudocohort,4.0,1,0,1,1,1,0,0,0,1.0,1.0,11.0,3.0,9.0,366.0,45.870102723363594,10379.41,62606.27,0.6179029879907816,3.739246569384965,3.62031,3.0,3.0,4.0,5.0,5.0,29.333,0.0,0.0,,0.0,0.0,0.0,0.0,N,,,,,Non profit - Corporation,70.0,45.1,PUTNAM COUNTY HOSPITAL,,,WELLBROOKE OF AVON,,,,,2020-11-01,1,1,1,0,1,1,1,0
gold_main_v2,control,control_v2,155811,WELLBROOKE OF AVON,IN,2021,0,,,,,,,,,,,25.97586666666666,2.0,41.06433333333334,2.0,1,,,,,,,2019.0,2023.0,control_weighted_pseudocohort,4.0,1,0,1,1,1,0,0,0,1.0,1.0,11.0,3.0,9.0,365.0,42.94972328396241,9090.88,66509.18000000001,0.5851616091541672,4.277973040575437,3.82617,2.0,2.0,3.0,3.0,3.0,34.667,0.0,1.0,1.0,1.0,650.0,0.0,1.0,N,,,,,Non profit - Corporation,70.0,47.2,PUTNAM COUNTY HOSPITAL,,,WELLBROOKE OF AVON,,,,,2021-11-01,1,1,1,0,1,1,1,0
gold_main_v2,control,control_v2,155811,WELLBROOKE OF AVON,IN,2022,0,,,,,,,,,,,25.97586666666666,2.0,41.06433333333334,2.0,1,False,False,False,False,False,False,2019.0,2023.0,control_weighted_pseudocohort,4.0,1,0,1,1,1,1,0,1,1.0,1.0,11.0,3.0,9.0,365.0,45.51048003928439,15952.03,70629.16,0.9528088770590728,4.264459891504269,4.14604,4.0,,3.0,4.0,5.0,32.667,0.0,1.0,1.0,2.0,10400.0,0.0,2.0,N,,,,,Non profit - Corporation,70.0,43.9,PUTNAM COUNTY HOSPITAL,,,WELLBROOKE OF AVON,,,,,2022-11-01,1,1,1,0,1,1,1,0
gold_main_v2,control,control_v2,155811,WELLBROOKE OF AVON,IN,2023,0,,,,,,,,,,,25.97586666666666,2.0,41.06433333333334,2.0,1,False,False,False,False,False,False,2019.0,2023.0,control_weighted_pseudocohort,4.0,1,1,1,1,1,1,0,1,1.0,1.0,11.0,3.0,9.0,365.0,45.76549941604289,22281.59,68901.99,1.340868552940346,4.132387761628705,4.09661,4.0,,2.0,3.0,5.0,73.333,0.0,5.0,0.0,1.0,9750.0,0.0,1.0,N,50.0,18.0,17.0,0.36,Non profit - Corporation,70.0,43.7,PUTNAM COUNTY HOSPITAL,TRILOGY HEALTH SERVICES,524.0,WELLBROOKE OF AVON,IN,,,,2023-11-01,1,1,1,1,1,1,1,1
gold_main_v2,control,control_v2,155811,WELLBROOKE OF AVON,IN,2024,0,,,,,,,,,,,25.97586666666666,2.0,41.06433333333334,2.0,1,False,False,False,False,False,False,2019.0,2023.0,control_weighted_pseudocohort,4.0,1,1,1,1,1,1,0,1,1.0,1.0,11.0,3.0,9.0,366.0,44.10030458671763,24349.82,66789.95,1.5214584866627976,4.157909539438454,4.07483,4.0,,2.0,3.0,5.0,61.333,0.0,4.0,0.0,0.0,0.0,0.0,0.0,N,47.0,15.0,24.0,0.3191489361702128,Non profit - Other,70.0,43.2,PUTNAM COUNTY HOSPITAL,TRILOGY HEALTH SERVICES,524.0,WELLBROOKE OF AVON,IN,,,,2024-11-01,1,1,1,1,1,1,1,1
gold_main_v2,control,control_v2,155811,WELLBROOKE OF AVON,IN,2025,0,,,,,,,,,,,25.97586666666666,2.0,41.06433333333334,2.0,1,False,True,False,False,True,True,2019.0,2023.0,control_weighted_pseudocohort,4.0,1,1,1,1,1,1,0,1,1.0,1.0,11.0,3.0,9.0,273.0,47.40312505529897,16608.94,52849.72,1.2881559995604892,4.104745613642769,4.04294,4.0,,3.0,4.0,5.0,27.000,1.0,15.0,,0.0,0.0,0.0,0.0,N,81.0,15.0,20.0,0.1851851851851852,For profit - Corporation,70.0,47.4,PUTNAM COUNTY HOSPITAL,TRILOGY HEALTH SERVICES,524.0,WELLBROOKE OF AVON,IN,,,,2025-11-01,1,1,1,1,1,1,1,1
gold_main_v2,control,control_v2,155811,WELLBROOKE OF AVON,IN,2026,0,,,,,,,,,,,25.97586666666666,2.0,41.06433333333334,2.0,1,False,True,False,False,True,True,2019.0,2023.0,control_weighted_pseudocohort,4.0,1,0,0,1,1,1,0,1,1.0,1.0,11.0,3.0,9.0,,,,,,,4.06546,4.0,,3.0,4.0,5.0,27.000,,,,0.0,0.0,0.0,0.0,N,,,,,For profit - Corporation,70.0,49.4,PUTNAM COUNTY HOSPITAL,TRILOGY HEALTH SERVICES,524.0,WELLBROOKE OF AVON,IN,,,,2026-03-01,0,1,1,0,0,1,1,0
gold_main_v2,control,control_v2,155812,WELLBROOKE OF CRAWFORDSVILLE,IN,2016,0,,,,,,,,,,,34.6148,2.0,26.1,2.0,1,,,,,,,2019.0,2023.0,control_weighted_pseudocohort,4.0,1,0,0,1,1,0,0,0,1.0,1.0,11.0,3.0,9.0,,,,,,,8.46071,5.0,5.0,5.0,5.0,2.0,7.200,0.0,0.0,,0.0,0.0,0.0,0.0,N,,,,,For profit - Corporation,70.0,42.0,Legal Business Name Not Available,,,WELLBROOKE OF CRAWFORDSVILLE,,,,,,0,1,1,0,0,1,1,0
gold_main_v2,control,control_v2,155812,WELLBROOKE OF CRAWFORDSVILLE,IN,2017,0,,,,,,,,,,,34.6148,2.0,26.1,2.0,1,,,,,,,2019.0,2023.0,control_weighted_pseudocohort,4.0,1,0,1,1,1,0,0,0,1.0,1.0,11.0,3.0,9.0,365.0,62.01014625471147,11143.87,80260.62,0.4943241559564021,3.558173904736908,3.16231,1.0,2.0,4.0,3.0,3.0,14.667,0.0,1.0,,0.0,0.0,0.0,0.0,N,,,,,Government - County,70.0,65.0,PUTNAM COUNTY HOSPITAL,,,WELLBROOKE OF CRAWFORDSVILLE,,,,,2017-12-01,1,1,1,0,1,1,1,0
gold_main_v2,control,control_v2,155812,WELLBROOKE OF CRAWFORDSVILLE,IN,2018,0,,,,,,,,,,,34.6148,2.0,26.1,2.0,1,,,,,,,2019.0,2023.0,control_weighted_pseudocohort,4.0,1,0,1,1,1,0,0,0,1.0,1.0,11.0,3.0,9.0,365.0,56.84483397037745,15291.19,80817.78,0.7373478131582226,3.9225462113834144,4.02866,,4.0,,,,15.200,0.0,1.0,,0.0,0.0,0.0,0.0,N,,,,,For profit - Corporation,70.0,54.1,PUTNAM COUNTY HOSPITAL,,,WELLBROOKE OF CRAWFORDSVILLE,,,,,2018-12-01,1,1,0,0,1,1,0,0
gold_main_v2,control,control_v2,155812,WELLBROOKE OF CRAWFORDSVILLE,IN,2019,0,,,,,,,,,,,34.6148,2.0,26.1,2.0,1,,,,,,,2019.0,2023.0,control_weighted_pseudocohort,4.0,1,0,1,1,1,0,0,0,1.0,1.0,11.0,3.0,9.0,365.0,62.139539204756595,15527.72,80811.23,0.6867742835155292,3.575943597671417,3.55882,,3.0,,,,21.333,0.0,1.0,,0.0,0.0,0.0,0.0,N,,,,,For profit - Corporation,70.0,59.5,PUTNAM COUNTY HOSPITAL,,,WELLBROOKE OF CRAWFORDSVILLE,,,,,2019-11-01,1,1,0,0,1,1,0,0
gold_main_v2,control,control_v2,155812,WELLBROOKE OF CRAWFORDSVILLE,IN,2020,0,,,,,,,,,,,34.6148,2.0,26.1,2.0,1,,,,,,,2019.0,2023.0,control_weighted_pseudocohort,4.0,1,0,1,1,1,0,0,0,1.0,1.0,11.0,3.0,9.0,366.0,53.47841017677974,10535.36,74751.98,0.5348152812810361,3.8403864772331184,3.98729,3.0,3.0,4.0,5.0,5.0,22.667,0.0,3.0,,0.0,0.0,0.0,0.0,N,,,,,For profit - Corporation,70.0,51.3,PUTNAM COUNTY HOSPITAL,,,WELLBROOKE OF CRAWFORDSVILLE,,,,,2020-11-01,1,1,1,0,1,1,1,0
gold_main_v2,control,control_v2,155812,WELLBROOKE OF CRAWFORDSVILLE,IN,2021,0,,,,,,,,,,,34.6148,2.0,26.1,2.0,1,,,,,,,2019.0,2023.0,control_weighted_pseudocohort,4.0,1,0,1,1,1,0,0,0,1.0,1.0,11.0,3.0,9.0,365.0,49.240864389233955,8932.1,60682.3,0.4986292192559617,3.4052138595490717,3.70925,1.0,1.0,4.0,4.0,5.0,24.000,0.0,3.0,2.0,2.0,3900.0,0.0,2.0,N,,,,,For profit - Corporation,70.0,45.6,PUTNAM COUNTY HOSPITAL,,,WELLBROOKE OF CRAWFORDSVILLE,,,,,2021-11-01,1,1,1,0,1,1,1,0
gold_main_v2,control,control_v2,155812,WELLBROOKE OF CRAWFORDSVILLE,IN,2022,0,,,,,,,,,,,34.6148,2.0,26.1,2.0,1,False,False,False,False,False,False,2019.0,2023.0,control_weighted_pseudocohort,4.0,1,0,1,1,1,1,0,1,1.0,1.0,11.0,3.0,9.0,365.0,50.200039151669586,10568.12,48221.42,0.5960513232765687,2.642090449672185,2.52784,1.0,,3.0,2.0,4.0,34.667,0.0,5.0,2.0,2.0,3900.0,0.0,2.0,N,,,,,For profit - Corporation,70.0,47.7,PUTNAM COUNTY HOSPITAL,,,WELLBROOKE OF CRAWFORDSVILLE,,,,,2022-11-01,1,1,1,0,1,1,1,0
gold_main_v2,control,control_v2,155812,WELLBROOKE OF CRAWFORDSVILLE,IN,2023,0,,,,,,,,,,,34.6148,2.0,26.1,2.0,1,False,False,False,False,False,False,2019.0,2023.0,control_weighted_pseudocohort,4.0,1,1,1,1,1,1,0,1,1.0,1.0,11.0,3.0,9.0,365.0,49.58246934225195,12263.88,64135.48,0.6865435251744241,3.5834405755738907,3.55842,1.0,,3.0,2.0,4.0,36.667,0.0,2.0,0.0,0.0,0.0,0.0,0.0,N,43.0,19.0,13.0,0.4418604651162791,For profit - Corporation,70.0,50.6,PUTNAM COUNTY HOSPITAL,TRILOGY HEALTH SERVICES,524.0,WELLBROOKE OF CRAWFORDSVILLE,IN,,,,2023-11-01,1,1,1,1,1,1,1,1
gold_main_v2,control,control_v2,155812,WELLBROOKE OF CRAWFORDSVILLE,IN,2024,0,,,,,,,,,,,34.6148,2.0,26.1,2.0,1,False,False,False,False,False,False,2019.0,2023.0,control_weighted_pseudocohort,4.0,1,1,1,1,1,1,0,1,1.0,1.0,11.0,3.0,9.0,366.0,50.383510511227904,15450.35,71198.98999999999,0.840808009841655,3.880142873326372,3.83306,2.0,,3.0,4.0,5.0,32.000,0.0,2.0,0.0,0.0,0.0,0.0,0.0,N,69.0,17.5,16.0,0.305140758873929,For profit - Corporation,70.0,49.1,PUTNAM COUNTY HOSPITAL,TRILOGY HEALTH SERVICES,524.0,WELLBROOKE OF CRAWFORDSVILLE,IN,,,,2024-11-01,1,1,1,1,1,1,1,1
gold_main_v2,control,control_v2,155812,WELLBROOKE OF CRAWFORDSVILLE,IN,2025,0,,,,,,,,,,,34.6148,2.0,26.1,2.0,1,True,True,False,True,True,False,2019.0,2023.0,control_weighted_pseudocohort,4.0,1,1,1,1,1,1,0,1,1.0,1.0,11.0,3.0,9.0,273.0,53.89175293305728,10594.94,55112.100000000006,0.7220511558041754,3.7536532337113897,3.97075,2.0,,3.0,4.0,5.0,27.000,0.0,0.0,,0.0,0.0,0.0,0.0,N,95.0,16.0,19.0,0.1684210526315789,For profit - Corporation,70.0,52.9,PUTNAM COUNTY HOSPITAL,TRILOGY HEALTH SERVICES,524.0,WELLBROOKE OF CRAWFORDSVILLE,IN,,,,2025-11-01,1,1,1,1,1,1,1,1
gold_main_v2,control,control_v2,155812,WELLBROOKE OF CRAWFORDSVILLE,IN,2026,0,,,,,,,,,,,34.6148,2.0,26.1,2.0,1,True,True,False,True,True,False,2019.0,2023.0,control_weighted_pseudocohort,4.0,1,0,0,1,1,1,0,1,1.0,1.0,11.0,3.0,9.0,,,,,,,3.67404,2.0,,3.0,4.0,5.0,27.000,,,,0.0,0.0,0.0,0.0,N,,,,,For profit - Corporation,70.0,54.7,PUTNAM COUNTY HOSPITAL,TRILOGY HEALTH SERVICES,524.0,WELLBROOKE OF CRAWFORDSVILLE,IN,,,,2026-03-01,0,1,1,0,0,1,1,0
gold_main_v2,control,control_v2,155815,CLEARVISTA LAKE HEALTH CAMPUS,IN,2016,0,,,,,,,,,,,47.25429999999999,2.0,18.2312,2.0,1,,,,,,,2019.0,2023.0,control_weighted_pseudocohort,4.0,1,0,0,1,1,0,0,0,1.0,1.0,11.0,3.0,9.0,,,,,,,5.3293,5.0,5.0,1.0,2.0,2.0,83.200,0.0,16.0,,1.0,1820.0,0.0,1.0,Y,,,,,For profit - Corporation,70.0,58.0,WITHAM MEMORIAL HOSPITAL,,,CLEARVISTA LAKE HEALTH CAMPUS,,,,,,0,1,1,0,0,1,1,0
gold_main_v2,control,control_v2,155815,CLEARVISTA LAKE HEALTH CAMPUS,IN,2017,0,,,,,,,,,,,47.25429999999999,2.0,18.2312,2.0,1,,,,,,,2019.0,2023.0,control_weighted_pseudocohort,4.0,1,0,1,1,1,0,0,0,1.0,1.0,11.0,3.0,9.0,365.0,40.629035276317886,7830.62,66966.68000000001,0.5320237505134265,4.537024786065313,3.32572,2.0,3.0,1.0,1.0,2.0,149.000,0.0,38.0,,3.0,71341.0,0.0,3.0,N,,,,,For profit - Corporation,70.0,35.0,WITHAM MEMORIAL HOSPITAL,,,CLEARVISTA LAKE HEALTH CAMPUS,,,,,2017-12-01,1,1,1,0,1,1,1,0
gold_main_v2,control,control_v2,155815,CLEARVISTA LAKE HEALTH CAMPUS,IN,2018,0,,,,,,,,,,,47.25429999999999,2.0,18.2312,2.0,1,,,,,,,2019.0,2023.0,control_weighted_pseudocohort,4.0,1,0,1,1,1,0,0,0,1.0,1.0,11.0,3.0,9.0,365.0,42.23632014121144,9126.85,65971.95000000001,0.591573812434397,4.292076060834488,4.32158,,3.0,,,,158.000,0.0,31.0,,2.0,69521.0,0.0,2.0,N,,,,,For profit - Corporation,70.0,41.1,WITHAM MEMORIAL HOSPITAL,,,CLEARVISTA LAKE HEALTH CAMPUS,,,,,2018-12-01,1,1,0,0,1,1,0,0
gold_main_v2,control,control_v2,155815,CLEARVISTA LAKE HEALTH CAMPUS,IN,2019,0,,,,,,,,,,,47.25429999999999,2.0,18.2312,2.0,1,,,,,,,2019.0,2023.0,control_weighted_pseudocohort,4.0,1,0,1,1,1,0,0,0,1.0,1.0,11.0,3.0,9.0,365.0,45.35620321707278,9633.14,63630.47,0.5832485120392973,3.864025306771724,3.72963,,1.0,,,,62.667,0.0,12.0,,0.0,0.0,0.0,0.0,N,,,,,For profit - Corporation,70.0,44.5,WITHAM MEMORIAL HOSPITAL,,,CLEARVISTA LAKE HEALTH CAMPUS,,,,,2019-11-01,1,1,0,0,1,1,0,0
gold_main_v2,control,control_v2,155815,CLEARVISTA LAKE HEALTH CAMPUS,IN,2020,0,,,,,,,,,,,47.25429999999999,2.0,18.2312,2.0,1,,,,,,,2019.0,2023.0,control_weighted_pseudocohort,4.0,1,0,1,1,1,0,0,0,1.0,1.0,11.0,3.0,9.0,366.0,42.053899904443384,8173.57,61342.16,0.5407069636594255,4.001811910388904,3.78206,3.0,3.0,2.0,2.0,3.0,62.000,0.0,8.0,,0.0,0.0,0.0,0.0,N,,,,,For profit - Corporation,70.0,35.9,WITHAM MEMORIAL HOSPITAL,,,CLEARVISTA LAKE HEALTH CAMPUS,,,,,2020-11-01,1,1,1,0,1,1,1,0
gold_main_v2,control,control_v2,155815,CLEARVISTA LAKE HEALTH CAMPUS,IN,2021,0,,,,,,,,,,,47.25429999999999,2.0,18.2312,2.0,1,,,,,,,2019.0,2023.0,control_weighted_pseudocohort,4.0,1,0,1,1,1,0,0,0,1.0,1.0,11.0,3.0,9.0,365.0,46.89142246642247,8110.22,60012.19,0.4721118539802183,3.518600058288225,3.52949,2.0,2.0,2.0,2.0,4.0,65.333,0.0,6.0,3.0,2.0,3900.0,0.0,2.0,N,,,,,For profit - Corporation,70.0,44.1,WITHAM MEMORIAL HOSPITAL,,,CLEARVISTA LAKE HEALTH CAMPUS,,,,,2021-11-01,1,1,1,0,1,1,1,0
gold_main_v2,control,control_v2,155815,CLEARVISTA LAKE HEALTH CAMPUS,IN,2022,0,,,,,,,,,,,47.25429999999999,2.0,18.2312,2.0,1,False,False,False,False,False,False,2019.0,2023.0,control_weighted_pseudocohort,4.0,1,0,1,1,1,1,0,1,1.0,1.0,11.0,3.0,9.0,365.0,45.28703681584116,10983.8,63232.59,0.6724563620721304,3.839740033897036,3.83653,2.0,,1.0,1.0,4.0,114.000,0.0,6.0,3.0,2.0,3900.0,0.0,2.0,N,,,,,Non profit - Other,70.0,49.3,WITHAM MEMORIAL HOSPITAL,,,CLEARVISTA LAKE HEALTH CAMPUS,,,,,2022-11-01,1,1,1,0,1,1,1,0
gold_main_v2,control,control_v2,155815,CLEARVISTA LAKE HEALTH CAMPUS,IN,2023,0,,,,,,,,,,,47.25429999999999,2.0,18.2312,2.0,1,False,False,False,False,False,False,2019.0,2023.0,control_weighted_pseudocohort,4.0,1,1,1,1,1,1,0,1,1.0,1.0,11.0,3.0,9.0,365.0,39.81765474863301,11531.23,58994.91,0.7983648718457088,4.080201618036118,4.35524,2.0,,1.0,2.0,5.0,105.333,0.0,15.0,2.0,3.0,48616.75,0.0,3.0,N,38.0,25.0,6.0,0.6578947368421053,Non profit - Other,70.0,39.3,WITHAM MEMORIAL HOSPITAL,TRILOGY HEALTH SERVICES,524.0,CLEARVISTA LAKE HEALTH CAMPUS,IN,,,,2023-11-01,1,1,1,1,1,1,1,1
gold_main_v2,control,control_v2,155815,CLEARVISTA LAKE HEALTH CAMPUS,IN,2024,0,,,,,,,,,,,47.25429999999999,2.0,18.2312,2.0,1,False,False,False,False,False,False,2019.0,2023.0,control_weighted_pseudocohort,4.0,1,1,1,1,1,1,0,1,1.0,1.0,11.0,3.0,9.0,366.0,40.11254777830865,9308.73,59682.12,0.6422861186851546,4.089933381139263,3.78552,1.0,,1.0,2.0,5.0,111.333,0.0,15.0,0.0,2.0,45366.75,0.0,2.0,N,43.25,24.25,5.75,0.5866413916146298,Non profit - Other,70.0,40.9,WITHAM MEMORIAL HOSPITAL,TRILOGY HEALTH SERVICES,524.0,CLEARVISTA LAKE HEALTH CAMPUS,IN,,,,2024-11-01,1,1,1,1,1,1,1,1
gold_main_v2,control,control_v2,155815,CLEARVISTA LAKE HEALTH CAMPUS,IN,2025,0,,,,,,,,,,,47.25429999999999,2.0,18.2312,2.0,1,False,True,False,False,False,True,2019.0,2023.0,control_weighted_pseudocohort,4.0,1,1,1,1,1,1,0,1,1.0,1.0,11.0,3.0,9.0,273.0,47.27403956751783,8319.17,49622.33,0.6521241536966754,3.8742024819128513,4.04716,2.0,,2.0,2.0,4.0,44.000,1.0,31.0,,0.0,0.0,0.0,0.0,N,59.0,22.0,5.0,0.3728813559322034,Government - County,70.0,42.9,WITHAM MEMORIAL HOSPITAL,TRILOGY HEALTH SERVICES,524.0,CLEARVISTA LAKE HEALTH CAMPUS,IN,,,,2025-11-01,1,1,1,1,1,1,1,1
gold_main_v2,control,control_v2,155815,CLEARVISTA LAKE HEALTH CAMPUS,IN,2026,0,,,,,,,,,,,47.25429999999999,2.0,18.2312,2.0,1,False,True,False,False,False,True,2019.0,2023.0,control_weighted_pseudocohort,4.0,1,0,0,1,1,1,0,1,1.0,1.0,11.0,3.0,9.0,,,,,,,3.69838,1.0,,3.0,2.0,4.0,33.000,,,,0.0,0.0,0.0,0.0,N,,,,,Government - County,70.0,53.6,WITHAM MEMORIAL HOSPITAL,TRILOGY HEALTH SERVICES,524.0,CLEARVISTA LAKE HEALTH CAMPUS,IN,,,,2026-03-01,0,1,1,0,0,1,1,0
gold_main_v2,control,control_v2,155816,ARLINGTON PLACE HEALTH CAMPUS,IN,2016,0,,,,,,,,,,,50.447399999999995,2.0,33.442099999999996,2.0,1,,,,,,,2019.0,2023.0,control_weighted_pseudocohort,4.0,1,0,0,1,1,0,0,0,1.0,1.0,11.0,3.0,9.0,,,,,,,4.57983,4.0,3.0,4.0,4.0,4.0,13.600,0.0,6.0,,0.0,0.0,0.0,0.0,Y,,,,,For profit - Corporation,84.0,62.0,WITHAM MEMORIAL HOSPITAL,,,ARLINGTON PLACE HEALTH CAMPUS,,,,,,0,1,1,0,0,1,1,0
gold_main_v2,control,control_v2,155816,ARLINGTON PLACE HEALTH CAMPUS,IN,2017,0,,,,,,,,,,,50.447399999999995,2.0,33.442099999999996,2.0,1,,,,,,,2019.0,2023.0,control_weighted_pseudocohort,4.0,1,0,1,1,1,0,0,0,1.0,1.0,11.0,3.0,9.0,365.0,70.11701040505389,14473.08,106152.83,0.5644501271305202,4.161017076104448,4.02567,3.0,3.0,2.0,3.0,5.0,69.333,0.0,24.0,,0.0,0.0,0.0,0.0,N,,,,,Government - County,84.0,74.0,WITHAM MEMORIAL HOSPITAL,,,ARLINGTON PLACE HEALTH CAMPUS,,,,,2017-12-01,1,1,1,0,1,1,1,0
gold_main_v2,control,control_v2,155816,ARLINGTON PLACE HEALTH CAMPUS,IN,2018,0,,,,,,,,,,,50.447399999999995,2.0,33.442099999999996,2.0,1,,,,,,,2019.0,2023.0,control_weighted_pseudocohort,4.0,1,0,1,1,1,0,0,0,1.0,1.0,11.0,3.0,9.0,365.0,60.55309364548495,8706.09,86416.52,0.3944491922468189,3.9359014269755344,3.86877,,1.0,,,,69.600,0.0,22.0,,0.0,0.0,0.0,0.0,N,,,,,Government - County,84.0,55.5,WITHAM MEMORIAL HOSPITAL,,,ARLINGTON PLACE HEALTH CAMPUS,,,,,2018-12-01,1,1,0,0,1,1,0,0
gold_main_v2,control,control_v2,155816,ARLINGTON PLACE HEALTH CAMPUS,IN,2019,0,,,,,,,,,,,50.447399999999995,2.0,33.442099999999996,2.0,1,,,,,,,2019.0,2023.0,control_weighted_pseudocohort,4.0,1,0,1,1,1,0,0,0,1.0,1.0,11.0,3.0,9.0,365.0,59.786980410893456,10791.11,86091.5,0.4982085418180182,3.966626859274211,3.89023,,2.0,,,,65.333,0.0,11.0,,0.0,0.0,0.0,0.0,N,,,,,For profit - Corporation,84.0,58.2,WITHAM MEMORIAL HOSPITAL,,,ARLINGTON PLACE HEALTH CAMPUS,,,,,2019-11-01,1,1,0,0,1,1,0,0
gold_main_v2,control,control_v2,155816,ARLINGTON PLACE HEALTH CAMPUS,IN,2020,0,,,,,,,,,,,50.447399999999995,2.0,33.442099999999996,2.0,1,,,,,,,2019.0,2023.0,control_weighted_pseudocohort,4.0,1,0,1,1,1,0,0,0,1.0,1.0,11.0,3.0,9.0,366.0,44.20685021500239,14295.94,76627.77,0.9330479976990644,4.870595631037453,4.78981,4.0,4.0,2.0,3.0,4.0,71.333,0.0,15.0,,0.0,0.0,0.0,0.0,N,,,,,For profit - Corporation,84.0,41.2,WITHAM MEMORIAL HOSPITAL,,,ARLINGTON PLACE HEALTH CAMPUS,,,,,2020-11-01,1,1,1,0,1,1,1,0
gold_main_v2,control,control_v2,155816,ARLINGTON PLACE HEALTH CAMPUS,IN,2021,0,,,,,,,,,,,50.447399999999995,2.0,33.442099999999996,2.0,1,,,,,,,2019.0,2023.0,control_weighted_pseudocohort,4.0,1,0,1,1,1,0,0,0,1.0,1.0,11.0,3.0,9.0,365.0,52.88151908477995,11850.16,74917.35,0.6249753832857424,3.906207686755886,3.84777,3.0,3.0,1.0,1.0,3.0,86.667,0.0,19.0,3.0,3.0,49090.0,0.0,3.0,N,,,,,For profit - Partnership,100.0,48.1,WITHAM MEMORIAL HOSPITAL,,,ARLINGTON PLACE HEALTH CAMPUS,,,,,2021-11-01,1,1,1,0,1,1,1,0
gold_main_v2,control,control_v2,155816,ARLINGTON PLACE HEALTH CAMPUS,IN,2022,0,,,,,,,,,,,50.447399999999995,2.0,33.442099999999996,2.0,1,False,False,False,False,False,False,2019.0,2023.0,control_weighted_pseudocohort,4.0,1,0,1,1,1,1,0,1,1.0,1.0,11.0,3.0,9.0,365.0,58.587396480331265,10720.9,76398.2,0.5041133519574813,3.592349672934212,3.47387,1.0,,2.0,1.0,4.0,70.667,0.0,15.0,3.0,3.0,43840.0,0.0,3.0,N,,,,,For profit - Partnership,100.0,60.4,WITHAM MEMORIAL HOSPITAL,,,ARLINGTON PLACE HEALTH CAMPUS,,,,,2022-11-01,1,1,1,0,1,1,1,0
gold_main_v2,control,control_v2,155816,ARLINGTON PLACE HEALTH CAMPUS,IN,2023,0,,,,,,,,,,,50.447399999999995,2.0,33.442099999999996,2.0,1,False,False,False,False,False,False,2019.0,2023.0,control_weighted_pseudocohort,4.0,1,1,1,1,1,1,0,1,1.0,1.0,11.0,3.0,9.0,365.0,47.5303027286723,9469.36,67125.58,0.5506004189523339,3.8889796290380874,3.64653,2.0,,2.0,3.0,5.0,78.000,0.0,7.0,0.0,1.0,9750.0,1.0,2.0,N,46.0,31.0,10.0,0.6739130434782609,For profit - Corporation,84.0,47.4,WITHAM MEMORIAL HOSPITAL,TRILOGY HEALTH SERVICES,524.0,ARLINGTON PLACE HEALTH CAMPUS,IN,,,,2023-11-01,1,1,1,1,1,1,1,1
gold_main_v2,control,control_v2,155816,ARLINGTON PLACE HEALTH CAMPUS,IN,2024,0,,,,,,,,,,,50.447399999999995,2.0,33.442099999999996,2.0,1,False,False,False,False,False,False,2019.0,2023.0,control_weighted_pseudocohort,4.0,1,1,1,1,1,1,0,1,1.0,1.0,11.0,3.0,9.0,366.0,48.72055661729575,10632.27,67896.18000000001,0.601604803867557,3.8220847614202818,3.79427,2.0,,2.0,3.0,5.0,66.667,0.0,5.0,,0.0,0.0,1.0,1.0,N,45.0,29.0,10.25,0.6423395445134575,For profit - Corporation,84.0,48.2,WITHAM MEMORIAL HOSPITAL,TRILOGY HEALTH SERVICES,524.0,ARLINGTON PLACE HEALTH CAMPUS,IN,,,,2024-11-01,1,1,1,1,1,1,1,1
gold_main_v2,control,control_v2,155816,ARLINGTON PLACE HEALTH CAMPUS,IN,2025,0,,,,,,,,,,,50.447399999999995,2.0,33.442099999999996,2.0,1,False,True,False,False,True,True,2019.0,2023.0,control_weighted_pseudocohort,4.0,1,1,1,1,1,1,0,1,1.0,1.0,11.0,3.0,9.0,273.0,61.90977774238644,8195.59,60704.25,0.4844685613971231,3.6008673078684517,3.61851,2.0,,2.0,3.0,5.0,46.000,0.0,52.0,,0.0,0.0,1.0,1.0,N,42.0,23.0,11.0,0.5476190476190477,For profit - Partnership,84.0,60.1,WITHAM MEMORIAL HOSPITAL,TRILOGY HEALTH SERVICES,524.0,ARLINGTON PLACE HEALTH CAMPUS,IN,,,,2025-11-01,1,1,1,1,1,1,1,1
gold_main_v2,control,control_v2,155816,ARLINGTON PLACE HEALTH CAMPUS,IN,2026,0,,,,,,,,,,,50.447399999999995,2.0,33.442099999999996,2.0,1,False,True,False,False,True,True,2019.0,2023.0,control_weighted_pseudocohort,4.0,1,0,0,1,1,1,0,1,1.0,1.0,11.0,3.0,9.0,,,,,,,3.73476,2.0,,3.0,4.0,5.0,41.000,,,,0.0,0.0,1.0,1.0,N,,,,,For profit - Partnership,84.0,63.6,WITHAM MEMORIAL HOSPITAL,TRILOGY HEALTH SERVICES,524.0,ARLINGTON PLACE HEALTH CAMPUS,IN,,,,2026-03-01,0,1,1,0,0,1,1,0
gold_main_v2,control,control_v2,155818,HEARTHSTONE HEALTH CAMPUS,IN,2016,0,,,,,,,,,,,37.230999999999995,2.0,22.9467,2.0,1,,,,,,,2019.0,2023.0,control_weighted_pseudocohort,4.0,1,0,0,1,1,0,0,0,1.0,1.0,11.0,3.0,9.0,,,,,,,,,,4.0,4.0,4.0,18.400,0.0,0.0,,0.0,0.0,0.0,0.0,N,,,,,Non profit - Other,64.0,44.0,DAVIESS COUNTY HOSPITAL,,,HEARTHSTONE HEALTH CAMPUS,,,,,,0,0,1,0,0,0,1,0
gold_main_v2,control,control_v2,155818,HEARTHSTONE HEALTH CAMPUS,IN,2017,0,,,,,,,,,,,37.230999999999995,2.0,22.9467,2.0,1,,,,,,,2019.0,2023.0,control_weighted_pseudocohort,4.0,1,0,1,1,1,0,0,0,1.0,1.0,11.0,3.0,9.0,365.0,53.500506980941765,15185.71,77379.1,0.7821752750059066,3.971599590299003,3.76181,3.0,5.0,4.0,4.0,4.0,18.667,0.0,0.0,,0.0,0.0,0.0,0.0,N,,,,,Government - County,64.0,55.0,DAVIESS COUNTY HOSPITAL,,,HEARTHSTONE HEALTH CAMPUS,,,,,2017-12-01,1,1,1,0,1,1,1,0
gold_main_v2,control,control_v2,155818,HEARTHSTONE HEALTH CAMPUS,IN,2018,0,,,,,,,,,,,37.230999999999995,2.0,22.9467,2.0,1,,,,,,,2019.0,2023.0,control_weighted_pseudocohort,4.0,1,0,1,1,1,0,0,0,1.0,1.0,11.0,3.0,9.0,365.0,53.2572828741307,11841.9,71984.18,0.610025999563109,3.7273065113593793,4.04904,,4.0,,,,18.400,0.0,0.0,,0.0,0.0,0.0,0.0,N,,,,,Government - County,64.0,51.8,DAVIESS COUNTY HOSPITAL,,,HEARTHSTONE HEALTH CAMPUS,,,,,2018-12-01,1,1,0,0,1,1,0,0
gold_main_v2,control,control_v2,155818,HEARTHSTONE HEALTH CAMPUS,IN,2019,0,,,,,,,,,,,37.230999999999995,2.0,22.9467,2.0,1,,,,,,,2019.0,2023.0,control_weighted_pseudocohort,4.0,1,0,1,1,1,0,0,0,1.0,1.0,11.0,3.0,9.0,365.0,56.923783643892335,16550.4,66722.54000000001,0.798036494242193,3.2174570970920224,2.93654,,3.0,,,,32.000,0.0,1.0,,0.0,0.0,0.0,0.0,N,,,,,Government - County,64.0,56.3,DAVIESS COUNTY HOSPITAL,,,HEARTHSTONE HEALTH CAMPUS,,,,,2019-11-01,1,1,0,0,1,1,0,0
gold_main_v2,control,control_v2,155818,HEARTHSTONE HEALTH CAMPUS,IN,2020,0,,,,,,,,,,,37.230999999999995,2.0,22.9467,2.0,1,,,,,,,2019.0,2023.0,control_weighted_pseudocohort,4.0,1,0,1,1,1,0,0,0,1.0,1.0,11.0,3.0,9.0,366.0,53.048375537505976,11527.36,70127.36,0.5934737561027484,3.634094894691064,3.41555,2.0,3.0,3.0,3.0,3.0,30.667,0.0,1.0,,0.0,0.0,0.0,0.0,N,,,,,Non profit - Corporation,64.0,52.7,DAVIESS COUNTY HOSPITAL,,,HEARTHSTONE HEALTH CAMPUS,,,,,2020-11-01,1,1,1,0,1,1,1,0
gold_main_v2,control,control_v2,155818,HEARTHSTONE HEALTH CAMPUS,IN,2021,0,,,,,,,,,,,37.230999999999995,2.0,22.9467,2.0,1,,,,,,,2019.0,2023.0,control_weighted_pseudocohort,4.0,1,0,1,1,1,0,0,0,1.0,1.0,11.0,3.0,9.0,365.0,54.9187038806604,11224.18,74228.4,0.5611288509653671,3.7385749697273014,3.48824,2.0,2.0,4.0,4.0,3.0,29.333,0.0,1.0,1.0,1.0,650.0,0.0,1.0,N,,,,,Non profit - Corporation,64.0,55.5,DAVIESS COUNTY HOSPITAL,,,HEARTHSTONE HEALTH CAMPUS,,,,,2021-11-01,1,1,1,0,1,1,1,0
gold_main_v2,control,control_v2,155818,HEARTHSTONE HEALTH CAMPUS,IN,2022,0,,,,,,,,,,,37.230999999999995,2.0,22.9467,2.0,1,False,False,False,False,False,False,2019.0,2023.0,control_weighted_pseudocohort,4.0,1,0,1,1,1,1,0,1,1.0,1.0,11.0,3.0,9.0,365.0,56.845030392313,8049.7,69744.79,0.389015745636191,3.374005504518516,3.40187,1.0,,4.0,3.0,3.0,19.333,0.0,0.0,1.0,1.0,650.0,0.0,1.0,N,,,,,For profit - Corporation,64.0,59.6,DAVIESS COUNTY HOSPITAL,,,HEARTHSTONE HEALTH CAMPUS,,,,,2022-11-01,1,1,1,0,1,1,1,0
gold_main_v2,control,control_v2,155818,HEARTHSTONE HEALTH CAMPUS,IN,2023,0,,,,,,,,,,,37.230999999999995,2.0,22.9467,2.0,1,False,False,False,False,False,False,2019.0,2023.0,control_weighted_pseudocohort,4.0,1,1,1,1,1,1,0,1,1.0,1.0,11.0,3.0,9.0,365.0,51.83041952009343,12397.64,66974.87000000001,0.6609361522346835,3.5617950461274908,3.66278,2.0,,4.0,5.0,5.0,21.333,0.0,0.0,0.0,0.0,0.0,0.0,0.0,N,57.0,25.0,14.0,0.4385964912280701,For profit - Corporation,64.0,49.5,DAVIESS COUNTY HOSPITAL,TRILOGY HEALTH SERVICES,524.0,HEARTHSTONE HEALTH CAMPUS,IN,,,,2023-11-01,1,1,1,1,1,1,1,1
gold_main_v2,control,control_v2,155818,HEARTHSTONE HEALTH CAMPUS,IN,2024,0,,,,,,,,,,,37.230999999999995,2.0,22.9467,2.0,1,False,False,False,False,False,False,2019.0,2023.0,control_weighted_pseudocohort,4.0,1,1,1,1,1,1,0,1,1.0,1.0,11.0,3.0,9.0,366.0,55.862308886765405,9801.52,68157.41,0.4815941065240835,3.3409490791844503,3.34381,1.0,,3.0,2.0,4.0,31.333,0.0,0.0,0.0,0.0,0.0,0.0,0.0,N,94.0,17.0,17.0,0.1808510638297872,For profit - Corporation,64.0,54.7,DAVIESS COUNTY HOSPITAL,TRILOGY HEALTH SERVICES,524.0,HEARTHSTONE HEALTH CAMPUS,IN,,,,2024-11-01,1,1,1,1,1,1,1,1
gold_main_v2,control,control_v2,155818,HEARTHSTONE HEALTH CAMPUS,IN,2025,0,,,,,,,,,,,37.230999999999995,2.0,22.9467,2.0,1,False,True,False,False,False,True,2019.0,2023.0,control_weighted_pseudocohort,4.0,1,1,1,1,1,1,0,1,1.0,1.0,11.0,3.0,9.0,273.0,58.505736051388226,9264.31,58074.07000000001,0.5812429143693955,3.639749336312107,3.59192,2.0,,4.0,5.0,5.0,22.000,0.0,0.0,0.0,0.0,0.0,0.0,0.0,N,55.0,16.0,12.0,0.2909090909090909,For profit - Corporation,64.0,58.5,DAVIESS COUNTY HOSPITAL,TRILOGY HEALTH SERVICES,524.0,HEARTHSTONE HEALTH CAMPUS,IN,,,,2025-11-01,1,1,1,1,1,1,1,1
gold_main_v2,control,control_v2,155818,HEARTHSTONE HEALTH CAMPUS,IN,2026,0,,,,,,,,,,,37.230999999999995,2.0,22.9467,2.0,1,False,True,False,False,False,True,2019.0,2023.0,control_weighted_pseudocohort,4.0,1,0,0,1,1,1,0,1,1.0,1.0,11.0,3.0,9.0,,,,,,,3.75205,3.0,,4.0,5.0,5.0,22.000,,,0.0,0.0,0.0,0.0,0.0,N,,,,,For profit - Corporation,64.0,58.5,DAVIESS COUNTY HOSPITAL,TRILOGY HEALTH SERVICES,524.0,HEARTHSTONE HEALTH CAMPUS,IN,,,,2026-03-01,0,1,1,0,0,1,1,0
gold_main_v2,control,control_v2,155819,WELLBROOKE OF KOKOMO,IN,2016,0,,,,,,,,,,,17.34433333333333,2.0,44.76698333333333,2.0,1,,,,,,,2019.0,2023.0,control_weighted_pseudocohort,4.0,1,0,0,1,1,0,0,0,1.0,1.0,11.0,3.0,9.0,,,,,,,5.2353,5.0,5.0,3.0,4.0,3.0,28.800,0.0,0.0,,0.0,0.0,0.0,0.0,N,,,,,For profit - Corporation,70.0,51.0,WITHAM MEMORIAL HOSPITAL,,,WELLBROOKE OF KOKOMO,,,,,,0,1,1,0,0,1,1,0
gold_main_v2,control,control_v2,155819,WELLBROOKE OF KOKOMO,IN,2017,0,,,,,,,,,,,17.34433333333333,2.0,44.76698333333333,2.0,1,,,,,,,2019.0,2023.0,control_weighted_pseudocohort,4.0,1,0,1,1,1,0,0,0,1.0,1.0,11.0,3.0,9.0,365.0,60.36414636088549,20806.21,84641.28,0.9477902835502824,3.861022989704935,3.5695,2.0,4.0,3.0,4.0,5.0,40.000,0.0,5.0,,1.0,8068.0,0.0,1.0,N,,,,,For profit - Corporation,70.0,59.0,WITHAM MEMORIAL HOSPITAL,,,WELLBROOKE OF KOKOMO,,,,,2017-12-01,1,1,1,0,1,1,1,0
gold_main_v2,control,control_v2,155819,WELLBROOKE OF KOKOMO,IN,2018,0,,,,,,,,,,,17.34433333333333,2.0,44.76698333333333,2.0,1,,,,,,,2019.0,2023.0,control_weighted_pseudocohort,4.0,1,0,1,1,1,0,0,0,1.0,1.0,11.0,3.0,9.0,365.0,56.57670741094654,19082.67,75470.38,0.9284622141739745,3.6671824490578104,3.7887,,4.0,,,,38.400,0.0,5.0,,1.0,8068.0,0.0,1.0,N,,,,,Non profit - Corporation,70.0,54.5,WITHAM MEMORIAL HOSPITAL,,,WELLBROOKE OF KOKOMO,,,,,2018-12-01,1,1,0,0,1,1,0,0
gold_main_v2,control,control_v2,155819,WELLBROOKE OF KOKOMO,IN,2019,0,,,,,,,,,,,17.34433333333333,2.0,44.76698333333333,2.0,1,,,,,,,2019.0,2023.0,control_weighted_pseudocohort,4.0,1,0,1,1,1,0,0,0,1.0,1.0,11.0,3.0,9.0,365.0,60.73443157084461,18418.9,74082.78,0.8369258466303573,3.364914350680275,3.27514,,3.0,,,,26.000,0.0,4.0,,1.0,8068.0,0.0,1.0,N,,,,,Non profit - Corporation,70.0,63.6,WITHAM MEMORIAL HOSPITAL,,,WELLBROOKE OF KOKOMO,,,,,2019-11-01,1,1,0,0,1,1,0,0
gold_main_v2,control,control_v2,155819,WELLBROOKE OF KOKOMO,IN,2020,0,,,,,,,,,,,17.34433333333333,2.0,44.76698333333333,2.0,1,,,,,,,2019.0,2023.0,control_weighted_pseudocohort,4.0,1,0,1,1,1,0,0,0,1.0,1.0,11.0,3.0,9.0,366.0,43.44738413760153,20036.9,63570.11,1.2854112568251854,4.05284632634751,4.42548,4.0,5.0,4.0,5.0,5.0,21.333,0.0,0.0,,0.0,0.0,0.0,0.0,N,,,,,For profit - Corporation,70.0,33.9,WITHAM MEMORIAL HOSPITAL,,,WELLBROOKE OF KOKOMO,,,,,2020-11-01,1,1,1,0,1,1,1,0
gold_main_v2,control,control_v2,155819,WELLBROOKE OF KOKOMO,IN,2021,0,,,,,,,,,,,17.34433333333333,2.0,44.76698333333333,2.0,1,,,,,,,2019.0,2023.0,control_weighted_pseudocohort,4.0,1,0,1,1,1,0,0,0,1.0,1.0,11.0,3.0,9.0,365.0,54.987698412698414,18945.61,68185.33,0.9509977114698264,3.425134213422569,3.33734,3.0,4.0,4.0,5.0,5.0,21.333,0.0,0.0,0.0,1.0,650.0,0.0,1.0,N,,,,,For profit - Corporation,70.0,56.4,WITHAM MEMORIAL HOSPITAL,,,WELLBROOKE OF KOKOMO,,,,,2021-11-01,1,1,1,0,1,1,1,0
gold_main_v2,control,control_v2,155819,WELLBROOKE OF KOKOMO,IN,2022,0,,,,,,,,,,,17.34433333333333,2.0,44.76698333333333,2.0,1,False,False,False,False,False,False,2019.0,2023.0,control_weighted_pseudocohort,4.0,1,0,1,1,1,1,0,1,1.0,1.0,11.0,3.0,9.0,365.0,57.53745222169135,15417.19,69088.72,0.7340184402457842,3.302087525152706,3.1956,1.0,,4.0,3.0,4.0,21.333,0.0,0.0,0.0,1.0,650.0,0.0,1.0,N,,,,,For profit - Corporation,70.0,58.6,WITHAM MEMORIAL HOSPITAL,,,WELLBROOKE OF KOKOMO,,,,,2022-11-01,1,1,1,0,1,1,1,0
gold_main_v2,control,control_v2,155819,WELLBROOKE OF KOKOMO,IN,2023,0,,,,,,,,,,,17.34433333333333,2.0,44.76698333333333,2.0,1,False,False,False,False,False,False,2019.0,2023.0,control_weighted_pseudocohort,4.0,1,1,1,1,1,1,0,1,1.0,1.0,11.0,3.0,9.0,365.0,52.624717311673834,18887.83,75659.92,0.987015428639294,3.9499019823007657,3.93064,4.0,,1.0,1.0,4.0,100.667,0.0,19.0,0.0,1.0,5000.0,0.0,1.0,N,57.0,8.0,29.0,0.1403508771929824,For profit - Limited Liability company,70.0,51.4,WITHAM MEMORIAL HOSPITAL,TRILOGY HEALTH SERVICES,524.0,WELLBROOKE OF KOKOMO,IN,,,,2023-11-01,1,1,1,1,1,1,1,1
gold_main_v2,control,control_v2,155819,WELLBROOKE OF KOKOMO,IN,2024,0,,,,,,,,,,,17.34433333333333,2.0,44.76698333333333,2.0,1,False,False,False,False,False,False,2019.0,2023.0,control_weighted_pseudocohort,4.0,1,1,1,1,1,1,0,1,1.0,1.0,11.0,3.0,9.0,366.0,52.0485248447205,19447.11,71748.45,1.0288393088774044,3.783943470933389,3.76133,3.0,,1.0,2.0,5.0,89.333,0.0,19.0,0.0,2.0,12073.75,0.0,2.0,N,56.0,10.0,39.0,0.1785714285714285,For profit - Limited Liability company,70.0,52.7,WITHAM MEMORIAL HOSPITAL,TRILOGY HEALTH SERVICES,524.0,WELLBROOKE OF KOKOMO,IN,,,,2024-11-01,1,1,1,1,1,1,1,1
gold_main_v2,control,control_v2,155819,WELLBROOKE OF KOKOMO,IN,2025,0,,,,,,,,,,,17.34433333333333,2.0,44.76698333333333,2.0,1,False,True,False,False,True,True,2019.0,2023.0,control_weighted_pseudocohort,4.0,1,1,1,1,1,1,0,1,1.0,1.0,11.0,3.0,9.0,273.0,57.35700925483534,16997.379999999997,55163.34,1.0927810717140998,3.548017732594826,3.72694,2.0,,2.0,3.0,5.0,51.000,0.0,50.0,,2.0,12074.0,0.0,2.0,N,56.0,9.333333333333334,25.666666666666668,0.1666666666666666,For profit - Limited Liability company,70.0,52.9,WITHAM MEMORIAL HOSPITAL,TRILOGY HEALTH SERVICES,524.0,WELLBROOKE OF KOKOMO,IN,,,,2025-11-01,1,1,1,1,1,1,1,1
gold_main_v2,control,control_v2,155819,WELLBROOKE OF KOKOMO,IN,2026,0,,,,,,,,,,,17.34433333333333,2.0,44.76698333333333,2.0,1,False,True,False,False,True,True,2019.0,2023.0,control_weighted_pseudocohort,4.0,1,0,0,1,1,1,0,1,1.0,1.0,11.0,3.0,9.0,,,,,,,3.55952,3.0,,3.0,4.0,5.0,37.000,,,,1.0,8824.0,0.0,1.0,N,,,,,For profit - Limited Liability company,70.0,57.9,WITHAM MEMORIAL HOSPITAL,TRILOGY HEALTH SERVICES,524.0,WELLBROOKE OF KOKOMO,IN,,,,2026-03-01,0,1,1,0,0,1,1,0
gold_main_v2,control,control_v2,155822,CEDAR CREEK HEALTH CAMPUS,IN,2016,0,,,,,,,,,,,46.8617,2.0,22.028999999999996,2.0,1,,,,,,,2019.0,2023.0,control_weighted_pseudocohort,4.0,1,0,0,1,1,0,0,0,1.0,1.0,11.0,3.0,9.0,,,,,,,3.4413,2.0,3.0,2.0,2.0,3.0,60.800,0.0,6.0,,0.0,0.0,0.0,0.0,N,,,,,For profit - Corporation,58.0,46.0,HANCOCK REGIONAL HOSPITAL,,,CEDAR CREEK HEALTH CAMPUS,,,,,,0,1,1,0,0,1,1,0
gold_main_v2,control,control_v2,155822,CEDAR CREEK HEALTH CAMPUS,IN,2017,0,,,,,,,,,,,46.8617,2.0,22.028999999999996,2.0,1,,,,,,,2019.0,2023.0,control_weighted_pseudocohort,4.0,1,0,1,1,1,0,0,0,1.0,1.0,11.0,3.0,9.0,365.0,47.89179805701545,10209.66,72374.64,0.5871826259163083,4.17852335602841,4.32625,4.0,4.0,3.0,4.0,2.0,40.667,0.0,14.0,,0.0,0.0,0.0,0.0,N,,,,,Government - County,58.0,40.0,HANCOCK REGIONAL HOSPITAL,,,CEDAR CREEK HEALTH CAMPUS,,,,,2017-12-01,1,1,1,0,1,1,1,0
gold_main_v2,control,control_v2,155822,CEDAR CREEK HEALTH CAMPUS,IN,2018,0,,,,,,,,,,,46.8617,2.0,22.028999999999996,2.0,1,,,,,,,2019.0,2023.0,control_weighted_pseudocohort,4.0,1,0,1,1,1,0,0,0,1.0,1.0,11.0,3.0,9.0,365.0,50.79325330466635,8383.529999999999,70271.72,0.4528624567401227,3.8052006443862862,3.84642,,1.0,,,,32.800,0.0,17.0,,0.0,0.0,0.0,0.0,N,,,,,Government - County,58.0,51.5,HANCOCK REGIONAL HOSPITAL,,,CEDAR CREEK HEALTH CAMPUS,,,,,2018-12-01,1,1,0,0,1,1,0,0
gold_main_v2,control,control_v2,155822,CEDAR CREEK HEALTH CAMPUS,IN,2019,0,,,,,,,,,,,46.8617,2.0,22.028999999999996,2.0,1,,,,,,,2019.0,2023.0,control_weighted_pseudocohort,4.0,1,0,1,1,1,0,0,0,1.0,1.0,11.0,3.0,9.0,365.0,54.27448704676966,14074.12,65976.88,0.7093070158466881,3.3375264280513166,3.31076,,3.0,,,,36.667,0.0,9.0,,0.0,0.0,0.0,0.0,N,,,,,Government - County,58.0,55.0,HANCOCK REGIONAL HOSPITAL,,,CEDAR CREEK HEALTH CAMPUS,,,,,2019-11-01,1,1,0,0,1,1,0,0
gold_main_v2,control,control_v2,155822,CEDAR CREEK HEALTH CAMPUS,IN,2020,0,,,,,,,,,,,46.8617,2.0,22.028999999999996,2.0,1,,,,,,,2019.0,2023.0,control_weighted_pseudocohort,4.0,1,0,1,1,1,0,0,0,1.0,1.0,11.0,3.0,9.0,366.0,50.45392379359771,19012.23,69155.26,1.042217160220814,3.788406927960016,3.71921,3.0,4.0,3.0,3.0,2.0,32.667,0.0,7.0,,0.0,0.0,0.0,0.0,N,,,,,For profit - Corporation,58.0,51.6,HANCOCK REGIONAL HOSPITAL,,,CEDAR CREEK HEALTH CAMPUS,,,,,2020-11-01,1,1,1,0,1,1,1,0
gold_main_v2,control,control_v2,155822,CEDAR CREEK HEALTH CAMPUS,IN,2021,0,,,,,,,,,,,46.8617,2.0,22.028999999999996,2.0,1,,,,,,,2019.0,2023.0,control_weighted_pseudocohort,4.0,1,0,1,1,1,0,0,0,1.0,1.0,11.0,3.0,9.0,365.0,54.864876970855235,17855.89,62502.67,0.894029210947508,3.1319726590021917,3.11565,2.0,3.0,3.0,3.0,4.0,34.000,0.0,2.0,1.0,2.0,3900.0,0.0,2.0,N,,,,,For profit - Corporation,58.0,55.3,HANCOCK REGIONAL HOSPITAL,,,CEDAR CREEK HEALTH CAMPUS,,,,,2021-11-01,1,1,1,0,1,1,1,0
gold_main_v2,control,control_v2,155822,CEDAR CREEK HEALTH CAMPUS,IN,2022,0,,,,,,,,,,,46.8617,2.0,22.028999999999996,2.0,1,False,False,False,False,False,False,2019.0,2023.0,control_weighted_pseudocohort,4.0,1,0,1,1,1,1,0,1,1.0,1.0,11.0,3.0,9.0,365.0,54.60874542124542,17113.09,59911.26,0.8604773113848518,3.010639638082716,2.99225,2.0,,4.0,4.0,4.0,28.667,0.0,2.0,1.0,2.0,3900.0,0.0,2.0,N,,,,,For profit - Corporation,58.0,55.4,HANCOCK REGIONAL HOSPITAL,,,CEDAR CREEK HEALTH CAMPUS,,,,,2022-11-01,1,1,1,0,1,1,1,0
gold_main_v2,control,control_v2,155822,CEDAR CREEK HEALTH CAMPUS,IN,2023,0,,,,,,,,,,,46.8617,2.0,22.028999999999996,2.0,1,False,False,False,False,False,False,2019.0,2023.0,control_weighted_pseudocohort,4.0,1,1,1,1,1,1,0,1,1.0,1.0,11.0,3.0,9.0,365.0,54.92894171046345,19049.74,68418.34,0.9498591055418084,3.414116319077867,3.35457,3.0,,3.0,4.0,5.0,32.667,0.0,2.0,0.0,0.0,0.0,0.0,0.0,N,52.0,28.0,9.0,0.5384615384615384,For profit - Corporation,58.0,54.5,HANCOCK REGIONAL HOSPITAL,TRILOGY HEALTH SERVICES,524.0,CEDAR CREEK HEALTH CAMPUS,IN,,,,2023-11-01,1,1,1,1,1,1,1,1
gold_main_v2,control,control_v2,155822,CEDAR CREEK HEALTH CAMPUS,IN,2024,0,,,,,,,,,,,46.8617,2.0,22.028999999999996,2.0,1,False,False,False,False,False,False,2019.0,2023.0,control_weighted_pseudocohort,4.0,1,1,1,1,1,1,0,1,1.0,1.0,11.0,3.0,9.0,366.0,54.88586956521739,19552.870000000003,72049.94,0.9739973646876336,3.5886364685803835,3.63553,3.0,,3.0,4.0,5.0,40.667,0.0,0.0,0.0,1.0,12340.0,0.0,1.0,N,52.75,27.25,11.25,0.5166908563134978,For profit - Corporation,58.0,55.1,HANCOCK REGIONAL HOSPITAL,TRILOGY HEALTH SERVICES,524.0,CEDAR CREEK HEALTH CAMPUS,IN,,,,2024-11-01,1,1,1,1,1,1,1,1
gold_main_v2,control,control_v2,155822,CEDAR CREEK HEALTH CAMPUS,IN,2025,0,,,,,,,,,,,46.8617,2.0,22.028999999999996,2.0,1,False,True,False,False,True,True,2019.0,2023.0,control_weighted_pseudocohort,4.0,1,1,1,1,1,1,0,1,1.0,1.0,11.0,3.0,9.0,273.0,53.806567747872094,12761.27,54789.09,0.8690792964739803,3.7336018101881656,3.82008,3.0,,2.0,3.0,5.0,46.000,1.0,36.0,,1.0,8021.0,0.0,1.0,N,54.333333333333336,27.666666666666668,16.666666666666668,0.5092052601486564,For profit - Corporation,58.0,53.9,HANCOCK REGIONAL HOSPITAL,TRILOGY HEALTH SERVICES,524.0,CEDAR CREEK HEALTH CAMPUS,IN,,,,2025-11-01,1,1,1,1,1,1,1,1
gold_main_v2,control,control_v2,155822,CEDAR CREEK HEALTH CAMPUS,IN,2026,0,,,,,,,,,,,46.8617,2.0,22.028999999999996,2.0,1,False,True,False,False,True,True,2019.0,2023.0,control_weighted_pseudocohort,4.0,1,0,0,1,1,1,0,1,1.0,1.0,11.0,3.0,9.0,,,,,,,3.72255,3.0,,3.0,4.0,5.0,42.000,,,,1.0,8021.0,0.0,1.0,N,,,,,For profit - Corporation,58.0,53.7,HANCOCK REGIONAL HOSPITAL,TRILOGY HEALTH SERVICES,524.0,CEDAR CREEK HEALTH CAMPUS,IN,,,,2026-03-01,0,1,1,0,0,1,1,0
gold_main_v2,control,control_v2,155824,WELLBROOKE OF SOUTH BEND,IN,2016,0,,,,,,,,,,,27.06453333333333,2.0,28.881950000000003,2.0,1,,,,,,,2019.0,2023.0,control_weighted_pseudocohort,4.0,1,0,0,1,1,0,0,0,1.0,1.0,11.0,3.0,9.0,,,,,,,,,,,,,,0.0,6.0,,0.0,0.0,0.0,0.0,Y,,,,,For profit - Corporation,70.0,1.0,HANCOCK REGIONAL HOSPITAL,,,WELLBROOKE OF SOUTH BEND,,,,,,0,0,0,0,0,0,0,0
gold_main_v2,control,control_v2,155824,WELLBROOKE OF SOUTH BEND,IN,2017,0,,,,,,,,,,,27.06453333333333,2.0,28.881950000000003,2.0,1,,,,,,,2019.0,2023.0,control_weighted_pseudocohort,4.0,1,0,1,1,1,0,0,0,1.0,1.0,11.0,3.0,9.0,365.0,57.619264612199395,15743.73,86872.94,0.7510498859851883,4.159918659300506,4.45567,4.0,4.0,3.0,5.0,5.0,39.333,0.0,9.0,,1.0,15750.0,0.0,1.0,N,,,,,Government - County,70.0,53.0,HANCOCK REGIONAL HOSPITAL,,,WELLBROOKE OF SOUTH BEND,,,,,2017-12-01,1,1,1,0,1,1,1,0
gold_main_v2,control,control_v2,155824,WELLBROOKE OF SOUTH BEND,IN,2018,0,,,,,,,,,,,27.06453333333333,2.0,28.881950000000003,2.0,1,,,,,,,2019.0,2023.0,control_weighted_pseudocohort,4.0,1,0,1,1,1,0,0,0,1.0,1.0,11.0,3.0,9.0,365.0,52.73830625895843,15131.47,79449.8,0.7909331934515149,4.141745085599034,4.12909,,4.0,,,,42.400,0.0,3.0,,0.0,0.0,0.0,0.0,N,,,,,Non profit - Corporation,70.0,53.3,HANCOCK REGIONAL HOSPITAL,,,WELLBROOKE OF SOUTH BEND,,,,,2018-12-01,1,1,0,0,1,1,0,0
gold_main_v2,control,control_v2,155824,WELLBROOKE OF SOUTH BEND,IN,2019,0,,,,,,,,,,,27.06453333333333,2.0,28.881950000000003,2.0,1,,,,,,,2019.0,2023.0,control_weighted_pseudocohort,4.0,1,0,1,1,1,0,0,0,1.0,1.0,11.0,3.0,9.0,365.0,50.46076272761056,19152.01,75904.43,1.04116919317102,4.1295153827440645,4.20662,,4.0,,,,33.333,0.0,5.0,,0.0,0.0,0.0,0.0,N,,,,,For profit - Corporation,70.0,49.5,HANCOCK REGIONAL HOSPITAL,,,WELLBROOKE OF SOUTH BEND,,,,,2019-11-01,1,1,0,0,1,1,0,0
gold_main_v2,control,control_v2,155824,WELLBROOKE OF SOUTH BEND,IN,2020,0,,,,,,,,,,,27.06453333333333,2.0,28.881950000000003,2.0,1,,,,,,,2019.0,2023.0,control_weighted_pseudocohort,4.0,1,0,1,1,1,0,0,0,1.0,1.0,11.0,3.0,9.0,366.0,46.55796106067845,25514.71,74538.04000000001,1.5201659682396031,4.416282237978317,4.72031,5.0,5.0,3.0,4.0,4.0,32.000,0.0,2.0,,0.0,0.0,0.0,0.0,N,,,,,For profit - Corporation,70.0,40.7,HANCOCK REGIONAL HOSPITAL,,,WELLBROOKE OF SOUTH BEND,,,,,2020-11-01,1,1,1,0,1,1,1,0
gold_main_v2,control,control_v2,155824,WELLBROOKE OF SOUTH BEND,IN,2021,0,,,,,,,,,,,27.06453333333333,2.0,28.881950000000003,2.0,1,,,,,,,2019.0,2023.0,control_weighted_pseudocohort,4.0,1,0,1,1,1,0,0,0,1.0,1.0,11.0,3.0,9.0,365.0,44.48132332643202,19985.44,71616.14,1.2583942001559036,4.44472358454872,4.42043,5.0,5.0,4.0,5.0,2.0,31.333,0.0,4.0,1.0,1.0,650.0,0.0,1.0,N,,,,,For profit - Corporation,70.0,45.6,HANCOCK REGIONAL HOSPITAL,,,WELLBROOKE OF SOUTH BEND,,,,,2021-11-01,1,1,1,0,1,1,1,0
gold_main_v2,control,control_v2,155824,WELLBROOKE OF SOUTH BEND,IN,2022,0,,,,,,,,,,,27.06453333333333,2.0,28.881950000000003,2.0,1,False,False,False,False,False,False,2019.0,2023.0,control_weighted_pseudocohort,4.0,1,0,1,1,1,1,0,1,1.0,1.0,11.0,3.0,9.0,365.0,48.38070287200722,15782.52,67339.6,0.8998332719293533,3.83990939139835,3.62956,3.0,,3.0,3.0,3.0,33.333,2.0,2.0,2.0,1.0,650.0,0.0,1.0,N,,,,,For profit - Corporation,70.0,50.1,HANCOCK REGIONAL HOSPITAL,,,WELLBROOKE OF SOUTH BEND,,,,,2022-11-01,1,1,1,0,1,1,1,0
gold_main_v2,control,control_v2,155824,WELLBROOKE OF SOUTH BEND,IN,2023,0,,,,,,,,,,,27.06453333333333,2.0,28.881950000000003,2.0,1,False,False,False,False,False,False,2019.0,2023.0,control_weighted_pseudocohort,4.0,1,1,1,1,1,1,0,1,1.0,1.0,11.0,3.0,9.0,365.0,43.99020411955195,16399.08,68069.36,1.0235813385120995,4.251030561855508,4.29168,5.0,,3.0,4.0,3.0,32.000,2.0,2.0,2.0,1.0,15000.0,0.0,1.0,N,43.0,15.0,9.0,0.3488372093023256,For profit - Corporation,70.0,43.4,HANCOCK REGIONAL HOSPITAL,TRILOGY HEALTH SERVICES,524.0,WELLBROOKE OF SOUTH BEND,IN,,,,2023-11-01,1,1,1,1,1,1,1,1
gold_main_v2,control,control_v2,155824,WELLBROOKE OF SOUTH BEND,IN,2024,0,,,,,,,,,,,27.06453333333333,2.0,28.881950000000003,2.0,1,False,False,False,False,False,False,2019.0,2023.0,control_weighted_pseudocohort,4.0,1,1,1,1,1,1,0,1,1.0,1.0,11.0,3.0,9.0,366.0,47.946876493072146,16874.34,71524.79000000001,0.9671989902786498,4.094450770737389,4.04689,4.0,,4.0,4.0,4.0,29.333,2.0,0.0,1.0,1.0,9750.0,0.0,1.0,N,49.0,12.0,13.0,0.2448979591836734,For profit - Limited Liability company,70.0,47.9,HANCOCK REGIONAL HOSPITAL,TRILOGY HEALTH SERVICES,524.0,WELLBROOKE OF SOUTH BEND,IN,,,,2024-11-01,1,1,1,1,1,1,1,1
gold_main_v2,control,control_v2,155824,WELLBROOKE OF SOUTH BEND,IN,2025,0,,,,,,,,,,,27.06453333333333,2.0,28.881950000000003,2.0,1,False,True,False,False,False,False,2019.0,2023.0,control_weighted_pseudocohort,4.0,1,1,1,1,1,1,0,1,1.0,1.0,11.0,3.0,9.0,273.0,47.73906230645361,11211.57,51982.35,0.8675498552208828,4.012121564091129,4.10078,3.0,,2.0,3.0,5.0,46.000,0.0,2.0,,1.0,9750.0,0.0,1.0,N,54.0,14.0,30.0,0.2592592592592592,For profit - Corporation,70.0,46.7,HANCOCK REGIONAL HOSPITAL,TRILOGY HEALTH SERVICES,524.0,WELLBROOKE OF SOUTH BEND,IN,,,,2025-11-01,1,1,1,1,1,1,1,1
gold_main_v2,control,control_v2,155824,WELLBROOKE OF SOUTH BEND,IN,2026,0,,,,,,,,,,,27.06453333333333,2.0,28.881950000000003,2.0,1,False,True,False,False,False,False,2019.0,2023.0,control_weighted_pseudocohort,4.0,1,0,0,1,1,1,0,1,1.0,1.0,11.0,3.0,9.0,,,,,,,4.03773,4.0,,2.0,3.0,5.0,49.000,,,,0.0,0.0,0.0,0.0,N,,,,,For profit - Corporation,70.0,46.9,HANCOCK REGIONAL HOSPITAL,TRILOGY HEALTH SERVICES,524.0,WELLBROOKE OF SOUTH BEND,IN,,,,2026-03-01,0,1,1,0,0,1,1,0
gold_main_v2,control,control_v2,155829,SPRINGS AT LAFAYETTE THE,IN,2016,0,,,,,,,,,,,42.23233333333333,2.0,20.461,2.0,1,,,,,,,2019.0,2023.0,control_weighted_pseudocohort,4.0,1,0,0,1,1,0,0,0,1.0,1.0,11.0,3.0,9.0,,,,,,,,,,,,,,0.0,0.0,,0.0,0.0,0.0,0.0,N,,,,,For profit - Corporation,70.0,3.0,Legal Business Name Not Available,,,SPRINGS AT LAFAYETTE THE,,,,,,0,0,0,0,0,0,0,0
gold_main_v2,control,control_v2,155829,"SPRINGS AT LAFAYETTE, THE",IN,2017,0,,,,,,,,,,,42.23233333333333,2.0,20.461,2.0,1,,,,,,,2019.0,2023.0,control_weighted_pseudocohort,4.0,1,0,1,1,1,0,0,0,1.0,1.0,11.0,3.0,9.0,365.0,50.33390600944949,15822.5,81333.17,0.8622115632918759,4.435196030945566,4.38679,3.0,3.0,2.0,2.0,4.0,66.000,0.0,7.0,,0.0,0.0,0.0,0.0,N,,,,,Government - County,70.0,53.0,WITHAM MEMORIAL HOSPITAL,,,"SPRINGS AT LAFAYETTE, THE",,,,,2017-12-01,1,1,1,0,1,1,1,0
gold_main_v2,control,control_v2,155829,"SPRINGS AT LAFAYETTE, THE",IN,2018,0,,,,,,,,,,,42.23233333333333,2.0,20.461,2.0,1,,,,,,,2019.0,2023.0,control_weighted_pseudocohort,4.0,1,0,1,1,1,0,0,0,1.0,1.0,11.0,3.0,9.0,365.0,48.17537028189202,18487.73,70971.3,1.0605012782872898,4.049391135031138,4.25356,,5.0,,,,79.200,0.0,7.0,,1.0,7500.0,0.0,1.0,N,,,,,Government - County,70.0,49.7,WITHAM MEMORIAL HOSPITAL,,,"SPRINGS AT LAFAYETTE, THE",,,,,2018-12-01,1,1,0,0,1,1,0,0
gold_main_v2,control,control_v2,155829,"SPRINGS AT LAFAYETTE, THE",IN,2019,0,,,,,,,,,,,42.23233333333333,2.0,20.461,2.0,1,,,,,,,2019.0,2023.0,control_weighted_pseudocohort,4.0,1,0,1,1,1,0,0,0,1.0,1.0,11.0,3.0,9.0,365.0,50.813321521473696,17622.260000000002,61272.42,0.9504602686368704,3.3387682684024713,3.3678,,3.0,,,,61.333,0.0,1.0,,0.0,0.0,0.0,0.0,N,,,,,Government - County,70.0,49.8,WITHAM MEMORIAL HOSPITAL,,,"SPRINGS AT LAFAYETTE, THE",,,,,2019-11-01,1,1,0,0,1,1,0,0
gold_main_v2,control,control_v2,155829,"SPRINGS AT LAFAYETTE, THE",IN,2020,0,,,,,,,,,,,42.23233333333333,2.0,20.461,2.0,1,,,,,,,2019.0,2023.0,control_weighted_pseudocohort,4.0,1,0,1,1,1,0,0,0,1.0,1.0,11.0,3.0,9.0,366.0,43.29419493549928,18468.99,59423.08,1.1713227093876273,3.769821849998438,3.89908,4.0,5.0,2.0,3.0,4.0,57.333,0.0,5.0,,0.0,0.0,0.0,0.0,N,,,,,Non profit - Corporation,70.0,40.0,WITHAM MEMORIAL HOSPITAL,,,"SPRINGS AT LAFAYETTE, THE",,,,,2020-11-01,1,1,1,0,1,1,1,0
gold_main_v2,control,control_v2,155829,"SPRINGS AT LAFAYETTE, THE",IN,2021,0,,,,,,,,,,,42.23233333333333,2.0,20.461,2.0,1,,,,,,,2019.0,2023.0,control_weighted_pseudocohort,4.0,1,0,1,1,1,0,0,0,1.0,1.0,11.0,3.0,9.0,365.0,47.0854110261719,19254.58,55725.119999999995,1.1679062076346431,3.318579026265464,3.46923,4.0,5.0,2.0,3.0,3.0,59.333,0.0,5.0,1.0,1.0,650.0,0.0,1.0,N,,,,,Non profit - Corporation,70.0,44.2,WITHAM MEMORIAL HOSPITAL,,,"SPRINGS AT LAFAYETTE, THE",,,,,2021-11-01,1,1,1,0,1,1,1,0
gold_main_v2,control,control_v2,155829,"SPRINGS AT LAFAYETTE, THE",IN,2022,0,,,,,,,,,,,42.23233333333333,2.0,20.461,2.0,1,False,False,False,False,False,False,2019.0,2023.0,control_weighted_pseudocohort,4.0,1,0,1,1,1,1,0,1,1.0,1.0,11.0,3.0,9.0,365.0,55.77549370918936,15111.47,60884.96000000001,0.7441053101836905,2.999891926315457,2.93877,2.0,,2.0,2.0,2.0,62.667,0.0,2.0,1.0,1.0,650.0,0.0,1.0,N,,,,,Non profit - Corporation,70.0,57.6,WITHAM MEMORIAL HOSPITAL,,,"SPRINGS AT LAFAYETTE, THE",,,,,2022-11-01,1,1,1,0,1,1,1,0
gold_main_v2,control,control_v2,155829,"SPRINGS AT LAFAYETTE, THE",IN,2023,0,,,,,,,,,,,42.23233333333333,2.0,20.461,2.0,1,False,False,False,False,False,False,2019.0,2023.0,control_weighted_pseudocohort,4.0,1,1,1,1,1,1,0,1,1.0,1.0,11.0,3.0,9.0,365.0,45.16092066146414,11912.01,57722.899999999994,0.7289992078279232,3.5284671855298995,3.61233,2.0,,3.0,3.0,3.0,46.000,0.0,2.0,1.0,0.0,0.0,0.0,0.0,N,37.0,20.0,8.0,0.5405405405405406,Non profit - Corporation,70.0,50.3,WITHAM MEMORIAL HOSPITAL,TRILOGY HEALTH SERVICES,524.0,"SPRINGS AT LAFAYETTE, THE",IN,,,,2023-11-01,1,1,1,1,1,1,1,1
gold_main_v2,control,control_v2,155829,"SPRINGS AT LAFAYETTE, THE",IN,2024,0,,,,,,,,,,,42.23233333333333,2.0,20.461,2.0,1,False,False,False,False,False,False,2019.0,2023.0,control_weighted_pseudocohort,4.0,1,1,1,1,1,1,0,1,1.0,1.0,11.0,3.0,9.0,366.0,40.201714046822744,13051.14,63144.71,0.8974473530820338,4.322811335250168,4.35637,3.0,,4.0,4.0,4.0,26.000,0.0,2.0,0.0,0.0,0.0,0.0,0.0,N,37.5,20.25,9.75,0.5400207900207901,For profit - Corporation,70.0,37.2,WITHAM MEMORIAL HOSPITAL,TRILOGY HEALTH SERVICES,524.0,"SPRINGS AT LAFAYETTE, THE",IN,,,,2024-11-01,1,1,1,1,1,1,1,1
gold_main_v2,control,control_v2,155829,"SPRINGS AT LAFAYETTE, THE",IN,2025,0,,,,,,,,,,,42.23233333333333,2.0,20.461,2.0,1,False,True,False,False,True,True,2019.0,2023.0,control_weighted_pseudocohort,4.0,1,1,1,1,1,1,0,1,1.0,1.0,11.0,3.0,9.0,273.0,39.75099626621366,12873.44,47500.99,1.1947761422168046,4.4168123447136844,4.87908,4.0,,4.0,5.0,5.0,21.000,1.0,9.0,,0.0,0.0,0.0,0.0,N,39.0,21.0,15.0,0.5384615384615384,For profit - Corporation,70.0,36.3,WITHAM MEMORIAL HOSPITAL,TRILOGY HEALTH SERVICES,524.0,"SPRINGS AT LAFAYETTE, THE",IN,,,,2025-11-01,1,1,1,1,1,1,1,1
gold_main_v2,control,control_v2,155829,"SPRINGS AT LAFAYETTE, THE",IN,2026,0,,,,,,,,,,,42.23233333333333,2.0,20.461,2.0,1,False,True,False,False,True,True,2019.0,2023.0,control_weighted_pseudocohort,4.0,1,0,0,1,1,1,0,1,1.0,1.0,11.0,3.0,9.0,,,,,,,4.01482,3.0,,4.0,5.0,5.0,20.000,,,,0.0,0.0,0.0,0.0,N,,,,,For profit - Corporation,70.0,41.5,WITHAM MEMORIAL HOSPITAL,TRILOGY HEALTH SERVICES,524.0,"SPRINGS AT LAFAYETTE, THE",IN,,,,2026-03-01,0,1,1,0,0,1,1,0
gold_main_v2,control,control_v2,155830,HARRISON'S CROSSING HEALTH CAMPUS,IN,2016,0,,,,,,,,,,,23.88915,2.0,47.02401666666667,2.0,1,,,,,,,2019.0,2023.0,control_weighted_pseudocohort,4.0,1,0,0,1,1,0,0,0,1.0,1.0,11.0,3.0,9.0,,,,,,,,,,,,,,2.0,0.0,,0.0,0.0,0.0,0.0,N,,,,,For profit - Corporation,72.0,3.0,Legal Business Name Not Available,,,HARRISON'S CROSSING HEALTH CAMPUS,,,,,,0,0,0,0,0,0,0,0
gold_main_v2,control,control_v2,155830,HARRISON'S CROSSING HEALTH CAMPUS,IN,2017,0,,,,,,,,,,,23.88915,2.0,47.02401666666667,2.0,1,,,,,,,2019.0,2023.0,control_weighted_pseudocohort,4.0,1,0,1,1,1,0,0,0,1.0,1.0,11.0,3.0,9.0,365.0,58.6072496947497,17194.63,100258.7,0.8069230280488606,4.717667660242753,3.89842,3.0,3.0,4.0,5.0,5.0,20.667,2.0,5.0,,0.0,0.0,0.0,0.0,N,,,,,For profit - Corporation,72.0,63.0,PUTNAM COUNTY HOSPITAL,,,HARRISON'S CROSSING HEALTH CAMPUS,,,,,2017-12-01,1,1,1,0,1,1,1,0
gold_main_v2,control,control_v2,155830,HARRISON'S CROSSING HEALTH CAMPUS,IN,2018,0,,,,,,,,,,,23.88915,2.0,47.02401666666667,2.0,1,,,,,,,2019.0,2023.0,control_weighted_pseudocohort,4.0,1,0,1,1,1,0,0,0,1.0,1.0,11.0,3.0,9.0,365.0,55.39162353347136,17112.73,83018.41,0.8521889869877927,4.134147540397623,4.12683,,4.0,,,,24.000,2.0,11.0,,0.0,0.0,0.0,0.0,N,,,,,For profit - Corporation,72.0,52.4,PUTNAM COUNTY HOSPITAL,,,HARRISON'S CROSSING HEALTH CAMPUS,,,,,2018-12-01,1,1,0,0,1,1,0,0
gold_main_v2,control,control_v2,155830,HARRISON'S CROSSING HEALTH CAMPUS,IN,2019,0,,,,,,,,,,,23.88915,2.0,47.02401666666667,2.0,1,,,,,,,2019.0,2023.0,control_weighted_pseudocohort,4.0,1,0,1,1,1,0,0,0,1.0,1.0,11.0,3.0,9.0,365.0,51.402284732176035,17002.739999999998,80601.97,0.9157090972823054,4.330343590213996,3.94518,,3.0,,,,44.000,0.0,11.0,,0.0,0.0,0.0,0.0,N,,,,,For profit - Corporation,72.0,53.3,PUTNAM COUNTY HOSPITAL,,,HARRISON'S CROSSING HEALTH CAMPUS,,,,,2019-11-01,1,1,0,0,1,1,0,0
gold_main_v2,control,control_v2,155830,HARRISON'S CROSSING HEALTH CAMPUS,IN,2020,0,,,,,,,,,,,23.88915,2.0,47.02401666666667,2.0,1,,,,,,,2019.0,2023.0,control_weighted_pseudocohort,4.0,1,0,1,1,1,0,0,0,1.0,1.0,11.0,3.0,9.0,366.0,39.62019230769231,14890.31,64365.59,1.0232672966666978,4.465600227826563,4.49331,4.0,4.0,2.0,4.0,5.0,54.000,0.0,13.0,,1.0,21226.0,0.0,1.0,N,,,,,For profit - Corporation,72.0,33.5,PUTNAM COUNTY HOSPITAL,,,HARRISON'S CROSSING HEALTH CAMPUS,,,,,2020-11-01,1,1,1,0,1,1,1,0
gold_main_v2,control,control_v2,155830,HARRISON'S CROSSING HEALTH CAMPUS,IN,2021,0,,,,,,,,,,,23.88915,2.0,47.02401666666667,2.0,1,,,,,,,2019.0,2023.0,control_weighted_pseudocohort,4.0,1,0,1,1,1,0,0,0,1.0,1.0,11.0,3.0,9.0,365.0,48.54258639910814,15986.13,70489.32,0.9120303120171118,4.019877203587972,3.87756,3.0,4.0,3.0,3.0,3.0,49.333,0.0,7.0,2.0,2.0,21875.75,0.0,2.0,N,,,,,For profit - Corporation,72.0,49.5,PUTNAM COUNTY HOSPITAL,,,HARRISON'S CROSSING HEALTH CAMPUS,,,,,2021-11-01,1,1,1,0,1,1,1,0
gold_main_v2,control,control_v2,155830,HARRISON'S CROSSING HEALTH CAMPUS,IN,2022,0,,,,,,,,,,,23.88915,2.0,47.02401666666667,2.0,1,False,False,False,False,False,False,2019.0,2023.0,control_weighted_pseudocohort,4.0,1,0,1,1,1,1,0,1,1.0,1.0,11.0,3.0,9.0,365.0,51.713209375165896,12331.66,72735.52,0.6546760079908278,3.871238130497474,3.81836,3.0,,3.0,4.0,5.0,46.000,0.0,8.0,3.0,2.0,21875.75,0.0,2.0,N,,,,,For profit - Corporation,72.0,51.5,PUTNAM COUNTY HOSPITAL,,,HARRISON'S CROSSING HEALTH CAMPUS,,,,,2022-11-01,1,1,1,0,1,1,1,0
gold_main_v2,control,control_v2,155830,HARRISON'S CROSSING HEALTH CAMPUS,IN,2023,0,,,,,,,,,,,23.88915,2.0,47.02401666666667,2.0,1,False,False,False,False,False,False,2019.0,2023.0,control_weighted_pseudocohort,4.0,1,1,1,1,1,1,0,1,1.0,1.0,11.0,3.0,9.0,365.0,49.53038899506291,10628.0,79490.22,0.5910106242901787,4.412881329822486,4.45347,3.0,,3.0,4.0,5.0,41.333,0.0,1.0,3.0,0.0,0.0,0.0,0.0,N,55.0,12.0,25.0,0.2181818181818181,For profit - Corporation,72.0,48.5,PUTNAM COUNTY HOSPITAL,TRILOGY HEALTH SERVICES,524.0,HARRISON'S CROSSING HEALTH CAMPUS,IN,,,,2023-11-01,1,1,1,1,1,1,1,1
gold_main_v2,control,control_v2,155830,HARRISON'S CROSSING HEALTH CAMPUS,IN,2024,0,,,,,,,,,,,23.88915,2.0,47.02401666666667,2.0,1,False,False,False,False,False,False,2019.0,2023.0,control_weighted_pseudocohort,4.0,1,1,1,1,1,1,0,1,1.0,1.0,11.0,3.0,9.0,366.0,50.91701505016722,13286.39,83283.1,0.7158131002264663,4.490813770679977,4.30334,3.0,,2.0,3.0,5.0,43.333,0.0,1.0,1.0,0.0,0.0,0.0,0.0,N,83.0,12.0,26.0,0.144578313253012,For profit - Corporation,72.0,53.7,PUTNAM COUNTY HOSPITAL,TRILOGY HEALTH SERVICES,524.0,HARRISON'S CROSSING HEALTH CAMPUS,IN,,,,2024-11-01,1,1,1,1,1,1,1,1
gold_main_v2,control,control_v2,155830,HARRISON'S CROSSING HEALTH CAMPUS,IN,2025,0,,,,,,,,,,,23.88915,2.0,47.02401666666667,2.0,1,False,True,False,False,True,True,2019.0,2023.0,control_weighted_pseudocohort,4.0,1,1,1,1,1,1,0,1,1.0,1.0,11.0,3.0,9.0,273.0,50.80151386455734,11673.71,64391.06,0.8448305307408918,4.6575197457149455,4.52893,3.0,,3.0,4.0,5.0,38.000,0.0,11.0,,0.0,0.0,0.0,0.0,N,92.0,15.0,29.0,0.1630434782608695,For profit - Corporation,72.0,52.4,PUTNAM COUNTY HOSPITAL,TRILOGY HEALTH SERVICES,524.0,HARRISON'S CROSSING HEALTH CAMPUS,IN,,,,2025-11-01,1,1,1,1,1,1,1,1
gold_main_v2,control,control_v2,155830,HARRISON'S CROSSING HEALTH CAMPUS,IN,2026,0,,,,,,,,,,,23.88915,2.0,47.02401666666667,2.0,1,False,True,False,False,True,True,2019.0,2023.0,control_weighted_pseudocohort,4.0,1,0,0,1,1,1,0,1,1.0,1.0,11.0,3.0,9.0,,,,,,,4.52942,4.0,,3.0,4.0,5.0,38.000,,,,0.0,0.0,0.0,0.0,N,,,,,For profit - Corporation,72.0,51.6,PUTNAM COUNTY HOSPITAL,TRILOGY HEALTH SERVICES,524.0,HARRISON'S CROSSING HEALTH CAMPUS,IN,,,,2026-03-01,0,1,1,0,0,1,1,0
gold_main_v2,control,control_v2,155833,WELLBROOKE OF CARMEL,IN,2016,0,,,,,,,,,,,38.24763333333333,2.0,29.645516666666666,2.0,1,,,,,,,2019.0,2023.0,control_weighted_pseudocohort,4.0,1,0,0,1,1,0,0,0,1.0,1.0,11.0,3.0,9.0,,,,,,,,,,,,,,0.0,5.0,,0.0,0.0,0.0,0.0,N,,,,,For profit - Corporation,72.0,4.0,Legal Business Name Not Available,,,WELLBROOKE OF CARMEL,,,,,,0,0,0,0,0,0,0,0
gold_main_v2,control,control_v2,155833,WELLBROOKE OF CARMEL,IN,2017,0,,,,,,,,,,,38.24763333333333,2.0,29.645516666666666,2.0,1,,,,,,,2019.0,2023.0,control_weighted_pseudocohort,4.0,1,0,1,1,1,0,0,0,1.0,1.0,11.0,3.0,9.0,365.0,37.342084726867334,11299.8,58156.15,0.8337937934145868,4.288907639324948,4.80541,4.0,5.0,4.0,4.0,4.0,18.667,0.0,5.0,,0.0,0.0,0.0,0.0,N,,,,,For profit - Partnership,74.0,37.0,WITHAM MEMORIAL HOSPITAL,,,WELLBROOKE OF CARMEL,,,,,2017-12-01,1,1,1,0,1,1,1,0
gold_main_v2,control,control_v2,155833,WELLBROOKE OF CARMEL,IN,2018,0,,,,,,,,,,,38.24763333333333,2.0,29.645516666666666,2.0,1,,,,,,,2019.0,2023.0,control_weighted_pseudocohort,4.0,1,0,1,1,1,0,0,0,1.0,1.0,11.0,3.0,9.0,365.0,43.21185432924564,14848.88,68011.55,0.9449982755474012,4.3224001232257825,4.36131,,4.0,,,,16.000,0.0,5.0,,0.0,0.0,0.0,0.0,N,,,,,For profit - Partnership,74.0,44.4,WITHAM MEMORIAL HOSPITAL,,,WELLBROOKE OF CARMEL,,,,,2018-12-01,1,1,0,0,1,1,0,0
gold_main_v2,control,control_v2,155833,WELLBROOKE OF CARMEL,IN,2019,0,,,,,,,,,,,38.24763333333333,2.0,29.645516666666666,2.0,1,,,,,,,2019.0,2023.0,control_weighted_pseudocohort,4.0,1,0,1,1,1,0,0,0,1.0,1.0,11.0,3.0,9.0,365.0,47.31865543876414,14347.96,72645.6,0.8410048005623704,4.2157203500977865,4.12638,,4.0,,,,48.667,2.0,0.0,,0.0,0.0,0.0,0.0,N,,,,,For profit - Partnership,74.0,42.1,WITHAM MEMORIAL HOSPITAL,,,WELLBROOKE OF CARMEL,,,,,2019-11-01,1,1,0,0,1,1,0,0
gold_main_v2,control,control_v2,155833,WELLBROOKE OF CARMEL,IN,2020,0,,,,,,,,,,,38.24763333333333,2.0,29.645516666666666,2.0,1,,,,,,,2019.0,2023.0,control_weighted_pseudocohort,4.0,1,0,1,1,1,0,0,0,1.0,1.0,11.0,3.0,9.0,366.0,45.14151337792642,14488.7,72236.27,0.8903956785318881,4.396992577615008,4.4411,4.0,4.0,3.0,4.0,3.0,46.000,2.0,0.0,,0.0,0.0,0.0,0.0,N,,,,,For profit - Partnership,74.0,40.9,WITHAM MEMORIAL HOSPITAL,,,WELLBROOKE OF CARMEL,,,,,2020-11-01,1,1,1,0,1,1,1,0
gold_main_v2,control,control_v2,155833,WELLBROOKE OF CARMEL,IN,2021,0,,,,,,,,,,,38.24763333333333,2.0,29.645516666666666,2.0,1,,,,,,,2019.0,2023.0,control_weighted_pseudocohort,4.0,1,0,1,1,1,0,0,0,1.0,1.0,11.0,3.0,9.0,365.0,47.01622339013643,13412.92,66953.45,0.8017096530716145,3.934993525000073,3.85209,3.0,4.0,3.0,3.0,3.0,43.333,2.0,0.0,0.0,1.0,650.0,0.0,1.0,N,,,,,For profit - Partnership,74.0,47.7,WITHAM MEMORIAL HOSPITAL,,,WELLBROOKE OF CARMEL,,,,,2021-11-01,1,1,1,0,1,1,1,0
gold_main_v2,control,control_v2,155833,WELLBROOKE OF CARMEL,IN,2022,0,,,,,,,,,,,38.24763333333333,2.0,29.645516666666666,2.0,1,False,False,False,False,False,False,2019.0,2023.0,control_weighted_pseudocohort,4.0,1,0,1,1,1,1,0,1,1.0,1.0,11.0,3.0,9.0,365.0,49.52374980092371,13109.12,66937.84,0.7274762667883001,3.712971885130564,3.68027,3.0,,3.0,3.0,2.0,40.667,0.0,0.0,0.0,1.0,650.0,0.0,1.0,N,,,,,For profit - Partnership,74.0,49.4,WITHAM MEMORIAL HOSPITAL,,,WELLBROOKE OF CARMEL,,,,,2022-11-01,1,1,1,0,1,1,1,0
gold_main_v2,control,control_v2,155833,WELLBROOKE OF CARMEL,IN,2023,0,,,,,,,,,,,38.24763333333333,2.0,29.645516666666666,2.0,1,False,False,False,False,False,False,2019.0,2023.0,control_weighted_pseudocohort,4.0,1,1,1,1,1,1,0,1,1.0,1.0,11.0,3.0,9.0,365.0,47.91433282900674,11358.48,67401.2,0.653933312577955,3.874808245181676,3.59851,1.0,,2.0,1.0,4.0,72.667,0.0,3.0,0.0,1.0,15000.0,0.0,1.0,N,37.0,20.0,14.0,0.5405405405405406,For profit - Partnership,74.0,50.3,WITHAM MEMORIAL HOSPITAL,TRILOGY HEALTH SERVICES,524.0,WELLBROOKE OF CARMEL,IN,,,,2023-11-01,1,1,1,1,1,1,1,1
gold_main_v2,control,control_v2,155833,WELLBROOKE OF CARMEL,IN,2024,0,,,,,,,,,,,38.24763333333333,2.0,29.645516666666666,2.0,1,False,False,False,False,False,False,2019.0,2023.0,control_weighted_pseudocohort,4.0,1,1,1,1,1,1,0,1,1.0,1.0,11.0,3.0,9.0,366.0,51.341047539417104,12418.43,70505.19,0.6625208074134104,3.772753629136476,3.8903,2.0,,2.0,2.0,4.0,74.667,0.0,3.0,0.0,2.0,25395.5,0.0,2.0,N,37.0,20.0,14.0,0.5405405405405406,For profit - Limited Liability company,74.0,49.8,WITHAM MEMORIAL HOSPITAL,TRILOGY HEALTH SERVICES,524.0,WELLBROOKE OF CARMEL,IN,,,,2024-11-01,1,1,1,1,1,1,1,1
gold_main_v2,control,control_v2,155833,WELLBROOKE OF CARMEL,IN,2025,0,,,,,,,,,,,38.24763333333333,2.0,29.645516666666666,2.0,1,False,True,False,False,True,True,2019.0,2023.0,control_weighted_pseudocohort,4.0,1,1,1,1,1,1,0,1,1.0,1.0,11.0,3.0,9.0,273.0,53.462126842561624,9301.78,52227.28,0.638976703064224,3.5833893894720688,3.60866,2.0,,3.0,4.0,5.0,38.000,4.0,20.0,,1.0,15646.0,0.0,1.0,N,58.0,17.0,27.0,0.293103448275862,For profit - Limited Liability company,74.0,52.8,WITHAM MEMORIAL HOSPITAL,TRILOGY HEALTH SERVICES,524.0,WELLBROOKE OF CARMEL,IN,,,,2025-11-01,1,1,1,1,1,1,1,1
gold_main_v2,control,control_v2,155833,WELLBROOKE OF CARMEL,IN,2026,0,,,,,,,,,,,38.24763333333333,2.0,29.645516666666666,2.0,1,False,True,False,False,True,True,2019.0,2023.0,control_weighted_pseudocohort,4.0,1,0,0,1,1,1,0,1,1.0,1.0,11.0,3.0,9.0,,,,,,,3.8118,3.0,,2.0,3.0,5.0,49.000,,,,1.0,15646.0,0.0,1.0,N,,,,,For profit - Limited Liability company,74.0,53.7,WITHAM MEMORIAL HOSPITAL,TRILOGY HEALTH SERVICES,524.0,WELLBROOKE OF CARMEL,IN,,,,2026-03-01,0,1,1,0,0,1,1,0
gold_main_v2,control,control_v2,155837,"VILLAGES AT OAK RIDGE, THE",IN,2016,0,,,,,,,,,,,50.645700000000005,2.0,24.6688,2.0,1,,,,,,,2019.0,2023.0,control_weighted_pseudocohort,4.0,1,0,0,1,1,0,0,0,1.0,1.0,11.0,3.0,9.0,,,,,,,,,,,,,,0.0,0.0,,0.0,0.0,0.0,0.0,N,,,,,For profit - Corporation,58.0,2.0,Legal Business Name Not Available,,,"VILLAGES AT OAK RIDGE, THE",,,,,,0,0,0,0,0,0,0,0
gold_main_v2,control,control_v2,155837,"VILLAGES AT OAK RIDGE, THE",IN,2017,0,,,,,,,,,,,50.645700000000005,2.0,24.6688,2.0,1,,,,,,,2019.0,2023.0,control_weighted_pseudocohort,4.0,1,0,1,1,1,0,0,0,1.0,1.0,11.0,3.0,9.0,365.0,34.35287267080746,10899.35,55475.85,0.8714900600837977,4.45950451991404,6.70313,5.0,5.0,5.0,5.0,4.0,1.600,0.0,0.0,,0.0,0.0,0.0,0.0,N,,,,,Government - County,58.0,32.0,DAVIESS COUNTY HOSPITAL,,,"VILLAGES AT OAK RIDGE, THE",,,,,2017-12-01,1,1,1,0,1,1,1,0
gold_main_v2,control,control_v2,155837,"VILLAGES AT OAK RIDGE, THE",IN,2018,0,,,,,,,,,,,50.645700000000005,2.0,24.6688,2.0,1,,,,,,,2019.0,2023.0,control_weighted_pseudocohort,4.0,1,0,1,1,1,0,0,0,1.0,1.0,11.0,3.0,9.0,365.0,33.022358257684346,13272.41,51273.36,1.1019052942499163,4.2908361947035765,4.33528,,5.0,,,,46.800,0.0,6.0,,1.0,8125.0,0.0,1.0,N,,,,,Government - County,58.0,30.5,DAVIESS COUNTY HOSPITAL,,,"VILLAGES AT OAK RIDGE, THE",,,,,2018-12-01,1,1,0,0,1,1,0,0
gold_main_v2,control,control_v2,155837,"VILLAGES AT OAK RIDGE, THE",IN,2019,0,,,,,,,,,,,50.645700000000005,2.0,24.6688,2.0,1,,,,,,,2019.0,2023.0,control_weighted_pseudocohort,4.0,1,0,1,1,1,0,0,0,1.0,1.0,11.0,3.0,9.0,365.0,47.5654237670542,17951.45,60252.100000000006,1.0352489800707625,3.490325037288593,3.41754,,4.0,,,,52.000,0.0,12.0,,1.0,8125.0,0.0,1.0,N,,,,,Government - County,58.0,47.2,DAVIESS COUNTY HOSPITAL,,,"VILLAGES AT OAK RIDGE, THE",,,,,2019-11-01,1,1,0,0,1,1,0,0
gold_main_v2,control,control_v2,155837,"VILLAGES AT OAK RIDGE, THE",IN,2020,0,,,,,,,,,,,50.645700000000005,2.0,24.6688,2.0,1,,,,,,,2019.0,2023.0,control_weighted_pseudocohort,4.0,1,0,1,1,1,0,0,0,1.0,1.0,11.0,3.0,9.0,366.0,39.31073817486861,17936.85,56043.45,1.2984193132769155,3.988078952581386,3.79332,4.0,5.0,3.0,5.0,5.0,47.667,0.0,15.0,,0.0,0.0,0.0,0.0,N,,,,,For profit - Corporation,58.0,41.3,DAVIESS COUNTY HOSPITAL,,,"VILLAGES AT OAK RIDGE, THE",,,,,2020-11-01,1,1,1,0,1,1,1,0
gold_main_v2,control,control_v2,155837,"VILLAGES AT OAK RIDGE, THE",IN,2021,0,,,,,,,,,,,50.645700000000005,2.0,24.6688,2.0,1,,,,,,,2019.0,2023.0,control_weighted_pseudocohort,4.0,1,0,1,1,1,0,0,0,1.0,1.0,11.0,3.0,9.0,365.0,40.47909566279131,18911.36,54733.45,1.3069506805150957,3.726749347577642,3.71756,4.0,5.0,3.0,5.0,5.0,41.667,0.0,12.0,1.0,1.0,650.0,0.0,1.0,N,,,,,For profit - Corporation,58.0,39.4,DAVIESS COUNTY HOSPITAL,,,"VILLAGES AT OAK RIDGE, THE",,,,,2021-11-01,1,1,1,0,1,1,1,0
gold_main_v2,control,control_v2,155837,"VILLAGES AT OAK RIDGE, THE",IN,2022,0,,,,,,,,,,,50.645700000000005,2.0,24.6688,2.0,1,False,False,False,False,False,False,2019.0,2023.0,control_weighted_pseudocohort,4.0,1,0,1,1,1,1,0,1,1.0,1.0,11.0,3.0,9.0,365.0,50.05849259436216,19084.11,59719.07,1.047849936905384,3.274034764488846,3.11827,2.0,,5.0,5.0,3.0,15.333,0.0,6.0,2.0,1.0,650.0,0.0,1.0,N,,,,,Government - County,58.0,50.7,DAVIESS COUNTY HOSPITAL,,,"VILLAGES AT OAK RIDGE, THE",,,,,2022-11-01,1,1,1,0,1,1,1,0
gold_main_v2,control,control_v2,155837,"VILLAGES AT OAK RIDGE, THE",IN,2023,0,,,,,,,,,,,50.645700000000005,2.0,24.6688,2.0,1,False,False,False,False,False,False,2019.0,2023.0,control_weighted_pseudocohort,4.0,1,1,1,1,1,1,0,1,1.0,1.0,11.0,3.0,9.0,365.0,49.30067221425917,16629.010000000002,62705.67,0.9252167457445036,3.4900978549769377,3.35523,2.0,,5.0,5.0,3.0,14.000,0.0,2.0,1.0,0.0,0.0,0.0,0.0,N,48.0,25.0,15.0,0.5208333333333334,Government - County,58.0,48.7,DAVIESS COUNTY HOSPITAL,TRILOGY HEALTH SERVICES,524.0,"VILLAGES AT OAK RIDGE, THE",IN,,,,2023-11-01,1,1,1,1,1,1,1,1
gold_main_v2,control,control_v2,155837,"VILLAGES AT OAK RIDGE, THE",IN,2024,0,,,,,,,,,,,50.645700000000005,2.0,24.6688,2.0,1,False,False,False,False,False,False,2019.0,2023.0,control_weighted_pseudocohort,4.0,1,1,1,1,1,1,0,1,1.0,1.0,11.0,3.0,9.0,366.0,49.18896321070234,16573.239999999998,64671.08,0.9220595253060896,3.5993378868630344,3.46418,3.0,,4.0,4.0,4.0,22.000,0.0,0.0,1.0,0.0,0.0,0.0,0.0,N,83.0,33.0,20.0,0.3975903614457831,Government - County,58.0,48.4,DAVIESS COUNTY HOSPITAL,TRILOGY HEALTH SERVICES,524.0,"VILLAGES AT OAK RIDGE, THE",IN,,,,2024-11-01,1,1,1,1,1,1,1,1
gold_main_v2,control,control_v2,155837,"VILLAGES AT OAK RIDGE, THE",IN,2025,0,,,,,,,,,,,50.645700000000005,2.0,24.6688,2.0,1,False,True,False,False,True,True,2019.0,2023.0,control_weighted_pseudocohort,4.0,1,1,1,1,1,1,0,1,1.0,1.0,11.0,3.0,9.0,273.0,48.31179416396808,11544.63,50091.61,0.8783888341017588,3.812547941902183,3.72303,3.0,,3.0,3.0,2.0,37.000,0.0,20.0,0.0,0.0,0.0,0.0,0.0,N,83.0,33.0,20.0,0.3975903614457831,Government - County,58.0,50.0,DAVIESS COUNTY HOSPITAL,TRILOGY HEALTH SERVICES,524.0,"VILLAGES AT OAK RIDGE, THE",IN,,,,2025-11-01,1,1,1,1,1,1,1,1
gold_main_v2,control,control_v2,155837,"VILLAGES AT OAK RIDGE, THE",IN,2026,0,,,,,,,,,,,50.645700000000005,2.0,24.6688,2.0,1,False,True,False,False,True,True,2019.0,2023.0,control_weighted_pseudocohort,4.0,1,0,0,1,1,1,0,1,1.0,1.0,11.0,3.0,9.0,,,,,,,3.85301,3.0,,3.0,3.0,3.0,37.000,,,0.0,0.0,0.0,0.0,0.0,N,,,,,Government - County,58.0,46.9,DAVIESS COUNTY HOSPITAL,TRILOGY HEALTH SERVICES,524.0,"VILLAGES AT OAK RIDGE, THE",IN,,,,2026-03-01,0,1,1,0,0,1,1,0
gold_main_v2,control,control_v2,155838,STONECROFT HEALTH CAMPUS,IN,2016,0,,,,,,,,,,,39.81688333333334,2.0,41.37618333333333,2.0,1,,,,,,,2019.0,2023.0,control_weighted_pseudocohort,4.0,1,0,0,1,1,0,0,0,1.0,1.0,11.0,3.0,9.0,,,,,,,,,,,,,,0.0,0.0,,0.0,0.0,0.0,0.0,N,,,,,For profit - Corporation,70.0,2.0,Legal Business Name Not Available,,,STONECROFT HEALTH CAMPUS,,,,,,0,0,0,0,0,0,0,0
gold_main_v2,control,control_v2,155838,STONECROFT HEALTH CAMPUS,IN,2017,0,,,,,,,,,,,39.81688333333334,2.0,41.37618333333333,2.0,1,,,,,,,2019.0,2023.0,control_weighted_pseudocohort,4.0,1,0,1,1,1,0,0,0,1.0,1.0,11.0,3.0,9.0,365.0,47.652473191060146,15126.96,71800.89,0.8710948674749001,4.148980369705483,4.41862,4.0,4.0,4.0,4.0,4.0,26.400,0.0,5.0,,0.0,0.0,0.0,0.0,N,,,,,Government - County,70.0,51.0,DAVIESS COUNTY HOSPITAL,,,STONECROFT HEALTH CAMPUS,,,,,2017-12-01,1,1,1,0,1,1,1,0
gold_main_v2,control,control_v2,155838,STONECROFT HEALTH CAMPUS,IN,2018,0,,,,,,,,,,,39.81688333333334,2.0,41.37618333333333,2.0,1,,,,,,,2019.0,2023.0,control_weighted_pseudocohort,4.0,1,0,1,1,1,0,0,0,1.0,1.0,11.0,3.0,9.0,365.0,41.00421577215055,11654.44,61078.73,0.7822442723161447,4.125059764338636,3.943,,4.0,,,,34.400,0.0,5.0,,0.0,0.0,0.0,0.0,N,,,,,For profit - Corporation,70.0,39.4,DAVIESS COUNTY HOSPITAL,,,STONECROFT HEALTH CAMPUS,,,,,2018-12-01,1,1,0,0,1,1,0,0
gold_main_v2,control,control_v2,155838,STONECROFT HEALTH CAMPUS,IN,2019,0,,,,,,,,,,,39.81688333333334,2.0,41.37618333333333,2.0,1,,,,,,,2019.0,2023.0,control_weighted_pseudocohort,4.0,1,0,1,1,1,0,0,0,1.0,1.0,11.0,3.0,9.0,365.0,46.89788381907947,11359.26,65696.73999999999,0.6696105331417963,3.859204075832,3.67031,,2.0,,,,18.000,0.0,3.0,,0.0,0.0,0.0,0.0,N,,,,,For profit - Corporation,70.0,46.1,DAVIESS COUNTY HOSPITAL,,,STONECROFT HEALTH CAMPUS,,,,,2019-11-01,1,1,0,0,1,1,0,0
gold_main_v2,control,control_v2,155838,STONECROFT HEALTH CAMPUS,IN,2020,0,,,,,,,,,,,39.81688333333334,2.0,41.37618333333333,2.0,1,,,,,,,2019.0,2023.0,control_weighted_pseudocohort,4.0,1,0,1,1,1,0,0,0,1.0,1.0,11.0,3.0,9.0,366.0,39.34149546106068,14690.98,58660.64,1.0370761011640748,4.129519713072597,3.94029,3.0,4.0,4.0,4.0,4.0,19.333,0.0,0.0,,0.0,0.0,0.0,0.0,N,,,,,For profit - Corporation,70.0,39.4,DAVIESS COUNTY HOSPITAL,,,STONECROFT HEALTH CAMPUS,,,,,2020-11-01,1,1,1,0,1,1,1,0
gold_main_v2,control,control_v2,155838,STONECROFT HEALTH CAMPUS,IN,2021,0,,,,,,,,,,,39.81688333333334,2.0,41.37618333333333,2.0,1,,,,,,,2019.0,2023.0,control_weighted_pseudocohort,4.0,1,0,1,1,1,0,0,0,1.0,1.0,11.0,3.0,9.0,365.0,36.034425598556034,11089.06,43723.77,0.8477913431581672,3.3295600214298107,2.94151,1.0,1.0,4.0,3.0,2.0,22.667,0.0,1.0,1.0,1.0,650.0,0.0,1.0,N,,,,,For profit - Corporation,70.0,34.8,DAVIESS COUNTY HOSPITAL,,,STONECROFT HEALTH CAMPUS,,,,,2021-11-01,1,1,1,0,1,1,1,0
gold_main_v2,control,control_v2,155838,STONECROFT HEALTH CAMPUS,IN,2022,0,,,,,,,,,,,39.81688333333334,2.0,41.37618333333333,2.0,1,False,False,False,False,False,False,2019.0,2023.0,control_weighted_pseudocohort,4.0,1,0,1,1,1,1,0,1,1.0,1.0,11.0,3.0,9.0,365.0,37.50666772840686,12030.12,44884.8,0.8902233836529816,3.287156424105662,3.14969,1.0,,4.0,4.0,5.0,24.000,0.0,1.0,1.0,1.0,650.0,0.0,1.0,N,,,,,For profit - Corporation,70.0,35.2,DAVIESS COUNTY HOSPITAL,,,STONECROFT HEALTH CAMPUS,,,,,2022-11-01,1,1,1,0,1,1,1,0
gold_main_v2,control,control_v2,155838,STONECROFT HEALTH CAMPUS,IN,2023,0,,,,,,,,,,,39.81688333333334,2.0,41.37618333333333,2.0,1,False,False,False,False,False,False,2019.0,2023.0,control_weighted_pseudocohort,4.0,1,1,1,1,1,1,0,1,1.0,1.0,11.0,3.0,9.0,365.0,46.812903461273024,14932.19,65464.73,0.8745065997824754,3.8403997346212737,3.91459,3.0,,4.0,5.0,5.0,21.333,0.0,1.0,1.0,0.0,0.0,0.0,0.0,N,40.0,16.0,12.0,0.4,For profit - Corporation,70.0,46.6,DAVIESS COUNTY HOSPITAL,TRILOGY HEALTH SERVICES,524.0,STONECROFT HEALTH CAMPUS,IN,,,,2023-11-01,1,1,1,1,1,1,1,1
gold_main_v2,control,control_v2,155838,STONECROFT HEALTH CAMPUS,IN,2024,0,,,,,,,,,,,39.81688333333334,2.0,41.37618333333333,2.0,1,False,False,False,False,False,False,2019.0,2023.0,control_weighted_pseudocohort,4.0,1,1,1,1,1,1,0,1,1.0,1.0,11.0,3.0,9.0,366.0,48.87676182513139,17019.699999999997,68828.28,0.953221929815393,3.85519041503431,3.74226,3.0,,5.0,5.0,5.0,9.333,0.0,0.0,,0.0,0.0,0.0,0.0,N,43.0,16.5,13.0,0.3847826086956522,For profit - Corporation,70.0,48.5,DAVIESS COUNTY HOSPITAL,TRILOGY HEALTH SERVICES,524.0,STONECROFT HEALTH CAMPUS,IN,,,,2024-11-01,1,1,1,1,1,1,1,1
gold_main_v2,control,control_v2,155838,STONECROFT HEALTH CAMPUS,IN,2025,0,,,,,,,,,,,39.81688333333334,2.0,41.37618333333333,2.0,1,False,True,False,False,True,True,2019.0,2023.0,control_weighted_pseudocohort,4.0,1,1,1,1,1,1,0,1,1.0,1.0,11.0,3.0,9.0,273.0,51.584792341314085,15101.97,55803.47,1.072003931472768,3.965881133212272,4.05746,4.0,,5.0,5.0,5.0,6.000,0.0,0.0,,0.0,0.0,0.0,0.0,N,49.333333333333336,17.666666666666668,16.666666666666668,0.3584825234441602,For profit - Corporation,70.0,51.8,DAVIESS COUNTY HOSPITAL,TRILOGY HEALTH SERVICES,524.0,STONECROFT HEALTH CAMPUS,IN,,,,2025-11-01,1,1,1,1,1,1,1,1
gold_main_v2,control,control_v2,155838,STONECROFT HEALTH CAMPUS,IN,2026,0,,,,,,,,,,,39.81688333333334,2.0,41.37618333333333,2.0,1,False,True,False,False,True,True,2019.0,2023.0,control_weighted_pseudocohort,4.0,1,0,0,1,1,1,0,1,1.0,1.0,11.0,3.0,9.0,,,,,,,3.91381,4.0,,5.0,5.0,5.0,6.000,,,,0.0,0.0,0.0,0.0,N,,,,,For profit - Corporation,70.0,52.2,DAVIESS COUNTY HOSPITAL,TRILOGY HEALTH SERVICES,524.0,STONECROFT HEALTH CAMPUS,IN,,,,2026-03-01,0,1,1,0,0,1,1,0
gold_main_v2,treated,gold_main,165338,Northgate Care Center,IA,2016,1,2024,0,-8,PE008,Cascade Capital Group,Legacy Healthcare,non_pe_to_pe,yes,gold,Aug 2024,62.64125,8.0,5.5,8.0,0,,,,,,,2016.0,2023.0,treated_all_preyears,,1,0,0,1,1,0,0,0,,,,,,,,,,,,3.63555,4.0,4.0,5.0,5.0,4.0,4.000,0.0,0.0,,0.0,0.0,0.0,0.0,N,,,,,For profit - Corporation,50.0,45.0,ABCM CORPORATION,,,NORTHGATE CARE CENTER,,Northgate Care Center,IA,Waukon,,0,1,1,0,0,1,1,0
gold_main_v2,treated,gold_main,165338,Northgate Care Center,IA,2017,1,2024,0,-7,PE008,Cascade Capital Group,Legacy Healthcare,non_pe_to_pe,yes,gold,Aug 2024,62.64125,8.0,5.5,8.0,0,,,,,,,2016.0,2023.0,treated_all_preyears,,1,0,1,1,1,0,0,0,,,,,,365.0,46.51148139300314,13140.0,56415.5,0.77384454237104,3.324787423647914,3.7532,4.0,5.0,4.0,5.0,5.0,6.667,1.0,2.0,,1.0,11791.0,0.0,1.0,N,,,,,For profit - Corporation,50.0,47.0,ABCM CORPORATION,,,NORTHGATE CARE CENTER,,Northgate Care Center,IA,Waukon,2017-12-01,1,1,1,0,1,1,1,0
gold_main_v2,treated,gold_main,165338,Northgate Care Center,IA,2018,1,2024,0,-6,PE008,Cascade Capital Group,Legacy Healthcare,non_pe_to_pe,yes,gold,Aug 2024,62.64125,8.0,5.5,8.0,0,,,,,,,2016.0,2023.0,treated_all_preyears,,1,0,1,1,1,0,0,0,,,,,,365.0,43.714484790571746,13293.5,55713.75,0.8338855795084281,3.492836862396333,3.57982,,5.0,,,,8.000,1.0,2.0,,1.0,11791.0,0.0,1.0,N,,,,,For profit - Corporation,50.0,44.3,ABCM CORPORATION,,,NORTHGATE CARE CENTER,,Northgate Care Center,IA,Waukon,2018-12-01,1,1,0,0,1,1,0,0
gold_main_v2,treated,gold_main,165338,Northgate Care Center,IA,2019,1,2024,0,-5,PE008,Cascade Capital Group,Legacy Healthcare,non_pe_to_pe,yes,gold,Aug 2024,62.64125,8.0,5.5,8.0,0,,,,,,,2016.0,2023.0,treated_all_preyears,,1,0,1,1,1,0,0,0,,,,,,365.0,40.15623241492807,13621.75,50544.75,0.9274807379103812,3.449795952025775,3.53892,,5.0,,,,4.667,1.0,2.0,,1.0,11791.0,0.0,1.0,N,,,,,For profit - Corporation,50.0,40.6,ABCM CORPORATION,,,NORTHGATE CARE CENTER,,Northgate Care Center,IA,Waukon,2019-11-01,1,1,0,0,1,1,0,0
gold_main_v2,treated,gold_main,165338,Northgate Care Center,IA,2020,1,2024,0,-4,PE008,Cascade Capital Group,Legacy Healthcare,non_pe_to_pe,yes,gold,Aug 2024,62.64125,8.0,5.5,8.0,0,,,,,,,2016.0,2023.0,treated_all_preyears,,1,0,1,1,1,0,0,0,,,,,,366.0,35.06157429526995,10031.75,44482.25,0.7879100036430666,3.4890964370690543,3.29787,4.0,5.0,5.0,5.0,4.0,1.333,0.0,0.0,,0.0,0.0,0.0,0.0,N,,,,,For profit - Corporation,50.0,36.8,ABCM CORPORATION,,,NORTHGATE CARE CENTER,,Northgate Care Center,IA,Waukon,2020-11-01,1,1,1,0,1,1,1,0
gold_main_v2,treated,gold_main,165338,Northgate Care Center,IA,2021,1,2024,0,-3,PE008,Cascade Capital Group,Legacy Healthcare,non_pe_to_pe,yes,gold,Aug 2024,62.64125,8.0,5.5,8.0,0,,,,,,,2016.0,2023.0,treated_all_preyears,,1,0,1,1,1,0,0,0,,,,,,365.0,31.026289350745873,8033.25,41382.25,0.7235891905399903,3.6769112172726945,3.65098,4.0,4.0,5.0,5.0,4.0,0.667,0.0,0.0,0.0,0.0,0.0,0.0,0.0,N,,,,,For profit - Corporation,50.0,30.3,ABCM CORPORATION,,,NORTHGATE CARE CENTER,,Northgate Care Center,IA,Waukon,2021-11-01,1,1,1,0,1,1,1,0
gold_main_v2,treated,gold_main,165338,Northgate Care Center,IA,2022,1,2024,0,-2,PE008,Cascade Capital Group,Legacy Healthcare,non_pe_to_pe,yes,gold,Aug 2024,62.64125,8.0,5.5,8.0,0,False,False,False,False,False,False,2016.0,2023.0,treated_all_preyears,,1,0,1,1,1,1,0,1,,,,,,365.0,37.18901364336147,7589.75,42047.77,0.5600963250662222,3.1042483106928014,3.24591,3.0,,5.0,5.0,4.0,0.667,0.0,0.0,0.0,0.0,0.0,0.0,0.0,N,,,,,For profit - Corporation,50.0,36.9,ABCM CORPORATION,,,NORTHGATE CARE CENTER,,Northgate Care Center,IA,Waukon,2022-11-01,1,1,1,0,1,1,1,0
gold_main_v2,treated,gold_main,165338,Northgate Care Center,IA,2023,1,2024,0,-1,PE008,Cascade Capital Group,Legacy Healthcare,non_pe_to_pe,yes,gold,Aug 2024,62.64125,8.0,5.5,8.0,0,False,False,False,False,False,False,2016.0,2023.0,treated_all_preyears,,1,1,1,1,1,1,0,1,,,,,,365.0,39.035728221054306,6871.0,40733.18,0.483454284731636,2.8666548818098336,3.02507,2.0,,5.0,5.0,3.0,0.000,0.0,0.0,0.0,0.0,0.0,0.0,0.0,N,36.0,19.0,2.0,0.5277777777777778,For profit - Corporation,50.0,36.7,ABCM CORPORATION,ABCM CORPORATION,2.0,NORTHGATE CARE CENTER,IA,Northgate Care Center,IA,Waukon,2023-11-01,1,1,1,1,1,1,1,1
gold_main_v2,treated,gold_main,165338,Northgate Care Center,IA,2024,1,2024,1,0,PE008,Cascade Capital Group,Legacy Healthcare,non_pe_to_pe,yes,gold,Aug 2024,62.64125,8.0,5.5,8.0,0,False,False,False,False,False,False,2016.0,2023.0,treated_all_preyears,,1,1,1,1,1,1,1,1,,,,,,366.0,40.0285176779742,7038.25,42465.5,0.4804507870041899,2.904308921012917,3.01427,4.0,,5.0,5.0,4.0,6.000,0.0,1.0,,0.0,0.0,0.0,0.0,N,38.25,19.75,1.25,0.516559829059829,For profit - Corporation,50.0,38.5,Legal Business Name Not Available,ABCM CORPORATION,2.0,NORTHGATE CARE CENTER,IA,Northgate Care Center,IA,Waukon,2024-11-01,1,1,1,1,1,1,1,1
gold_main_v2,treated,gold_main,165338,Northgate Care Center,IA,2025,1,2024,1,1,PE008,Cascade Capital Group,Legacy Healthcare,non_pe_to_pe,yes,gold,Aug 2024,62.64125,8.0,5.5,8.0,0,False,True,True,False,True,True,2016.0,2023.0,treated_all_preyears,,1,1,1,1,1,1,0,1,,,,,,273.0,40.66922457574631,4798.75,31596.75,0.4337813234013655,2.8508807155491964,2.82734,3.0,,5.0,5.0,3.0,3.000,0.0,1.0,,0.0,0.0,0.0,0.0,N,37.0,24.0,3.0,0.6486486486486487,For profit - Corporation,50.0,40.5,WAUKON IA SKILLED NURSING FACILITY LLC,LEGACY HEALTHCARE,306.0,Northgate Care Center,IA,Northgate Care Center,IA,Waukon,2025-11-01,1,1,1,1,1,1,1,1
gold_main_v2,treated,gold_main,165338,Northgate Care Center,IA,2026,1,2024,1,2,PE008,Cascade Capital Group,Legacy Healthcare,non_pe_to_pe,yes,gold,Aug 2024,62.64125,8.0,5.5,8.0,0,False,True,True,False,True,True,2016.0,2023.0,treated_all_preyears,,1,0,0,1,1,1,0,1,,,,,,,,,,,,2.80239,3.0,,3.0,3.0,3.0,42.000,,,,0.0,0.0,0.0,0.0,N,,,,,For profit - Corporation,50.0,40.9,WAUKON IA SKILLED NURSING FACILITY LLC,LEGACY HEALTHCARE,306.0,Northgate Care Center,IA,Northgate Care Center,IA,Waukon,2026-03-01,0,1,1,0,0,1,1,0
gold_main_v2,control,control_v2,185093,"NHC HEALTHCARE, GLASGOW",KY,2016,0,,,,,,,,,,,73.62556221198156,4.0,10.134483870967742,4.0,0,,,,,,,2016.0,2023.0,control_weighted_pseudocohort,5.0,1,0,0,1,1,0,0,0,1.0,1.0,11.0,3.0,9.0,,,,,,,3.71433,4.0,4.0,1.0,1.0,1.0,177.000,0.0,7.0,,1.0,436050.0,0.0,1.0,N,,,,,For profit - Corporation,194.0,157.0,NHC HEALTHCARE-GLASGOW LLC,,,"NHC HEALTHCARE, GLASGOW",,,,,,0,1,1,0,0,1,1,0
gold_main_v2,control,control_v2,185093,"NHC HEALTHCARE, GLASGOW",KY,2017,0,,,,,,,,,,,73.62556221198156,4.0,10.134483870967742,4.0,0,,,,,,,2016.0,2023.0,control_weighted_pseudocohort,5.0,1,0,1,1,1,0,0,0,1.0,1.0,11.0,3.0,9.0,365.0,173.7678790412486,27312.75,228270.6,0.4311359152065414,3.6021401731954645,3.71127,3.0,3.0,3.0,3.0,3.0,34.667,1.0,4.0,,0.0,0.0,0.0,0.0,N,,,,,For profit - Corporation,194.0,173.0,NHC HEALTHCARE-GLASGOW LLC,,,"NHC HEALTHCARE, GLASGOW",,,,,2017-12-01,1,1,1,0,1,1,1,0
gold_main_v2,control,control_v2,185093,"NHC HEALTHCARE, GLASGOW",KY,2018,0,,,,,,,,,,,73.62556221198156,4.0,10.134483870967742,4.0,0,,,,,,,2016.0,2023.0,control_weighted_pseudocohort,5.0,1,0,1,1,1,0,0,0,1.0,1.0,11.0,3.0,9.0,365.0,172.63411172161173,36803.0,238954.0,0.5840050736360267,3.792551282253316,3.75806,,4.0,,,,27.200,1.0,4.0,,0.0,0.0,0.0,0.0,N,,,,,For profit - Corporation,194.0,172.2,NHC HEALTHCARE-GLASGOW LLC,,,"NHC HEALTHCARE, GLASGOW",,,,,2018-12-01,1,1,0,0,1,1,0,0
gold_main_v2,control,control_v2,185093,"NHC HEALTHCARE, GLASGOW",KY,2019,0,,,,,,,,,,,73.62556221198156,4.0,10.134483870967742,4.0,0,,,,,,,2016.0,2023.0,control_weighted_pseudocohort,5.0,1,0,1,1,1,0,0,0,1.0,1.0,11.0,3.0,9.0,365.0,173.70870228805012,38304.25,233082.25,0.6042797507276912,3.679661289056905,3.75785,,3.0,,,,31.333,0.0,1.0,,0.0,0.0,1.0,1.0,N,,,,,For profit - Corporation,194.0,172.8,NHC HEALTHCARE-GLASGOW LLC,,,"NHC HEALTHCARE, GLASGOW",,,,,2019-11-01,1,1,0,0,1,1,0,0
gold_main_v2,control,control_v2,185093,"NHC HEALTHCARE, GLASGOW",KY,2020,0,,,,,,,,,,,73.62556221198156,4.0,10.134483870967742,4.0,0,,,,,,,2016.0,2023.0,control_weighted_pseudocohort,5.0,1,0,1,1,1,0,0,0,1.0,1.0,11.0,3.0,9.0,366.0,165.1213270425227,39562.25,229329.67,0.6578048677475398,3.7950437110423794,3.95035,3.0,3.0,3.0,3.0,3.0,31.333,0.0,1.0,,0.0,0.0,1.0,1.0,N,,,,,For profit - Corporation,194.0,170.4,NHC HEALTHCARE-GLASGOW LLC,,,"NHC HEALTHCARE, GLASGOW",,,,,2020-11-01,1,1,1,0,1,1,1,0
gold_main_v2,control,control_v2,185093,"NHC HEALTHCARE, GLASGOW",KY,2021,0,,,,,,,,,,,73.62556221198156,4.0,10.134483870967742,4.0,0,,,,,,,2016.0,2023.0,control_weighted_pseudocohort,5.0,1,0,1,1,1,0,0,0,1.0,1.0,11.0,3.0,9.0,365.0,152.6546862557732,30306.0,192108.46,0.5462461028566843,3.448756358456005,3.42058,3.0,3.0,3.0,3.0,3.0,20.667,0.0,1.0,0.0,1.0,13627.25,0.0,1.0,N,,,,,For profit - Corporation,194.0,158.8,NHC HEALTHCARE-GLASGOW LLC,,,"NHC HEALTHCARE, GLASGOW",,,,,2021-11-01,1,1,1,0,1,1,1,0
gold_main_v2,control,control_v2,185093,"NHC HEALTHCARE, GLASGOW",KY,2022,0,,,,,,,,,,,73.62556221198156,4.0,10.134483870967742,4.0,0,False,False,False,False,False,False,2016.0,2023.0,control_weighted_pseudocohort,5.0,1,0,1,1,1,1,0,1,1.0,1.0,11.0,3.0,9.0,365.0,148.3351217019695,30068.45,200317.11,0.5554049783913724,3.6994348688214544,3.85336,3.0,,3.0,3.0,3.0,19.333,0.0,1.0,0.0,0.0,0.0,0.0,0.0,N,,,,,For profit - Corporation,194.0,146.8,NHC HEALTHCARE-GLASGOW LLC,,,"NHC HEALTHCARE, GLASGOW",,,,,2022-11-01,1,1,1,0,1,1,1,0
gold_main_v2,control,control_v2,185093,"NHC HEALTHCARE, GLASGOW",KY,2023,0,,,,,,,,,,,73.62556221198156,4.0,10.134483870967742,4.0,0,False,False,False,False,False,False,2016.0,2023.0,control_weighted_pseudocohort,5.0,1,1,1,1,1,1,0,1,1.0,1.0,11.0,3.0,9.0,365.0,148.34070844614322,36993.0,201595.05,0.6837645385323978,3.7259348699621215,3.82483,4.0,,4.0,4.0,3.0,18.000,0.0,0.0,0.0,0.0,0.0,0.0,0.0,N,166.0,128.0,14.0,0.7710843373493976,For profit - Corporation,194.0,146.7,NHC HEALTHCARE-GLASGOW LLC,NATIONAL HEALTHCARE CORPORATION,364.0,"NHC HEALTHCARE, GLASGOW",KY,,,,2023-11-01,1,1,1,1,1,1,1,1
gold_main_v2,control,control_v2,185093,"NHC HEALTHCARE, GLASGOW",KY,2024,0,,,,,,,,,,,73.62556221198156,4.0,10.134483870967742,4.0,0,False,False,False,False,False,False,2016.0,2023.0,control_weighted_pseudocohort,5.0,1,1,1,1,1,1,0,1,1.0,1.0,11.0,3.0,9.0,366.0,149.17322623029145,41599.0,208236.0,0.762346959521642,3.8146197295835274,3.9542,4.0,,4.0,4.0,2.0,18.000,0.0,0.0,,0.0,0.0,0.0,0.0,N,166.0,128.0,14.0,0.7710843373493976,For profit - Corporation,194.0,145.7,NHC HEALTHCARE-GLASGOW LLC,NATIONAL HEALTHCARE CORPORATION,364.0,"NHC HEALTHCARE, GLASGOW",KY,,,,2024-11-01,1,1,1,1,1,1,1,1
gold_main_v2,control,control_v2,185093,"NHC Healthcare, Glasgow",KY,2025,0,,,,,,,,,,,73.62556221198156,4.0,10.134483870967742,4.0,0,False,True,False,True,False,False,2016.0,2023.0,control_weighted_pseudocohort,5.0,1,1,1,1,1,1,0,1,1.0,1.0,11.0,3.0,9.0,273.0,148.6395533612925,26850.25,155477.75,0.662495190799693,3.834027789620255,3.75928,3.0,,3.0,3.0,3.0,31.000,0.0,0.0,,1.0,4017.0,0.0,1.0,N,151.0,107.0,16.0,0.7086092715231788,For profit - Corporation,194.0,149.5,NHC HEALTHCARE-GLASGOW LLC,NATIONAL HEALTHCARE CORPORATION,364.0,"NHC Healthcare, Glasgow",KY,,,,2025-11-01,1,1,1,1,1,1,1,1
gold_main_v2,control,control_v2,185093,"NHC Healthcare, Glasgow",KY,2026,0,,,,,,,,,,,73.62556221198156,4.0,10.134483870967742,4.0,0,False,True,False,True,False,False,2016.0,2023.0,control_weighted_pseudocohort,5.0,1,0,0,1,1,1,0,1,1.0,1.0,11.0,3.0,9.0,,,,,,,3.82023,4.0,,3.0,3.0,4.0,31.000,,,,1.0,4017.0,0.0,1.0,N,,,,,For profit - Corporation,194.0,146.4,NHC HEALTHCARE-GLASGOW LLC,NATIONAL HEALTHCARE CORPORATION,364.0,"NHC Healthcare, Glasgow",KY,,,,2026-03-01,0,1,1,0,0,1,1,0
gold_main_v2,control,control_v2,185132,FRANCISCAN HEALTH CARE CENTER,KY,2016,0,,,,,,,,,,,27.69926728110599,4.0,40.54999078341014,4.0,1,,,,,,,2016.0,2023.0,control_weighted_pseudocohort,5.0,1,0,0,1,1,0,0,0,1.0,1.0,11.0,3.0,9.0,,,,,,,4.37012,4.0,4.0,3.0,5.0,5.0,38.500,1.0,0.0,,1.0,14983.0,1.0,2.0,N,,,,,For profit - Corporation,85.0,82.0,"TRILOGY HEALTHCARE OF JEFFERSON, LLC",,,FRANCISCAN HEALTH CARE CENTER,,,,,,0,1,1,0,0,1,1,0
gold_main_v2,control,control_v2,185132,FRANCISCAN HEALTH CARE CENTER,KY,2017,0,,,,,,,,,,,27.69926728110599,4.0,40.54999078341014,4.0,1,,,,,,,2016.0,2023.0,control_weighted_pseudocohort,5.0,1,0,1,1,1,0,0,0,1.0,1.0,11.0,3.0,9.0,365.0,91.43429818973296,18495.72,126169.49,0.5569579012622129,3.825521121031138,3.78824,3.0,3.0,2.0,2.0,3.0,32.667,1.0,1.0,,0.0,0.0,0.0,0.0,N,,,,,For profit - Corporation,85.0,85.0,"TRILOGY HEALTHCARE OF JEFFERSON, LLC",,,FRANCISCAN HEALTH CARE CENTER,,,,,2017-12-01,1,1,1,0,1,1,1,0
gold_main_v2,control,control_v2,185132,FRANCISCAN HEALTH CARE CENTER,KY,2018,0,,,,,,,,,,,27.69926728110599,4.0,40.54999078341014,4.0,1,,,,,,,2016.0,2023.0,control_weighted_pseudocohort,5.0,1,0,1,1,1,0,0,0,1.0,1.0,11.0,3.0,9.0,365.0,80.54222872538091,13325.76,124697.99,0.4536004533313096,4.243384869066579,4.28289,,2.0,,,,39.200,1.0,1.0,,0.0,0.0,0.0,0.0,N,,,,,For profit - Corporation,85.0,80.4,"TRILOGY HEALTHCARE OF JEFFERSON, LLC",,,FRANCISCAN HEALTH CARE CENTER,,,,,2018-12-01,1,1,0,0,1,1,0,0
gold_main_v2,control,control_v2,185132,FRANCISCAN HEALTH CARE CENTER,KY,2019,0,,,,,,,,,,,27.69926728110599,4.0,40.54999078341014,4.0,1,,,,,,,2016.0,2023.0,control_weighted_pseudocohort,5.0,1,0,1,1,1,0,0,0,1.0,1.0,11.0,3.0,9.0,365.0,80.3188717683283,12115.92,121732.5,0.4133022429138565,4.157771090081689,4.02786,,2.0,,,,30.667,1.0,1.0,,0.0,0.0,0.0,0.0,N,,,,,For profit - Corporation,85.0,82.0,"TRILOGY HEALTHCARE OF JEFFERSON, LLC",,,FRANCISCAN HEALTH CARE CENTER,,,,,2019-11-01,1,1,0,0,1,1,0,0
gold_main_v2,control,control_v2,185132,FRANCISCAN HEALTH CARE CENTER,KY,2020,0,,,,,,,,,,,27.69926728110599,4.0,40.54999078341014,4.0,1,,,,,,,2016.0,2023.0,control_weighted_pseudocohort,5.0,1,0,1,1,1,0,0,0,1.0,1.0,11.0,3.0,9.0,366.0,66.67600334448161,12892.75,102708.91,0.5317606065324096,4.2191679771363395,4.3368,3.0,3.0,3.0,4.0,5.0,30.000,0.0,0.0,,0.0,0.0,0.0,0.0,N,,,,,For profit - Corporation,85.0,62.1,"TRILOGY HEALTHCARE OF JEFFERSON, LLC",,,FRANCISCAN HEALTH CARE CENTER,,,,,2020-11-01,1,1,1,0,1,1,1,0
gold_main_v2,control,control_v2,185132,FRANCISCAN HEALTH CARE CENTER,KY,2021,0,,,,,,,,,,,27.69926728110599,4.0,40.54999078341014,4.0,1,,,,,,,2016.0,2023.0,control_weighted_pseudocohort,5.0,1,0,1,1,1,0,0,0,1.0,1.0,11.0,3.0,9.0,365.0,63.38673090194829,12861.74,92565.83,0.5595043737866436,4.025725533903287,3.99416,3.0,3.0,3.0,3.0,4.0,26.000,0.0,0.0,0.0,1.0,650.0,0.0,1.0,N,,,,,For profit - Corporation,85.0,67.5,"TRILOGY HEALTHCARE OF JEFFERSON, LLC",,,FRANCISCAN HEALTH CARE CENTER,,,,,2021-11-01,1,1,1,0,1,1,1,0
gold_main_v2,control,control_v2,185132,FRANCISCAN HEALTH CARE CENTER,KY,2022,0,,,,,,,,,,,27.69926728110599,4.0,40.54999078341014,4.0,1,False,False,False,False,False,False,2016.0,2023.0,control_weighted_pseudocohort,5.0,1,0,1,1,1,1,0,1,1.0,1.0,11.0,3.0,9.0,365.0,72.95000398152573,11976.96,88225.3,0.4498301116643679,3.3189119780855383,3.16382,2.0,,3.0,3.0,4.0,26.000,0.0,0.0,0.0,1.0,650.0,0.0,1.0,N,,,,,For profit - Corporation,85.0,72.9,"TRILOGY HEALTHCARE OF JEFFERSON, LLC",,,FRANCISCAN HEALTH CARE CENTER,,,,,2022-11-01,1,1,1,0,1,1,1,0
gold_main_v2,control,control_v2,185132,FRANCISCAN HEALTH CARE CENTER,KY,2023,0,,,,,,,,,,,27.69926728110599,4.0,40.54999078341014,4.0,1,False,False,False,False,False,False,2016.0,2023.0,control_weighted_pseudocohort,5.0,1,1,1,1,1,1,0,1,1.0,1.0,11.0,3.0,9.0,365.0,74.33529622551362,17229.75,100743.88,0.6340036217394864,3.718223096916196,3.62822,3.0,,4.0,4.0,4.0,12.667,0.0,0.0,0.0,0.0,0.0,0.0,0.0,N,62.0,22.0,22.0,0.3548387096774194,For profit - Corporation,85.0,75.0,"TRILOGY HEALTHCARE OF JEFFERSON, LLC",TRILOGY HEALTH SERVICES,524.0,FRANCISCAN HEALTH CARE CENTER,KY,,,,2023-11-01,1,1,1,1,1,1,1,1
gold_main_v2,control,control_v2,185132,FRANCISCAN HEALTH CARE CENTER,KY,2024,0,,,,,,,,,,,27.69926728110599,4.0,40.54999078341014,4.0,1,False,False,False,False,False,False,2016.0,2023.0,control_weighted_pseudocohort,5.0,1,1,1,1,1,1,0,1,1.0,1.0,11.0,3.0,9.0,366.0,77.19983277591973,16802.27,110361.97,0.5940786424985186,3.9136056207972727,3.95851,2.0,,4.0,5.0,5.0,12.667,0.0,0.0,,0.0,0.0,0.0,0.0,N,62.0,22.0,22.0,0.3548387096774194,For profit - Corporation,85.0,76.0,"TRILOGY HEALTHCARE OF JEFFERSON, LLC",TRILOGY HEALTH SERVICES,524.0,FRANCISCAN HEALTH CARE CENTER,KY,,,,2024-11-01,1,1,1,1,1,1,1,1
gold_main_v2,control,control_v2,185132,FRANCISCAN HEALTH CARE CENTER,KY,2025,0,,,,,,,,,,,27.69926728110599,4.0,40.54999078341014,4.0,1,False,True,False,False,True,True,2016.0,2023.0,control_weighted_pseudocohort,5.0,1,1,1,1,1,1,0,1,1.0,1.0,11.0,3.0,9.0,273.0,77.13117357682574,13575.32,85011.34,0.6453909122889336,4.042548926536497,4.09206,3.0,,4.0,5.0,5.0,11.000,0.0,9.0,,0.0,0.0,0.0,0.0,N,67.33333333333333,24.666666666666668,26.0,0.3647642679900744,For profit - Corporation,85.0,77.6,"TRILOGY HEALTHCARE OF JEFFERSON, LLC",TRILOGY HEALTH SERVICES,524.0,FRANCISCAN HEALTH CARE CENTER,KY,,,,2025-11-01,1,1,1,1,1,1,1,1
gold_main_v2,control,control_v2,185132,Franciscan Health Care Center,KY,2026,0,,,,,,,,,,,27.69926728110599,4.0,40.54999078341014,4.0,1,False,True,False,False,True,True,2016.0,2023.0,control_weighted_pseudocohort,5.0,1,0,0,1,1,1,0,1,1.0,1.0,11.0,3.0,9.0,,,,,,,4.05343,3.0,,2.0,3.0,5.0,37.000,,,,0.0,0.0,0.0,0.0,N,,,,,For profit - Corporation,87.0,76.0,"TRILOGY HEALTHCARE OF JEFFERSON, LLC",TRILOGY HEALTH SERVICES,524.0,Franciscan Health Care Center,KY,,,,2026-03-01,0,1,1,0,0,1,1,0
gold_main_v2,control,control_v2,185145,CEDAR RIDGE HEALTH CAMPUS,KY,2016,0,,,,,,,,,,,36.74600921658986,4.0,20.251841013824887,4.0,1,,,,,,,2016.0,2023.0,control_weighted_pseudocohort,5.0,1,0,0,1,1,0,0,0,1.0,1.0,11.0,3.0,9.0,,,,,,,4.35,4.0,4.0,4.0,4.0,2.0,12.000,0.0,0.0,,0.0,0.0,0.0,0.0,Y,,,,,For profit - Corporation,53.0,48.0,TRILOGY HEALTHCARE OF CYNTHIANA LLC,,,CEDAR RIDGE HEALTH CAMPUS,,,,,,0,1,1,0,0,1,1,0
gold_main_v2,control,control_v2,185145,CEDAR RIDGE HEALTH CAMPUS,KY,2017,0,,,,,,,,,,,36.74600921658986,4.0,20.251841013824887,4.0,1,,,,,,,2016.0,2023.0,control_weighted_pseudocohort,5.0,1,0,1,1,1,0,0,0,1.0,1.0,11.0,3.0,9.0,365.0,49.477617189573714,10844.26,69773.17,0.5962762505665484,3.8660564413723537,3.36698,2.0,3.0,5.0,5.0,2.0,1.333,0.0,0.0,,0.0,0.0,0.0,0.0,N,,,,,For profit - Corporation,53.0,53.0,TRILOGY HEALTHCARE OF CYNTHIANA LLC,,,CEDAR RIDGE HEALTH CAMPUS,,,,,2017-12-01,1,1,1,0,1,1,1,0
gold_main_v2,control,control_v2,185145,CEDAR RIDGE HEALTH CAMPUS,KY,2018,0,,,,,,,,,,,36.74600921658986,4.0,20.251841013824887,4.0,1,,,,,,,2016.0,2023.0,control_weighted_pseudocohort,5.0,1,0,1,1,1,0,0,0,1.0,1.0,11.0,3.0,9.0,365.0,49.65731008122312,10370.23,71506.57,0.5738590049733764,3.951291888928392,3.84239,,3.0,,,,0.000,0.0,0.0,,0.0,0.0,0.0,0.0,N,,,,,For profit - Corporation,53.0,50.9,TRILOGY HEALTHCARE OF CYNTHIANA LLC,,,CEDAR RIDGE HEALTH CAMPUS,,,,,2018-12-01,1,1,0,0,1,1,0,0
gold_main_v2,control,control_v2,185145,CEDAR RIDGE HEALTH CAMPUS,KY,2019,0,,,,,,,,,,,36.74600921658986,4.0,20.251841013824887,4.0,1,,,,,,,2016.0,2023.0,control_weighted_pseudocohort,5.0,1,0,1,1,1,0,0,0,1.0,1.0,11.0,3.0,9.0,365.0,50.83187543133195,16330.7,74356.67,0.8807382117752067,4.01057408923399,3.92788,,4.0,,,,2.667,0.0,1.0,,0.0,0.0,0.0,0.0,N,,,,,For profit - Corporation,48.0,51.3,TRILOGY HEALTHCARE OF CYNTHIANA LLC,,,CEDAR RIDGE HEALTH CAMPUS,,,,,2019-11-01,1,1,0,0,1,1,0,0
gold_main_v2,control,control_v2,185145,CEDAR RIDGE HEALTH CAMPUS,KY,2020,0,,,,,,,,,,,36.74600921658986,4.0,20.251841013824887,4.0,1,,,,,,,2016.0,2023.0,control_weighted_pseudocohort,5.0,1,0,1,1,1,0,0,0,1.0,1.0,11.0,3.0,9.0,366.0,49.901098901098905,15074.27,75275.75,0.8255484580125071,4.124679887095409,4.21708,4.0,4.0,5.0,5.0,5.0,2.667,0.0,1.0,,0.0,0.0,0.0,0.0,N,,,,,For profit - Corporation,53.0,49.0,TRILOGY HEALTHCARE OF CYNTHIANA LLC,,,CEDAR RIDGE HEALTH CAMPUS,,,,,2020-11-01,1,1,1,0,1,1,1,0
gold_main_v2,control,control_v2,185145,CEDAR RIDGE HEALTH CAMPUS,KY,2021,0,,,,,,,,,,,36.74600921658986,4.0,20.251841013824887,4.0,1,,,,,,,2016.0,2023.0,control_weighted_pseudocohort,5.0,1,0,1,1,1,0,0,0,1.0,1.0,11.0,3.0,9.0,365.0,47.41997597812815,19083.46,65855.63,1.1096569293663745,3.827400571894189,3.63854,4.0,5.0,5.0,5.0,5.0,6.667,1.0,1.0,0.0,1.0,650.0,0.0,1.0,N,,,,,For profit - Corporation,53.0,50.4,TRILOGY HEALTHCARE OF CYNTHIANA LLC,,,CEDAR RIDGE HEALTH CAMPUS,,,,,2021-11-01,1,1,1,0,1,1,1,0
gold_main_v2,control,control_v2,185145,CEDAR RIDGE HEALTH CAMPUS,KY,2022,0,,,,,,,,,,,36.74600921658986,4.0,20.251841013824887,4.0,1,False,False,False,False,False,False,2016.0,2023.0,control_weighted_pseudocohort,5.0,1,0,1,1,1,1,0,1,1.0,1.0,11.0,3.0,9.0,365.0,49.32015315602272,17471.89,65017.98,0.973025150282532,3.6152131057226295,3.47631,4.0,,5.0,5.0,5.0,5.333,1.0,0.0,0.0,1.0,650.0,0.0,1.0,N,,,,,For profit - Corporation,53.0,49.5,"TRILOGY HEALTHCARE OF CYNTHIANA, LLC",,,CEDAR RIDGE HEALTH CAMPUS,,,,,2022-11-01,1,1,1,0,1,1,1,0
gold_main_v2,control,control_v2,185145,CEDAR RIDGE HEALTH CAMPUS,KY,2023,0,,,,,,,,,,,36.74600921658986,4.0,20.251841013824887,4.0,1,False,False,False,False,False,False,2016.0,2023.0,control_weighted_pseudocohort,5.0,1,1,1,1,1,1,0,1,1.0,1.0,11.0,3.0,9.0,365.0,49.90156274884536,14381.25,66893.36,0.7894270803469323,3.67565670959728,3.70437,3.0,,5.0,5.0,4.0,4.000,1.0,0.0,0.0,0.0,0.0,0.0,0.0,N,52.0,22.0,8.0,0.4230769230769231,For profit - Corporation,53.0,50.2,"TRILOGY HEALTHCARE OF CYNTHIANA, LLC",TRILOGY HEALTH SERVICES,524.0,CEDAR RIDGE HEALTH CAMPUS,KY,,,,2023-11-01,1,1,1,1,1,1,1,1
gold_main_v2,control,control_v2,185145,CEDAR RIDGE HEALTH CAMPUS,KY,2024,0,,,,,,,,,,,36.74600921658986,4.0,20.251841013824887,4.0,1,False,False,False,False,False,False,2016.0,2023.0,control_weighted_pseudocohort,5.0,1,1,1,1,1,1,0,1,1.0,1.0,11.0,3.0,9.0,366.0,48.1086359292881,13055.21,68430.95999999999,0.7411351349207744,3.90277543234874,3.88671,4.0,,4.0,5.0,5.0,9.333,0.0,0.0,,0.0,0.0,0.0,0.0,N,49.75,18.25,11.75,0.3659733124018838,For profit - Corporation,53.0,49.0,"TRILOGY HEALTHCARE OF CYNTHIANA, LLC",TRILOGY HEALTH SERVICES,524.0,CEDAR RIDGE HEALTH CAMPUS,KY,,,,2024-11-01,1,1,1,1,1,1,1,1
gold_main_v2,control,control_v2,185145,CEDAR RIDGE HEALTH CAMPUS,KY,2025,0,,,,,,,,,,,36.74600921658986,4.0,20.251841013824887,4.0,1,False,True,True,False,True,True,2016.0,2023.0,control_weighted_pseudocohort,5.0,1,1,1,1,1,1,0,1,1.0,1.0,11.0,3.0,9.0,273.0,49.092297074905765,12360.9,53317.05,0.9224713114479044,3.982218538374082,3.96941,4.0,,4.0,5.0,5.0,10.000,0.0,0.0,,0.0,0.0,0.0,0.0,N,53.0,29.0,24.0,0.5471698113207547,For profit - Corporation,53.0,50.3,"TRILOGY HEALTHCARE OF CYNTHIANA, LLC",TRILOGY HEALTH SERVICES,524.0,CEDAR RIDGE HEALTH CAMPUS,KY,,,,2025-11-01,1,1,1,1,1,1,1,1
gold_main_v2,control,control_v2,185145,Cedar Ridge Health Campus,KY,2026,0,,,,,,,,,,,36.74600921658986,4.0,20.251841013824887,4.0,1,False,True,True,False,True,True,2016.0,2023.0,control_weighted_pseudocohort,5.0,1,0,0,1,1,1,0,1,1.0,1.0,11.0,3.0,9.0,,,,,,,3.93788,4.0,,4.0,5.0,5.0,13.000,,,,0.0,0.0,0.0,0.0,N,,,,,For profit - Corporation,53.0,48.9,"TRILOGY HEALTHCARE OF CYNTHIANA, LLC",TRILOGY HEALTH SERVICES,524.0,Cedar Ridge Health Campus,KY,,,,2026-03-01,0,1,1,0,0,1,1,0
gold_main_v2,control,control_v2,185210,THE JAMES B. HAGGIN MEMORIAL HOSPITAL,KY,2016,0,,,,,,,,,,,48.925059907834104,4.0,12.86384792626728,4.0,0,,,,,,,2016.0,2023.0,control_weighted_pseudocohort,5.0,1,0,0,1,1,0,0,0,1.0,1.0,11.0,3.0,9.0,,,,,,,4.86061,4.0,3.0,3.0,5.0,5.0,34.000,2.0,0.0,,0.0,0.0,0.0,0.0,N,,,,,Non profit - Corporation,34.0,33.0,THE JAMES B. HAGGIN MEMORIAL HOSPITAL INC,,,THE JAMES B. HAGGIN MEMORIAL HOSPITAL,,,,,,0,1,1,0,0,1,1,0
gold_main_v2,control,control_v2,185210,THE WILLOWS AT HARRODSBURG,KY,2017,0,,,,,,,,,,,48.925059907834104,4.0,12.86384792626728,4.0,0,,,,,,,2016.0,2023.0,control_weighted_pseudocohort,5.0,1,0,1,1,1,0,0,0,1.0,1.0,11.0,3.0,9.0,365.0,31.56315031586771,4934.87,43648.2,0.4296063736326408,3.792915677830646,4.21034,4.0,4.0,2.0,4.0,5.0,60.667,0.0,0.0,,1.0,13325.0,0.0,1.0,N,,,,,For profit - Corporation,34.0,29.0,TRILOGY HEALTHCARE OF MERCER LLC,,,THE WILLOWS AT HARRODSBURG,,,,,2017-12-01,1,1,1,0,1,1,1,0
gold_main_v2,control,control_v2,185210,THE WILLOWS AT HARRODSBURG,KY,2018,0,,,,,,,,,,,48.925059907834104,4.0,12.86384792626728,4.0,0,,,,,,,2016.0,2023.0,control_weighted_pseudocohort,5.0,1,0,1,1,1,0,0,0,1.0,1.0,11.0,3.0,9.0,365.0,33.799495673408714,7586.81,49711.71,0.6124921212649147,4.049182479173446,4.2885,,4.0,,,,14.400,0.0,0.0,,1.0,13325.0,0.0,1.0,N,,,,,For profit - Corporation,34.0,31.7,TRILOGY HEALTHCARE OF MERCER LLC,,,THE WILLOWS AT HARRODSBURG,,,,,2018-12-01,1,1,0,0,1,1,0,0
gold_main_v2,control,control_v2,185210,THE WILLOWS AT HARRODSBURG,KY,2019,0,,,,,,,,,,,48.925059907834104,4.0,12.86384792626728,4.0,0,,,,,,,2016.0,2023.0,control_weighted_pseudocohort,5.0,1,0,1,1,1,0,0,0,1.0,1.0,11.0,3.0,9.0,365.0,37.49601980145458,9022.5,54115.96,0.661230833388209,3.964508072780062,3.92224,,3.0,,,,5.333,0.0,0.0,,0.0,0.0,0.0,0.0,N,,,,,For profit - Corporation,34.0,37.8,TRILOGY HEALTHCARE OF MERCER LLC,,,THE WILLOWS AT HARRODSBURG,,,,,2019-11-01,1,1,0,0,1,1,0,0
gold_main_v2,control,control_v2,185210,THE WILLOWS AT HARRODSBURG,KY,2020,0,,,,,,,,,,,48.925059907834104,4.0,12.86384792626728,4.0,0,,,,,,,2016.0,2023.0,control_weighted_pseudocohort,5.0,1,0,1,1,1,0,0,0,1.0,1.0,11.0,3.0,9.0,366.0,36.50259794553273,12087.21,54450.56,0.9072817316632138,4.091995627443764,4.20307,4.0,4.0,5.0,5.0,5.0,5.333,0.0,0.0,,0.0,0.0,0.0,0.0,N,,,,,For profit - Corporation,43.0,35.6,TRILOGY HEALTHCARE OF MERCER LLC,,,THE WILLOWS AT HARRODSBURG,,,,,2020-11-01,1,1,1,0,1,1,1,0
gold_main_v2,control,control_v2,185210,THE WILLOWS AT HARRODSBURG,KY,2021,0,,,,,,,,,,,48.925059907834104,4.0,12.86384792626728,4.0,0,,,,,,,2016.0,2023.0,control_weighted_pseudocohort,5.0,1,0,1,1,1,0,0,0,1.0,1.0,11.0,3.0,9.0,365.0,40.88623652917131,10061.84,60052.15000000001,0.6803242165752272,4.033972674620887,3.62765,3.0,3.0,4.0,5.0,5.0,11.333,0.0,0.0,2.0,1.0,650.0,0.0,1.0,N,,,,,For profit - Corporation,43.0,42.8,TRILOGY HEALTHCARE OF MERCER LLC,,,THE WILLOWS AT HARRODSBURG,,,,,2021-11-01,1,1,1,0,1,1,1,0
gold_main_v2,control,control_v2,185210,THE WILLOWS AT HARRODSBURG,KY,2022,0,,,,,,,,,,,48.925059907834104,4.0,12.86384792626728,4.0,0,False,False,False,False,False,False,2016.0,2023.0,control_weighted_pseudocohort,5.0,1,0,1,1,1,1,0,1,1.0,1.0,11.0,3.0,9.0,365.0,41.94327520305781,12106.64,57514.64,0.7935862708566208,3.7659076637984614,3.69639,2.0,,4.0,4.0,4.0,9.333,0.0,0.0,2.0,1.0,650.0,0.0,1.0,N,,,,,For profit - Corporation,43.0,41.7,"TRILOGY HEALTHCARE OF MERCER, LLC",,,THE WILLOWS AT HARRODSBURG,,,,,2022-11-01,1,1,1,0,1,1,1,0
gold_main_v2,control,control_v2,185210,THE WILLOWS AT HARRODSBURG,KY,2023,0,,,,,,,,,,,48.925059907834104,4.0,12.86384792626728,4.0,0,False,False,False,False,False,False,2016.0,2023.0,control_weighted_pseudocohort,5.0,1,1,1,1,1,1,0,1,1.0,1.0,11.0,3.0,9.0,365.0,42.49673846684716,14420.35,56546.880000000005,0.9314097878914852,3.6524314402653366,3.59476,2.0,,5.0,5.0,4.0,7.333,0.0,0.0,2.0,0.0,0.0,0.0,0.0,N,31.0,11.0,6.0,0.3548387096774194,For profit - Corporation,43.0,43.0,"TRILOGY HEALTHCARE OF MERCER, LLC",TRILOGY HEALTH SERVICES,524.0,THE WILLOWS AT HARRODSBURG,KY,,,,2023-11-01,1,1,1,1,1,1,1,1
gold_main_v2,control,control_v2,185210,THE WILLOWS AT HARRODSBURG,KY,2024,0,,,,,,,,,,,48.925059907834104,4.0,12.86384792626728,4.0,0,False,False,False,False,False,False,2016.0,2023.0,control_weighted_pseudocohort,5.0,1,1,1,1,1,1,0,1,1.0,1.0,11.0,3.0,9.0,366.0,41.79467271858576,16340.85,62125.96,1.0733898268189854,4.0807032842289805,4.18376,3.0,,5.0,5.0,5.0,5.333,0.0,0.0,,0.0,0.0,0.0,0.0,N,31.0,11.0,6.0,0.3548387096774194,For profit - Corporation,43.0,41.2,"TRILOGY HEALTHCARE OF MERCER, LLC",TRILOGY HEALTH SERVICES,524.0,THE WILLOWS AT HARRODSBURG,KY,,,,2024-11-01,1,1,1,1,1,1,1,1
gold_main_v2,control,control_v2,185210,THE WILLOWS AT HARRODSBURG,KY,2025,0,,,,,,,,,,,48.925059907834104,4.0,12.86384792626728,4.0,0,False,True,False,False,True,True,2016.0,2023.0,control_weighted_pseudocohort,5.0,1,1,1,1,1,1,0,1,1.0,1.0,11.0,3.0,9.0,273.0,42.2777875103962,10314.81,45960.81,0.8941418313971067,3.986648302313353,3.9894,3.0,,2.0,3.0,5.0,39.000,0.0,0.0,,2.0,12529.0,0.0,2.0,N,41.0,11.0,14.0,0.2682926829268293,For profit - Corporation,45.0,42.8,"TRILOGY HEALTHCARE OF MERCER, LLC",TRILOGY HEALTH SERVICES,524.0,THE WILLOWS AT HARRODSBURG,KY,,,,2025-11-01,1,1,1,1,1,1,1,1
gold_main_v2,control,control_v2,185210,The Willows at Harrodsburg,KY,2026,0,,,,,,,,,,,48.925059907834104,4.0,12.86384792626728,4.0,0,False,True,False,False,True,True,2016.0,2023.0,control_weighted_pseudocohort,5.0,1,0,0,1,1,1,0,1,1.0,1.0,11.0,3.0,9.0,,,,,,,3.98177,3.0,,2.0,3.0,5.0,39.000,,,,2.0,12529.0,0.0,2.0,N,,,,,For profit - Corporation,36.0,42.1,"TRILOGY HEALTHCARE OF MERCER, LLC",TRILOGY HEALTH SERVICES,524.0,The Willows at Harrodsburg,KY,,,,2026-03-01,0,1,1,0,0,1,1,0
gold_main_v2,control,control_v2,215020,FORESTVILLE HEALTH & REHABILITATION CENTER,MD,2016,0,,,,,,,,,,,73.60790322580647,4.0,12.466073732718897,4.0,0,,,,,,,2016.0,2023.0,control_weighted_pseudocohort,5.0,1,0,0,1,1,0,0,0,1.0,1.0,11.0,3.0,9.0,,,,,,,3.864,3.0,3.0,3.0,4.0,5.0,45.333,2.0,5.0,,0.0,0.0,0.0,0.0,N,,,,,For profit - Corporation,160.0,125.0,"MARLBORO LEASING CO., LLC",,,FORESTVILLE HEALTH & REHABILITATION CENTER,,,,,,0,1,1,0,0,1,1,0
gold_main_v2,control,control_v2,215020,FORESTVILLE HEALTH & REHABILITATION CENTER,MD,2017,0,,,,,,,,,,,73.60790322580647,4.0,12.466073732718897,4.0,0,,,,,,,2016.0,2023.0,control_weighted_pseudocohort,5.0,1,0,1,1,1,0,0,0,1.0,1.0,11.0,3.0,9.0,365.0,157.60820924244837,26824.25,203599.9,0.4666489235562098,3.5400523040787997,3.45225,2.0,2.0,4.0,5.0,5.0,26.000,1.0,8.0,,1.0,82974.0,0.0,1.0,N,,,,,For profit - Individual,160.0,155.0,"MARLBORO LEASING CO., LLC",,,FORESTVILLE HEALTH & REHABILITATION CENTER,,,,,2017-12-01,1,1,1,0,1,1,1,0
gold_main_v2,control,control_v2,215020,FORESTVILLE HEALTH & REHABILITATION CENTER,MD,2018,0,,,,,,,,,,,73.60790322580647,4.0,12.466073732718897,4.0,0,,,,,,,2016.0,2023.0,control_weighted_pseudocohort,5.0,1,0,1,1,1,0,0,0,1.0,1.0,11.0,3.0,9.0,273.0,155.89585655890005,19044.75,148131.56,0.4469732796794349,3.481055116598279,3.46653,,3.0,,,,45.600,2.0,18.0,,1.0,82974.0,0.0,1.0,N,,,,,For profit - Corporation,160.0,153.9,"MARLBORO LEASING CO., LLC",,,FORESTVILLE HEALTH & REHABILITATION CENTER,,,,,2018-12-01,1,1,0,0,1,1,0,0
gold_main_v2,control,control_v2,215020,FORESTVILLE HEALTHCARE CENTER,MD,2019,0,,,,,,,,,,,73.60790322580647,4.0,12.466073732718897,4.0,0,,,,,,,2016.0,2023.0,control_weighted_pseudocohort,5.0,1,0,1,1,1,0,0,0,1.0,1.0,11.0,3.0,9.0,365.0,155.61008653182566,29005.15,198077.9,0.5111424353502437,3.4892015598413586,3.56798,,2.0,,,,58.667,0.0,18.0,,0.0,0.0,0.0,0.0,N,,,,,For profit - Corporation,160.0,154.9,"MARLBORO LEASING CO., LLC",,,FORESTVILLE HEALTHCARE CENTER,,,,,2019-11-01,1,1,0,0,1,1,0,0
gold_main_v2,control,control_v2,215020,FORESTVILLE HEALTHCARE CENTER,MD,2020,0,,,,,,,,,,,73.60790322580647,4.0,12.466073732718897,4.0,0,,,,,,,2016.0,2023.0,control_weighted_pseudocohort,5.0,1,0,1,1,1,0,0,0,1.0,1.0,11.0,3.0,9.0,366.0,149.23503941710464,23876.67,183822.81,0.4371763435182231,3.366358904995798,3.30583,2.0,2.0,3.0,4.0,5.0,64.000,0.0,14.0,,0.0,0.0,0.0,0.0,N,,,,,For profit - Corporation,162.0,148.8,"MARLBORO LEASING CO., LLC",,,FORESTVILLE HEALTHCARE CENTER,,,,,2020-11-01,1,1,1,0,1,1,1,0
gold_main_v2,control,control_v2,215020,FORESTVILLE HEALTHCARE CENTER,MD,2021,0,,,,,,,,,,,73.60790322580647,4.0,12.466073732718897,4.0,0,,,,,,,2016.0,2023.0,control_weighted_pseudocohort,5.0,1,0,1,1,1,0,0,0,1.0,1.0,11.0,3.0,9.0,365.0,140.80641689228645,18522.91,163293.84,0.3610050272133436,3.182558522600689,3.18579,2.0,2.0,2.0,3.0,5.0,102.000,0.0,14.0,9.0,0.0,0.0,0.0,0.0,N,,,,,For profit - Corporation,162.0,141.5,"MARLBORO LEASING CO., LLC",,,FORESTVILLE HEALTHCARE CENTER,,,,,2021-11-01,1,1,1,0,1,1,1,0
gold_main_v2,control,control_v2,215020,FORESTVILLE HEALTHCARE CENTER,MD,2022,0,,,,,,,,,,,73.60790322580647,4.0,12.466073732718897,4.0,0,False,False,False,False,False,False,2016.0,2023.0,control_weighted_pseudocohort,5.0,1,0,1,1,1,1,0,1,1.0,1.0,11.0,3.0,9.0,365.0,139.60337633381113,16881.0,154447.25,0.3349568690471238,3.037167031930543,3.13438,2.0,,2.0,2.0,4.0,80.667,0.0,14.0,9.0,1.0,5000.0,0.0,1.0,N,,,,,For profit - Corporation,162.0,134.2,"MARLBORO LEASING CO., LLC",,,FORESTVILLE HEALTHCARE CENTER,,,,,2022-11-01,1,1,1,0,1,1,1,0
gold_main_v2,control,control_v2,215020,FORESTVILLE HEALTHCARE CENTER,MD,2023,0,,,,,,,,,,,73.60790322580647,4.0,12.466073732718897,4.0,0,False,False,False,False,False,False,2016.0,2023.0,control_weighted_pseudocohort,5.0,1,1,1,1,1,1,0,1,1.0,1.0,11.0,3.0,9.0,365.0,153.90647329723416,17181.5,162453.62,0.3053754714705595,2.8933890775038345,3.00616,2.0,,3.0,3.0,4.0,58.000,0.0,13.0,9.0,1.0,5000.0,0.0,1.0,N,156.0,109.0,21.0,0.6987179487179487,For profit - Corporation,162.0,151.6,"MARLBORO LEASING CO., LLC",COMMUNICARE HEALTH,153.0,FORESTVILLE HEALTHCARE CENTER,MD,,,,2023-11-01,1,1,1,1,1,1,1,1
gold_main_v2,control,control_v2,215020,FORESTVILLE HEALTHCARE CENTER,MD,2024,0,,,,,,,,,,,73.60790322580647,4.0,12.466073732718897,4.0,0,False,False,False,False,False,False,2016.0,2023.0,control_weighted_pseudocohort,5.0,1,1,1,1,1,1,0,1,1.0,1.0,11.0,3.0,9.0,366.0,156.05793119923555,20539.75,175871.83000000002,0.3593029419713558,3.0799134075498458,3.05431,3.0,,2.0,2.0,4.0,107.000,0.0,0.0,,1.0,16038.75,0.0,1.0,N,156.0,117.25,11.25,0.7516025641025641,For profit - Corporation,162.0,157.4,"MARLBORO LEASING CO., LLC",COMMUNICARE HEALTH,153.0,FORESTVILLE HEALTHCARE CENTER,MD,,,,2024-11-01,1,1,1,1,1,1,1,1
gold_main_v2,control,control_v2,215020,FORESTVILLE HEALTHCARE CENTER,MD,2025,0,,,,,,,,,,,73.60790322580647,4.0,12.466073732718897,4.0,0,False,True,False,False,False,True,2016.0,2023.0,control_weighted_pseudocohort,5.0,1,1,1,1,1,1,0,1,1.0,1.0,11.0,3.0,9.0,273.0,152.68641945815858,15895.0,138256.25,0.3817550286126577,3.3182965080691864,3.33129,2.0,,2.0,3.0,5.0,141.500,13.0,119.0,,1.0,16039.0,0.0,1.0,N,156.0,120.0,8.0,0.7692307692307693,For profit - Corporation,162.0,151.3,"MARLBORO LEASING CO., LLC",COMMUNICARE HEALTH,153.0,FORESTVILLE HEALTHCARE CENTER,MD,,,,2025-11-01,1,1,1,1,1,1,1,1
gold_main_v2,control,control_v2,215020,FORESTVILLE HEALTHCARE CENTER,MD,2026,0,,,,,,,,,,,73.60790322580647,4.0,12.466073732718897,4.0,0,False,True,False,False,False,True,2016.0,2023.0,control_weighted_pseudocohort,5.0,1,0,0,1,1,1,0,1,1.0,1.0,11.0,3.0,9.0,,,,,,,3.33471,2.0,,2.0,3.0,5.0,173.000,,,,1.0,16039.0,0.0,1.0,N,,,,,For profit - Corporation,162.0,152.7,"MARLBORO LEASING CO., LLC",COMMUNICARE HEALTH,153.0,FORESTVILLE HEALTHCARE CENTER,MD,,,,2026-03-01,0,1,1,0,0,1,1,0
gold_main_v2,control,control_v2,215043,KENSINGTON NURSING & REHABILITATION CENTER,MD,2016,0,,,,,,,,,,,92.20705990783412,4.0,4.060225806451612,4.0,0,,,,,,,2016.0,2023.0,control_weighted_pseudocohort,5.0,1,0,0,1,1,0,0,0,1.0,1.0,11.0,3.0,9.0,,,,,,,3.77024,3.0,2.0,2.0,2.0,2.0,76.667,9.0,15.0,,0.0,0.0,0.0,0.0,N,,,,,For profit - Corporation,140.0,121.0,"KENSINGTON NURSING, LLC",,,KENSINGTON NURSING & REHABILITATION CENTER,,,,,,0,1,1,0,0,1,1,0
gold_main_v2,control,control_v2,215043,KENSINGTON HEALTHCARE  CENTER,MD,2017,0,,,,,,,,,,,92.20705990783412,4.0,4.060225806451612,4.0,0,,,,,,,2016.0,2023.0,control_weighted_pseudocohort,5.0,1,0,1,1,1,0,0,0,1.0,1.0,11.0,3.0,9.0,365.0,132.8626639061422,23112.25,164859.98,0.4769622410702873,3.40120612173349,3.23333,3.0,3.0,1.0,1.0,4.0,136.000,7.0,11.0,,0.0,0.0,0.0,0.0,N,,,,,For profit - Individual,140.0,135.0,"KENSINGTON NURSING, LLC",,,KENSINGTON HEALTHCARE  CENTER,,,,,2017-12-01,1,1,1,0,1,1,1,0
gold_main_v2,control,control_v2,215043,KENSINGTON HEALTHCARE  CENTER,MD,2018,0,,,,,,,,,,,92.20705990783412,4.0,4.060225806451612,4.0,0,,,,,,,2016.0,2023.0,control_weighted_pseudocohort,5.0,1,0,1,1,1,0,0,0,1.0,1.0,11.0,3.0,9.0,365.0,131.4849000637044,21591.5,159442.75,0.4501019691683007,3.3230514460270024,3.3595,,3.0,,,,148.000,10.0,8.0,,1.0,189547.0,0.0,1.0,N,,,,,For profit - Corporation,140.0,131.1,"KENSINGTON NURSING, LLC",,,KENSINGTON HEALTHCARE  CENTER,,,,,2018-12-01,1,1,0,0,1,1,0,0
gold_main_v2,control,control_v2,215043,KENSINGTON HEALTHCARE  CENTER,MD,2019,0,,,,,,,,,,,92.20705990783412,4.0,4.060225806451612,4.0,0,,,,,,,2016.0,2023.0,control_weighted_pseudocohort,5.0,1,0,1,1,1,0,0,0,1.0,1.0,11.0,3.0,9.0,365.0,130.58172147900407,23896.75,161108.75,0.5014747178606493,3.380590312967045,3.37607,,3.0,,,,79.333,8.0,4.0,,1.0,189547.0,0.0,1.0,N,,,,,For profit - Corporation,140.0,132.4,"KENSINGTON NURSING, LLC",,,KENSINGTON HEALTHCARE  CENTER,,,,,2019-11-01,1,1,0,0,1,1,0,0
gold_main_v2,control,control_v2,215043,KENSINGTON HEALTHCARE  CENTER,MD,2020,0,,,,,,,,,,,92.20705990783412,4.0,4.060225806451612,4.0,0,,,,,,,2016.0,2023.0,control_weighted_pseudocohort,5.0,1,0,1,1,1,0,0,0,1.0,1.0,11.0,3.0,9.0,366.0,127.17430124223604,24814.55,148242.82,0.5338365630727697,3.1801006573096124,3.13881,3.0,3.0,3.0,4.0,5.0,72.000,9.0,6.0,,0.0,0.0,0.0,0.0,N,,,,,For profit - Corporation,140.0,125.1,"KENSINGTON NURSING, LLC",,,KENSINGTON HEALTHCARE  CENTER,,,,,2020-11-01,1,1,1,0,1,1,1,0
gold_main_v2,control,control_v2,215043,KENSINGTON HEALTHCARE  CENTER,MD,2021,0,,,,,,,,,,,92.20705990783412,4.0,4.060225806451612,4.0,0,,,,,,,2016.0,2023.0,control_weighted_pseudocohort,5.0,1,0,1,1,1,0,0,0,1.0,1.0,11.0,3.0,9.0,365.0,128.30486608801826,23791.67,136223.1,0.509439865031196,2.915819950805929,3.11036,3.0,3.0,2.0,2.0,4.0,63.333,6.0,4.0,4.0,3.0,156529.75,0.0,3.0,N,,,,,For profit - Corporation,140.0,125.8,"KENSINGTON NURSING, LLC",,,KENSINGTON HEALTHCARE  CENTER,,,,,2021-11-01,1,1,1,0,1,1,1,0
gold_main_v2,control,control_v2,215043,KENSINGTON HEALTHCARE  CENTER,MD,2022,0,,,,,,,,,,,92.20705990783412,4.0,4.060225806451612,4.0,0,False,False,False,False,False,False,2016.0,2023.0,control_weighted_pseudocohort,5.0,1,0,1,1,1,1,0,1,1.0,1.0,11.0,3.0,9.0,365.0,129.6785687742209,24700.8,130576.8,0.5225084966747112,2.7607058385763508,2.83631,2.0,,2.0,2.0,4.0,51.000,4.0,2.0,4.0,3.0,156529.75,0.0,3.0,N,,,,,For profit - Corporation,140.0,129.8,"KENSINGTON NURSING, LLC",,,KENSINGTON HEALTHCARE  CENTER,,,,,2022-11-01,1,1,1,0,1,1,1,0
gold_main_v2,control,control_v2,215043,KENSINGTON HEALTHCARE  CENTER,MD,2023,0,,,,,,,,,,,92.20705990783412,4.0,4.060225806451612,4.0,0,False,False,False,False,False,False,2016.0,2023.0,control_weighted_pseudocohort,5.0,1,1,1,1,1,1,0,1,1.0,1.0,11.0,3.0,9.0,365.0,132.621826060413,21221.21,136677.01,0.4380658806532523,2.823264507151775,2.85672,2.0,,2.0,2.0,3.0,39.333,2.0,0.0,0.0,1.0,8037.25,0.0,1.0,N,121.0,111.0,5.0,0.9173553719008264,For profit - Corporation,140.0,133.1,"KENSINGTON NURSING, LLC",COMMUNICARE HEALTH,153.0,KENSINGTON HEALTHCARE  CENTER,MD,,,,2023-11-01,1,1,1,1,1,1,1,1
gold_main_v2,control,control_v2,215043,KENSINGTON HEALTHCARE  CENTER,MD,2024,0,,,,,,,,,,,92.20705990783412,4.0,4.060225806451612,4.0,0,False,False,False,False,False,False,2016.0,2023.0,control_weighted_pseudocohort,5.0,1,1,1,1,1,1,0,1,1.0,1.0,11.0,3.0,9.0,366.0,134.30990205446727,24503.5,154961.9,0.4985447713355029,3.1509993612636693,3.25481,3.0,,2.0,2.0,4.0,39.333,0.0,0.0,,0.0,0.0,0.0,0.0,N,121.0,111.0,5.0,0.9173553719008264,For profit - Corporation,140.0,136.4,"KENSINGTON NURSING, LLC",COMMUNICARE HEALTH,153.0,KENSINGTON HEALTHCARE  CENTER,MD,,,,2024-11-01,1,1,1,1,1,1,1,1
gold_main_v2,control,control_v2,215043,KENSINGTON HEALTHCARE  CENTER,MD,2025,0,,,,,,,,,,,92.20705990783412,4.0,4.060225806451612,4.0,0,False,True,False,False,False,True,2016.0,2023.0,control_weighted_pseudocohort,5.0,1,1,1,1,1,1,0,1,1.0,1.0,11.0,3.0,9.0,273.0,134.11693033214772,20726.75,123464.25,0.566605973479271,3.373481888299343,3.30279,3.0,,3.0,3.0,4.0,104.000,29.0,125.0,,1.0,51545.0,0.0,1.0,N,131.0,116.33333333333331,3.0,0.8891184573002754,For profit - Corporation,140.0,135.5,"KENSINGTON NURSING, LLC",COMMUNICARE HEALTH,153.0,KENSINGTON HEALTHCARE  CENTER,MD,,,,2025-11-01,1,1,1,1,1,1,1,1
gold_main_v2,control,control_v2,215043,KENSINGTON HEALTHCARE  CENTER,MD,2026,0,,,,,,,,,,,92.20705990783412,4.0,4.060225806451612,4.0,0,False,True,False,False,False,True,2016.0,2023.0,control_weighted_pseudocohort,5.0,1,0,0,1,1,1,0,1,1.0,1.0,11.0,3.0,9.0,,,,,,,3.50395,4.0,,3.0,3.0,4.0,102.000,,,,2.0,78815.0,0.0,2.0,N,,,,,For profit - Corporation,140.0,131.5,"KENSINGTON NURSING, LLC",COMMUNICARE HEALTH,153.0,KENSINGTON HEALTHCARE  CENTER,MD,,,,2026-03-01,0,1,1,0,0,1,1,0
gold_main_v2,control,control_v2,215160,ELLICOTT CITY HEALTH & REHABILITATION CENTER,MD,2016,0,,,,,,,,,,,72.85437788018433,4.0,17.430672811059907,4.0,1,,,,,,,2016.0,2023.0,control_weighted_pseudocohort,5.0,1,0,0,1,1,0,0,0,1.0,1.0,11.0,3.0,9.0,,,,,,,3.57533,3.0,3.0,1.0,1.0,4.0,95.333,4.0,23.0,,0.0,0.0,0.0,0.0,N,,,,,For profit - Individual,155.0,154.0,"RIDGE (MD) LEASING CO., LLC",,,ELLICOTT CITY HEALTH & REHABILITATION CENTER,,,,,,0,1,1,0,0,1,1,0
gold_main_v2,control,control_v2,215160,ELLICOTT CITY HEALTH & REHABILITATION CENTER,MD,2017,0,,,,,,,,,,,72.85437788018433,4.0,17.430672811059907,4.0,1,,,,,,,2016.0,2023.0,control_weighted_pseudocohort,5.0,1,0,1,1,1,0,0,0,1.0,1.0,11.0,3.0,9.0,365.0,176.47074109465416,42059.0,227620.0,0.6529927809976306,3.5344942473546137,3.67514,3.0,3.0,1.0,2.0,5.0,123.833,13.0,25.0,,0.0,0.0,0.0,0.0,N,,,,,For profit - Corporation,182.0,169.0,"RIDGE (MD) LEASING CO., LLC",,,ELLICOTT CITY HEALTH & REHABILITATION CENTER,,,,,2017-12-01,1,1,1,0,1,1,1,0
gold_main_v2,control,control_v2,215160,ELLICOTT CITY HEALTH & REHABILITATION CENTER,MD,2018,0,,,,,,,,,,,72.85437788018433,4.0,17.430672811059907,4.0,1,,,,,,,2016.0,2023.0,control_weighted_pseudocohort,5.0,1,0,1,1,1,0,0,0,1.0,1.0,11.0,3.0,9.0,365.0,172.66994213515952,37231.0,219567.5,0.5910326084538009,3.484854536939193,3.44748,,3.0,,,,138.200,17.0,20.0,,1.0,839707.0,0.0,1.0,N,,,,,For profit - Corporation,182.0,173.5,"RIDGE (MD) LEASING CO., LLC",,,ELLICOTT CITY HEALTH & REHABILITATION CENTER,,,,,2018-12-01,1,1,0,0,1,1,0,0
gold_main_v2,control,control_v2,215160,ELLICOTT CITY HEALTHCARE CENTER,MD,2019,0,,,,,,,,,,,72.85437788018433,4.0,17.430672811059907,4.0,1,,,,,,,2016.0,2023.0,control_weighted_pseudocohort,5.0,1,0,1,1,1,0,0,0,1.0,1.0,11.0,3.0,9.0,365.0,167.75929022668154,37645.7,207917.22,0.6150549959060165,3.39701059071495,3.3561,,3.0,,,,113.667,11.0,21.0,,1.0,884712.0,0.0,1.0,N,,,,,For profit - Corporation,182.0,173.3,"RIDGE (MD) LEASING CO., LLC",,,ELLICOTT CITY HEALTHCARE CENTER,,,,,2019-11-01,1,1,0,0,1,1,0,0
gold_main_v2,control,control_v2,215160,ELLICOTT CITY HEALTHCARE CENTER,MD,2020,0,,,,,,,,,,,72.85437788018433,4.0,17.430672811059907,4.0,1,,,,,,,2016.0,2023.0,control_weighted_pseudocohort,5.0,1,0,1,1,1,0,0,0,1.0,1.0,11.0,3.0,9.0,366.0,144.56865145723842,34036.35,186190.55,0.6476618699917138,3.533813996281837,3.80717,3.0,3.0,1.0,2.0,5.0,169.667,9.0,18.0,,0.0,0.0,0.0,0.0,N,,,,,For profit - Corporation,182.0,131.1,"RIDGE (MD) LEASING CO., LLC",,,ELLICOTT CITY HEALTHCARE CENTER,,,,,2020-11-01,1,1,1,0,1,1,1,0
gold_main_v2,control,control_v2,215160,ELLICOTT CITY HEALTHCARE CENTER,MD,2021,0,,,,,,,,,,,72.85437788018433,4.0,17.430672811059907,4.0,1,,,,,,,2016.0,2023.0,control_weighted_pseudocohort,5.0,1,0,1,1,1,0,0,0,1.0,1.0,11.0,3.0,9.0,365.0,147.91988772097469,26159.62,173978.94,0.4860575628892875,3.2293842889517235,3.25712,2.0,2.0,1.0,2.0,5.0,179.000,4.0,27.0,11.0,2.0,29324.95,0.0,2.0,N,,,,,For profit - Corporation,182.0,142.3,"RIDGE (MD) LEASING CO., LLC",,,ELLICOTT CITY HEALTHCARE CENTER,,,,,2021-11-01,1,1,1,0,1,1,1,0
gold_main_v2,control,control_v2,215160,ELLICOTT CITY HEALTHCARE CENTER,MD,2022,0,,,,,,,,,,,72.85437788018433,4.0,17.430672811059907,4.0,1,False,False,False,False,False,False,2016.0,2023.0,control_weighted_pseudocohort,5.0,1,0,1,1,1,1,0,1,1.0,1.0,11.0,3.0,9.0,365.0,149.6727696820088,23977.28,166749.66,0.4390302751598592,3.0516365799513756,2.98786,1.0,,1.0,1.0,3.0,157.667,0.0,16.0,11.0,1.0,5000.0,0.0,1.0,N,,,,,For profit - Corporation,182.0,146.9,"RIDGE (MD) LEASING CO., LLC",,,ELLICOTT CITY HEALTHCARE CENTER,,,,,2022-11-01,1,1,1,0,1,1,1,0
gold_main_v2,control,control_v2,215160,ELLICOTT CITY HEALTHCARE CENTER,MD,2023,0,,,,,,,,,,,72.85437788018433,4.0,17.430672811059907,4.0,1,False,False,False,False,False,False,2016.0,2023.0,control_weighted_pseudocohort,5.0,1,1,1,1,1,1,0,1,1.0,1.0,11.0,3.0,9.0,365.0,150.23929434092477,26833.75,183794.33,0.4888403976082526,3.351370774734668,3.40446,2.0,,1.0,1.0,,235.667,3.0,14.0,11.0,2.0,115610.5,1.0,3.0,N,153.0,113.0,17.0,0.738562091503268,For profit - Corporation,182.0,148.6,"RIDGE (MD) LEASING CO., LLC",COMMUNICARE HEALTH,153.0,ELLICOTT CITY HEALTHCARE CENTER,MD,,,,2023-11-01,1,1,1,1,1,1,1,1
gold_main_v2,control,control_v2,215160,ELLICOTT CITY HEALTHCARE CENTER,MD,2024,0,,,,,,,,,,,72.85437788018433,4.0,17.430672811059907,4.0,1,False,False,False,False,False,False,2016.0,2023.0,control_weighted_pseudocohort,5.0,1,1,1,1,1,1,0,1,1.0,1.0,11.0,3.0,9.0,366.0,167.42349498327758,32505.45,210285.45,0.5299752085121572,3.434521268998433,3.36239,3.0,,1.0,1.0,1.0,226.333,3.0,1.0,,1.0,110610.5,1.0,2.0,N,155.0,118.25,14.5,0.7619961027889417,For profit - Corporation,182.0,167.0,"RIDGE (MD) LEASING CO., LLC",COMMUNICARE HEALTH,153.0,ELLICOTT CITY HEALTHCARE CENTER,MD,,,,2024-11-01,1,1,1,1,1,1,1,1
gold_main_v2,control,control_v2,215160,ELLICOTT CITY HEALTHCARE CENTER,MD,2025,0,,,,,,,,,,,72.85437788018433,4.0,17.430672811059907,4.0,1,False,True,False,False,False,True,2016.0,2023.0,control_weighted_pseudocohort,5.0,1,1,1,1,1,1,0,1,1.0,1.0,11.0,3.0,9.0,273.0,155.18486754791104,26051.3,145171.43,0.6193331260559979,3.435887095625296,3.49441,3.0,,1.0,1.0,4.0,229.500,81.0,458.0,,0.0,0.0,0.0,0.0,N,161.0,134.0,7.0,0.8322981366459627,For profit - Corporation,182.0,157.9,"RIDGE (MD) LEASING CO., LLC",COMMUNICARE HEALTH,153.0,ELLICOTT CITY HEALTHCARE CENTER,MD,,,,2025-11-01,1,1,1,1,1,1,1,1
gold_main_v2,control,control_v2,215160,ELLICOTT CITY HEALTHCARE CENTER,MD,2026,0,,,,,,,,,,,72.85437788018433,4.0,17.430672811059907,4.0,1,False,True,False,False,False,True,2016.0,2023.0,control_weighted_pseudocohort,5.0,1,0,0,1,1,1,0,1,1.0,1.0,11.0,3.0,9.0,,,,,,,3.43684,3.0,,1.0,2.0,5.0,225.000,,,,0.0,0.0,0.0,0.0,N,,,,,For profit - Corporation,182.0,138.1,"RIDGE (MD) LEASING CO., LLC",COMMUNICARE HEALTH,153.0,ELLICOTT CITY HEALTHCARE CENTER,MD,,,,2026-03-01,0,1,1,0,0,1,1,0
gold_main_v2,control,control_v2,215204,HOLLY HILL NURSING AND REHABILITATION CENTER,MD,2016,0,,,,,,,,,,,70.61663364055299,4.0,18.861071428571428,4.0,1,,,,,,,2016.0,2023.0,control_weighted_pseudocohort,5.0,1,0,0,1,1,0,0,0,1.0,1.0,11.0,3.0,9.0,,,,,,,4.12109,4.0,4.0,1.0,2.0,5.0,91.333,6.0,9.0,,0.0,0.0,0.0,0.0,N,,,,,For profit - Corporation,75.0,64.0,"HOLLY HILL NURSING, LLC",,,HOLLY HILL NURSING AND REHABILITATION CENTER,,,,,,0,1,1,0,0,1,1,0
gold_main_v2,control,control_v2,215204,HOLLY HILL NURSING AND REHABILITATION CENTER,MD,2017,0,,,,,,,,,,,70.61663364055299,4.0,18.861071428571428,4.0,1,,,,,,,2016.0,2023.0,control_weighted_pseudocohort,5.0,1,0,1,1,1,0,0,0,1.0,1.0,11.0,3.0,9.0,365.0,70.85648723257418,17264.5,103129.03,0.6686629022029309,3.9897636505733223,4.03308,3.0,2.0,2.0,2.0,3.0,89.333,9.0,25.0,,0.0,0.0,0.0,0.0,N,,,,,For profit - Corporation,75.0,68.0,"HOLLY HILL NURSING, LLC",,,HOLLY HILL NURSING AND REHABILITATION CENTER,,,,,2017-12-01,1,1,1,0,1,1,1,0
gold_main_v2,control,control_v2,215204,HOLLY HILL NURSING AND REHABILITATION CENTER,MD,2018,0,,,,,,,,,,,70.61663364055299,4.0,18.861071428571428,4.0,1,,,,,,,2016.0,2023.0,control_weighted_pseudocohort,5.0,1,0,1,1,1,0,0,0,1.0,1.0,11.0,3.0,9.0,365.0,69.51035661198705,23810.5,101873.0,0.9415039756603132,4.021675990850439,3.88979,,4.0,,,,88.000,8.0,23.0,,0.0,0.0,0.0,0.0,N,,,,,For profit - Corporation,75.0,72.0,"HOLLY HILL NURSING, LLC",,,HOLLY HILL NURSING AND REHABILITATION CENTER,,,,,2018-12-01,1,1,0,0,1,1,0,0
gold_main_v2,control,control_v2,215204,HOLLY HILL HEALTHCARE CENTER,MD,2019,0,,,,,,,,,,,70.61663364055299,4.0,18.861071428571428,4.0,1,,,,,,,2016.0,2023.0,control_weighted_pseudocohort,5.0,1,0,1,1,1,0,0,0,1.0,1.0,11.0,3.0,9.0,365.0,69.92535767372723,24978.45,100325.7,0.9794837457040596,3.933847710040428,3.95139,,4.0,,,,102.000,8.0,6.0,,0.0,0.0,0.0,0.0,N,,,,,For profit - Corporation,75.0,68.2,"HOLLY HILL NURSING, LLC",,,HOLLY HILL HEALTHCARE CENTER,,,,,2019-11-01,1,1,0,0,1,1,0,0
gold_main_v2,control,control_v2,215204,HOLLY HILL HEALTHCARE CENTER,MD,2020,0,,,,,,,,,,,70.61663364055299,4.0,18.861071428571428,4.0,1,,,,,,,2016.0,2023.0,control_weighted_pseudocohort,5.0,1,0,1,1,1,0,0,0,1.0,1.0,11.0,3.0,9.0,366.0,64.96706282847586,22625.97,100279.7,0.9528040387025444,4.229579724361173,4.32949,4.0,4.0,2.0,3.0,4.0,106.667,4.0,14.0,,0.0,0.0,0.0,0.0,N,,,,,For profit - Corporation,75.0,63.9,"HOLLY HILL NURSING, LLC",,,HOLLY HILL HEALTHCARE CENTER,,,,,2020-11-01,1,1,1,0,1,1,1,0
gold_main_v2,control,control_v2,215204,HOLLY HILL HEALTHCARE CENTER,MD,2021,0,,,,,,,,,,,70.61663364055299,4.0,18.861071428571428,4.0,1,,,,,,,2016.0,2023.0,control_weighted_pseudocohort,5.0,1,0,1,1,1,0,0,0,1.0,1.0,11.0,3.0,9.0,365.0,65.06971319743059,13802.1,90842.92,0.5851080221829986,3.850512059534633,3.68873,3.0,3.0,1.0,1.0,3.0,150.000,2.0,19.0,1.0,2.0,23320.0,0.0,2.0,N,,,,,For profit - Corporation,75.0,65.1,"HOLLY HILL NURSING, LLC",,,HOLLY HILL HEALTHCARE CENTER,,,,,2021-11-01,1,1,1,0,1,1,1,0
gold_main_v2,control,control_v2,215204,HOLLY HILL HEALTHCARE CENTER,MD,2022,0,,,,,,,,,,,70.61663364055299,4.0,18.861071428571428,4.0,1,False,False,False,False,False,False,2016.0,2023.0,control_weighted_pseudocohort,5.0,1,0,1,1,1,1,0,1,1.0,1.0,11.0,3.0,9.0,365.0,66.86983065243935,17167.75,86466.25,0.7040322977693938,3.552102366332992,3.71255,2.0,,1.0,1.0,3.0,138.667,2.0,9.0,1.0,2.0,16908.0,0.0,2.0,N,,,,,For profit - Corporation,75.0,62.2,"HOLLY HILL NURSING, LLC",,,HOLLY HILL HEALTHCARE CENTER,,,,,2022-11-01,1,1,1,0,1,1,1,0
gold_main_v2,control,control_v2,215204,HOLLY HILL HEALTHCARE CENTER,MD,2023,0,,,,,,,,,,,70.61663364055299,4.0,18.861071428571428,4.0,1,False,False,False,False,False,False,2016.0,2023.0,control_weighted_pseudocohort,5.0,1,1,1,1,1,1,0,1,1.0,1.0,11.0,3.0,9.0,365.0,70.42766563146998,18331.5,86604.75,0.7135256934557935,3.3695339269014104,3.36665,2.0,,2.0,3.0,5.0,105.333,2.0,1.0,,1.0,11908.0,0.0,1.0,N,71.0,59.0,7.0,0.8309859154929577,For profit - Corporation,75.0,71.7,"HOLLY HILL NURSING, LLC",COMMUNICARE HEALTH,153.0,HOLLY HILL HEALTHCARE CENTER,MD,,,,2023-11-01,1,1,1,1,1,1,1,1
gold_main_v2,control,control_v2,215204,HOLLY HILL HEALTHCARE CENTER,MD,2024,0,,,,,,,,,,,70.61663364055299,4.0,18.861071428571428,4.0,1,False,False,False,False,False,False,2016.0,2023.0,control_weighted_pseudocohort,5.0,1,1,1,1,1,1,0,1,1.0,1.0,11.0,3.0,9.0,366.0,69.86556378404205,22944.5,88984.0,0.8976607979031099,3.4815768705017325,3.42614,3.0,,1.0,1.0,3.0,174.000,1.0,6.0,,0.0,0.0,0.0,0.0,N,70.25,17.75,46.75,0.2506036217303823,For profit - Corporation,75.0,69.9,"HOLLY HILL NURSING, LLC",COMMUNICARE HEALTH,153.0,HOLLY HILL HEALTHCARE CENTER,MD,,,,2024-11-01,1,1,1,1,1,1,1,1
gold_main_v2,control,control_v2,215204,HOLLY HILL HEALTHCARE CENTER,MD,2025,0,,,,,,,,,,,70.61663364055299,4.0,18.861071428571428,4.0,1,False,True,False,False,False,True,2016.0,2023.0,control_weighted_pseudocohort,5.0,1,1,1,1,1,1,0,1,1.0,1.0,11.0,3.0,9.0,273.0,70.52543752543752,15921.97,68025.22,0.8276573543807432,3.533704807843781,3.51573,2.0,,1.0,2.0,5.0,196.000,66.0,164.0,,0.0,0.0,0.0,0.0,N,70.0,4.0,60.0,0.0571428571428571,For profit - Corporation,75.0,72.1,"HOLLY HILL NURSING, LLC",COMMUNICARE HEALTH,153.0,HOLLY HILL HEALTHCARE CENTER,MD,,,,2025-11-01,1,1,1,1,1,1,1,1
gold_main_v2,control,control_v2,215204,HOLLY HILL HEALTHCARE CENTER,MD,2026,0,,,,,,,,,,,70.61663364055299,4.0,18.861071428571428,4.0,1,False,True,False,False,False,True,2016.0,2023.0,control_weighted_pseudocohort,5.0,1,0,0,1,1,1,0,1,1.0,1.0,11.0,3.0,9.0,,,,,,,3.50976,3.0,,1.0,2.0,5.0,196.000,,,,0.0,0.0,0.0,0.0,N,,,,,For profit - Corporation,75.0,69.0,"HOLLY HILL NURSING, LLC",COMMUNICARE HEALTH,153.0,HOLLY HILL HEALTHCARE CENTER,MD,,,,2026-03-01,0,1,1,0,0,1,1,0
gold_main_v2,control,control_v2,215231,CLINTON NURSING & REHABILITATION CENTER,MD,2016,0,,,,,,,,,,,82.61151152073731,4.0,10.73358064516129,4.0,0,,,,,,,2016.0,2023.0,control_weighted_pseudocohort,5.0,1,0,0,1,1,0,0,0,1.0,1.0,11.0,3.0,9.0,,,,,,,3.38935,2.0,2.0,1.0,2.0,5.0,90.000,4.0,21.0,,0.0,0.0,0.0,0.0,N,,,,,For profit - Corporation,267.0,258.0,"CLINTON NURSING, LLC",,,CLINTON NURSING & REHABILITATION CENTER,,,,,,0,1,1,0,0,1,1,0
gold_main_v2,control,control_v2,215231,CLINTON HEALTHCARE  CENTER,MD,2017,0,,,,,,,,,,,82.61151152073731,4.0,10.73358064516129,4.0,0,,,,,,,2016.0,2023.0,control_weighted_pseudocohort,5.0,1,0,1,1,1,0,0,0,1.0,1.0,11.0,3.0,9.0,365.0,258.9727822901736,50329.0,318531.75,0.5325464034213384,3.3694109312568163,3.17824,1.0,2.0,1.0,1.0,4.0,161.000,15.0,69.0,,1.0,350500.0,0.0,1.0,N,,,,,For profit - Corporation,267.0,255.0,"CLINTON NURSING, LLC",,,CLINTON HEALTHCARE  CENTER,,,,,2017-12-01,1,1,1,0,1,1,1,0
gold_main_v2,control,control_v2,215231,CLINTON HEALTHCARE  CENTER,MD,2018,0,,,,,,,,,,,82.61151152073731,4.0,10.73358064516129,4.0,0,,,,,,,2016.0,2023.0,control_weighted_pseudocohort,5.0,1,0,1,1,1,0,0,0,1.0,1.0,11.0,3.0,9.0,365.0,261.34187768752986,58469.89,318753.17000000004,0.6127187444184368,3.3417320874716,3.42559,,3.0,,,,192.400,11.0,66.0,,1.0,350500.0,0.0,1.0,N,,,,,For profit - Corporation,267.0,261.0,"CLINTON NURSING, LLC",,,CLINTON HEALTHCARE  CENTER,,,,,2018-12-01,1,1,0,0,1,1,0,0
gold_main_v2,control,control_v2,215231,CLINTON HEALTHCARE  CENTER,MD,2019,0,,,,,,,,,,,82.61151152073731,4.0,10.73358064516129,4.0,0,,,,,,,2016.0,2023.0,control_weighted_pseudocohort,5.0,1,0,1,1,1,0,0,0,1.0,1.0,11.0,3.0,9.0,365.0,257.0132352550831,56412.25,294299.25,0.6008710461836888,3.137741175117662,3.09193,,3.0,,,,90.667,2.0,43.0,,0.0,0.0,0.0,0.0,N,,,,,For profit - Corporation,267.0,262.6,"CLINTON NURSING, LLC",,,CLINTON HEALTHCARE  CENTER,,,,,2019-11-01,1,1,0,0,1,1,0,0
gold_main_v2,control,control_v2,215231,CLINTON HEALTHCARE  CENTER,MD,2020,0,,,,,,,,,,,82.61151152073731,4.0,10.73358064516129,4.0,0,,,,,,,2016.0,2023.0,control_weighted_pseudocohort,5.0,1,0,1,1,1,0,0,0,1.0,1.0,11.0,3.0,9.0,366.0,234.48312828475872,57675.26,267371.97,0.6755506961553279,3.1123508245102944,3.01763,3.0,3.0,2.0,3.0,5.0,83.333,1.0,20.0,,0.0,0.0,0.0,0.0,N,,,,,For profit - Corporation,267.0,236.5,"CLINTON NURSING, LLC",,,CLINTON HEALTHCARE  CENTER,,,,,2020-11-01,1,1,1,0,1,1,1,0
gold_main_v2,control,control_v2,215231,CLINTON HEALTHCARE  CENTER,MD,2021,0,,,,,,,,,,,82.61151152073731,4.0,10.73358064516129,4.0,0,,,,,,,2016.0,2023.0,control_weighted_pseudocohort,5.0,1,0,1,1,1,0,0,0,1.0,1.0,11.0,3.0,9.0,365.0,230.40450841429103,46669.21,242358.43,0.5564946904760932,2.884593170145036,2.94366,3.0,3.0,3.0,4.0,5.0,71.333,5.0,23.0,0.0,2.0,8349.25,0.0,2.0,N,,,,,For profit - Corporation,267.0,229.7,"CLINTON NURSING, LLC",,,CLINTON HEALTHCARE  CENTER,,,,,2021-11-01,1,1,1,0,1,1,1,0
gold_main_v2,control,control_v2,215231,CLINTON HEALTHCARE  CENTER,MD,2022,0,,,,,,,,,,,82.61151152073731,4.0,10.73358064516129,4.0,0,False,False,False,False,False,False,2016.0,2023.0,control_weighted_pseudocohort,5.0,1,0,1,1,1,1,0,1,1.0,1.0,11.0,3.0,9.0,365.0,239.6467417847853,38736.78,246219.28,0.4426125894878785,2.813510901483387,2.77234,2.0,,2.0,3.0,5.0,85.333,4.0,22.0,2.0,3.0,14849.25,0.0,3.0,N,,,,,For profit - Corporation,267.0,239.9,"CLINTON NURSING, LLC",,,CLINTON HEALTHCARE  CENTER,,,,,2022-11-01,1,1,1,0,1,1,1,0
gold_main_v2,control,control_v2,215231,CLINTON HEALTHCARE  CENTER,MD,2023,0,,,,,,,,,,,82.61151152073731,4.0,10.73358064516129,4.0,0,False,False,False,False,False,False,2016.0,2023.0,control_weighted_pseudocohort,5.0,1,1,1,1,1,1,0,1,1.0,1.0,11.0,3.0,9.0,365.0,229.8956309391092,35818.25,254176.6,0.4284092059538011,3.031693031206425,3.00201,2.0,,1.0,2.0,5.0,277.833,0.0,19.0,2.0,3.0,22041.5,1.0,4.0,N,244.0,197.0,15.0,0.8073770491803278,For profit - Corporation,267.0,237.7,"CLINTON NURSING, LLC",COMMUNICARE HEALTH,153.0,CLINTON HEALTHCARE  CENTER,MD,,,,2023-11-01,1,1,1,1,1,1,1,1
gold_main_v2,control,control_v2,215231,CLINTON HEALTHCARE  CENTER,MD,2024,0,,,,,,,,,,,82.61151152073731,4.0,10.73358064516129,4.0,0,False,False,False,False,False,False,2016.0,2023.0,control_weighted_pseudocohort,5.0,1,1,1,1,1,1,0,1,1.0,1.0,11.0,3.0,9.0,366.0,225.2869983277592,44260.76,263441.76,0.5442697644293915,3.206547410198829,3.14367,3.0,,1.0,1.0,1.0,226.667,0.0,0.0,2.0,2.0,21391.5,1.0,3.0,N,244.0,197.0,15.0,0.8073770491803278,For profit - Corporation,267.0,236.7,"CLINTON NURSING, LLC",COMMUNICARE HEALTH,153.0,CLINTON HEALTHCARE  CENTER,MD,,,,2024-11-01,1,1,1,1,1,1,1,1
gold_main_v2,control,control_v2,215231,CLINTON HEALTHCARE  CENTER,MD,2025,0,,,,,,,,,,,82.61151152073731,4.0,10.73358064516129,4.0,0,False,True,True,False,False,True,2016.0,2023.0,control_weighted_pseudocohort,5.0,1,1,1,1,1,1,0,1,1.0,1.0,11.0,3.0,9.0,273.0,202.3925775512732,36907.78,190787.19,0.6679074727976982,3.452199937925247,3.43824,4.0,,1.0,2.0,5.0,586.500,70.0,406.0,,3.0,82804.0,1.0,4.0,N,244.0,197.0,15.0,0.8073770491803277,For profit - Corporation,267.0,204.4,"CLINTON NURSING, LLC",COMMUNICARE HEALTH,153.0,CLINTON HEALTHCARE  CENTER,MD,,,,2025-11-01,1,1,1,1,1,1,1,1
gold_main_v2,control,control_v2,215231,CLINTON HEALTHCARE  CENTER,MD,2026,0,,,,,,,,,,,82.61151152073731,4.0,10.73358064516129,4.0,0,False,True,True,False,False,True,2016.0,2023.0,control_weighted_pseudocohort,5.0,1,0,0,1,1,1,0,1,1.0,1.0,11.0,3.0,9.0,,,,,,,3.58597,4.0,,1.0,2.0,5.0,394.250,,,,3.0,76779.0,1.0,4.0,N,,,,,For profit - Corporation,267.0,201.8,"CLINTON NURSING, LLC",COMMUNICARE HEALTH,153.0,CLINTON HEALTHCARE  CENTER,MD,,,,2026-03-01,0,1,1,0,0,1,1,0
gold_main_v2,control,control_v2,215297,SOUTH RIVER HEALTH AND REHABILITATION CENTER,MD,2016,0,,,,,,,,,,,65.71558525345623,4.0,15.6706866359447,4.0,0,,,,,,,2016.0,2023.0,control_weighted_pseudocohort,5.0,1,0,0,1,1,0,0,0,1.0,1.0,11.0,3.0,9.0,,,,,,,3.72121,3.0,3.0,2.0,3.0,5.0,63.333,11.0,9.0,,0.0,0.0,0.0,0.0,N,,,,,For profit - Corporation,105.0,99.0,"WASHINGTON (MD) LEASING CO., LLC",,,SOUTH RIVER HEALTH AND REHABILITATION CENTER,,,,,,0,1,1,0,0,1,1,0
gold_main_v2,control,control_v2,215297,SOUTH RIVER HEALTH AND REHABILITATION CENTER,MD,2017,0,,,,,,,,,,,65.71558525345623,4.0,15.6706866359447,4.0,0,,,,,,,2016.0,2023.0,control_weighted_pseudocohort,5.0,1,0,1,1,1,0,0,0,1.0,1.0,11.0,3.0,9.0,365.0,105.35129797738492,16164.5,132549.0,0.4205407737315336,3.447948436604861,3.26577,1.0,2.0,3.0,3.0,5.0,46.000,2.0,3.0,,0.0,0.0,0.0,0.0,N,,,,,For profit - Corporation,111.0,111.0,"WASHINGTON (MD) LEASING CO., LLC",,,SOUTH RIVER HEALTH AND REHABILITATION CENTER,,,,,2017-12-01,1,1,1,0,1,1,1,0
gold_main_v2,control,control_v2,215297,SOUTH RIVER HEALTH AND REHABILITATION CENTER,MD,2018,0,,,,,,,,,,,65.71558525345623,4.0,15.6706866359447,4.0,0,,,,,,,2016.0,2023.0,control_weighted_pseudocohort,5.0,1,0,1,1,1,0,0,0,1.0,1.0,11.0,3.0,9.0,365.0,103.04087168869778,17717.5,126550.5,0.4713075654229572,3.3671297751056297,3.42135,,3.0,,,,40.800,0.0,1.0,,0.0,0.0,0.0,0.0,N,,,,,For profit - Corporation,111.0,103.3,"WASHINGTON (MD) LEASING CO., LLC",,,SOUTH RIVER HEALTH AND REHABILITATION CENTER,,,,,2018-12-01,1,1,0,0,1,1,0,0
gold_main_v2,control,control_v2,215297,SOUTH RIVER HEALTHCARE CENTER,MD,2019,0,,,,,,,,,,,65.71558525345623,4.0,15.6706866359447,4.0,0,,,,,,,2016.0,2023.0,control_weighted_pseudocohort,5.0,1,0,1,1,1,0,0,0,1.0,1.0,11.0,3.0,9.0,365.0,104.7733204597335,20200.0,129099.75,0.5281759824726857,3.3782608860301995,3.35821,,2.0,,,,63.333,1.0,5.0,,0.0,0.0,0.0,0.0,N,,,,,For profit - Corporation,111.0,106.6,"WASHINGTON (MD) LEASING CO., LLC",,,SOUTH RIVER HEALTHCARE CENTER,,,,,2019-11-01,1,1,0,0,1,1,0,0
gold_main_v2,control,control_v2,215297,SOUTH RIVER HEALTHCARE CENTER,MD,2020,0,,,,,,,,,,,65.71558525345623,4.0,15.6706866359447,4.0,0,,,,,,,2016.0,2023.0,control_weighted_pseudocohort,5.0,1,0,1,1,1,0,0,0,1.0,1.0,11.0,3.0,9.0,366.0,82.62950907787864,14512.89,107614.57,0.4765915033122215,3.578261223328471,3.63209,,,2.0,3.0,5.0,90.833,4.0,7.0,,2.0,92651.0,0.0,2.0,N,,,,,For profit - Corporation,111.0,74.7,"WASHINGTON (MD) LEASING CO., LLC",,,SOUTH RIVER HEALTHCARE CENTER,,,,,2020-11-01,1,1,1,0,1,1,1,0
gold_main_v2,control,control_v2,215297,SOUTH RIVER HEALTHCARE CENTER,MD,2021,0,,,,,,,,,,,65.71558525345623,4.0,15.6706866359447,4.0,0,,,,,,,2016.0,2023.0,control_weighted_pseudocohort,5.0,1,0,1,1,1,0,0,0,1.0,1.0,11.0,3.0,9.0,365.0,82.67115119180338,21976.57,111201.59,0.7288442876366136,3.699522219790395,3.27701,2.0,2.0,2.0,3.0,5.0,89.500,4.0,10.0,2.0,2.0,92651.0,0.0,2.0,N,,,,,For profit - Corporation,111.0,84.5,"WASHINGTON (MD) LEASING CO., LLC",,,SOUTH RIVER HEALTHCARE CENTER,,,,,2021-11-01,1,1,1,0,1,1,1,0
gold_main_v2,control,control_v2,215297,SOUTH RIVER HEALTHCARE CENTER,MD,2022,0,,,,,,,,,,,65.71558525345623,4.0,15.6706866359447,4.0,0,False,False,False,False,False,False,2016.0,2023.0,control_weighted_pseudocohort,5.0,1,0,1,1,1,1,0,1,1.0,1.0,11.0,3.0,9.0,365.0,97.01689295004512,30861.75,117938.75,0.8687698853457153,3.3475141208632615,3.29979,2.0,,2.0,3.0,5.0,78.167,3.0,6.0,2.0,1.0,84951.75,0.0,1.0,N,,,,,For profit - Corporation,111.0,95.5,"WASHINGTON (MD) LEASING CO., LLC",,,SOUTH RIVER HEALTHCARE CENTER,,,,,2022-11-01,1,1,1,0,1,1,1,0
gold_main_v2,control,control_v2,215297,SOUTH RIVER HEALTHCARE CENTER,MD,2023,0,,,,,,,,,,,65.71558525345623,4.0,15.6706866359447,4.0,0,False,False,False,False,False,False,2016.0,2023.0,control_weighted_pseudocohort,5.0,1,1,1,1,1,1,0,1,1.0,1.0,11.0,3.0,9.0,365.0,104.4547254074428,33132.5,115738.97,0.8730933501550322,3.0423961135800046,2.86366,1.0,,2.0,2.0,5.0,75.500,0.0,3.0,2.0,0.0,0.0,0.0,0.0,N,100.0,67.0,15.0,0.67,For profit - Corporation,111.0,103.5,"WASHINGTON (MD) LEASING CO., LLC",COMMUNICARE HEALTH,153.0,SOUTH RIVER HEALTHCARE CENTER,MD,,,,2023-11-01,1,1,1,1,1,1,1,1
gold_main_v2,control,control_v2,215297,SOUTH RIVER HEALTHCARE CENTER,MD,2024,0,,,,,,,,,,,65.71558525345623,4.0,15.6706866359447,4.0,0,False,False,False,False,False,False,2016.0,2023.0,control_weighted_pseudocohort,5.0,1,1,1,1,1,1,0,1,1.0,1.0,11.0,3.0,9.0,366.0,105.0103021978022,31951.19,124134.94,0.8323365864843396,3.232291090965919,3.29455,3.0,,2.0,2.0,4.0,72.833,0.0,0.0,,0.0,0.0,0.0,0.0,N,100.0,67.0,15.0,0.67,For profit - Corporation,111.0,107.5,"WASHINGTON (MD) LEASING CO., LLC",COMMUNICARE HEALTH,153.0,SOUTH RIVER HEALTHCARE CENTER,MD,,,,2024-11-01,1,1,1,1,1,1,1,1
gold_main_v2,control,control_v2,215297,SOUTH RIVER HEALTHCARE CENTER,MD,2025,0,,,,,,,,,,,65.71558525345623,4.0,15.6706866359447,4.0,0,False,True,False,False,False,True,2016.0,2023.0,control_weighted_pseudocohort,5.0,1,1,1,1,1,1,0,1,1.0,1.0,11.0,3.0,9.0,273.0,101.09316858664684,20116.41,91411.94,0.728331091678054,3.3178583178490713,3.34396,3.0,,2.0,2.0,4.0,102.750,13.0,71.0,,0.0,0.0,0.0,0.0,N,99.0,75.0,15.0,0.7575757575757575,For profit - Limited Liability company,111.0,100.7,"WASHINGTON (MD) LEASING CO., LLC",COMMUNICARE HEALTH,153.0,SOUTH RIVER HEALTHCARE CENTER,MD,,,,2025-11-01,1,1,1,1,1,1,1,1
gold_main_v2,control,control_v2,215297,SOUTH RIVER HEALTHCARE CENTER,MD,2026,0,,,,,,,,,,,65.71558525345623,4.0,15.6706866359447,4.0,0,False,True,False,False,False,True,2016.0,2023.0,control_weighted_pseudocohort,5.0,1,0,0,1,1,1,0,1,1.0,1.0,11.0,3.0,9.0,,,,,,,3.33468,2.0,,3.0,4.0,5.0,96.750,,,,0.0,0.0,0.0,0.0,N,,,,,For profit - Limited Liability company,111.0,97.6,"WASHINGTON (MD) LEASING CO., LLC",COMMUNICARE HEALTH,153.0,SOUTH RIVER HEALTHCARE CENTER,MD,,,,2026-03-01,0,1,1,0,0,1,1,0
gold_main_v2,control,control_v2,215339,ANCHORAGE NURSING AND REHABILITATION CENTER,MD,2016,0,,,,,,,,,,,75.46738709677419,4.0,14.783179723502304,4.0,0,,,,,,,2016.0,2023.0,control_weighted_pseudocohort,5.0,1,0,0,1,1,0,0,0,1.0,1.0,11.0,3.0,9.0,,,,,,,4.17143,3.0,3.0,2.0,2.0,2.0,60.000,3.0,7.0,,0.0,0.0,0.0,0.0,N,,,,,For profit - Corporation,126.0,84.0,ANCHORAGE SNF LLC,,,ANCHORAGE NURSING AND REHABILITATION CENTER,,,,,,0,1,1,0,0,1,1,0
gold_main_v2,control,control_v2,215339,ANCHORAGE HEALTHCARE  CENTER,MD,2017,0,,,,,,,,,,,75.46738709677419,4.0,14.783179723502304,4.0,0,,,,,,,2016.0,2023.0,control_weighted_pseudocohort,5.0,1,0,1,1,1,0,0,0,1.0,1.0,11.0,3.0,9.0,365.0,104.20061050061052,27983.33,142567.5,0.7390254616580911,3.7585722957911263,3.83334,3.0,3.0,2.0,3.0,5.0,71.333,0.0,0.0,,0.0,0.0,0.0,0.0,N,,,,,For profit - Corporation,126.0,96.0,ANCHORAGE SNF LLC,,,ANCHORAGE HEALTHCARE  CENTER,,,,,2017-12-01,1,1,1,0,1,1,1,0
gold_main_v2,control,control_v2,215339,ANCHORAGE HEALTHCARE  CENTER,MD,2018,0,,,,,,,,,,,75.46738709677419,4.0,14.783179723502304,4.0,0,,,,,,,2016.0,2023.0,control_weighted_pseudocohort,5.0,1,0,1,1,1,0,0,0,1.0,1.0,11.0,3.0,9.0,365.0,107.39015567765568,27133.6,137057.5,0.6935894172953003,3.502883608162226,3.51713,,3.0,,,,56.800,5.0,3.0,,0.0,0.0,0.0,0.0,N,,,,,For profit - Corporation,126.0,109.0,ANCHORAGE SNF LLC,,,ANCHORAGE HEALTHCARE  CENTER,,,,,2018-12-01,1,1,0,0,1,1,0,0
gold_main_v2,control,control_v2,215339,ANCHORAGE HEALTHCARE  CENTER,MD,2019,0,,,,,,,,,,,75.46738709677419,4.0,14.783179723502304,4.0,0,,,,,,,2016.0,2023.0,control_weighted_pseudocohort,5.0,1,0,1,1,1,0,0,0,1.0,1.0,11.0,3.0,9.0,365.0,97.47652890587672,24410.95,131076.2,0.691247806699942,3.71147393095804,3.65258,,3.0,,,,112.667,7.0,15.0,,0.0,0.0,0.0,0.0,N,,,,,For profit - Corporation,126.0,100.4,ANCHORAGE SNF LLC,,,ANCHORAGE HEALTHCARE  CENTER,,,,,2019-11-01,1,1,0,0,1,1,0,0
gold_main_v2,control,control_v2,215339,ANCHORAGE HEALTHCARE  CENTER,MD,2020,0,,,,,,,,,,,75.46738709677419,4.0,14.783179723502304,4.0,0,,,,,,,2016.0,2023.0,control_weighted_pseudocohort,5.0,1,0,1,1,1,0,0,0,1.0,1.0,11.0,3.0,9.0,366.0,83.07916268514094,19215.29,103817.39,0.6345466652659459,3.419656732435296,3.12326,2.0,2.0,1.0,1.0,4.0,111.333,4.0,14.0,,0.0,0.0,0.0,0.0,N,,,,,For profit - Corporation,126.0,84.4,ANCHORAGE SNF LLC,,,ANCHORAGE HEALTHCARE  CENTER,,,,,2020-11-01,1,1,1,0,1,1,1,0
gold_main_v2,control,control_v2,215339,ANCHORAGE HEALTHCARE  CENTER,MD,2021,0,,,,,,,,,,,75.46738709677419,4.0,14.783179723502304,4.0,0,,,,,,,2016.0,2023.0,control_weighted_pseudocohort,5.0,1,0,1,1,1,0,0,0,1.0,1.0,11.0,3.0,9.0,365.0,89.27996031746031,12510.32,99678.66,0.3818650395537776,3.05009870666073,2.48652,1.0,1.0,2.0,1.0,4.0,97.333,2.0,12.0,0.0,4.0,4550.0,0.0,4.0,N,,,,,For profit - Corporation,126.0,85.7,ANCHORAGE SNF LLC,,,ANCHORAGE HEALTHCARE  CENTER,,,,,2021-11-01,1,1,1,0,1,1,1,0
gold_main_v2,control,control_v2,215339,ANCHORAGE HEALTHCARE  CENTER,MD,2022,0,,,,,,,,,,,75.46738709677419,4.0,14.783179723502304,4.0,0,False,False,False,False,False,False,2016.0,2023.0,control_weighted_pseudocohort,5.0,1,0,1,1,1,1,0,1,1.0,1.0,11.0,3.0,9.0,365.0,84.31847427934385,13655.5,105094.73,0.4446936630991237,3.414068533052137,3.31192,1.0,,2.0,1.0,2.0,107.333,1.0,12.0,0.0,4.0,4550.0,0.0,4.0,N,,,,,For profit - Corporation,126.0,80.1,ANCHORAGE SNF LLC,,,ANCHORAGE HEALTHCARE  CENTER,,,,,2022-11-01,1,1,1,0,1,1,1,0
gold_main_v2,control,control_v2,215339,ANCHORAGE HEALTHCARE  CENTER,MD,2023,0,,,,,,,,,,,75.46738709677419,4.0,14.783179723502304,4.0,0,False,False,False,False,False,False,2016.0,2023.0,control_weighted_pseudocohort,5.0,1,1,1,1,1,1,0,1,1.0,1.0,11.0,3.0,9.0,365.0,98.27676978818285,22300.25,107396.5,0.624710390907894,3.006232255983922,2.80837,1.0,,2.0,1.0,2.0,100.000,1.0,13.0,,1.0,1625.0,0.0,1.0,N,102.0,73.0,20.0,0.7156862745098039,For profit - Corporation,126.0,104.4,ANCHORAGE SNF LLC,COMMUNICARE HEALTH,153.0,ANCHORAGE HEALTHCARE  CENTER,MD,,,,2023-11-01,1,1,1,1,1,1,1,1
gold_main_v2,control,control_v2,215339,ANCHORAGE HEALTHCARE  CENTER,MD,2024,0,,,,,,,,,,,75.46738709677419,4.0,14.783179723502304,4.0,0,False,False,False,False,False,False,2016.0,2023.0,control_weighted_pseudocohort,5.0,1,1,1,1,1,1,0,1,1.0,1.0,11.0,3.0,9.0,366.0,92.67585403726709,21898.9,115475.4,0.6476460907936586,3.4059713783338283,3.45033,4.0,,1.0,1.0,2.0,156.667,5.0,18.0,,1.0,10032.75,0.0,1.0,N,93.75,68.5,8.75,0.7311193708252532,For profit - Corporation,126.0,97.1,ANCHORAGE SNF LLC,COMMUNICARE HEALTH,153.0,ANCHORAGE HEALTHCARE  CENTER,MD,,,,2024-11-01,1,1,1,1,1,1,1,1
gold_main_v2,control,control_v2,215339,ANCHORAGE HEALTHCARE  CENTER,MD,2025,0,,,,,,,,,,,75.46738709677419,4.0,14.783179723502304,4.0,0,False,True,False,False,False,True,2016.0,2023.0,control_weighted_pseudocohort,5.0,1,1,1,1,1,1,0,1,1.0,1.0,11.0,3.0,9.0,273.0,103.97529684486206,17632.059999999998,89304.42,0.623672321525643,3.1510212124190224,2.95153,3.0,,2.0,2.0,4.0,163.000,10.0,90.0,,1.0,10033.0,0.0,1.0,N,91.0,67.0,5.0,0.7362637362637363,For profit - Corporation,126.0,107.6,ANCHORAGE SNF LLC,COMMUNICARE HEALTH,153.0,ANCHORAGE HEALTHCARE  CENTER,MD,,,,2025-11-01,1,1,1,1,1,1,1,1
gold_main_v2,control,control_v2,215339,ANCHORAGE HEALTHCARE  CENTER,MD,2026,0,,,,,,,,,,,75.46738709677419,4.0,14.783179723502304,4.0,0,False,True,False,False,False,True,2016.0,2023.0,control_weighted_pseudocohort,5.0,1,0,0,1,1,1,0,1,1.0,1.0,11.0,3.0,9.0,,,,,,,3.32692,4.0,,3.0,3.0,4.0,110.000,,,,1.0,10033.0,0.0,1.0,N,,,,,For profit - Limited Liability company,126.0,100.0,ANCHORAGE SNF LLC,COMMUNICARE HEALTH,153.0,ANCHORAGE HEALTHCARE  CENTER,MD,,,,2026-03-01,0,1,1,0,0,1,1,0
gold_main_v2,control,control_v2,215340,BLUE POINT NURSING  & REHAB CENTER,MD,2016,0,,,,,,,,,,,83.45255299539171,4.0,7.766997695852535,4.0,0,,,,,,,2016.0,2023.0,control_weighted_pseudocohort,5.0,1,0,0,1,1,0,0,0,1.0,1.0,11.0,3.0,9.0,,,,,,,3.51916,3.0,2.0,1.0,2.0,5.0,112.000,23.0,14.0,,1.0,296024.0,0.0,1.0,N,,,,,For profit - Corporation,125.0,107.0,BLUE POINT SNF LLC,,,BLUE POINT NURSING  & REHAB CENTER,,,,,,0,1,1,0,0,1,1,0
gold_main_v2,control,control_v2,215340,BLUE POINT HEALTHCARE CENTER,MD,2017,0,,,,,,,,,,,83.45255299539171,4.0,7.766997695852535,4.0,0,,,,,,,2016.0,2023.0,control_weighted_pseudocohort,5.0,1,0,1,1,1,0,0,0,1.0,1.0,11.0,3.0,9.0,365.0,120.23458353240962,27085.75,149105.97,0.6170348644762015,3.397180856331776,3.53209,2.0,2.0,2.0,3.0,5.0,70.667,11.0,24.0,,1.0,296024.0,0.0,1.0,N,,,,,For profit - Corporation,135.0,120.0,BLUE POINT SNF LLC,,,BLUE POINT HEALTHCARE CENTER,,,,,2017-12-01,1,1,1,0,1,1,1,0
gold_main_v2,control,control_v2,215340,BLUE POINT HEALTHCARE CENTER,MD,2018,0,,,,,,,,,,,83.45255299539171,4.0,7.766997695852535,4.0,0,,,,,,,2016.0,2023.0,control_weighted_pseudocohort,5.0,1,0,1,1,1,0,0,0,1.0,1.0,11.0,3.0,9.0,365.0,126.82079219090087,26284.25,157768.25,0.5683194989813317,3.4088492731449804,3.39767,,3.0,,,,63.200,4.0,27.0,,0.0,0.0,0.0,0.0,N,,,,,For profit - Corporation,135.0,127.4,BLUE POINT SNF LLC,,,BLUE POINT HEALTHCARE CENTER,,,,,2018-12-01,1,1,0,0,1,1,0,0
gold_main_v2,control,control_v2,215340,BLUE POINT HEALTHCARE CENTER,MD,2019,0,,,,,,,,,,,83.45255299539171,4.0,7.766997695852535,4.0,0,,,,,,,2016.0,2023.0,control_weighted_pseudocohort,5.0,1,0,1,1,1,0,0,0,1.0,1.0,11.0,3.0,9.0,365.0,126.63037638689812,26423.75,157703.75,0.5726539892598195,3.414932798801377,3.46976,,2.0,,,,99.333,3.0,17.0,,0.0,0.0,0.0,0.0,N,,,,,For profit - Corporation,135.0,125.9,BLUE POINT SNF LLC,,,BLUE POINT HEALTHCARE CENTER,,,,,2019-11-01,1,1,0,0,1,1,0,0
gold_main_v2,control,control_v2,215340,BLUE POINT HEALTHCARE CENTER,MD,2020,0,,,,,,,,,,,83.45255299539171,4.0,7.766997695852535,4.0,0,,,,,,,2016.0,2023.0,control_weighted_pseudocohort,5.0,1,0,1,1,1,0,0,0,1.0,1.0,11.0,3.0,9.0,366.0,117.0199773053034,26780.02,143448.48,0.6248045088833746,3.341673060049137,3.01236,2.0,3.0,2.0,3.0,5.0,88.000,2.0,10.0,,0.0,0.0,0.0,0.0,N,,,,,For profit - Corporation,135.0,119.1,BLUE POINT SNF LLC,,,BLUE POINT HEALTHCARE CENTER,,,,,2020-11-01,1,1,1,0,1,1,1,0
gold_main_v2,control,control_v2,215340,BLUE POINT HEALTHCARE CENTER,MD,2021,0,,,,,,,,,,,83.45255299539171,4.0,7.766997695852535,4.0,0,,,,,,,2016.0,2023.0,control_weighted_pseudocohort,5.0,1,0,1,1,1,0,0,0,1.0,1.0,11.0,3.0,9.0,365.0,111.69733436853002,24490.51,131158.03,0.6010660752154353,3.219865372906335,3.10033,3.0,3.0,2.0,3.0,5.0,80.667,2.0,5.0,0.0,0.0,0.0,0.0,0.0,N,,,,,For profit - Corporation,135.0,112.3,BLUE POINT SNF LLC,,,BLUE POINT HEALTHCARE CENTER,,,,,2021-11-01,1,1,1,0,1,1,1,0
gold_main_v2,control,control_v2,215340,BLUE POINT HEALTHCARE CENTER,MD,2022,0,,,,,,,,,,,83.45255299539171,4.0,7.766997695852535,4.0,0,False,False,False,False,False,False,2016.0,2023.0,control_weighted_pseudocohort,5.0,1,0,1,1,1,1,0,1,1.0,1.0,11.0,3.0,9.0,365.0,123.52650568031004,24480.17,135904.82,0.5456869314261563,3.017587782584761,3.00119,3.0,,2.0,3.0,5.0,119.333,1.0,8.0,0.0,0.0,0.0,0.0,0.0,N,,,,,For profit - Corporation,135.0,123.1,BLUE POINT SNF LLC,,,BLUE POINT HEALTHCARE CENTER,,,,,2022-11-01,1,1,1,0,1,1,1,0
gold_main_v2,control,control_v2,215340,BLUE POINT HEALTHCARE CENTER,MD,2023,0,,,,,,,,,,,83.45255299539171,4.0,7.766997695852535,4.0,0,False,False,False,False,False,False,2016.0,2023.0,control_weighted_pseudocohort,5.0,1,1,1,1,1,1,0,1,1.0,1.0,11.0,3.0,9.0,365.0,122.53953190529278,20025.25,138823.75,0.4479297074888697,3.106221410163863,3.00161,1.0,,2.0,2.0,5.0,113.333,1.0,8.0,0.0,0.0,0.0,0.0,0.0,N,126.0,105.0,5.0,0.8333333333333334,For profit - Corporation,135.0,122.7,BLUE POINT SNF LLC,COMMUNICARE HEALTH,153.0,BLUE POINT HEALTHCARE CENTER,MD,,,,2023-11-01,1,1,1,1,1,1,1,1
gold_main_v2,control,control_v2,215340,BLUE POINT HEALTHCARE CENTER,MD,2024,0,,,,,,,,,,,83.45255299539171,4.0,7.766997695852535,4.0,0,False,False,False,False,False,False,2016.0,2023.0,control_weighted_pseudocohort,5.0,1,1,1,1,1,1,0,1,1.0,1.0,11.0,3.0,9.0,366.0,123.96754061156236,22619.47,157996.22,0.4983627739643215,3.480721079975473,3.46192,3.0,,2.0,3.0,5.0,136.000,0.0,0.0,,0.0,0.0,0.0,0.0,N,126.0,105.0,5.0,0.8333333333333334,For profit - Corporation,135.0,121.9,BLUE POINT SNF LLC,COMMUNICARE HEALTH,153.0,BLUE POINT HEALTHCARE CENTER,MD,,,,2024-11-01,1,1,1,1,1,1,1,1
gold_main_v2,control,control_v2,215340,BLUE POINT HEALTHCARE CENTER,MD,2025,0,,,,,,,,,,,83.45255299539171,4.0,7.766997695852535,4.0,0,False,True,False,False,False,False,2016.0,2023.0,control_weighted_pseudocohort,5.0,1,1,1,1,1,1,0,1,1.0,1.0,11.0,3.0,9.0,273.0,121.49870113783156,19687.05,113107.92,0.5939770645606424,3.4121854648178895,3.39428,3.0,,1.0,1.0,4.0,247.000,79.0,286.0,,1.0,484200.0,0.0,1.0,N,126.0,105.0,5.0,0.8333333333333334,For profit - Corporation,135.0,120.3,BLUE POINT SNF LLC,COMMUNICARE HEALTH,153.0,BLUE POINT HEALTHCARE CENTER,MD,,,,2025-11-01,1,1,1,1,1,1,1,1
gold_main_v2,control,control_v2,215340,BLUE POINT HEALTHCARE CENTER,MD,2026,0,,,,,,,,,,,83.45255299539171,4.0,7.766997695852535,4.0,0,False,True,False,False,False,False,2016.0,2023.0,control_weighted_pseudocohort,5.0,1,0,0,1,1,1,0,1,1.0,1.0,11.0,3.0,9.0,,,,,,,3.48843,3.0,,1.0,1.0,4.0,247.000,,,,1.0,339648.0,0.0,1.0,N,,,,,For profit - Corporation,135.0,121.5,BLUE POINT SNF LLC,COMMUNICARE HEALTH,153.0,BLUE POINT HEALTHCARE CENTER,MD,,,,2026-03-01,0,1,1,0,0,1,1,0
gold_main_v2,control,control_v2,215346,NORTHWEST NURSING AND REHAB CENTER,MD,2016,0,,,,,,,,,,,94.38699539170509,4.0,4.914175115207373,4.0,0,,,,,,,2016.0,2023.0,control_weighted_pseudocohort,5.0,1,0,0,1,1,0,0,0,1.0,1.0,11.0,3.0,9.0,,,,,,,2.95353,1.0,1.0,2.0,1.0,4.0,72.667,19.0,12.0,,0.0,0.0,0.0,0.0,N,,,,,For profit - Corporation,91.0,85.0,NORTHWEST SNF LLC,,,NORTHWEST NURSING AND REHAB CENTER,,,,,,0,1,1,0,0,1,1,0
gold_main_v2,control,control_v2,215346,NORTHWEST HEALTHCARE CENTER,MD,2017,0,,,,,,,,,,,94.38699539170509,4.0,4.914175115207373,4.0,0,,,,,,,2016.0,2023.0,control_weighted_pseudocohort,5.0,1,0,1,1,1,0,0,0,1.0,1.0,11.0,3.0,9.0,365.0,87.38648802887934,17702.5,106921.75,0.5554067446350384,3.352226001171409,3.50575,4.0,4.0,2.0,3.0,4.0,67.333,13.0,17.0,,0.0,0.0,0.0,0.0,N,,,,,For profit - Corporation,91.0,87.0,NORTHWEST SNF LLC,,,NORTHWEST HEALTHCARE CENTER,,,,,2017-12-01,1,1,1,0,1,1,1,0
gold_main_v2,control,control_v2,215346,NORTHWEST HEALTHCARE CENTER,MD,2018,0,,,,,,,,,,,94.38699539170509,4.0,4.914175115207373,4.0,0,,,,,,,2016.0,2023.0,control_weighted_pseudocohort,5.0,1,0,1,1,1,0,0,0,1.0,1.0,11.0,3.0,9.0,365.0,86.90202925094229,19455.0,109434.75,0.6137451910418192,3.451750206382004,3.50532,,4.0,,,,61.600,19.0,12.0,,1.0,13627.0,1.0,2.0,N,,,,,For profit - Partnership,91.0,86.8,NORTHWEST SNF LLC,,,NORTHWEST HEALTHCARE CENTER,,,,,2018-12-01,1,1,0,0,1,1,0,0
gold_main_v2,control,control_v2,215346,NORTHWEST HEALTHCARE CENTER,MD,2019,0,,,,,,,,,,,94.38699539170509,4.0,4.914175115207373,4.0,0,,,,,,,2016.0,2023.0,control_weighted_pseudocohort,5.0,1,0,1,1,1,0,0,0,1.0,1.0,11.0,3.0,9.0,365.0,82.23992342198864,18229.5,102737.5,0.606013280056987,3.425367523375231,3.37844,,3.0,,,,253.333,17.0,9.0,,1.0,13627.0,1.0,2.0,N,,,,,For profit - Partnership,91.0,86.7,NORTHWEST SNF LLC,,,NORTHWEST HEALTHCARE CENTER,,,,,2019-11-01,1,1,0,0,1,1,0,0
gold_main_v2,control,control_v2,215346,NORTHWEST HEALTHCARE CENTER,MD,2020,0,,,,,,,,,,,94.38699539170509,4.0,4.914175115207373,4.0,0,,,,,,,2016.0,2023.0,control_weighted_pseudocohort,5.0,1,0,1,1,1,0,0,0,1.0,1.0,11.0,3.0,9.0,366.0,77.78434065934066,21662.99,98595.06,0.7804051812758629,3.529140672224437,3.15351,2.0,3.0,1.0,2.0,5.0,242.667,11.0,4.0,,1.0,13627.0,1.0,2.0,N,,,,,For profit - Partnership,91.0,85.7,NORTHWEST SNF LLC,,,NORTHWEST HEALTHCARE CENTER,,,,,2020-11-01,1,1,1,0,1,1,1,0
gold_main_v2,control,control_v2,215346,NORTHWEST HEALTHCARE CENTER,MD,2021,0,,,,,,,,,,,94.38699539170509,4.0,4.914175115207373,4.0,0,,,,,,,2016.0,2023.0,control_weighted_pseudocohort,5.0,1,0,1,1,1,0,0,0,1.0,1.0,11.0,3.0,9.0,365.0,68.48732746721876,18217.05,75476.81,0.7183589932791535,3.026429083242468,3.21979,3.0,4.0,1.0,1.0,4.0,268.333,3.0,5.0,3.0,15.0,193176.75,1.0,16.0,N,,,,,For profit - Partnership,91.0,73.7,NORTHWEST SNF LLC,,,NORTHWEST HEALTHCARE CENTER,,,,,2021-11-01,1,1,1,0,1,1,1,0
gold_main_v2,control,control_v2,215346,NORTHWEST HEALTHCARE CENTER,MD,2022,0,,,,,,,,,,,94.38699539170509,4.0,4.914175115207373,4.0,0,False,False,False,False,False,False,2016.0,2023.0,control_weighted_pseudocohort,5.0,1,0,1,1,1,1,0,1,1.0,1.0,11.0,3.0,9.0,365.0,55.89043173010564,17258.34,64164.94,0.865554326708934,3.1676769931910367,3.20638,3.0,,1.0,1.0,4.0,236.667,1.0,2.0,3.0,14.0,179582.92,1.0,15.0,N,,,,,For profit - Partnership,91.0,44.9,NORTHWEST SNF LLC,,,NORTHWEST HEALTHCARE CENTER,,,,,2022-11-01,1,1,1,0,1,1,1,0
gold_main_v2,control,control_v2,215346,NORTHWEST HEALTHCARE CENTER,MD,2023,0,,,,,,,,,,,94.38699539170509,4.0,4.914175115207373,4.0,0,False,False,False,False,False,False,2016.0,2023.0,control_weighted_pseudocohort,5.0,1,1,1,1,1,1,0,1,1.0,1.0,11.0,3.0,9.0,365.0,76.55950589265807,20203.75,87877.25,0.7239745329864817,3.146227019201947,3.08232,3.0,,1.0,1.0,4.0,172.000,1.0,2.0,3.0,10.0,175032.92,1.0,11.0,N,82.0,77.0,4.0,0.9390243902439024,For profit - Partnership,91.0,79.2,NORTHWEST SNF LLC,COMMUNICARE HEALTH,153.0,NORTHWEST HEALTHCARE CENTER,MD,,,,2023-11-01,1,1,1,1,1,1,1,1
gold_main_v2,control,control_v2,215346,NORTHWEST HEALTHCARE CENTER,MD,2024,0,,,,,,,,,,,94.38699539170509,4.0,4.914175115207373,4.0,0,False,False,False,False,False,False,2016.0,2023.0,control_weighted_pseudocohort,5.0,1,1,1,1,1,1,0,1,1.0,1.0,11.0,3.0,9.0,366.0,80.87449235547062,22679.5,99039.5,0.7659781341348018,3.3464364662781367,3.28948,4.0,,2.0,2.0,2.0,101.833,0.0,0.0,,0.0,0.0,0.0,0.0,N,82.25,77.25,3.5,0.9392080517190714,For profit - Corporation,91.0,82.0,NORTHWEST SNF LLC,COMMUNICARE HEALTH,153.0,NORTHWEST HEALTHCARE CENTER,MD,,,,2024-11-01,1,1,1,1,1,1,1,1
gold_main_v2,control,control_v2,215346,NORTHWEST HEALTHCARE CENTER,MD,2025,0,,,,,,,,,,,94.38699539170509,4.0,4.914175115207373,4.0,0,False,True,False,False,False,True,2016.0,2023.0,control_weighted_pseudocohort,5.0,1,1,1,1,1,1,0,1,1.0,1.0,11.0,3.0,9.0,273.0,82.86845569889049,15423.25,75943.27,0.6829191939291454,3.3565129117819565,3.29048,4.0,,2.0,3.0,5.0,43.000,34.0,43.0,,0.0,0.0,0.0,0.0,N,83.0,78.0,2.0,0.9397590361445785,For profit - Corporation,91.0,84.6,NORTHWEST SNF LLC,COMMUNICARE HEALTH,153.0,NORTHWEST HEALTHCARE CENTER,MD,,,,2025-11-01,1,1,1,1,1,1,1,1
gold_main_v2,control,control_v2,215346,NORTHWEST HEALTHCARE CENTER,MD,2026,0,,,,,,,,,,,94.38699539170509,4.0,4.914175115207373,4.0,0,False,True,False,False,False,True,2016.0,2023.0,control_weighted_pseudocohort,5.0,1,0,0,1,1,1,0,1,1.0,1.0,11.0,3.0,9.0,,,,,,,3.48978,4.0,,2.0,2.0,4.0,43.000,,,,0.0,0.0,0.0,0.0,N,,,,,For profit - Corporation,91.0,83.0,NORTHWEST SNF LLC,COMMUNICARE HEALTH,153.0,NORTHWEST HEALTHCARE CENTER,MD,,,,2026-03-01,0,1,1,0,0,1,1,0
gold_main_v2,control,control_v2,225326,"RESERVOIR CENTER FOR HEALTH & REHABILITATION, THE",MA,2016,0,,,,,,,,,,,56.96885023041475,4.0,6.899746543778803,4.0,0,,,,,,,2016.0,2023.0,control_weighted_pseudocohort,5.0,1,0,0,1,1,0,0,0,1.0,1.0,11.0,3.0,9.0,,,,,,,3.54508,3.0,4.0,2.0,2.0,2.0,27.333,1.0,3.0,,0.0,0.0,0.0,0.0,N,,,,,For profit - Corporation,144.0,122.0,"VK MARLBOROUGH, LLC",,,"RESERVOIR CENTER FOR HEALTH & REHABILITATION, THE",,,,,,0,1,1,0,0,1,1,0
gold_main_v2,control,control_v2,225326,"RESERVOIR CENTER FOR HEALTH & REHABILITATION, THE",MA,2017,0,,,,,,,,,,,56.96885023041475,4.0,6.899746543778803,4.0,0,,,,,,,2016.0,2023.0,control_weighted_pseudocohort,5.0,1,0,1,1,1,0,0,0,1.0,1.0,11.0,3.0,9.0,365.0,104.10290253225035,23190.4,145576.31,0.6101798946632528,3.835957217072019,3.96144,3.0,2.0,2.0,2.0,2.0,48.667,0.0,1.0,,0.0,0.0,0.0,0.0,N,,,,,For profit - Corporation,144.0,118.0,"VK MARLBOROUGH, LLC",,,"RESERVOIR CENTER FOR HEALTH & REHABILITATION, THE",,,,,2017-12-01,1,1,1,0,1,1,1,0
gold_main_v2,control,control_v2,225326,"RESERVOIR CENTER FOR HEALTH & REHABILITATION, THE",MA,2018,0,,,,,,,,,,,56.96885023041475,4.0,6.899746543778803,4.0,0,,,,,,,2016.0,2023.0,control_weighted_pseudocohort,5.0,1,0,1,1,1,0,0,0,1.0,1.0,11.0,3.0,9.0,365.0,107.30082417582418,23590.43,138570.71,0.6041565034677245,3.5437023842388635,3.5504,,4.0,,,,56.000,0.0,0.0,,0.0,0.0,0.0,0.0,N,,,,,For profit - Corporation,144.0,107.7,"VK MARLBOROUGH, LLC",,,"RESERVOIR CENTER FOR HEALTH & REHABILITATION, THE",,,,,2018-12-01,1,1,0,0,1,1,0,0
gold_main_v2,control,control_v2,225326,"RESERVOIR CENTER FOR HEALTH & REHABILITATION, THE",MA,2019,0,,,,,,,,,,,56.96885023041475,4.0,6.899746543778803,4.0,0,,,,,,,2016.0,2023.0,control_weighted_pseudocohort,5.0,1,0,1,1,1,0,0,0,1.0,1.0,11.0,3.0,9.0,365.0,125.67421630302064,25794.45,158521.0,0.5631792908068831,3.4518299506454753,3.45103,,3.0,,,,45.333,0.0,0.0,,0.0,0.0,0.0,0.0,N,,,,,For profit - Corporation,144.0,122.0,"VK MARLBOROUGH, LLC",,,"RESERVOIR CENTER FOR HEALTH & REHABILITATION, THE",,,,,2019-11-01,1,1,0,0,1,1,0,0
gold_main_v2,control,control_v2,225326,"RESERVOIR CENTER FOR HEALTH & REHABILITATION, THE",MA,2020,0,,,,,,,,,,,56.96885023041475,4.0,6.899746543778803,4.0,0,,,,,,,2016.0,2023.0,control_weighted_pseudocohort,5.0,1,0,1,1,1,0,0,0,1.0,1.0,11.0,3.0,9.0,275.0,115.75589265806656,17483.75,119290.75,0.5521690712312076,3.749357719237692,3.75822,3.0,3.0,2.0,2.0,4.0,45.333,0.0,0.0,,0.0,0.0,0.0,0.0,N,,,,,For profit - Corporation,144.0,119.6,"VK MARLBOROUGH, LLC",,,"RESERVOIR CENTER FOR HEALTH & REHABILITATION, THE",,,,,2020-11-01,1,1,1,0,1,1,1,0
gold_main_v2,control,control_v2,225326,"RESERVOIR CENTER FOR HEALTH & REHABILITATION, THE",MA,2021,0,,,,,,,,,,,56.96885023041475,4.0,6.899746543778803,4.0,0,,,,,,,2016.0,2023.0,control_weighted_pseudocohort,5.0,1,0,1,1,1,0,0,0,1.0,1.0,11.0,3.0,9.0,365.0,122.11574295269948,20360.85,158199.6,0.4575805632518196,3.551044060177154,3.53858,3.0,3.0,3.0,4.0,5.0,50.000,0.0,0.0,3.0,1.0,19500.0,0.0,1.0,N,,,,,For profit - Corporation,144.0,121.6,"VK MARLBOROUGH, LLC",,,"RESERVOIR CENTER FOR HEALTH & REHABILITATION, THE",,,,,2021-11-01,1,1,1,0,1,1,1,0
gold_main_v2,control,control_v2,225326,"RESERVOIR CENTER FOR HEALTH & REHABILITATION, THE",MA,2022,0,,,,,,,,,,,56.96885023041475,4.0,6.899746543778803,4.0,0,False,False,False,False,False,False,2016.0,2023.0,control_weighted_pseudocohort,5.0,1,0,1,1,1,1,0,1,1.0,1.0,11.0,3.0,9.0,365.0,113.92094348887828,15744.12,151262.22,0.3810813808717356,3.640530571289482,3.60131,3.0,,2.0,2.0,4.0,74.000,0.0,0.0,3.0,3.0,84509.75,1.0,4.0,N,,,,,For profit - Corporation,144.0,119.4,"VK MARLBOROUGH, LLC",,,"RESERVOIR CENTER FOR HEALTH & REHABILITATION, THE",,,,,2022-11-01,1,1,1,0,1,1,1,0
gold_main_v2,control,control_v2,225326,"RESERVOIR CENTER FOR HEALTH & REHABILITATION, THE",MA,2023,0,,,,,,,,,,,56.96885023041475,4.0,6.899746543778803,4.0,0,False,False,False,False,False,False,2016.0,2023.0,control_weighted_pseudocohort,5.0,1,1,1,1,1,1,0,1,1.0,1.0,11.0,3.0,9.0,365.0,119.79784400382226,22138.25,158894.91999999998,0.5065004830262612,3.633959076227544,3.54829,3.0,,3.0,3.0,3.0,66.000,0.0,0.0,6.0,5.0,97405.1,1.0,6.0,N,124.0,70.0,9.0,0.5645161290322581,For profit - Limited Liability company,144.0,119.4,"VK MARLBOROUGH, LLC",NATIONAL HEALTH CARE ASSOCIATES,363.0,"RESERVOIR CENTER FOR HEALTH & REHABILITATION, THE",MA,,,,2023-11-01,1,1,1,1,1,1,1,1
gold_main_v2,control,control_v2,225326,"RESERVOIR CENTER FOR HEALTH & REHABILITATION, THE",MA,2024,0,,,,,,,,,,,56.96885023041475,4.0,6.899746543778803,4.0,0,False,False,False,False,False,False,2016.0,2023.0,control_weighted_pseudocohort,5.0,1,1,1,1,1,1,0,1,1.0,1.0,11.0,3.0,9.0,366.0,127.40916149068325,26275.0,176089.13,0.5643446611704177,3.778978372875285,3.82533,2.0,,3.0,2.0,1.0,60.667,0.0,0.0,4.0,2.0,12895.35,0.0,2.0,N,127.75,68.25,10.75,0.5366964492921792,For profit - Limited Liability company,144.0,123.3,"VK MARLBOROUGH, LLC",NATIONAL HEALTH CARE ASSOCIATES,363.0,"RESERVOIR CENTER FOR HEALTH & REHABILITATION, THE",MA,,,,2024-11-01,1,1,1,1,1,1,1,1
gold_main_v2,control,control_v2,225326,"RESERVOIR CENTER FOR HEALTH & REHABILITATION, THE",MA,2025,0,,,,,,,,,,,56.96885023041475,4.0,6.899746543778803,4.0,0,False,True,True,False,False,True,2016.0,2023.0,control_weighted_pseudocohort,5.0,1,1,1,1,1,1,0,1,1.0,1.0,11.0,3.0,9.0,273.0,134.14524605828953,20977.23,141234.58000000002,0.5730032308207712,3.857420933667625,3.82766,3.0,,3.0,3.0,4.0,52.000,0.0,1.0,4.0,2.0,12895.0,0.0,2.0,N,139.0,63.0,16.0,0.4532374100719424,For profit - Limited Liability company,144.0,133.1,"VK MARLBOROUGH, LLC",NATIONAL HEALTH CARE ASSOCIATES,363.0,"RESERVOIR CENTER FOR HEALTH & REHABILITATION, THE",MA,,,,2025-11-01,1,1,1,1,1,1,1,1
gold_main_v2,control,control_v2,225326,"RESERVOIR CENTER FOR HEALTH & REHABILITATION, THE",MA,2026,0,,,,,,,,,,,56.96885023041475,4.0,6.899746543778803,4.0,0,False,True,True,False,False,True,2016.0,2023.0,control_weighted_pseudocohort,5.0,1,0,0,1,1,1,0,1,1.0,1.0,11.0,3.0,9.0,,,,,,,3.88292,3.0,,3.0,3.0,4.0,47.000,,,,1.0,3145.0,0.0,1.0,N,,,,,For profit - Limited Liability company,144.0,134.8,"VK MARLBOROUGH, LLC",NATIONAL HEALTH CARE ASSOCIATES,363.0,"RESERVOIR CENTER FOR HEALTH & REHABILITATION, THE",MA,,,,2026-03-01,0,1,1,0,0,1,1,0
gold_main_v2,control,control_v2,235451,THE OAKS AT NORTHPOINTE WOODS,MI,2016,0,,,,,,,,,,,60.969958525345625,4.0,21.47493087557604,4.0,1,,,,,,,2016.0,2023.0,control_weighted_pseudocohort,5.0,1,0,0,1,1,0,0,0,1.0,1.0,11.0,3.0,9.0,,,,,,,3.74595,3.0,3.0,2.0,3.0,5.0,75.000,0.0,15.0,,0.0,0.0,1.0,1.0,N,,,,,For profit - Corporation,77.0,74.0,TRILOGY HEALTHCARE OF BATTLE CREEK LLC,,,THE OAKS AT NORTHPOINTE WOODS,,,,,,0,1,1,0,0,1,1,0
gold_main_v2,control,control_v2,235451,THE OAKS AT NORTHPOINTE WOODS,MI,2017,0,,,,,,,,,,,60.969958525345625,4.0,21.47493087557604,4.0,1,,,,,,,2016.0,2023.0,control_weighted_pseudocohort,5.0,1,0,1,1,1,0,0,0,1.0,1.0,11.0,3.0,9.0,365.0,64.04690370016456,13030.97,87980.26,0.5604409408601695,3.788290982534659,3.73673,3.0,4.0,2.0,3.0,5.0,95.333,3.0,7.0,,1.0,37233.0,0.0,1.0,N,,,,,For profit - Corporation,77.0,64.0,TRILOGY HEALTHCARE OF BATTLE CREEK LLC,,,THE OAKS AT NORTHPOINTE WOODS,,,,,2017-12-01,1,1,1,0,1,1,1,0
gold_main_v2,control,control_v2,235451,THE OAKS AT NORTHPOINTE WOODS,MI,2018,0,,,,,,,,,,,60.969958525345625,4.0,21.47493087557604,4.0,1,,,,,,,2016.0,2023.0,control_weighted_pseudocohort,5.0,1,0,1,1,1,0,0,0,1.0,1.0,11.0,3.0,9.0,365.0,71.6855828953655,13699.02,93446.36,0.5240915610130061,3.5752203274939047,3.46971,,3.0,,,,100.800,5.0,9.0,,1.0,37233.0,0.0,1.0,N,,,,,For profit - Corporation,77.0,73.5,TRILOGY HEALTHCARE OF BATTLE CREEK LLC,,,THE OAKS AT NORTHPOINTE WOODS,,,,,2018-12-01,1,1,0,0,1,1,0,0
gold_main_v2,control,control_v2,235451,THE OAKS AT NORTHPOINTE WOODS,MI,2019,0,,,,,,,,,,,60.969958525345625,4.0,21.47493087557604,4.0,1,,,,,,,2016.0,2023.0,control_weighted_pseudocohort,5.0,1,0,1,1,1,0,0,0,1.0,1.0,11.0,3.0,9.0,365.0,71.47276769124595,15463.23,94404.77,0.593717793291679,3.6249470894466658,3.68692,,2.0,,,,153.000,3.0,12.0,,1.0,37233.0,0.0,1.0,N,,,,,For profit - Corporation,77.0,70.9,TRILOGY HEALTHCARE OF BATTLE CREEK LLC,,,THE OAKS AT NORTHPOINTE WOODS,,,,,2019-11-01,1,1,0,0,1,1,0,0
gold_main_v2,control,control_v2,235451,THE OAKS AT NORTHPOINTE WOODS,MI,2020,0,,,,,,,,,,,60.969958525345625,4.0,21.47493087557604,4.0,1,,,,,,,2016.0,2023.0,control_weighted_pseudocohort,5.0,1,0,1,1,1,0,0,0,1.0,1.0,11.0,3.0,9.0,366.0,60.08713569039656,13458.42,79893.04,0.616511875864802,3.6820451475003098,3.79852,3.0,3.0,1.0,1.0,3.0,309.333,7.0,12.0,,0.0,0.0,1.0,1.0,N,,,,,For profit - Corporation,77.0,57.8,TRILOGY HEALTHCARE OF BATTLE CREEK LLC,,,THE OAKS AT NORTHPOINTE WOODS,,,,,2020-11-01,1,1,1,0,1,1,1,0
gold_main_v2,control,control_v2,235451,THE OAKS AT NORTHPOINTE WOODS,MI,2021,0,,,,,,,,,,,60.969958525345625,4.0,21.47493087557604,4.0,1,,,,,,,2016.0,2023.0,control_weighted_pseudocohort,5.0,1,0,1,1,1,0,0,0,1.0,1.0,11.0,3.0,9.0,365.0,52.297921643573815,12830.83,67789.26000000001,0.6849757316626326,3.5927372160333095,3.77787,4.0,4.0,1.0,2.0,2.0,333.000,8.0,7.0,2.0,5.0,128047.25,3.0,8.0,N,,,,,For profit - Corporation,77.0,45.8,TRILOGY HEALTHCARE OF BATTLE CREEK LLC,,,THE OAKS AT NORTHPOINTE WOODS,,,,,2021-11-01,1,1,1,0,1,1,1,0
gold_main_v2,control,control_v2,235451,THE OAKS AT NORTHPOINTE WOODS,MI,2022,0,,,,,,,,,,,60.969958525345625,4.0,21.47493087557604,4.0,1,False,False,False,False,False,False,2016.0,2023.0,control_weighted_pseudocohort,5.0,1,0,1,1,1,1,0,1,1.0,1.0,11.0,3.0,9.0,365.0,61.52954756596061,15427.65,71727.67,0.6836669102355128,3.1885090214656167,3.23928,3.0,,1.0,1.0,4.0,227.667,8.0,4.0,2.0,5.0,123012.5,3.0,8.0,N,,,,,For profit - Corporation,77.0,60.4,"TRILOGY HEALTHCARE OF BATTLE CREEK, LLC",,,THE OAKS AT NORTHPOINTE WOODS,,,,,2022-11-01,1,1,1,0,1,1,1,0
gold_main_v2,control,control_v2,235451,THE OAKS AT NORTHPOINTE WOODS,MI,2023,0,,,,,,,,,,,60.969958525345625,4.0,21.47493087557604,4.0,1,False,False,False,False,False,False,2016.0,2023.0,control_weighted_pseudocohort,5.0,1,1,1,1,1,1,0,1,1.0,1.0,11.0,3.0,9.0,365.0,67.04211127037215,21285.68,91488.68,0.8700421573233483,3.7434467806775578,3.75187,4.0,,2.0,2.0,4.0,134.333,3.0,7.0,1.0,3.0,36465.0,2.0,5.0,N,67.0,46.0,12.0,0.6865671641791045,For profit - Corporation,77.0,67.3,"TRILOGY HEALTHCARE OF BATTLE CREEK, LLC",TRILOGY HEALTH SERVICES,524.0,THE OAKS AT NORTHPOINTE WOODS,MI,,,,2023-11-01,1,1,1,1,1,1,1,1
gold_main_v2,control,control_v2,235451,THE OAKS AT BATTLE CREEK,MI,2024,0,,,,,,,,,,,60.969958525345625,4.0,21.47493087557604,4.0,1,True,True,False,False,True,True,2016.0,2023.0,control_weighted_pseudocohort,5.0,1,1,1,1,1,1,0,1,1.0,1.0,11.0,3.0,9.0,366.0,66.98253105590062,22418.44,89076.98000000001,0.916445819397542,3.643634127975194,3.59833,4.0,,4.0,4.0,4.0,42.000,0.0,5.0,,0.0,0.0,0.0,0.0,N,67.75,35.5,22.5,0.5245829675153644,For profit - Corporation,77.0,66.7,"TRILOGY HEALTHCARE OF BATTLE CREEK, LLC",TRILOGY HEALTH SERVICES,524.0,THE OAKS AT BATTLE CREEK,MI,,,,2024-11-01,1,1,1,1,1,1,1,1
gold_main_v2,control,control_v2,235451,The Oaks at Battle Creek,MI,2025,0,,,,,,,,,,,60.969958525345625,4.0,21.47493087557604,4.0,1,True,True,False,False,True,True,2016.0,2023.0,control_weighted_pseudocohort,5.0,1,1,1,1,1,1,0,1,1.0,1.0,11.0,3.0,9.0,273.0,72.02709118578683,17088.72,73171.12,0.8692771984310917,3.7235529717672655,3.71523,3.0,,3.0,3.0,4.0,57.000,0.0,14.0,,0.0,0.0,0.0,0.0,N,70.0,42.0,25.0,0.6,For profit - Corporation,77.0,72.1,"TRILOGY HEALTHCARE OF BATTLE CREEK, LLC",TRILOGY HEALTH SERVICES,524.0,The Oaks at Battle Creek,MI,,,,2025-11-01,1,1,1,1,1,1,1,1
gold_main_v2,control,control_v2,235451,The Oaks at Battle Creek,MI,2026,0,,,,,,,,,,,60.969958525345625,4.0,21.47493087557604,4.0,1,True,True,False,False,True,True,2016.0,2023.0,control_weighted_pseudocohort,5.0,1,0,0,1,1,1,0,1,1.0,1.0,11.0,3.0,9.0,,,,,,,3.94355,4.0,,3.0,4.0,5.0,57.000,,,,0.0,0.0,0.0,0.0,N,,,,,For profit - Corporation,77.0,71.8,"TRILOGY HEALTHCARE OF BATTLE CREEK, LLC",TRILOGY HEALTH SERVICES,524.0,The Oaks at Battle Creek,MI,,,,2026-03-01,0,1,1,0,0,1,1,0
gold_main_v2,control,control_v2,235735,THE OAKS AT JAMESTOWN,MI,2024,0,,,,,,,,,,,,,,,0,,,,,,,,,,,0,1,0,1,1,0,0,0,1.0,0.0,3.0,2.0,1.0,,,,,,,,,,,,,,0.0,0.0,,0.0,0.0,0.0,0.0,N,4.0,0.0,0.0,0.0,For profit - Limited Liability company,58.0,,Legal Business Name Not Available,,,THE OAKS AT JAMESTOWN,MI,,,,2024-11-01,0,0,0,1,0,0,0,0
gold_main_v2,control,control_v2,235735,The Oaks at Jamestown,MI,2025,0,,,,,,,,,,,,,,,0,True,True,False,False,True,True,,,,,0,1,1,1,1,1,0,1,1.0,0.0,3.0,2.0,1.0,183.0,28.24247491638796,8002.52,26260.68,1.5864508547901772,5.2024967981933905,5.79521,5.0,,5.0,5.0,,0.000,0.0,0.0,,0.0,0.0,0.0,0.0,N,14.333333333333334,4.666666666666667,2.3333333333333335,0.1333333333333333,For profit - Limited Liability company,58.0,23.6,"TRILOGY HEALTHCARE OF HUDSONVILLE, LLC",TRILOGY HEALTH SERVICES,524.0,The Oaks at Jamestown,MI,,,,2025-11-01,1,1,1,1,0,0,0,0
gold_main_v2,control,control_v2,235735,The Oaks at Jamestown,MI,2026,0,,,,,,,,,,,,,,,0,True,True,False,False,True,True,,,,,0,0,0,1,1,1,0,1,1.0,0.0,3.0,2.0,1.0,,,,,,,4.56573,5.0,,5.0,5.0,5.0,0.000,,,,0.0,0.0,0.0,0.0,N,,,,,For profit - Limited Liability company,58.0,32.9,"TRILOGY HEALTHCARE OF HUDSONVILLE, LLC",TRILOGY HEALTH SERVICES,524.0,The Oaks at Jamestown,MI,,,,2026-03-01,0,1,1,0,0,0,0,0
gold_main_v2,control,control_v2,255260,HILLTOP MANOR HEALTH AND REHABILITATION CENTER,MS,2016,0,,,,,,,,,,,78.2759331797235,3.0,9.33208371735791,3.0,0,,,,,,,2016.0,2023.0,control_weighted_pseudocohort,5.0,1,0,0,1,1,0,0,0,1.0,1.0,11.0,3.0,9.0,,,,,,,3.17193,3.0,3.0,3.0,2.0,1.0,25.333,0.0,0.0,,0.0,0.0,0.0,0.0,N,,,,,For profit - Corporation,60.0,57.0,"HILLTOP MISSISSIPPI HEALTHCARE, LLC",,,HILLTOP MANOR HEALTH AND REHABILITATION CENTER,,,,,,0,1,1,0,0,1,1,0
gold_main_v2,control,control_v2,255260,HILLTOP MANOR HEALTH AND REHABILITATION CENTER,MS,2017,0,,,,,,,,,,,78.2759331797235,3.0,9.33208371735791,3.0,0,,,,,,,2016.0,2023.0,control_weighted_pseudocohort,5.0,1,0,1,1,1,0,0,0,1.0,1.0,11.0,3.0,9.0,365.0,55.10022628337846,13569.31,63334.54,0.6746901729982122,3.1500565584084836,3.37982,3.0,3.0,3.0,2.0,1.0,18.000,0.0,0.0,,0.0,0.0,0.0,0.0,N,,,,,For profit - Corporation,60.0,57.0,"HILLTOP MISSISSIPPI HEALTHCARE, LLC",,,HILLTOP MANOR HEALTH AND REHABILITATION CENTER,,,,,2017-12-01,1,1,1,0,1,1,1,0
gold_main_v2,control,control_v2,255260,HILLTOP MANOR HEALTH AND REHABILITATION CENTER,MS,2018,0,,,,,,,,,,,78.2759331797235,3.0,9.33208371735791,3.0,0,,,,,,,2016.0,2023.0,control_weighted_pseudocohort,5.0,1,0,1,1,1,0,0,0,1.0,1.0,11.0,3.0,9.0,365.0,55.833231804427456,15565.15,61683.43,0.7650890239875756,3.027448266287234,2.99781,,4.0,,,,17.600,0.0,0.0,,0.0,0.0,0.0,0.0,N,,,,,For profit - Corporation,60.0,55.4,"HILLTOP MISSISSIPPI HEALTHCARE, LLC",,,HILLTOP MANOR HEALTH AND REHABILITATION CENTER,,,,,2018-12-01,1,1,0,0,1,1,0,0
gold_main_v2,control,control_v2,255260,HILLTOP MANOR HEALTH AND REHABILITATION CENTER,MS,2019,0,,,,,,,,,,,78.2759331797235,3.0,9.33208371735791,3.0,0,,,,,,,2016.0,2023.0,control_weighted_pseudocohort,5.0,1,0,1,1,1,0,0,0,1.0,1.0,11.0,3.0,9.0,365.0,56.033029410203326,18739.49,71049.51000000001,0.9162628903383048,3.476247597227759,3.52358,,4.0,,,,12.000,0.0,1.0,,0.0,0.0,0.0,0.0,N,,,,,For profit - Corporation,60.0,57.1,"HILLTOP MISSISSIPPI HEALTHCARE, LLC",,,HILLTOP MANOR HEALTH AND REHABILITATION CENTER,,,,,2019-11-01,1,1,0,0,1,1,0,0
gold_main_v2,control,control_v2,255260,HILLTOP MANOR HEALTH AND REHABILITATION CENTER,MS,2020,0,,,,,,,,,,,78.2759331797235,3.0,9.33208371735791,3.0,0,,,,,,,2016.0,2023.0,control_weighted_pseudocohort,5.0,1,0,1,1,1,0,0,0,1.0,1.0,11.0,3.0,9.0,366.0,51.215032250358334,21732.72,67855.15,1.169949046476444,3.6431840160836826,3.49796,4.0,5.0,4.0,3.0,1.0,14.000,1.0,1.0,,0.0,0.0,0.0,0.0,N,,,,,For profit - Corporation,60.0,53.4,"HILLTOP MISSISSIPPI HEALTHCARE, LLC",,,HILLTOP MANOR HEALTH AND REHABILITATION CENTER,,,,,2020-11-01,1,1,1,0,1,1,1,0
gold_main_v2,control,control_v2,255260,HILLTOP MANOR HEALTH AND REHABILITATION CENTER,MS,2021,0,,,,,,,,,,,78.2759331797235,3.0,9.33208371735791,3.0,0,,,,,,,2016.0,2023.0,control_weighted_pseudocohort,5.0,1,0,1,1,1,0,0,0,1.0,1.0,11.0,3.0,9.0,365.0,51.30155478579391,18688.67,64689.91,1.007267862259673,3.4661001404822835,3.61261,4.0,5.0,4.0,3.0,1.0,12.000,1.0,1.0,1.0,0.0,0.0,0.0,0.0,N,,,,,For profit - Corporation,60.0,48.5,"HILLTOP MISSISSIPPI HEALTHCARE, LLC",,,HILLTOP MANOR HEALTH AND REHABILITATION CENTER,,,,,2021-11-01,1,1,1,0,1,1,1,0
gold_main_v2,control,control_v2,255260,HILLTOP MANOR HEALTH AND REHABILITATION CENTER,MS,2022,0,,,,,,,,,,,78.2759331797235,3.0,9.33208371735791,3.0,0,False,False,False,False,False,False,2016.0,2023.0,control_weighted_pseudocohort,5.0,1,0,1,1,1,1,0,1,1.0,1.0,11.0,3.0,9.0,365.0,55.37800007963051,20225.53,67014.7,1.0013000648699284,3.3178398034147474,3.34829,3.0,,2.0,2.0,2.0,41.667,0.0,0.0,1.0,1.0,21179.6,0.0,1.0,N,,,,,For profit - Corporation,60.0,55.6,"HILLTOP MISSISSIPPI HEALTHCARE, LLC",,,HILLTOP MANOR HEALTH AND REHABILITATION CENTER,,,,,2022-11-01,1,1,1,0,1,1,1,0
gold_main_v2,control,control_v2,255260,HILLTOP MANOR HEALTH AND REHABILITATION CENTER,MS,2023,0,,,,,,,,,,,78.2759331797235,3.0,9.33208371735791,3.0,0,False,False,False,False,False,False,2016.0,2023.0,control_weighted_pseudocohort,5.0,1,1,1,1,1,1,0,1,1.0,1.0,11.0,3.0,9.0,365.0,56.247602457928544,17181.11,67573.57,0.8376679790853484,3.295430567526579,3.21227,2.0,,1.0,1.0,1.0,58.667,0.0,9.0,1.0,1.0,21179.6,0.0,1.0,N,59.0,46.0,4.0,0.7796610169491526,For profit - Corporation,60.0,56.4,"HILLTOP MISSISSIPPI HEALTHCARE, LLC",CONSULATE HEALTH CARE/INDEPENDENCE LIVING CENTERS/NSPIRE HEALTHCARE/RAYDIANT HEALTH CARE,158.0,HILLTOP MANOR HEALTH AND REHABILITATION CENTER,MS,,,,2023-11-01,1,1,1,1,1,1,1,1
gold_main_v2,control,control_v2,255260,HILLTOP MANOR HEALTH AND REHABILITATION CENTER,MS,2024,0,,,,,,,,,,,78.2759331797235,3.0,9.33208371735791,3.0,0,False,False,False,False,False,False,2016.0,2023.0,control_weighted_pseudocohort,5.0,1,1,1,1,1,1,0,1,1.0,1.0,11.0,3.0,9.0,366.0,55.699474438604874,18093.59,73332.31,0.8867635992973111,3.600512643995166,3.85694,5.0,,2.0,2.0,1.0,58.000,0.0,9.0,,1.0,21179.6,0.0,1.0,N,57.5,44.75,5.0,0.7781419891269588,For profit - Corporation,60.0,54.9,"HILLTOP MISSISSIPPI HEALTHCARE, LLC",CONSULATE HEALTH CARE/INDEPENDENCE LIVING CENTERS/NSPIRE HEALTHCARE/RAYDIANT HEALTH CARE,158.0,HILLTOP MANOR HEALTH AND REHABILITATION CENTER,MS,,,,2024-11-01,1,1,1,1,1,1,1,1
gold_main_v2,control,control_v2,255260,HILLTOP MANOR HEALTH AND REHABILITATION CENTER,MS,2025,0,,,,,,,,,,,78.2759331797235,3.0,9.33208371735791,3.0,0,False,True,True,False,True,True,2016.0,2023.0,control_weighted_pseudocohort,5.0,1,1,1,1,1,1,0,1,1.0,1.0,11.0,3.0,9.0,273.0,54.38788642919078,17390.32,53220.33,1.1722349165469994,3.5865641078765584,3.6131,4.0,,3.0,2.0,1.0,40.000,0.0,12.0,,0.0,0.0,0.0,0.0,N,53.0,41.0,8.0,0.7735849056603774,For profit - Corporation,60.0,54.9,Legal Business Name Not Available,CONSULATE HEALTH CARE/INDEPENDENCE LIVING CENTERS/NSPIRE HEALTHCARE/RAYDIANT HEALTH CARE,158.0,HILLTOP MANOR HEALTH AND REHABILITATION CENTER,MS,,,,2025-11-01,1,1,1,1,1,1,1,1
gold_main_v2,control,control_v2,255260,HILLTOP MANOR HEALTH AND REHABILITATION CENTER,MS,2026,0,,,,,,,,,,,78.2759331797235,3.0,9.33208371735791,3.0,0,False,True,True,False,True,True,2016.0,2023.0,control_weighted_pseudocohort,5.0,1,0,0,1,1,1,0,1,1.0,1.0,11.0,3.0,9.0,,,,,,,3.60339,5.0,,3.0,4.0,2.0,40.000,,,,0.0,0.0,0.0,0.0,N,,,,,For profit - Corporation,60.0,53.2,101 KIRKLAND STREET OPCO LLC,CONSULATE HEALTH CARE/INDEPENDENCE LIVING CENTERS/NSPIRE HEALTHCARE/RAYDIANT HEALTH CARE,158.0,HILLTOP MANOR HEALTH AND REHABILITATION CENTER,MS,,,,2026-03-01,0,1,1,0,0,1,1,0
gold_main_v2,control,control_v2,265158,"NHC HEALTHCARE, DESLOGE",MO,2016,0,,,,,,,,,,,58.92910829493087,4.0,6.277327188940092,4.0,0,,,,,,,2016.0,2023.0,control_weighted_pseudocohort,5.0,1,0,0,1,1,0,0,0,1.0,1.0,11.0,3.0,9.0,,,,,,,4.17216,4.0,4.0,3.0,5.0,5.0,34.667,0.0,1.0,,0.0,0.0,0.0,0.0,N,,,,,For profit - Corporation,120.0,79.0,NHC HEALTHCARE-DESLOGE LLC,,,"NHC HEALTHCARE, DESLOGE",,,,,,0,1,1,0,0,1,1,0
gold_main_v2,control,control_v2,265158,"NHC HEALTHCARE, DESLOGE",MO,2017,0,,,,,,,,,,,58.92910829493087,4.0,6.277327188940092,4.0,0,,,,,,,2016.0,2023.0,control_weighted_pseudocohort,5.0,1,0,1,1,1,0,0,0,1.0,1.0,11.0,3.0,9.0,365.0,81.41916175611827,15185.75,99527.75,0.5122785480039697,3.3552079816326277,3.26145,3.0,3.0,4.0,5.0,5.0,15.333,0.0,2.0,,0.0,0.0,0.0,0.0,N,,,,,For profit - Corporation,120.0,83.0,NHC HEALTHCARE-DESLOGE LLC,,,"NHC HEALTHCARE, DESLOGE",,,,,2017-12-01,1,1,1,0,1,1,1,0
gold_main_v2,control,control_v2,265158,"NHC HEALTHCARE, DESLOGE",MO,2018,0,,,,,,,,,,,58.92910829493087,4.0,6.277327188940092,4.0,0,,,,,,,2016.0,2023.0,control_weighted_pseudocohort,5.0,1,0,1,1,1,0,0,0,1.0,1.0,11.0,3.0,9.0,365.0,81.57495819397994,15073.5,98399.25,0.5070266871144887,3.3131001554429447,3.19973,,3.0,,,,13.600,0.0,2.0,,0.0,0.0,0.0,0.0,N,,,,,For profit - Corporation,120.0,84.4,NHC HEALTHCARE-DESLOGE LLC,,,"NHC HEALTHCARE, DESLOGE",,,,,2018-12-01,1,1,0,0,1,1,0,0
gold_main_v2,control,control_v2,265158,"NHC HEALTHCARE, DESLOGE",MO,2019,0,,,,,,,,,,,58.92910829493087,4.0,6.277327188940092,4.0,0,,,,,,,2016.0,2023.0,control_weighted_pseudocohort,5.0,1,0,1,1,1,0,0,0,1.0,1.0,11.0,3.0,9.0,365.0,75.47467351489091,13363.5,94462.0,0.4848588463075816,3.435904534178185,3.40344,,3.0,,,,31.333,0.0,2.0,,0.0,0.0,0.0,0.0,N,,,,,For profit - Corporation,120.0,77.8,NHC HEALTHCARE-DESLOGE LLC,,,"NHC HEALTHCARE, DESLOGE",,,,,2019-11-01,1,1,0,0,1,1,0,0
gold_main_v2,control,control_v2,265158,"NHC HEALTHCARE, DESLOGE",MO,2020,0,,,,,,,,,,,58.92910829493087,4.0,6.277327188940092,4.0,0,,,,,,,2016.0,2023.0,control_weighted_pseudocohort,5.0,1,0,1,1,1,0,0,0,1.0,1.0,11.0,3.0,9.0,366.0,69.98259077878643,10145.75,85879.25,0.3959457954013619,3.3480678735550597,3.49494,3.0,3.0,4.0,4.0,3.0,28.667,0.0,0.0,,0.0,0.0,0.0,0.0,N,,,,,For profit - Corporation,120.0,73.9,NHC HEALTHCARE-DESLOGE LLC,,,"NHC HEALTHCARE, DESLOGE",,,,,2020-11-01,1,1,1,0,1,1,1,0
gold_main_v2,control,control_v2,265158,"NHC HEALTHCARE, DESLOGE",MO,2021,0,,,,,,,,,,,58.92910829493087,4.0,6.277327188940092,4.0,0,,,,,,,2016.0,2023.0,control_weighted_pseudocohort,5.0,1,0,1,1,1,0,0,0,1.0,1.0,11.0,3.0,9.0,365.0,62.554428783776615,7536.0,71813.12,0.3299762659391124,3.1495162296023125,3.5658,3.0,2.0,4.0,4.0,3.0,30.000,0.0,1.0,1.0,1.0,650.0,0.0,1.0,N,,,,,For profit - Corporation,120.0,61.3,NHC HEALTHCARE-DESLOGE LLC,,,"NHC HEALTHCARE, DESLOGE",,,,,2021-11-01,1,1,1,0,1,1,1,0
gold_main_v2,control,control_v2,265158,"NHC HEALTHCARE, DESLOGE",MO,2022,0,,,,,,,,,,,58.92910829493087,4.0,6.277327188940092,4.0,0,False,False,False,False,False,False,2016.0,2023.0,control_weighted_pseudocohort,5.0,1,0,1,1,1,1,0,1,1.0,1.0,11.0,3.0,9.0,365.0,59.50861535807188,9966.13,69853.99,0.4593911886591785,3.2236012696667973,3.76964,3.0,,4.0,4.0,4.0,29.333,0.0,1.0,1.0,3.0,2962.17,0.0,3.0,N,,,,,For profit - Corporation,120.0,57.7,NHC HEALTHCARE-DESLOGE LLC,,,"NHC HEALTHCARE, DESLOGE",,,,,2022-11-01,1,1,1,0,1,1,1,0
gold_main_v2,control,control_v2,265158,"NHC HEALTHCARE, DESLOGE",MO,2023,0,,,,,,,,,,,58.92910829493087,4.0,6.277327188940092,4.0,0,False,False,False,False,False,False,2016.0,2023.0,control_weighted_pseudocohort,5.0,1,1,1,1,1,1,0,1,1.0,1.0,11.0,3.0,9.0,365.0,60.57207490577056,15086.76,63175.78,0.6914016110372484,2.8767673670974445,2.60853,2.0,,4.0,4.0,3.0,43.333,0.0,0.0,,4.0,17962.17,0.0,4.0,N,61.0,31.0,2.0,0.5081967213114754,For profit - Limited Liability company,120.0,65.9,NHC HEALTHCARE-DESLOGE LLC,NATIONAL HEALTHCARE CORPORATION,364.0,"NHC HEALTHCARE, DESLOGE",MO,,,,2023-11-01,1,1,1,1,1,1,1,1
gold_main_v2,control,control_v2,265158,"NHC HEALTHCARE, DESLOGE",MO,2024,0,,,,,,,,,,,58.92910829493087,4.0,6.277327188940092,4.0,0,False,False,False,False,False,False,2016.0,2023.0,control_weighted_pseudocohort,5.0,1,1,1,1,1,1,0,1,1.0,1.0,11.0,3.0,9.0,366.0,62.66814978499761,17314.5,63631.8,0.7648225691859997,2.794249352396202,2.7727,3.0,,3.0,3.0,2.0,54.000,0.0,0.0,,3.0,17312.17,0.0,3.0,N,62.0,26.0,1.0,0.4193548387096774,For profit - Limited Liability company,120.0,62.6,NHC HEALTHCARE-DESLOGE LLC,NATIONAL HEALTHCARE CORPORATION,364.0,"NHC HEALTHCARE, DESLOGE",MO,,,,2024-11-01,1,1,1,1,1,1,1,1
gold_main_v2,control,control_v2,265158,"NHC HEALTHCARE, DESLOGE",MO,2025,0,,,,,,,,,,,58.92910829493087,4.0,6.277327188940092,4.0,0,False,True,False,True,False,False,2016.0,2023.0,control_weighted_pseudocohort,5.0,1,1,1,1,1,1,0,1,1.0,1.0,11.0,3.0,9.0,273.0,66.81844508148856,11856.75,53194.25,0.6506069216357403,2.92170648820862,3.0011,2.0,,4.0,4.0,2.0,39.000,0.0,4.0,,0.0,0.0,0.0,0.0,N,63.333333333333336,33.333333333333336,0.3333333333333333,0.5252016129032259,For profit - Corporation,120.0,64.8,NHC HEALTHCARE-DESLOGE LLC,NATIONAL HEALTHCARE CORPORATION,364.0,"NHC HEALTHCARE, DESLOGE",MO,,,,2025-11-01,1,1,1,1,1,1,1,1
gold_main_v2,control,control_v2,265158,"NHC HEALTHCARE, DESLOGE",MO,2026,0,,,,,,,,,,,58.92910829493087,4.0,6.277327188940092,4.0,0,False,True,False,True,False,False,2016.0,2023.0,control_weighted_pseudocohort,5.0,1,0,0,1,1,1,0,1,1.0,1.0,11.0,3.0,9.0,,,,,,,3.02341,3.0,,4.0,4.0,2.0,39.000,,,,0.0,0.0,0.0,0.0,N,,,,,For profit - Corporation,120.0,67.1,NHC HEALTHCARE-DESLOGE LLC,NATIONAL HEALTHCARE CORPORATION,364.0,"NHC HEALTHCARE, DESLOGE",MO,,,,2026-03-01,0,1,1,0,0,1,1,0
gold_main_v2,control,control_v2,265168,"NHC HEALTHCARE, KENNETT",MO,2016,0,,,,,,,,,,,73.56493548387097,4.0,13.489504608294933,4.0,0,,,,,,,2016.0,2023.0,control_weighted_pseudocohort,5.0,1,0,0,1,1,0,0,0,1.0,1.0,11.0,3.0,9.0,,,,,,,3.13549,2.0,3.0,2.0,3.0,5.0,45.333,0.0,0.0,,0.0,0.0,0.0,0.0,N,,,,,For profit - Corporation,170.0,124.0,"NHC HEALTHCARE/KENNETT, LLC",,,"NHC HEALTHCARE, KENNETT",,,,,,0,1,1,0,0,1,1,0
gold_main_v2,control,control_v2,265168,"NHC HEALTHCARE, KENNETT",MO,2017,0,,,,,,,,,,,73.56493548387097,4.0,13.489504608294933,4.0,0,,,,,,,2016.0,2023.0,control_weighted_pseudocohort,5.0,1,0,1,1,1,0,0,0,1.0,1.0,11.0,3.0,9.0,365.0,122.46856253649732,20728.75,141787.75,0.4635963665775797,3.179315435613241,3.38297,3.0,3.0,4.0,5.0,5.0,17.333,0.0,0.0,,0.0,0.0,0.0,0.0,N,,,,,For profit - Corporation,170.0,138.0,"NHC HEALTHCARE/KENNETT, LLC",,,"NHC HEALTHCARE, KENNETT",,,,,2017-12-01,1,1,1,0,1,1,1,0
gold_main_v2,control,control_v2,265168,"NHC HEALTHCARE, KENNETT",MO,2018,0,,,,,,,,,,,73.56493548387097,4.0,13.489504608294933,4.0,0,,,,,,,2016.0,2023.0,control_weighted_pseudocohort,5.0,1,0,1,1,1,0,0,0,1.0,1.0,11.0,3.0,9.0,365.0,116.31992222753092,19400.0,126983.0,0.4565858017138966,2.997137723019696,2.84572,,3.0,,,,23.200,0.0,0.0,,0.0,0.0,0.0,0.0,N,,,,,For profit - Corporation,170.0,121.2,"NHC HEALTHCARE/KENNETT, LLC",,,"NHC HEALTHCARE, KENNETT",,,,,2018-12-01,1,1,0,0,1,1,0,0
gold_main_v2,control,control_v2,265168,"NHC HEALTHCARE, KENNETT",MO,2019,0,,,,,,,,,,,73.56493548387097,4.0,13.489504608294933,4.0,0,,,,,,,2016.0,2023.0,control_weighted_pseudocohort,5.0,1,0,1,1,1,0,0,0,1.0,1.0,11.0,3.0,9.0,365.0,108.5281845569889,19506.75,122895.25,0.4940762109091961,3.1053150544176735,3.08698,,3.0,,,,28.000,0.0,0.0,,0.0,0.0,0.0,0.0,N,,,,,For profit - Corporation,170.0,108.5,"NHC HEALTHCARE/KENNETT, LLC",,,"NHC HEALTHCARE, KENNETT",,,,,2019-11-01,1,1,0,0,1,1,0,0
gold_main_v2,control,control_v2,265168,"NHC HEALTHCARE, KENNETT",MO,2020,0,,,,,,,,,,,73.56493548387097,4.0,13.489504608294933,4.0,0,,,,,,,2016.0,2023.0,control_weighted_pseudocohort,5.0,1,0,1,1,1,0,0,0,1.0,1.0,11.0,3.0,9.0,366.0,92.21798853320593,19099.5,110784.75,0.5690758404049183,3.292937363531416,3.23631,3.0,3.0,4.0,4.0,2.0,21.333,0.0,0.0,,0.0,0.0,0.0,0.0,N,,,,,For profit - Corporation,170.0,97.4,"NHC HEALTHCARE/KENNETT, LLC",,,"NHC HEALTHCARE, KENNETT",,,,,2020-11-01,1,1,1,0,1,1,1,0
gold_main_v2,control,control_v2,265168,"NHC HEALTHCARE, KENNETT",MO,2021,0,,,,,,,,,,,73.56493548387097,4.0,13.489504608294933,4.0,0,,,,,,,2016.0,2023.0,control_weighted_pseudocohort,5.0,1,0,1,1,1,0,0,0,1.0,1.0,11.0,3.0,9.0,365.0,79.42986608801826,16342.75,96186.95,0.5662511363743883,3.3261716113976023,3.38235,3.0,3.0,4.0,4.0,2.0,23.333,0.0,1.0,0.0,0.0,0.0,0.0,0.0,N,,,,,For profit - Corporation,170.0,77.8,"NHC HEALTHCARE/KENNETT, LLC",,,"NHC HEALTHCARE, KENNETT",,,,,2021-11-01,1,1,1,0,1,1,1,0
gold_main_v2,control,control_v2,265168,"NHC HEALTHCARE, KENNETT",MO,2022,0,,,,,,,,,,,73.56493548387097,4.0,13.489504608294933,4.0,0,False,False,False,False,False,False,2016.0,2023.0,control_weighted_pseudocohort,5.0,1,0,1,1,1,1,0,1,1.0,1.0,11.0,3.0,9.0,365.0,77.15327281414238,16471.47,95486.97,0.5853174743501671,3.3992895909018643,3.27996,3.0,,5.0,5.0,2.0,14.667,0.0,1.0,0.0,2.0,1649.64,0.0,2.0,N,,,,,For profit - Corporation,170.0,80.6,"NHC HEALTHCARE/KENNETT, LLC",,,"NHC HEALTHCARE, KENNETT",,,,,2022-11-01,1,1,1,0,1,1,1,0
gold_main_v2,control,control_v2,265168,"NHC HEALTHCARE, KENNETT",MO,2023,0,,,,,,,,,,,73.56493548387097,4.0,13.489504608294933,4.0,0,False,False,False,False,False,False,2016.0,2023.0,control_weighted_pseudocohort,5.0,1,1,1,1,1,1,0,1,1.0,1.0,11.0,3.0,9.0,365.0,85.6336783988958,18685.5,102427.25,0.5982777644257302,3.282346810031767,3.46819,4.0,,5.0,5.0,3.0,14.000,0.0,1.0,0.0,2.0,1649.64,0.0,2.0,N,74.0,50.0,14.0,0.6756756756756757,For profit - Corporation,170.0,82.6,"NHC HEALTHCARE/KENNETT, LLC",NATIONAL HEALTHCARE CORPORATION,364.0,"NHC HEALTHCARE, KENNETT",MO,,,,2023-11-01,1,1,1,1,1,1,1,1
gold_main_v2,control,control_v2,265168,"NHC HEALTHCARE, KENNETT",MO,2024,0,,,,,,,,,,,73.56493548387097,4.0,13.489504608294933,4.0,0,False,False,False,False,False,False,2016.0,2023.0,control_weighted_pseudocohort,5.0,1,1,1,1,1,1,0,1,1.0,1.0,11.0,3.0,9.0,366.0,89.64533564261825,18135.5,116954.25,0.5546796085506568,3.5624330069846373,3.52616,4.0,,5.0,5.0,2.0,20.667,0.0,0.0,,2.0,1649.64,0.0,2.0,N,83.0,61.0,10.0,0.7349397590361446,For profit - Limited Liability company,170.0,88.9,"NHC HEALTHCARE/KENNETT, LLC",NATIONAL HEALTHCARE CORPORATION,364.0,"NHC HEALTHCARE, KENNETT",MO,,,,2024-11-01,1,1,1,1,1,1,1,1
gold_main_v2,control,control_v2,265168,"NHC HEALTHCARE, KENNETT",MO,2025,0,,,,,,,,,,,73.56493548387097,4.0,13.489504608294933,4.0,0,False,True,False,True,False,False,2016.0,2023.0,control_weighted_pseudocohort,5.0,1,1,1,1,1,1,0,1,1.0,1.0,11.0,3.0,9.0,273.0,91.94202721594026,12627.75,93241.75,0.5034820449130427,3.720326842939111,3.79444,3.0,,5.0,5.0,3.0,23.000,0.0,0.0,,0.0,0.0,0.0,0.0,N,93.0,61.0,7.333333333333333,0.6599459060732727,For profit - Corporation,170.0,92.0,"NHC HEALTHCARE/KENNETT, LLC",NATIONAL HEALTHCARE CORPORATION,364.0,"NHC HEALTHCARE, KENNETT",MO,,,,2025-11-01,1,1,1,1,1,1,1,1
gold_main_v2,control,control_v2,265168,"NHC HEALTHCARE, KENNETT",MO,2026,0,,,,,,,,,,,73.56493548387097,4.0,13.489504608294933,4.0,0,False,True,False,True,False,False,2016.0,2023.0,control_weighted_pseudocohort,5.0,1,0,0,1,1,1,0,1,1.0,1.0,11.0,3.0,9.0,,,,,,,3.59294,3.0,,5.0,5.0,3.0,23.000,,,,0.0,0.0,0.0,0.0,N,,,,,For profit - Corporation,170.0,92.3,"NHC HEALTHCARE/KENNETT, LLC",NATIONAL HEALTHCARE CORPORATION,364.0,"NHC HEALTHCARE, KENNETT",MO,,,,2026-03-01,0,1,1,0,0,1,1,0
gold_main_v2,control,control_v2,265175,"NHC HEALTHCARE, JOPLIN",MO,2016,0,,,,,,,,,,,62.1785806451613,4.0,7.528490783410138,4.0,0,,,,,,,2016.0,2023.0,control_weighted_pseudocohort,5.0,1,0,0,1,1,0,0,0,1.0,1.0,11.0,3.0,9.0,,,,,,,3.61407,3.0,3.0,2.0,3.0,5.0,47.333,0.0,3.0,,0.0,0.0,0.0,0.0,N,,,,,For profit - Corporation,126.0,96.0,NHC HEALTHCARE-JOPLIN LLC,,,"NHC HEALTHCARE, JOPLIN",,,,,,0,1,1,0,0,1,1,0
gold_main_v2,control,control_v2,265175,"NHC HEALTHCARE, JOPLIN",MO,2017,0,,,,,,,,,,,62.1785806451613,4.0,7.528490783410138,4.0,0,,,,,,,2016.0,2023.0,control_weighted_pseudocohort,5.0,1,0,1,1,1,0,0,0,1.0,1.0,11.0,3.0,9.0,365.0,93.61904629187238,7218.75,112912.5,0.2116019563850989,3.3113485173536894,3.51022,3.0,2.0,3.0,4.0,5.0,30.667,0.0,1.0,,1.0,77365.0,0.0,1.0,N,,,,,For profit - Corporation,126.0,93.0,NHC HEALTHCARE-JOPLIN LLC,,,"NHC HEALTHCARE, JOPLIN",,,,,2017-12-01,1,1,1,0,1,1,1,0
gold_main_v2,control,control_v2,265175,"NHC HEALTHCARE, JOPLIN",MO,2018,0,,,,,,,,,,,62.1785806451613,4.0,7.528490783410138,4.0,0,,,,,,,2016.0,2023.0,control_weighted_pseudocohort,5.0,1,0,1,1,1,0,0,0,1.0,1.0,11.0,3.0,9.0,365.0,94.88838721664808,9490.25,114326.25,0.2743159662062037,3.3067021567898944,3.37812,,2.0,,,,38.400,1.0,1.0,,2.0,84515.0,0.0,2.0,N,,,,,For profit - Corporation,126.0,95.6,NHC HEALTHCARE-JOPLIN LLC,,,"NHC HEALTHCARE, JOPLIN",,,,,2018-12-01,1,1,0,0,1,1,0,0
gold_main_v2,control,control_v2,265175,"NHC HEALTHCARE, JOPLIN",MO,2019,0,,,,,,,,,,,62.1785806451613,4.0,7.528490783410138,4.0,0,,,,,,,2016.0,2023.0,control_weighted_pseudocohort,5.0,1,0,1,1,1,0,0,0,1.0,1.0,11.0,3.0,9.0,365.0,80.67288580984234,9375.75,105054.25,0.3190026969637823,3.5855542270034237,3.71242,,2.0,,,,42.000,1.0,4.0,,3.0,169743.0,1.0,4.0,N,,,,,For profit - Corporation,126.0,79.0,NHC HEALTHCARE-JOPLIN LLC,,,"NHC HEALTHCARE, JOPLIN",,,,,2019-11-01,1,1,0,0,1,1,0,0
gold_main_v2,control,control_v2,265175,"NHC HEALTHCARE, JOPLIN",MO,2020,0,,,,,,,,,,,62.1785806451613,4.0,7.528490783410138,4.0,0,,,,,,,2016.0,2023.0,control_weighted_pseudocohort,5.0,1,0,1,1,1,0,0,0,1.0,1.0,11.0,3.0,9.0,366.0,77.56515766841854,10093.5,109370.0,0.3548823436347575,3.866524500714126,3.93214,3.0,2.0,2.0,1.0,1.0,78.333,1.0,5.0,,1.0,85228.0,1.0,2.0,N,,,,,For profit - Corporation,126.0,80.2,NHC HEALTHCARE-JOPLIN LLC,,,"NHC HEALTHCARE, JOPLIN",,,,,2020-11-01,1,1,1,0,1,1,1,0
gold_main_v2,control,control_v2,265175,"NHC HEALTHCARE, JOPLIN",MO,2021,0,,,,,,,,,,,62.1785806451613,4.0,7.528490783410138,4.0,0,,,,,,,2016.0,2023.0,control_weighted_pseudocohort,5.0,1,0,1,1,1,0,0,0,1.0,1.0,11.0,3.0,9.0,365.0,85.56980875404788,9923.25,94687.62,0.3185727701414804,3.0380695785932748,3.09586,2.0,2.0,2.0,1.0,1.0,63.833,1.0,5.0,1.0,4.0,115058.0,1.0,5.0,N,,,,,For profit - Corporation,126.0,86.9,NHC HEALTHCARE-JOPLIN LLC,,,"NHC HEALTHCARE, JOPLIN",,,,,2021-11-01,1,1,1,0,1,1,1,0
gold_main_v2,control,control_v2,265175,"NHC HEALTHCARE, JOPLIN",MO,2022,0,,,,,,,,,,,62.1785806451613,4.0,7.528490783410138,4.0,0,False,False,False,False,False,False,2016.0,2023.0,control_weighted_pseudocohort,5.0,1,0,1,1,1,1,0,1,1.0,1.0,11.0,3.0,9.0,365.0,81.64988851727982,7431.0,83173.53,0.2493634312135715,2.79801197304739,2.66344,1.0,,3.0,2.0,3.0,50.000,1.0,22.0,1.0,4.0,30816.7,0.0,4.0,N,,,,,For profit - Corporation,126.0,83.7,NHC HEALTHCARE-JOPLIN LLC,,,"NHC HEALTHCARE, JOPLIN",,,,,2022-11-01,1,1,1,0,1,1,1,0
gold_main_v2,control,control_v2,265175,"NHC HEALTHCARE, JOPLIN",MO,2023,0,,,,,,,,,,,62.1785806451613,4.0,7.528490783410138,4.0,0,False,False,False,False,False,False,2016.0,2023.0,control_weighted_pseudocohort,5.0,1,1,1,1,1,1,0,1,1.0,1.0,11.0,3.0,9.0,365.0,76.15811833094442,13503.75,82742.28,0.484399268738386,2.9875948613616043,2.84498,2.0,,2.0,2.0,2.0,57.333,3.0,17.0,0.0,3.0,6636.7,0.0,3.0,N,70.0,42.0,4.0,0.6,For profit - Corporation,126.0,80.1,NHC HEALTHCARE-JOPLIN LLC,NATIONAL HEALTHCARE CORPORATION,364.0,"NHC HEALTHCARE, JOPLIN",MO,,,,2023-11-01,1,1,1,1,1,1,1,1
gold_main_v2,control,control_v2,265175,"NHC HEALTHCARE, JOPLIN",MO,2024,0,,,,,,,,,,,62.1785806451613,4.0,7.528490783410138,4.0,0,False,False,False,False,False,False,2016.0,2023.0,control_weighted_pseudocohort,5.0,1,1,1,1,1,1,0,1,1.0,1.0,11.0,3.0,9.0,366.0,72.6766005733397,10317.0,79424.75,0.3875362647183461,2.9928784744940167,2.87606,1.0,,3.0,1.0,1.0,53.333,3.0,3.0,,1.0,986.7,0.0,1.0,N,70.0,42.0,4.0,0.6,For profit - Corporation,124.0,71.4,NHC HEALTHCARE-JOPLIN LLC,NATIONAL HEALTHCARE CORPORATION,364.0,"NHC HEALTHCARE, JOPLIN",MO,,,,2024-11-01,1,1,1,1,1,1,1,1
gold_main_v2,control,control_v2,265175,"NHC HEALTHCARE, JOPLIN",MO,2025,0,,,,,,,,,,,62.1785806451613,4.0,7.528490783410138,4.0,0,False,True,False,True,False,False,2016.0,2023.0,control_weighted_pseudocohort,5.0,1,1,1,1,1,1,0,1,1.0,1.0,11.0,3.0,9.0,273.0,80.96996425474687,9825.5,70165.25,0.4460524528181679,3.1809858171377705,3.23231,3.0,,3.0,3.0,3.0,57.000,2.0,25.0,,0.0,0.0,0.0,0.0,N,70.0,42.0,4.0,0.6,For profit - Corporation,124.0,81.1,NHC HEALTHCARE-JOPLIN LLC,NATIONAL HEALTHCARE CORPORATION,364.0,"NHC HEALTHCARE, JOPLIN",MO,,,,2025-11-01,1,1,1,1,1,1,1,1
gold_main_v2,control,control_v2,265175,"NHC HEALTHCARE, JOPLIN",MO,2026,0,,,,,,,,,,,62.1785806451613,4.0,7.528490783410138,4.0,0,False,True,False,True,False,False,2016.0,2023.0,control_weighted_pseudocohort,5.0,1,0,0,1,1,1,0,1,1.0,1.0,11.0,3.0,9.0,,,,,,,3.1224,2.0,,3.0,3.0,4.0,57.000,,,,0.0,0.0,0.0,0.0,N,,,,,For profit - Limited Liability company,124.0,82.0,NHC HEALTHCARE-JOPLIN LLC,NATIONAL HEALTHCARE CORPORATION,364.0,"NHC HEALTHCARE, JOPLIN",MO,,,,2026-03-01,0,1,1,0,0,1,1,0
gold_main_v2,control,control_v2,265318,"NHC HEALTHCARE, MARYLAND HEIGHTS",MO,2016,0,,,,,,,,,,,62.00212442396314,4.0,6.725645161290323,4.0,0,,,,,,,2016.0,2023.0,control_weighted_pseudocohort,5.0,1,0,0,1,1,0,0,0,1.0,1.0,11.0,3.0,9.0,,,,,,,3.51025,3.0,3.0,4.0,5.0,5.0,25.333,0.0,0.0,,0.0,0.0,0.0,0.0,N,,,,,For profit - Corporation,220.0,200.0,NHC HEALTHCARE-MARYLAND HEIGHTS LLC,,,"NHC HEALTHCARE, MARYLAND HEIGHTS",,,,,,0,1,1,0,0,1,1,0
gold_main_v2,control,control_v2,265318,"NHC HEALTHCARE, MARYLAND HEIGHTS",MO,2017,0,,,,,,,,,,,62.00212442396314,4.0,6.725645161290323,4.0,0,,,,,,,2016.0,2023.0,control_weighted_pseudocohort,5.0,1,0,1,1,1,0,0,0,1.0,1.0,11.0,3.0,9.0,365.0,190.01027100918407,27440.75,228019.25,0.3955974238639297,3.2894716717825045,3.3275,3.0,3.0,4.0,5.0,5.0,28.667,0.0,1.0,,0.0,0.0,0.0,0.0,N,,,,,For profit - Corporation,220.0,189.0,NHC HEALTHCARE-MARYLAND HEIGHTS LLC,,,"NHC HEALTHCARE, MARYLAND HEIGHTS",,,,,2017-12-01,1,1,1,0,1,1,1,0
gold_main_v2,control,control_v2,265318,"NHC HEALTHCARE, MARYLAND HEIGHTS",MO,2018,0,,,,,,,,,,,62.00212442396314,4.0,6.725645161290323,4.0,0,,,,,,,2016.0,2023.0,control_weighted_pseudocohort,5.0,1,0,1,1,1,0,0,0,1.0,1.0,11.0,3.0,9.0,365.0,191.7550724637681,27709.0,221043.25,0.3961902109974362,3.1593975661809264,3.17783,,3.0,,,,28.800,0.0,3.0,,0.0,0.0,0.0,0.0,N,,,,,For profit - Corporation,220.0,188.0,NHC HEALTHCARE-MARYLAND HEIGHTS LLC,,,"NHC HEALTHCARE, MARYLAND HEIGHTS",,,,,2018-12-01,1,1,0,0,1,1,0,0
gold_main_v2,control,control_v2,265318,"NHC HEALTHCARE, MARYLAND HEIGHTS",MO,2019,0,,,,,,,,,,,62.00212442396314,4.0,6.725645161290323,4.0,0,,,,,,,2016.0,2023.0,control_weighted_pseudocohort,5.0,1,0,1,1,1,0,0,0,1.0,1.0,11.0,3.0,9.0,365.0,193.82555011413703,29269.25,225911.5,0.4138284118820268,3.193309879418561,3.1879,,3.0,,,,22.667,0.0,2.0,,0.0,0.0,0.0,0.0,N,,,,,For profit - Corporation,220.0,192.8,NHC HEALTHCARE-MARYLAND HEIGHTS LLC,,,"NHC HEALTHCARE, MARYLAND HEIGHTS",,,,,2019-11-01,1,1,0,0,1,1,0,0
gold_main_v2,control,control_v2,265318,"NHC HEALTHCARE, MARYLAND HEIGHTS",MO,2020,0,,,,,,,,,,,62.00212442396314,4.0,6.725645161290323,4.0,0,,,,,,,2016.0,2023.0,control_weighted_pseudocohort,5.0,1,0,1,1,1,0,0,0,1.0,1.0,11.0,3.0,9.0,366.0,167.09869206880077,33201.75,210981.75,0.5531544896361731,3.47111050591162,3.51407,4.0,4.0,4.0,4.0,4.0,22.667,0.0,2.0,,0.0,0.0,0.0,0.0,N,,,,,For profit - Corporation,220.0,167.0,NHC HEALTHCARE-MARYLAND HEIGHTS LLC,,,"NHC HEALTHCARE, MARYLAND HEIGHTS",,,,,2020-11-01,1,1,1,0,1,1,1,0
gold_main_v2,control,control_v2,265318,"NHC HEALTHCARE, MARYLAND HEIGHTS",MO,2021,0,,,,,,,,,,,62.00212442396314,4.0,6.725645161290323,4.0,0,,,,,,,2016.0,2023.0,control_weighted_pseudocohort,5.0,1,0,1,1,1,0,0,0,1.0,1.0,11.0,3.0,9.0,365.0,173.07451956256304,28848.15,207956.78,0.4580643896921669,3.292385536359779,3.04892,3.0,3.0,4.0,4.0,3.0,24.000,0.0,0.0,1.0,0.0,0.0,0.0,0.0,N,,,,,For profit - Corporation,220.0,177.9,NHC HEALTHCARE-MARYLAND HEIGHTS LLC,,,"NHC HEALTHCARE, MARYLAND HEIGHTS",,,,,2021-11-01,1,1,1,0,1,1,1,0
gold_main_v2,control,control_v2,265318,"NHC HEALTHCARE, MARYLAND HEIGHTS",MO,2022,0,,,,,,,,,,,62.00212442396314,4.0,6.725645161290323,4.0,0,False,False,False,False,False,False,2016.0,2023.0,control_weighted_pseudocohort,5.0,1,0,1,1,1,1,0,1,1.0,1.0,11.0,3.0,9.0,365.0,188.92787864309605,28439.52,222151.72,0.4128924554965669,3.2239615698174644,3.24596,3.0,,4.0,4.0,3.0,23.333,0.0,0.0,1.0,0.0,0.0,0.0,0.0,N,,,,,For profit - Corporation,220.0,190.7,NHC HEALTHCARE-MARYLAND HEIGHTS LLC,,,"NHC HEALTHCARE, MARYLAND HEIGHTS",,,,,2022-11-01,1,1,1,0,1,1,1,0
gold_main_v2,control,control_v2,265318,"NHC HEALTHCARE, MARYLAND HEIGHTS",MO,2023,0,,,,,,,,,,,62.00212442396314,4.0,6.725645161290323,4.0,0,False,False,False,False,False,False,2016.0,2023.0,control_weighted_pseudocohort,5.0,1,1,1,1,1,1,0,1,1.0,1.0,11.0,3.0,9.0,365.0,196.15170409300845,26967.17,232374.5,0.3767908108720518,3.247546173046444,3.19692,3.0,,5.0,5.0,4.0,23.333,0.0,2.0,0.0,0.0,0.0,0.0,0.0,N,190.0,143.0,7.0,0.7526315789473684,For profit - Corporation,220.0,199.6,NHC HEALTHCARE-MARYLAND HEIGHTS LLC,NATIONAL HEALTHCARE CORPORATION,364.0,"NHC HEALTHCARE, MARYLAND HEIGHTS",MO,,,,2023-11-01,1,1,1,1,1,1,1,1
gold_main_v2,control,control_v2,265318,"NHC HEALTHCARE, MARYLAND HEIGHTS",MO,2024,0,,,,,,,,,,,62.00212442396314,4.0,6.725645161290323,4.0,0,False,False,False,False,False,False,2016.0,2023.0,control_weighted_pseudocohort,5.0,1,1,1,1,1,1,0,1,1.0,1.0,11.0,3.0,9.0,366.0,192.5697563306259,35707.78,240601.39,0.5068075172394245,3.4168967283477283,3.47825,4.0,,4.0,4.0,4.0,33.333,0.0,2.0,0.0,0.0,0.0,0.0,0.0,N,190.75,127.25,10.75,0.6672154863598787,For profit - Limited Liability company,220.0,191.0,NHC HEALTHCARE-MARYLAND HEIGHTS LLC,NATIONAL HEALTHCARE CORPORATION,364.0,"NHC HEALTHCARE, MARYLAND HEIGHTS",MO,,,,2024-11-01,1,1,1,1,1,1,1,1
gold_main_v2,control,control_v2,265318,"NHC HEALTHCARE, MARYLAND HEIGHTS",MO,2025,0,,,,,,,,,,,62.00212442396314,4.0,6.725645161290323,4.0,0,False,True,False,True,False,False,2016.0,2023.0,control_weighted_pseudocohort,5.0,1,1,1,1,1,1,0,1,1.0,1.0,11.0,3.0,9.0,273.0,198.0404080621472,27079.75,177031.75,0.5009681519064751,3.2750923167854573,,1.0,,4.0,3.0,4.0,36.000,0.0,55.0,0.0,0.0,0.0,0.0,0.0,N,191.0,122.0,12.0,0.6387434554973822,For profit - Limited Liability company,220.0,198.3,NHC HEALTHCARE-MARYLAND HEIGHTS LLC,NATIONAL HEALTHCARE CORPORATION,364.0,"NHC HEALTHCARE, MARYLAND HEIGHTS",MO,,,,2025-11-01,1,0,1,1,1,0,1,1
gold_main_v2,control,control_v2,265318,"NHC HEALTHCARE, MARYLAND HEIGHTS",MO,2026,0,,,,,,,,,,,62.00212442396314,4.0,6.725645161290323,4.0,0,False,True,False,True,False,False,2016.0,2023.0,control_weighted_pseudocohort,5.0,1,0,0,1,1,1,0,1,1.0,1.0,11.0,3.0,9.0,,,,,,,3.24999,4.0,,4.0,4.0,4.0,36.000,,,0.0,0.0,0.0,0.0,0.0,N,,,,,For profit - Limited Liability company,220.0,199.4,NHC HEALTHCARE-MARYLAND HEIGHTS LLC,NATIONAL HEALTHCARE CORPORATION,364.0,"NHC HEALTHCARE, MARYLAND HEIGHTS",MO,,,,2026-03-01,0,1,1,0,0,1,1,0
gold_main_v2,control,control_v2,295096,,NV,2016,0,,,,,,,,,,,0.0,2.0,70.45739999999999,2.0,1,,,,,,,2019.0,2023.0,control_weighted_pseudocohort,4.0,1,0,0,0,0,0,0,0,1.0,1.0,11.0,3.0,9.0,,,,,,,,,,,,,,,,,,,,,,,,,,,,,,,,,,,,,,0,0,0,0,0,0,0,0
gold_main_v2,control,control_v2,295096,ADVANCED HEALTH CARE OF RENO,NV,2017,0,,,,,,,,,,,0.0,2.0,70.45739999999999,2.0,1,,,,,,,2019.0,2023.0,control_weighted_pseudocohort,4.0,1,0,1,1,1,0,0,0,1.0,1.0,11.0,3.0,9.0,365.0,42.34970072198333,23755.01,79950.66,1.5484206766966515,5.1914583309053945,6.23171,5.0,5.0,5.0,5.0,3.0,11.200,0.0,0.0,,0.0,0.0,0.0,0.0,N,,,,,For profit - Corporation,42.0,41.0,"AHC OF RENO, LLC",,,ADVANCED HEALTH CARE OF RENO,,,,,2017-12-01,1,1,1,0,1,1,1,0
gold_main_v2,control,control_v2,295096,ADVANCED HEALTH CARE OF RENO,NV,2018,0,,,,,,,,,,,0.0,2.0,70.45739999999999,2.0,1,,,,,,,2019.0,2023.0,control_weighted_pseudocohort,4.0,1,0,1,1,1,0,0,0,1.0,1.0,11.0,3.0,9.0,365.0,44.136787970483624,18630.14,75907.43000000001,1.1586236377940695,4.728542852360091,4.9609,,4.0,,,,11.200,0.0,0.0,,0.0,0.0,0.0,0.0,N,,,,,For profit - Corporation,42.0,42.6,"AHC OF RENO, LLC",,,ADVANCED HEALTH CARE OF RENO,,,,,2018-12-01,1,1,0,0,1,1,0,0
gold_main_v2,control,control_v2,295096,ADVANCED HEALTH CARE OF RENO,NV,2019,0,,,,,,,,,,,0.0,2.0,70.45739999999999,2.0,1,,,,,,,2019.0,2023.0,control_weighted_pseudocohort,4.0,1,0,1,1,1,0,0,0,1.0,1.0,11.0,3.0,9.0,365.0,41.747378828900565,20751.25,72621.0,1.363078992136378,4.768406385844873,4.79794,,3.0,,,,27.333,0.0,1.0,,0.0,0.0,0.0,0.0,N,,,,,For profit - Limited Liability company,42.0,41.8,"AHC OF RENO, LLC",,,ADVANCED HEALTH CARE OF RENO,,,,,2019-11-01,1,1,0,0,1,1,0,0
gold_main_v2,control,control_v2,295096,ADVANCED HEALTH CARE OF RENO,NV,2020,0,,,,,,,,,,,0.0,2.0,70.45739999999999,2.0,1,,,,,,,2019.0,2023.0,control_weighted_pseudocohort,4.0,1,0,1,1,1,0,0,0,1.0,1.0,11.0,3.0,9.0,366.0,41.81441113234592,20858.37,68693.98,1.36313154070695,4.489268809373885,4.51424,4.0,4.0,5.0,5.0,5.0,29.333,2.0,1.0,,0.0,0.0,0.0,0.0,N,,,,,For profit - Limited Liability company,42.0,41.8,"AHC OF RENO, LLC",,,ADVANCED HEALTH CARE OF RENO,,,,,2020-11-01,1,1,1,0,1,1,1,0
gold_main_v2,control,control_v2,295096,ADVANCED HEALTH CARE OF RENO,NV,2021,0,,,,,,,,,,,0.0,2.0,70.45739999999999,2.0,1,,,,,,,2019.0,2023.0,control_weighted_pseudocohort,4.0,1,0,1,1,1,0,0,0,1.0,1.0,11.0,3.0,9.0,365.0,40.03391928120189,20573.62,64526.42,1.426983223515498,4.496748140156463,4.17235,4.0,4.0,3.0,5.0,5.0,64.000,2.0,0.0,1.0,1.0,650.0,0.0,1.0,N,,,,,For profit - Limited Liability company,42.0,41.6,"AHC OF RENO, LLC",,,ADVANCED HEALTH CARE OF RENO,,,,,2021-11-01,1,1,1,0,1,1,1,0
gold_main_v2,control,control_v2,295096,ADVANCED HEALTH CARE OF RENO,NV,2022,0,,,,,,,,,,,0.0,2.0,70.45739999999999,2.0,1,False,False,False,False,False,False,2019.0,2023.0,control_weighted_pseudocohort,4.0,1,0,1,1,1,1,0,1,1.0,1.0,11.0,3.0,9.0,365.0,41.67947921643574,17453.89,66591.98,1.1481903373461857,4.380744743295402,4.32244,3.0,,4.0,4.0,4.0,54.667,2.0,1.0,1.0,4.0,266180.0,1.0,5.0,N,,,,,For profit - Limited Liability company,42.0,41.6,"AHC OF RENO, LLC",,,ADVANCED HEALTH CARE OF RENO,,,,,2022-11-01,1,1,1,0,1,1,1,0
gold_main_v2,control,control_v2,295096,ADVANCED HEALTH CARE OF RENO,NV,2023,0,,,,,,,,,,,0.0,2.0,70.45739999999999,2.0,1,False,False,False,False,False,False,2019.0,2023.0,control_weighted_pseudocohort,4.0,1,1,1,1,1,1,0,1,1.0,1.0,11.0,3.0,9.0,365.0,41.88717882359187,19088.86,74395.2,1.2495733120902413,4.8689013741903935,4.9602,4.0,,4.0,5.0,5.0,33.333,0.0,2.0,,4.0,263073.75,1.0,5.0,N,42.0,0.0,42.0,0.0,For profit - Limited Liability company,42.0,41.6,"AHC OF RENO, LLC",ADVANCED HEALTH CARE,11.0,ADVANCED HEALTH CARE OF RENO,NV,,,,2023-11-01,1,1,1,1,1,1,1,1
gold_main_v2,control,control_v2,295096,ADVANCED HEALTH CARE OF RENO,NV,2024,0,,,,,,,,,,,0.0,2.0,70.45739999999999,2.0,1,False,False,False,False,False,False,2019.0,2023.0,control_weighted_pseudocohort,4.0,1,1,1,1,1,1,0,1,1.0,1.0,11.0,3.0,9.0,366.0,41.732322025800286,15553.19,75640.23999999999,1.017980323322067,4.952827968456054,4.98145,4.0,,4.0,5.0,5.0,28.000,0.0,2.0,,1.0,975.0,0.0,1.0,N,41.25,0.0,41.0,0.0,For profit - Limited Liability company,42.0,41.8,"AHC OF RENO, LLC",ADVANCED HEALTH CARE,11.0,ADVANCED HEALTH CARE OF RENO,NV,,,,2024-11-01,1,1,1,1,1,1,1,1
gold_main_v2,control,control_v2,295096,ADVANCED HEALTH CARE OF RENO,NV,2025,0,,,,,,,,,,,0.0,2.0,70.45739999999999,2.0,1,False,True,True,False,True,False,2019.0,2023.0,control_weighted_pseudocohort,4.0,1,1,1,1,1,1,0,1,1.0,1.0,11.0,3.0,9.0,273.0,41.260123692732385,13934.07,57780.869999999995,1.2398111391738211,5.136741407519932,4.98809,4.0,,5.0,5.0,5.0,18.000,1.0,15.0,,0.0,0.0,0.0,0.0,N,39.0,0.0,38.0,0.0,For profit - Limited Liability company,42.0,41.5,"AHC OF RENO, LLC",ADVANCED HEALTH CARE,11.0,ADVANCED HEALTH CARE OF RENO,NV,,,,2025-11-01,1,1,1,1,1,1,1,1
gold_main_v2,control,control_v2,295096,ADVANCED HEALTH CARE OF RENO,NV,2026,0,,,,,,,,,,,0.0,2.0,70.45739999999999,2.0,1,False,True,True,False,True,False,2019.0,2023.0,control_weighted_pseudocohort,4.0,1,0,0,1,1,1,0,1,1.0,1.0,11.0,3.0,9.0,,,,,,,5.31199,4.0,,4.0,5.0,5.0,24.000,,,,0.0,0.0,0.0,0.0,N,,,,,For profit - Limited Liability company,42.0,40.6,"AHC OF RENO, LLC",ADVANCED HEALTH CARE,11.0,ADVANCED HEALTH CARE OF RENO,NV,,,,2026-03-01,0,1,1,0,0,1,1,0
gold_main_v2,control,control_v2,315010,ELMORA HILLS HEALTH & REHABILITATION CENTER,NJ,2016,0,,,,,,,,,,,69.88629032258065,4.0,16.934949308755762,4.0,0,,,,,,,2016.0,2023.0,control_weighted_pseudocohort,5.0,1,0,0,1,1,0,0,0,1.0,1.0,11.0,3.0,9.0,,,,,,,3.81869,3.0,3.0,4.0,5.0,5.0,11.333,0.0,0.0,,0.0,0.0,0.0,0.0,N,,,,,For profit - Corporation,200.0,190.0,"ELMORA HILLS HEALTH & REHABILITATION CENTER,LLC",,,ELMORA HILLS HEALTH & REHABILITATION CENTER,,,,,,0,1,1,0,0,1,1,0
gold_main_v2,control,control_v2,315010,ELMORA HILLS HEALTH & REHABILITATION CENTER,NJ,2017,0,,,,,,,,,,,69.88629032258065,4.0,16.934949308755762,4.0,0,,,,,,,2016.0,2023.0,control_weighted_pseudocohort,5.0,1,0,1,1,1,0,0,0,1.0,1.0,11.0,3.0,9.0,365.0,183.1894894356851,34468.43,247532.6,0.5154896873919226,3.707246128566561,4.01348,3.0,3.0,4.0,5.0,5.0,7.333,0.0,0.0,,0.0,0.0,0.0,0.0,N,,,,,For profit - Partnership,200.0,178.0,"ELMORA HILLS HEALTH & REHABILITATION CENTER,LLC",,,ELMORA HILLS HEALTH & REHABILITATION CENTER,,,,,2017-12-01,1,1,1,0,1,1,1,0
gold_main_v2,control,control_v2,315010,ELMORA HILLS HEALTH & REHABILITATION CENTER,NJ,2018,0,,,,,,,,,,,69.88629032258065,4.0,16.934949308755762,4.0,0,,,,,,,2016.0,2023.0,control_weighted_pseudocohort,5.0,1,0,1,1,1,0,0,0,1.0,1.0,11.0,3.0,9.0,365.0,179.64365013006318,33263.25,249913.5,0.5075050945530337,3.814791515868684,3.82557,,3.0,,,,7.200,0.0,0.0,,0.0,0.0,0.0,0.0,N,,,,,For profit - Partnership,200.0,179.3,"ELMORA HILLS HEALTH & REHABILITATION CENTER,LLC",,,ELMORA HILLS HEALTH & REHABILITATION CENTER,,,,,2018-12-01,1,1,0,0,1,1,0,0
gold_main_v2,control,control_v2,315010,ELMORA HILLS HEALTH & REHABILITATION CENTER,NJ,2019,0,,,,,,,,,,,69.88629032258065,4.0,16.934949308755762,4.0,0,,,,,,,2016.0,2023.0,control_weighted_pseudocohort,5.0,1,0,1,1,1,0,0,0,1.0,1.0,11.0,3.0,9.0,365.0,177.6533464723682,35335.0,250916.0,0.5470495776889658,3.8757065468443654,4.01522,,3.0,,,,5.333,0.0,0.0,,0.0,0.0,0.0,0.0,N,,,,,For profit - Partnership,200.0,171.2,"ELMORA HILLS HEALTH & REHABILITATION CENTER,LLC",,,ELMORA HILLS HEALTH & REHABILITATION CENTER,,,,,2019-11-01,1,1,0,0,1,1,0,0
gold_main_v2,control,control_v2,315010,ELMORA HILLS HEALTH & REHABILITATION CENTER,NJ,2020,0,,,,,,,,,,,69.88629032258065,4.0,16.934949308755762,4.0,0,,,,,,,2016.0,2023.0,control_weighted_pseudocohort,5.0,1,0,1,1,1,0,0,0,1.0,1.0,11.0,3.0,9.0,275.0,135.2277034559643,18609.25,141615.75,0.5020100138791651,3.806394609596706,3.69261,3.0,3.0,5.0,5.0,5.0,4.000,0.0,0.0,,0.0,0.0,0.0,0.0,N,,,,,For profit - Partnership,200.0,126.8,"ELMORA HILLS HEALTH & REHABILITATION CENTER,LLC",,,ELMORA HILLS HEALTH & REHABILITATION CENTER,,,,,2020-11-01,1,1,1,0,1,1,1,0
gold_main_v2,control,control_v2,315010,ELMORA HILLS HEALTH & REHABILITATION CENTER,NJ,2021,0,,,,,,,,,,,69.88629032258065,4.0,16.934949308755762,4.0,0,,,,,,,2016.0,2023.0,control_weighted_pseudocohort,5.0,1,0,1,1,1,0,0,0,1.0,1.0,11.0,3.0,9.0,365.0,159.14142047565963,27662.0,206451.0,0.4772689675061545,3.561795223051963,3.51591,3.0,3.0,4.0,5.0,5.0,12.000,0.0,0.0,3.0,1.0,650.0,0.0,1.0,N,,,,,For profit - Partnership,200.0,163.2,"ELMORA HILLS HEALTH & REHABILITATION CENTER,LLC",,,ELMORA HILLS HEALTH & REHABILITATION CENTER,,,,,2021-11-01,1,1,1,0,1,1,1,0
gold_main_v2,control,control_v2,315010,ELMORA HILLS HEALTH & REHABILITATION CENTER,NJ,2022,0,,,,,,,,,,,69.88629032258065,4.0,16.934949308755762,4.0,0,False,False,False,False,False,False,2016.0,2023.0,control_weighted_pseudocohort,5.0,1,0,1,1,1,1,0,1,1.0,1.0,11.0,3.0,9.0,365.0,170.86004870733132,29032.75,210407.75,0.4665483238483462,3.383541431396069,3.23835,3.0,,4.0,5.0,5.0,9.333,0.0,0.0,3.0,2.0,1630.08,0.0,2.0,N,,,,,For profit - Partnership,200.0,183.2,"ELMORA HILLS HEALTH & REHABILITATION CENTER,LLC",,,ELMORA HILLS HEALTH & REHABILITATION CENTER,,,,,2022-11-01,1,1,1,0,1,1,1,0
gold_main_v2,control,control_v2,315010,ELMORA HILLS HEALTH & REHABILITATION CENTER,NJ,2023,0,,,,,,,,,,,69.88629032258065,4.0,16.934949308755762,4.0,0,False,False,False,False,False,False,2016.0,2023.0,control_weighted_pseudocohort,5.0,1,1,1,1,1,1,0,1,1.0,1.0,11.0,3.0,9.0,365.0,180.5264512661252,28110.23,223495.1,0.4288542791576623,3.4008967275621367,3.33371,3.0,,3.0,4.0,5.0,24.667,0.0,0.0,3.0,2.0,1630.08,0.0,2.0,N,176.0,113.0,23.0,0.6420454545454546,For profit - Limited Liability company,200.0,178.9,"ELMORA HILLS HEALTH & REHABILITATION CENTER,LLC",OCEAN HEALTHCARE,381.0,ELMORA HILLS HEALTH & REHABILITATION CENTER,NJ,,,,2023-11-01,1,1,1,1,1,1,1,1
gold_main_v2,control,control_v2,315010,ELMORA HILLS HEALTH & REHABILITATION CENTER,NJ,2024,0,,,,,,,,,,,69.88629032258065,4.0,16.934949308755762,4.0,0,False,False,False,False,False,False,2016.0,2023.0,control_weighted_pseudocohort,5.0,1,1,1,1,1,1,0,1,1.0,1.0,11.0,3.0,9.0,366.0,182.6851110845676,29276.16,235426.16,0.4378159494999131,3.522367945461085,3.54697,3.0,,2.0,2.0,4.0,62.000,0.0,0.0,0.0,1.0,975.0,0.0,1.0,N,181.0,109.0,26.5,0.6032807917888563,For profit - Corporation,200.0,184.6,"ELMORA HILLS HEALTH & REHABILITATION CENTER,LLC",OCEAN HEALTHCARE,381.0,ELMORA HILLS HEALTH & REHABILITATION CENTER,NJ,,,,2024-11-01,1,1,1,1,1,1,1,1
gold_main_v2,control,control_v2,315010,ELMORA HILLS HEALTH & REHABILITATION CENTER,NJ,2025,0,,,,,,,,,,,69.88629032258065,4.0,16.934949308755762,4.0,0,False,True,False,False,False,True,2016.0,2023.0,control_weighted_pseudocohort,5.0,1,1,1,1,1,1,0,1,1.0,1.0,11.0,3.0,9.0,273.0,185.74186264621048,22144.25,178318.44,0.4371671560604418,3.5178514306570583,3.53625,3.0,,2.0,2.0,3.0,82.000,0.0,0.0,,0.0,0.0,0.0,0.0,N,186.0,105.0,30.0,0.5645161290322581,For profit - Corporation,200.0,184.1,"ELMORA HILLS HEALTH & REHABILITATION CENTER,LLC",OCEAN HEALTHCARE,381.0,ELMORA HILLS HEALTH & REHABILITATION CENTER,NJ,,,,2025-11-01,1,1,1,1,1,1,1,1
gold_main_v2,control,control_v2,315010,ELMORA HILLS HEALTH & REHABILITATION CENTER,NJ,2026,0,,,,,,,,,,,69.88629032258065,4.0,16.934949308755762,4.0,0,False,True,False,False,False,True,2016.0,2023.0,control_weighted_pseudocohort,5.0,1,0,0,1,1,1,0,1,1.0,1.0,11.0,3.0,9.0,,,,,,,3.4835,2.0,,2.0,2.0,4.0,82.000,,,,0.0,0.0,0.0,0.0,N,,,,,For profit - Corporation,200.0,189.8,"ELMORA HILLS HEALTH & REHABILITATION CENTER,LLC",OCEAN HEALTHCARE,381.0,ELMORA HILLS HEALTH & REHABILITATION CENTER,NJ,,,,2026-03-01,0,1,1,0,0,1,1,0
gold_main_v2,control,control_v2,345258,TRANSITIONAL HEALTH SERVICES OF KANNAPOLIS,NC,2016,0,,,,,,,,,,,63.4204470046083,4.0,15.717276497695853,4.0,0,,,,,,,2016.0,2023.0,control_weighted_pseudocohort,5.0,1,0,0,1,1,0,0,0,1.0,1.0,11.0,3.0,9.0,,,,,,,4.078,3.0,3.0,1.0,1.0,3.0,58.000,0.0,20.0,,1.0,4160.0,0.0,1.0,N,,,,,For profit - Corporation,107.0,100.0,"KANNAPOLIS HEALTHCARE, LLC",,,TRANSITIONAL HEALTH SERVICES OF KANNAPOLIS,,,,,,0,1,1,0,0,1,1,0
gold_main_v2,control,control_v2,345258,TRANSITIONAL HEALTH SERVICES OF KANNAPOLIS,NC,2017,0,,,,,,,,,,,63.4204470046083,4.0,15.717276497695853,4.0,0,,,,,,,2016.0,2023.0,control_weighted_pseudocohort,5.0,1,0,1,1,1,0,0,0,1.0,1.0,11.0,3.0,9.0,365.0,93.77621635610764,10871.34,116399.2,0.3181958817249544,3.4048427974753626,,,,1.0,1.0,2.0,193.167,0.0,36.0,,3.0,102554.0,1.0,4.0,N,,,,,For profit - Corporation,107.0,94.0,"KANNAPOLIS HEALTHCARE, LLC",,,TRANSITIONAL HEALTH SERVICES OF KANNAPOLIS,,,,,2017-12-01,1,0,1,0,1,0,1,0
gold_main_v2,control,control_v2,345258,TRANSITIONAL HEALTH SERVICES OF KANNAPOLIS,NC,2018,0,,,,,,,,,,,63.4204470046083,4.0,15.717276497695853,4.0,0,,,,,,,2016.0,2023.0,control_weighted_pseudocohort,5.0,1,0,1,1,1,0,0,0,1.0,1.0,11.0,3.0,9.0,365.0,91.31762555077772,11596.47,103995.21,0.3478889304641105,3.126399197386731,3.12926,,2.0,,,,216.600,0.0,25.0,,4.0,105154.0,1.0,5.0,N,,,,,For profit - Corporation,107.0,88.2,"KANNAPOLIS HEALTHCARE, LLC",,,TRANSITIONAL HEALTH SERVICES OF KANNAPOLIS,,,,,2018-12-01,1,1,0,0,1,1,0,0
gold_main_v2,control,control_v2,345258,TRANSITIONAL HEALTH SERVICES OF KANNAPOLIS,NC,2019,0,,,,,,,,,,,63.4204470046083,4.0,15.717276497695853,4.0,0,,,,,,,2016.0,2023.0,control_weighted_pseudocohort,5.0,1,0,1,1,1,0,0,0,1.0,1.0,11.0,3.0,9.0,365.0,92.72880899293943,10156.52,103894.23,0.3005645533350652,3.078419745116335,3.07386,,1.0,,,,96.833,0.0,14.0,,2.0,79986.0,1.0,3.0,N,,,,,For profit - Corporation,107.0,92.8,"KANNAPOLIS HEALTHCARE, LLC",,,TRANSITIONAL HEALTH SERVICES OF KANNAPOLIS,,,,,2019-11-01,1,1,0,0,1,1,0,0
gold_main_v2,control,control_v2,345258,TRANSITIONAL HEALTH SERVICES OF KANNAPOLIS,NC,2020,0,,,,,,,,,,,63.4204470046083,4.0,15.717276497695853,4.0,0,,,,,,,2016.0,2023.0,control_weighted_pseudocohort,5.0,1,0,1,1,1,0,0,0,1.0,1.0,11.0,3.0,9.0,366.0,83.97076564739609,9510.1,95102.67,0.3130446783182918,3.123400105982004,2.97262,,,1.0,1.0,4.0,68.667,1.0,8.0,,2.0,12555.0,0.0,2.0,N,,,,,For profit - Corporation,107.0,91.1,"KANNAPOLIS HEALTHCARE, LLC",,,TRANSITIONAL HEALTH SERVICES OF KANNAPOLIS,,,,,2020-11-01,1,1,1,0,1,1,1,0
gold_main_v2,control,control_v2,345258,TRANSITIONAL HEALTH SERVICES OF KANNAPOLIS,NC,2021,0,,,,,,,,,,,63.4204470046083,4.0,15.717276497695853,4.0,0,,,,,,,2016.0,2023.0,control_weighted_pseudocohort,5.0,1,0,1,1,1,0,0,0,1.0,1.0,11.0,3.0,9.0,365.0,74.34904576100229,11299.74,75924.08,0.4280765363043574,2.868354619121891,3.07294,2.0,2.0,2.0,2.0,3.0,58.000,1.0,8.0,0.0,2.0,12554.75,0.0,2.0,N,,,,,For profit - Corporation,107.0,65.6,"KANNAPOLIS HEALTHCARE, LLC",,,TRANSITIONAL HEALTH SERVICES OF KANNAPOLIS,,,,,2021-11-01,1,1,1,0,1,1,1,0
gold_main_v2,control,control_v2,345258,TRANSITIONAL HEALTH SERVICES OF KANNAPOLIS,NC,2022,0,,,,,,,,,,,63.4204470046083,4.0,15.717276497695853,4.0,0,False,False,False,False,False,False,2016.0,2023.0,control_weighted_pseudocohort,5.0,1,0,1,1,1,1,0,1,1.0,1.0,11.0,3.0,9.0,365.0,80.91527976854064,15282.26,105245.43,0.5139298503528542,3.5696655431076887,3.97129,3.0,,2.0,3.0,5.0,60.667,1.0,2.0,0.0,4.0,34195.58,0.0,4.0,N,,,,,For profit - Corporation,107.0,77.9,"KANNAPOLIS HEALTHCARE, LLC",,,TRANSITIONAL HEALTH SERVICES OF KANNAPOLIS,,,,,2022-11-01,1,1,1,0,1,1,1,0
gold_main_v2,control,control_v2,345258,TRANSITIONAL HEALTH SERVICES OF KANNAPOLIS,NC,2023,0,,,,,,,,,,,63.4204470046083,4.0,15.717276497695853,4.0,0,False,False,False,False,False,False,2016.0,2023.0,control_weighted_pseudocohort,5.0,1,1,1,1,1,1,0,1,1.0,1.0,11.0,3.0,9.0,365.0,84.2580221107395,12190.35,103127.35,0.3972204160609714,3.3542470506313338,3.49145,1.0,,1.0,2.0,5.0,137.833,1.0,6.0,0.0,3.0,24240.83,0.0,3.0,N,93.0,49.0,9.0,0.5268817204301075,For profit - Corporation,107.0,85.3,"KANNAPOLIS HEALTHCARE, LLC",CONSULATE HEALTH CARE/INDEPENDENCE LIVING CENTERS/NSPIRE HEALTHCARE/RAYDIANT HEALTH CARE,158.0,TRANSITIONAL HEALTH SERVICES OF KANNAPOLIS,NC,,,,2023-11-01,1,1,1,1,1,1,1,1
gold_main_v2,control,control_v2,345258,TRANSITIONAL HEALTH SERVICES OF KANNAPOLIS,NC,2024,0,,,,,,,,,,,63.4204470046083,4.0,15.717276497695853,4.0,0,False,False,False,False,False,False,2016.0,2023.0,control_weighted_pseudocohort,5.0,1,1,1,1,1,1,0,1,1.0,1.0,11.0,3.0,9.0,366.0,84.19863831820354,11402.88,97852.73,0.3708442824807952,3.1717632547103003,3.13174,1.0,,1.0,1.0,4.0,195.667,2.0,7.0,0.0,4.0,140759.83,1.0,5.0,N,93.0,49.0,9.0,0.5268817204301075,For profit - Corporation,107.0,83.1,"KANNAPOLIS HEALTHCARE, LLC",CONSULATE HEALTH CARE/INDEPENDENCE LIVING CENTERS/NSPIRE HEALTHCARE/RAYDIANT HEALTH CARE,158.0,TRANSITIONAL HEALTH SERVICES OF KANNAPOLIS,NC,,,,2024-11-01,1,1,1,1,1,1,1,1
gold_main_v2,control,control_v2,345258,Kannapolis Health and Rehabilitation,NC,2025,0,,,,,,,,,,,63.4204470046083,4.0,15.717276497695853,4.0,0,False,True,True,False,True,True,2016.0,2023.0,control_weighted_pseudocohort,5.0,1,1,1,1,1,1,0,1,1.0,1.0,11.0,3.0,9.0,273.0,85.23603015342145,9039.52,75695.05,0.3890947012360148,3.256707646672725,3.18697,2.0,,1.0,1.0,4.0,123.500,4.0,88.0,0.0,2.0,133864.0,1.0,3.0,N,80.0,62.0,1.0,0.775,For profit - Corporation,107.0,87.0,Legal Business Name Not Available,CONSULATE HEALTH CARE/INDEPENDENCE LIVING CENTERS/NSPIRE HEALTHCARE/RAYDIANT HEALTH CARE,158.0,Kannapolis Health and Rehabilitation,NC,,,,2025-11-01,1,1,1,1,1,1,1,1
gold_main_v2,control,control_v2,345258,Kannapolis Health and Rehabilitation,NC,2026,0,,,,,,,,,,,63.4204470046083,4.0,15.717276497695853,4.0,0,False,True,True,False,True,True,2016.0,2023.0,control_weighted_pseudocohort,5.0,1,0,0,1,1,1,0,1,1.0,1.0,11.0,3.0,9.0,,,,,,,3.22693,2.0,,1.0,1.0,4.0,120.500,,,0.0,2.0,133864.0,1.0,3.0,N,,,,,For profit - Corporation,107.0,82.6,1810 CONCORD LAKE ROAD OPCO LLC,CONSULATE HEALTH CARE/INDEPENDENCE LIVING CENTERS/NSPIRE HEALTHCARE/RAYDIANT HEALTH CARE,158.0,Kannapolis Health and Rehabilitation,NC,,,,2026-03-01,0,1,1,0,0,1,1,0
gold_main_v2,control,control_v2,345269,AUTUMN CARE OF SALISBURY,NC,2016,0,,,,,,,,,,,69.60709677419355,4.0,9.796972350230416,4.0,0,,,,,,,2016.0,2023.0,control_weighted_pseudocohort,5.0,1,0,0,1,1,0,0,0,1.0,1.0,11.0,3.0,9.0,,,,,,,3.4371,1.0,2.0,4.0,3.0,2.0,3.333,0.0,0.0,,0.0,0.0,0.0,0.0,N,,,,,For profit - Corporation,100.0,93.0,AUTUMN CORPORATION,,,AUTUMN CARE OF SALISBURY,,,,,,0,1,1,0,0,1,1,0
gold_main_v2,control,control_v2,345269,AUTUMN CARE OF SALISBURY,NC,2017,0,,,,,,,,,,,69.60709677419355,4.0,9.796972350230416,4.0,0,,,,,,,2016.0,2023.0,control_weighted_pseudocohort,5.0,1,0,1,1,1,0,0,0,1.0,1.0,11.0,3.0,9.0,365.0,90.20809643255296,12947.0,115237.5,0.3935021794211562,3.501773451136134,3.51538,1.0,1.0,4.0,3.0,3.0,4.667,0.0,0.0,,0.0,0.0,0.0,0.0,N,,,,,For profit - Corporation,97.0,91.0,AUTUMN CORPORATION,,,AUTUMN CARE OF SALISBURY,,,,,2017-12-01,1,1,1,0,1,1,1,0
gold_main_v2,control,control_v2,345269,AUTUMN CARE OF SALISBURY,NC,2018,0,,,,,,,,,,,69.60709677419355,4.0,9.796972350230416,4.0,0,,,,,,,2016.0,2023.0,control_weighted_pseudocohort,5.0,1,0,1,1,1,0,0,0,1.0,1.0,11.0,3.0,9.0,365.0,89.15932606041302,14524.75,113687.75,0.4460824565835348,3.4967381490628107,3.45638,,2.0,,,,4.800,0.0,0.0,,0.0,0.0,0.0,0.0,N,,,,,For profit - Corporation,97.0,90.1,AUTUMN CORPORATION,,,AUTUMN CARE OF SALISBURY,,,,,2018-12-01,1,1,0,0,1,1,0,0
gold_main_v2,control,control_v2,345269,AUTUMN CARE OF SALISBURY,NC,2019,0,,,,,,,,,,,69.60709677419355,4.0,9.796972350230416,4.0,0,,,,,,,2016.0,2023.0,control_weighted_pseudocohort,5.0,1,0,1,1,1,0,0,0,1.0,1.0,11.0,3.0,9.0,365.0,91.16098768381376,18117.25,112437.75,0.5441012964655583,3.3816244927918855,3.36727,,3.0,,,,6.000,0.0,0.0,,0.0,0.0,0.0,0.0,N,,,,,For profit - Corporation,97.0,92.1,AUTUMN CORPORATION,,,AUTUMN CARE OF SALISBURY,,,,,2019-11-01,1,1,0,0,1,1,0,0
gold_main_v2,control,control_v2,345269,AUTUMN CARE OF SALISBURY,NC,2020,0,,,,,,,,,,,69.60709677419355,4.0,9.796972350230416,4.0,0,,,,,,,2016.0,2023.0,control_weighted_pseudocohort,5.0,1,0,1,1,1,0,0,0,1.0,1.0,11.0,3.0,9.0,275.0,79.2257923236184,12702.75,81628.9,0.5886793936718785,3.7881322319685142,3.48795,3.0,3.0,4.0,4.0,3.0,12.667,0.0,1.0,,1.0,6300.0,0.0,1.0,N,,,,,For profit - Corporation,97.0,90.3,AUTUMN CORPORATION,,,AUTUMN CARE OF SALISBURY,,,,,2020-11-01,1,1,1,0,1,1,1,0
gold_main_v2,control,control_v2,345269,AUTUMN CARE OF SALISBURY,NC,2021,0,,,,,,,,,,,69.60709677419355,4.0,9.796972350230416,4.0,0,,,,,,,2016.0,2023.0,control_weighted_pseudocohort,5.0,1,0,1,1,1,0,0,0,1.0,1.0,11.0,3.0,9.0,365.0,86.01975433986304,15532.5,102672.71,0.4985258162967173,3.2858251604816604,3.29919,3.0,3.0,1.0,2.0,5.0,71.333,1.0,1.0,1.0,3.0,188807.5,0.0,3.0,N,,,,,For profit - Corporation,97.0,86.7,AUTUMN CORPORATION,,,AUTUMN CARE OF SALISBURY,,,,,2021-11-01,1,1,1,0,1,1,1,0
gold_main_v2,control,control_v2,345269,AUTUMN CARE OF SALISBURY,NC,2022,0,,,,,,,,,,,69.60709677419355,4.0,9.796972350230416,4.0,0,False,False,False,False,True,False,2016.0,2023.0,control_weighted_pseudocohort,5.0,1,0,1,1,1,1,0,1,1.0,1.0,11.0,3.0,9.0,365.0,86.12404509741467,15256.57,94411.18,0.4870901782059506,3.003722530502497,3.27185,2.0,,2.0,3.0,5.0,74.667,1.0,2.0,1.0,3.0,188807.5,0.0,3.0,N,,,,,For profit - Corporation,97.0,86.6,AUTUMN CORPORATION,,,AUTUMN CARE OF SALISBURY,,,,,2022-11-01,1,1,1,0,1,1,1,0
gold_main_v2,control,control_v2,345269,AUTUMN CARE OF SALISBURY,NC,2023,0,,,,,,,,,,,69.60709677419355,4.0,9.796972350230416,4.0,0,False,False,False,False,True,False,2016.0,2023.0,control_weighted_pseudocohort,5.0,1,1,1,1,1,1,0,1,1.0,1.0,11.0,3.0,9.0,365.0,92.2511778680257,12663.7,107806.6,0.3768470311164237,3.2021788985666295,3.29309,1.0,,3.0,2.0,4.0,43.333,1.0,2.0,2.0,3.0,191155.75,0.0,3.0,N,94.0,48.0,2.0,0.5106382978723404,For profit - Corporation,97.0,92.0,AUTUMN CORPORATION,SABER HEALTHCARE GROUP,461.0,AUTUMN CARE OF SALISBURY,NC,,,,2023-11-01,1,1,1,1,1,1,1,1
gold_main_v2,control,control_v2,345269,AUTUMN CARE OF SALISBURY,NC,2024,0,,,,,,,,,,,69.60709677419355,4.0,9.796972350230416,4.0,0,False,False,False,False,True,False,2016.0,2023.0,control_weighted_pseudocohort,5.0,1,1,1,1,1,1,0,1,1.0,1.0,11.0,3.0,9.0,366.0,92.1498447204969,11994.16,115812.77,0.3554656329024914,3.4356843038596403,3.25599,3.0,,4.0,5.0,5.0,21.667,0.0,2.0,1.0,1.0,8738.34,0.0,1.0,N,94.0,48.0,2.0,0.5106382978723404,For profit - Corporation,97.0,90.3,AUTUMN CORPORATION,SABER HEALTHCARE GROUP,461.0,AUTUMN CARE OF SALISBURY,NC,,,,2024-11-01,1,1,1,1,1,1,1,1
gold_main_v2,control,control_v2,345269,Autumn Care of Salisbury,NC,2025,0,,,,,,,,,,,69.60709677419355,4.0,9.796972350230416,4.0,0,False,True,True,False,True,False,2016.0,2023.0,control_weighted_pseudocohort,5.0,1,1,1,1,1,1,0,1,1.0,1.0,11.0,3.0,9.0,273.0,89.10756489886926,10938.58,81801.43,0.4500318663255365,3.362708852954407,3.48396,2.0,,3.0,3.0,3.0,42.000,3.0,18.0,1.0,1.0,8738.0,0.0,1.0,N,91.33333333333331,54.666666666666664,12.0,0.5998423955870765,For profit - Corporation,97.0,88.1,AUTUMN CORPORATION,SABER HEALTHCARE GROUP,461.0,Autumn Care of Salisbury,NC,,,,2025-11-01,1,1,1,1,1,1,1,1
gold_main_v2,control,control_v2,345269,Autumn Care of Salisbury,NC,2026,0,,,,,,,,,,,69.60709677419355,4.0,9.796972350230416,4.0,0,False,True,True,False,True,False,2016.0,2023.0,control_weighted_pseudocohort,5.0,1,0,0,1,1,1,0,1,1.0,1.0,11.0,3.0,9.0,,,,,,,3.25982,2.0,,3.0,3.0,4.0,45.000,,,1.0,1.0,8738.0,0.0,1.0,N,,,,,For profit - Corporation,97.0,88.4,AUTUMN CORPORATION,SABER HEALTHCARE GROUP,461.0,Autumn Care of Salisbury,NC,,,,2026-03-01,0,1,1,0,0,1,1,0
gold_main_v2,control,control_v2,345309,LIBERTY COMMONS NSG AND REHAB CTR OF HALIFAX CTY,NC,2016,0,,,,,,,,,,,62.5963801843318,4.0,22.38424193548387,4.0,1,,,,,,,2016.0,2023.0,control_weighted_pseudocohort,5.0,1,0,0,1,1,0,0,0,1.0,1.0,11.0,3.0,9.0,,,,,,,3.54405,2.0,3.0,3.0,4.0,5.0,18.000,0.0,3.0,,0.0,0.0,0.0,0.0,N,,,,,For profit - Corporation,50.0,42.0,LIBERTY HEALTHCARE GROUP LLC,,,LIBERTY COMMONS NSG AND REHAB CTR OF HALIFAX CTY,,,,,,0,1,1,0,0,1,1,0
gold_main_v2,control,control_v2,345309,LIBERTY COMMONS NSG AND REHAB CTR OF HALIFAX CTY,NC,2017,0,,,,,,,,,,,62.5963801843318,4.0,22.38424193548387,4.0,1,,,,,,,2016.0,2023.0,control_weighted_pseudocohort,5.0,1,0,1,1,1,0,0,0,1.0,1.0,11.0,3.0,9.0,365.0,45.13512170196952,4404.61,46050.74,0.2662114580109889,2.8003504021079477,3.12375,1.0,1.0,1.0,1.0,4.0,69.000,0.0,4.0,,1.0,40170.0,0.0,1.0,N,,,,,For profit - Corporation,50.0,40.0,LIBERTY HEALTHCARE GROUP LLC,,,LIBERTY COMMONS NSG AND REHAB CTR OF HALIFAX CTY,,,,,2017-12-01,1,1,1,0,1,1,1,0
gold_main_v2,control,control_v2,345309,LIBERTY COMMONS NSG AND REHAB CTR OF HALIFAX CTY,NC,2018,0,,,,,,,,,,,62.5963801843318,4.0,22.38424193548387,4.0,1,,,,,,,2016.0,2023.0,control_weighted_pseudocohort,5.0,1,0,1,1,1,0,0,0,1.0,1.0,11.0,3.0,9.0,365.0,44.43114415777459,7442.099999999999,55302.38,0.4600998566177366,3.42050230612214,3.27132,,3.0,,,,81.200,0.0,2.0,,1.0,40170.0,0.0,1.0,N,,,,,For profit - Corporation,50.0,44.5,"LIBERTY HEALTHCARE GROUP, LLC",,,LIBERTY COMMONS NSG AND REHAB CTR OF HALIFAX CTY,,,,,2018-12-01,1,1,0,0,1,1,0,0
gold_main_v2,control,control_v2,345309,LIBERTY COMMONS NSG AND REHAB CTR OF HALIFAX CTY,NC,2019,0,,,,,,,,,,,62.5963801843318,4.0,22.38424193548387,4.0,1,,,,,,,2016.0,2023.0,control_weighted_pseudocohort,5.0,1,0,1,1,1,0,0,0,1.0,1.0,11.0,3.0,9.0,365.0,44.22076232945798,9390.72,58359.75,0.579598713090915,3.628800192300735,3.43504,,3.0,,,,12.000,0.0,0.0,,0.0,0.0,0.0,0.0,N,,,,,For profit - Corporation,50.0,46.4,"LIBERTY HEALTHCARE GROUP, LLC",,,LIBERTY COMMONS NSG AND REHAB CTR OF HALIFAX CTY,,,,,2019-11-01,1,1,0,0,1,1,0,0
gold_main_v2,control,control_v2,345309,LIBERTY COMMONS NSG AND REHAB CTR OF HALIFAX CTY,NC,2020,0,,,,,,,,,,,62.5963801843318,4.0,22.38424193548387,4.0,1,,,,,,,2016.0,2023.0,control_weighted_pseudocohort,5.0,1,0,1,1,1,0,0,0,1.0,1.0,11.0,3.0,9.0,366.0,37.87401457238414,9130.02,55005.65,0.6674897572420353,3.994310190981994,4.12462,2.0,2.0,4.0,4.0,3.0,10.000,0.0,0.0,,0.0,0.0,0.0,0.0,N,,,,,For profit - Corporation,50.0,36.4,LIBERTY HEALTHCARE GROUP LLC,,,LIBERTY COMMONS NSG AND REHAB CTR OF HALIFAX CTY,,,,,2020-11-01,1,1,1,0,1,1,1,0
gold_main_v2,control,control_v2,345309,LIBERTY COMMONS NSG AND REHAB CTR OF HALIFAX CTY,NC,2021,0,,,,,,,,,,,62.5963801843318,4.0,22.38424193548387,4.0,1,,,,,,,2016.0,2023.0,control_weighted_pseudocohort,5.0,1,0,1,1,1,0,0,0,1.0,1.0,11.0,3.0,9.0,365.0,33.62860394436481,7280.820000000001,44777.87,0.6173501691324472,3.695967648545606,3.62431,2.0,2.0,4.0,4.0,2.0,11.333,0.0,0.0,1.0,0.0,0.0,0.0,0.0,N,,,,,For profit - Corporation,50.0,32.6,"LIBERTY HEALTHCARE GROUP, LLC",,,LIBERTY COMMONS NSG AND REHAB CTR OF HALIFAX CTY,,,,,2021-11-01,1,1,1,0,1,1,1,0
gold_main_v2,control,control_v2,345309,LIBERTY COMMONS NSG AND REHAB CTR OF HALIFAX CTY,NC,2022,0,,,,,,,,,,,62.5963801843318,4.0,22.38424193548387,4.0,1,False,False,False,False,False,False,2016.0,2023.0,control_weighted_pseudocohort,5.0,1,0,1,1,1,1,0,1,1.0,1.0,11.0,3.0,9.0,365.0,36.83537187450231,5942.1,49038.2,0.4439080768026424,3.661258707561517,3.59713,1.0,,3.0,2.0,2.0,22.667,0.0,1.0,1.0,2.0,7572.5,0.0,2.0,N,,,,,For profit - Limited Liability company,50.0,37.5,"LIBERTY HEALTHCARE GROUP, LLC",,,LIBERTY COMMONS NSG AND REHAB CTR OF HALIFAX CTY,,,,,2022-11-01,1,1,1,0,1,1,1,0
gold_main_v2,control,control_v2,345309,LIBERTY COMMONS NSG AND REHAB CTR OF HALIFAX CTY,NC,2023,0,,,,,,,,,,,62.5963801843318,4.0,22.38424193548387,4.0,1,False,False,False,False,False,False,2016.0,2023.0,control_weighted_pseudocohort,5.0,1,1,1,1,1,1,0,1,1.0,1.0,11.0,3.0,9.0,365.0,39.35322901735945,7881.7,47436.8,0.5516876276503533,3.3108803490052687,3.38695,4.0,,4.0,3.0,1.0,17.333,0.0,1.0,0.0,2.0,7572.5,0.0,2.0,N,37.0,21.0,9.0,0.5675675675675675,For profit - Limited Liability company,50.0,38.1,"LIBERTY HEALTHCARE GROUP, LLC",LIBERTY SENIOR LIVING,310.0,LIBERTY COMMONS NSG AND REHAB CTR OF HALIFAX CTY,NC,,,,2023-11-01,1,1,1,1,1,1,1,1
gold_main_v2,control,control_v2,345309,LIBERTY COMMONS NSG AND REHAB CTR OF HALIFAX CTY,NC,2024,0,,,,,,,,,,,62.5963801843318,4.0,22.38424193548387,4.0,1,False,False,False,False,False,False,2016.0,2023.0,control_weighted_pseudocohort,5.0,1,1,1,1,1,1,0,1,1.0,1.0,11.0,3.0,9.0,366.0,41.773471094123266,9529.0,49630.9,0.6256043558849576,3.2565894069517847,3.39572,3.0,,4.0,4.0,2.0,13.333,0.0,0.0,0.0,0.0,0.0,0.0,0.0,N,38.25,22.75,8.25,0.5923423423423423,For profit - Limited Liability company,50.0,39.3,"LIBERTY HEALTHCARE GROUP, LLC",LIBERTY SENIOR LIVING,310.0,LIBERTY COMMONS NSG AND REHAB CTR OF HALIFAX CTY,NC,,,,2024-11-01,1,1,1,1,1,1,1,1
gold_main_v2,control,control_v2,345309,Liberty Commons Nursing and Rehabilitation Center,NC,2025,0,,,,,,,,,,,62.5963801843318,4.0,22.38424193548387,4.0,1,False,True,True,False,True,True,2016.0,2023.0,control_weighted_pseudocohort,5.0,1,1,1,1,1,1,0,1,1.0,1.0,11.0,3.0,9.0,273.0,44.793406593406594,7928.299999999999,38711.9,0.6482495918860439,3.1712361074589537,3.09244,2.0,,4.0,4.0,2.0,18.000,0.0,0.0,,0.0,0.0,0.0,0.0,N,42.0,28.0,6.0,0.6666666666666666,For profit - Limited Liability company,50.0,45.8,LIBERTY HEALTHCARE GROUP LLC,LIBERTY SENIOR LIVING,310.0,Liberty Commons Nursing and Rehabilitation Center,NC,,,,2025-11-01,1,1,1,1,1,1,1,1
gold_main_v2,control,control_v2,345309,Liberty Commons Nursing and Rehabilitation Center,NC,2026,0,,,,,,,,,,,62.5963801843318,4.0,22.38424193548387,4.0,1,False,True,True,False,True,True,2016.0,2023.0,control_weighted_pseudocohort,5.0,1,0,0,1,1,1,0,1,1.0,1.0,11.0,3.0,9.0,,,,,,,3.19494,3.0,,4.0,4.0,2.0,8.000,,,,0.0,0.0,0.0,0.0,N,,,,,For profit - Limited Liability company,50.0,44.5,LIBERTY HEALTHCARE GROUP LLC,LIBERTY SENIOR LIVING,310.0,Liberty Commons Nursing and Rehabilitation Center,NC,,,,2026-03-01,0,1,1,0,0,1,1,0
gold_main_v2,control,control_v2,365077,MONTEREY CARE CENTER,OH,2016,0,,,,,,,,,,,63.36267741935484,4.0,9.378815668202764,4.0,0,,,,,,,2016.0,2023.0,control_weighted_pseudocohort,5.0,1,0,0,1,1,0,0,0,1.0,1.0,11.0,3.0,9.0,,,,,,,4.06517,2.0,2.0,2.0,2.0,4.0,39.333,0.0,5.0,,0.0,0.0,0.0,0.0,N,,,,,For profit - Corporation,155.0,145.0,MACINTOSH COMPANY,,,MONTEREY CARE CENTER,,,,,,0,1,1,0,0,1,1,0
gold_main_v2,control,control_v2,365077,MONTEREY CARE CENTER,OH,2017,0,,,,,,,,,,,63.36267741935484,4.0,9.378815668202764,4.0,0,,,,,,,2016.0,2023.0,control_weighted_pseudocohort,5.0,1,0,1,1,1,0,0,0,1.0,1.0,11.0,3.0,9.0,365.0,129.3570818070818,26027.4,168204.08000000002,0.5511974064752999,3.5634729697500513,3.79356,3.0,3.0,2.0,3.0,5.0,57.000,0.0,5.0,,1.0,56550.0,0.0,1.0,N,,,,,For profit - Corporation,155.0,132.0,MACINTOSH COMPANY,,,MONTEREY CARE CENTER,,,,,2017-12-01,1,1,1,0,1,1,1,0
gold_main_v2,control,control_v2,365077,MONTEREY CARE CENTER,OH,2018,0,,,,,,,,,,,63.36267741935484,4.0,9.378815668202764,4.0,0,,,,,,,2016.0,2023.0,control_weighted_pseudocohort,5.0,1,0,1,1,1,0,0,0,1.0,1.0,11.0,3.0,9.0,365.0,130.743063518607,25679.62,156866.02,0.5385437717809657,3.294029837734013,3.38385,,3.0,,,,54.800,0.0,5.0,,1.0,56550.0,0.0,1.0,N,,,,,For profit - Corporation,155.0,124.7,MACINTOSH COMPANY,,,MONTEREY CARE CENTER,,,,,2018-12-01,1,1,0,0,1,1,0,0
gold_main_v2,control,control_v2,365077,MONTEREY CARE CENTER,OH,2019,0,,,,,,,,,,,63.36267741935484,4.0,9.378815668202764,4.0,0,,,,,,,2016.0,2023.0,control_weighted_pseudocohort,5.0,1,0,1,1,1,0,0,0,1.0,1.0,11.0,3.0,9.0,365.0,134.26135332059246,26946.42,166883.84,0.5492458382832526,3.4115096568925987,3.38401,,3.0,,,,52.000,0.0,3.0,,0.0,0.0,0.0,0.0,N,,,,,For profit - Corporation,155.0,138.0,MACINTOSH COMPANY,,,MONTEREY CARE CENTER,,,,,2019-11-01,1,1,0,0,1,1,0,0
gold_main_v2,control,control_v2,365077,MONTEREY CARE CENTER,OH,2020,0,,,,,,,,,,,63.36267741935484,4.0,9.378815668202764,4.0,0,,,,,,,2016.0,2023.0,control_weighted_pseudocohort,5.0,1,0,1,1,1,0,0,0,1.0,1.0,11.0,3.0,9.0,366.0,105.83107381748688,19066.35,135523.77000000002,0.5009826954396228,3.5105438629578423,3.53408,2.0,2.0,2.0,2.0,4.0,53.333,0.0,3.0,,0.0,0.0,0.0,0.0,N,,,,,For profit - Corporation,155.0,110.4,MACINTOSH COMPANY,,,MONTEREY CARE CENTER,,,,,2020-11-01,1,1,1,0,1,1,1,0
gold_main_v2,control,control_v2,365077,MONTEREY CARE CENTER,OH,2021,0,,,,,,,,,,,63.36267741935484,4.0,9.378815668202764,4.0,0,,,,,,,2016.0,2023.0,control_weighted_pseudocohort,5.0,1,0,1,1,1,0,0,0,1.0,1.0,11.0,3.0,9.0,365.0,92.32410548388808,18976.75,114687.19,0.5622749019236379,3.414886825400808,3.51899,3.0,3.0,2.0,2.0,4.0,56.667,0.0,3.0,0.0,0.0,0.0,0.0,0.0,N,,,,,For profit - Corporation,155.0,92.6,MACINTOSH COMPANY,,,MONTEREY CARE CENTER,,,,,2021-11-01,1,1,1,0,1,1,1,0
gold_main_v2,control,control_v2,365077,MONTEREY CARE CENTER,OH,2022,0,,,,,,,,,,,63.36267741935484,4.0,9.378815668202764,4.0,0,False,False,False,False,False,False,2016.0,2023.0,control_weighted_pseudocohort,5.0,1,0,1,1,1,1,0,1,1.0,1.0,11.0,3.0,9.0,365.0,88.86213237245846,14543.0,109305.71,0.4488508831922393,3.381103414800623,3.63219,1.0,,2.0,2.0,5.0,71.333,0.0,9.0,2.0,0.0,0.0,0.0,0.0,N,,,,,For profit - Corporation,155.0,87.2,MACINTOSH COMPANY,,,MONTEREY CARE CENTER,,,,,2022-11-01,1,1,1,0,1,1,1,0
gold_main_v2,control,control_v2,365077,MONTEREY CARE CENTER,OH,2023,0,,,,,,,,,,,63.36267741935484,4.0,9.378815668202764,4.0,0,False,False,False,False,False,False,2016.0,2023.0,control_weighted_pseudocohort,5.0,1,1,1,1,1,1,0,1,1.0,1.0,11.0,3.0,9.0,365.0,108.1232448107448,23258.87,134783.36,0.5861492732145452,3.411037867985838,3.33392,1.0,,2.0,1.0,4.0,74.667,0.0,12.0,2.0,1.0,5000.0,0.0,1.0,N,85.0,68.0,4.0,0.8,For profit - Corporation,155.0,106.1,MACINTOSH COMPANY,,,MONTEREY CARE CENTER,OH,,,,2023-11-01,1,1,1,1,1,1,1,1
gold_main_v2,control,control_v2,365077,MONTEREY CARE CENTER,OH,2024,0,,,,,,,,,,,63.36267741935484,4.0,9.378815668202764,4.0,0,False,False,False,False,False,False,2016.0,2023.0,control_weighted_pseudocohort,5.0,1,1,1,1,1,1,0,1,1.0,1.0,11.0,3.0,9.0,366.0,107.15029264214049,26065.03,138425.8,0.6645769701199737,3.529438951846459,3.54978,3.0,,2.0,2.0,4.0,70.000,0.0,13.0,2.0,1.0,3250.0,0.0,1.0,N,90.75,73.25,5.5,0.8060185185185186,For profit - Corporation,155.0,103.3,MACINTOSH COMPANY,,,MONTEREY CARE CENTER,OH,,,,2024-11-01,1,1,1,1,1,1,1,1
gold_main_v2,control,control_v2,365077,MONTEREY CARE CENTER,OH,2025,0,,,,,,,,,,,63.36267741935484,4.0,9.378815668202764,4.0,0,False,True,True,False,True,True,2016.0,2023.0,control_weighted_pseudocohort,5.0,1,1,1,1,1,1,0,1,1.0,1.0,11.0,3.0,9.0,273.0,111.49813045247828,21506.17,110527.81,0.7064044349672608,3.635212786947737,3.58756,2.0,,1.0,2.0,5.0,124.000,0.0,33.0,0.0,1.0,3250.0,0.0,1.0,N,108.0,89.0,10.0,0.8240740740740741,For profit - Limited Liability company,148.0,111.4,MACINTOSH COMPANY,OPTALIS HEALTH & REHABILITATION,601.0,MONTEREY CARE CENTER,OH,,,,2025-11-01,1,1,1,1,1,1,1,1
gold_main_v2,control,control_v2,365077,MONTEREY CARE CENTER,OH,2026,0,,,,,,,,,,,63.36267741935484,4.0,9.378815668202764,4.0,0,False,True,True,False,True,True,2016.0,2023.0,control_weighted_pseudocohort,5.0,1,0,0,1,1,1,0,1,1.0,1.0,11.0,3.0,9.0,,,,,,,3.90624,2.0,,2.0,2.0,4.0,117.000,,,,0.0,0.0,0.0,0.0,N,,,,,For profit - Limited Liability company,148.0,110.0,MACINTOSH COMPANY,OPTALIS HEALTH & REHABILITATION,601.0,MONTEREY CARE CENTER,OH,,,,2026-03-01,0,1,1,0,0,1,1,0
gold_main_v2,control,control_v2,365828,WILLOW PARK CONVALESCENT HOME,OH,2016,0,,,,,,,,,,,67.14115668202766,4.0,4.900463133640553,4.0,0,,,,,,,2016.0,2023.0,control_weighted_pseudocohort,5.0,1,0,0,1,1,0,0,0,1.0,1.0,11.0,3.0,9.0,,,,,,,3.69516,3.0,3.0,2.0,2.0,2.0,45.000,0.0,4.0,,1.0,26390.0,0.0,1.0,N,,,,,For profit - Corporation,189.0,134.0,EMBASSY WILLOW PARK LLC,,,WILLOW PARK CONVALESCENT HOME,,,,,,0,1,1,0,0,1,1,0
gold_main_v2,control,control_v2,365828,WILLOW PARK CONVALESCENT HOME,OH,2017,0,,,,,,,,,,,67.14115668202766,4.0,4.900463133640553,4.0,0,,,,,,,2016.0,2023.0,control_weighted_pseudocohort,5.0,1,0,1,1,1,0,0,0,1.0,1.0,11.0,3.0,9.0,273.0,114.15181646051212,5844.75,91757.54,0.1889919833356849,2.9493801068042367,3.49267,3.0,2.0,2.0,3.0,5.0,50.667,0.0,3.0,,1.0,3218.0,0.0,1.0,N,,,,,For profit - Corporation,135.0,116.0,EMBASSY WILLOW PARK LLC,,,WILLOW PARK CONVALESCENT HOME,,,,,2017-12-01,1,1,1,0,1,1,1,0
gold_main_v2,control,control_v2,365828,WILLOW PARK CONVALESCENT HOME,OH,2018,0,,,,,,,,,,,67.14115668202766,4.0,4.900463133640553,4.0,0,,,,,,,2016.0,2023.0,control_weighted_pseudocohort,5.0,1,0,1,1,1,0,0,0,1.0,1.0,11.0,3.0,9.0,273.0,108.90424961511916,6685.25,93129.76,0.2243203779195758,3.132947650460739,3.04293,,2.0,,,,57.600,0.0,16.0,,3.0,41714.0,0.0,3.0,N,,,,,For profit - Corporation,135.0,109.4,EMBASSY WILLOW PARK LLC,,,WILLOW PARK CONVALESCENT HOME,,,,,2018-12-01,1,1,0,0,1,1,0,0
gold_main_v2,control,control_v2,365828,WILLOW PARK CONVALESCENT HOME,OH,2019,0,,,,,,,,,,,67.14115668202766,4.0,4.900463133640553,4.0,0,,,,,,,2016.0,2023.0,control_weighted_pseudocohort,5.0,1,0,1,1,1,0,0,0,1.0,1.0,11.0,3.0,9.0,275.0,99.64659977703457,6975.51,85645.49,0.2581191698769494,3.1340112635915105,2.89386,,1.0,,,,218.833,0.0,28.0,,4.0,60089.0,1.0,5.0,N,,,,,For profit - Corporation,135.0,106.5,EMBASSY WILLOW PARK LLC,,,WILLOW PARK CONVALESCENT HOME,,,,,2019-11-01,1,1,0,0,1,1,0,0
gold_main_v2,control,control_v2,365828,WILLOW PARK CONVALESCENT HOME,OH,2020,0,,,,,,,,,,,67.14115668202766,4.0,4.900463133640553,4.0,0,,,,,,,2016.0,2023.0,control_weighted_pseudocohort,5.0,1,0,1,1,1,0,0,0,1.0,1.0,11.0,3.0,9.0,366.0,87.27466555183946,9501.84,91575.27,0.2982251733196887,2.8611154627805293,2.78148,1.0,1.0,1.0,2.0,5.0,198.833,0.0,25.0,,3.0,56871.0,1.0,4.0,N,,,,,For profit - Corporation,135.0,87.5,EMBASSY WILLOW PARK LLC,,,WILLOW PARK CONVALESCENT HOME,,,,,2020-11-01,1,1,1,0,1,1,1,0
gold_main_v2,control,control_v2,365828,WILLOW PARK CONVALESCENT HOME,OH,2021,0,,,,,,,,,,,67.14115668202766,4.0,4.900463133640553,4.0,0,,,,,,,2016.0,2023.0,control_weighted_pseudocohort,5.0,1,0,1,1,1,0,0,0,1.0,1.0,11.0,3.0,9.0,365.0,74.44820300472475,11284.85,83698.44,0.4157072088547519,3.086286313066946,3.0452,1.0,1.0,1.0,1.0,4.0,152.333,0.0,21.0,1.0,4.0,127199.25,2.0,6.0,N,,,,,For profit - Corporation,135.0,72.5,EMBASSY WILLOW PARK LLC,,,WILLOW PARK CONVALESCENT HOME,,,,,2021-11-01,1,1,1,0,1,1,1,0
gold_main_v2,control,control_v2,365828,WILLOW PARK CONVALESCENT HOME,OH,2022,0,,,,,,,,,,,67.14115668202766,4.0,4.900463133640553,4.0,0,False,False,False,False,True,False,2016.0,2023.0,control_weighted_pseudocohort,5.0,1,0,1,1,1,1,0,1,1.0,1.0,11.0,3.0,9.0,90.0,72.24444444444444,2192.31,18687.15,0.3404612710182265,2.878103912381189,,1.0,,1.0,2.0,5.0,139.000,0.0,14.0,1.0,4.0,84894.1,1.0,5.0,N,,,,,For profit - Corporation,135.0,76.6,EMBASSY WILLOW PARK LLC,,,WILLOW PARK CONVALESCENT HOME,,,,,2022-11-01,1,0,1,0,1,0,1,0
gold_main_v2,control,control_v2,365828,WILLOW PARK CONVALESCENT HOME,OH,2023,0,,,,,,,,,,,67.14115668202766,4.0,4.900463133640553,4.0,0,False,False,False,False,True,False,2016.0,2023.0,control_weighted_pseudocohort,5.0,1,1,1,1,1,1,0,1,1.0,1.0,11.0,3.0,9.0,275.0,86.65786749482402,6990.98,69827.13,0.2955016946282848,2.9218407226214698,2.76687,1.0,,1.0,2.0,5.0,359.667,0.0,32.0,3.0,5.0,167509.1,2.0,7.0,N,98.0,59.0,8.0,0.6020408163265306,For profit - Partnership,135.0,78.6,EMBASSY WILLOW PARK LLC,EMBASSY HEALTHCARE,199.0,WILLOW PARK CONVALESCENT HOME,OH,,,,2023-11-01,1,1,1,1,1,1,1,1
gold_main_v2,control,control_v2,365828,HARVARD GARDENS REHABILITATION & CARE CENTER,OH,2024,0,,,,,,,,,,,67.14115668202766,4.0,4.900463133640553,4.0,0,False,False,False,False,False,False,2016.0,2023.0,control_weighted_pseudocohort,5.0,1,1,1,1,1,1,0,1,1.0,1.0,11.0,3.0,9.0,274.0,98.48319796145884,7214.75,76349.86,0.266991822255899,2.830345193041923,2.71167,1.0,,1.0,1.0,4.0,351.833,0.0,28.0,3.0,7.0,260898.45,2.0,9.0,N,98.0,59.0,8.0,0.6020408163265306,For profit - Partnership,135.0,100.6,WP OPERATING LLC,,,HARVARD GARDENS REHABILITATION & CARE CENTER,OH,,,,2024-11-01,1,1,1,1,1,1,1,1
gold_main_v2,control,control_v2,365828,HARVARD GARDENS REHABILITATION & CARE CENTER,OH,2025,0,,,,,,,,,,,67.14115668202766,4.0,4.900463133640553,4.0,0,False,True,False,False,False,True,2016.0,2023.0,control_weighted_pseudocohort,5.0,1,1,1,1,1,1,0,1,1.0,1.0,11.0,3.0,9.0,273.0,93.7054794641751,7049.08,84005.61,0.2755381254771359,3.2981204787223395,3.40652,1.0,,1.0,1.0,4.0,333.500,0.0,104.0,3.0,6.0,206304.0,1.0,7.0,N,101.0,94.0,4.0,0.9306930693069309,For profit - Partnership,130.0,88.9,WP OPERATING LLC,,,HARVARD GARDENS REHABILITATION & CARE CENTER,OH,,,,2025-11-01,1,1,1,1,1,1,1,1
gold_main_v2,control,control_v2,365828,HARVARD GARDENS REHABILITATION & CARE CENTER,OH,2026,0,,,,,,,,,,,67.14115668202766,4.0,4.900463133640553,4.0,0,False,True,False,False,False,True,2016.0,2023.0,control_weighted_pseudocohort,5.0,1,0,0,1,1,1,0,1,1.0,1.0,11.0,3.0,9.0,,,,,,,3.07236,1.0,,1.0,1.0,4.0,184.500,,,1.0,6.0,193748.0,1.0,7.0,N,,,,,For profit - Partnership,130.0,95.3,WP OPERATING LLC,,,HARVARD GARDENS REHABILITATION & CARE CENTER,OH,,,,2026-03-01,0,1,1,0,0,1,1,0
gold_main_v2,control,control_v2,366129,GILLETTE NURSING HOME,OH,2016,0,,,,,,,,,,,57.99902764976959,4.0,4.909562211981567,4.0,0,,,,,,,2016.0,2023.0,control_weighted_pseudocohort,5.0,1,0,0,1,1,0,0,0,1.0,1.0,11.0,3.0,9.0,,,,,,,4.25316,3.0,2.0,1.0,1.0,2.0,54.667,0.0,0.0,,1.0,7150.0,0.0,1.0,N,,,,,For profit - Corporation,99.0,95.0,"GILLETTE NURSING HOME, INC.",,,GILLETTE NURSING HOME,,,,,,0,1,1,0,0,1,1,0
gold_main_v2,control,control_v2,366129,GILLETTE NURSING HOME,OH,2017,0,,,,,,,,,,,57.99902764976959,4.0,4.909562211981567,4.0,0,,,,,,,2016.0,2023.0,control_weighted_pseudocohort,5.0,1,0,1,1,1,0,0,0,1.0,1.0,11.0,3.0,9.0,365.0,94.17475978128152,11849.0,121467.74,0.3453983503618928,3.5391505569851223,4.4179,3.0,2.0,2.0,3.0,5.0,34.000,0.0,0.0,,0.0,0.0,0.0,0.0,N,,,,,For profit - Corporation,99.0,95.0,"GILLETTE NURSING HOME, INC.",,,GILLETTE NURSING HOME,,,,,2017-12-01,1,1,1,0,1,1,1,0
gold_main_v2,control,control_v2,366129,GILLETTE NURSING HOME,OH,2018,0,,,,,,,,,,,57.99902764976959,4.0,4.909562211981567,4.0,0,,,,,,,2016.0,2023.0,control_weighted_pseudocohort,5.0,1,0,1,1,1,0,0,0,1.0,1.0,11.0,3.0,9.0,365.0,95.10533723522856,14041.75,122966.15,0.4036269250629078,3.5414676243881593,3.42671,,2.0,,,,32.000,0.0,1.0,,0.0,0.0,0.0,0.0,N,,,,,For profit - Corporation,99.0,94.2,"GILLETTE NURSING HOME, INC.",,,GILLETTE NURSING HOME,,,,,2018-12-01,1,1,0,0,1,1,0,0
gold_main_v2,control,control_v2,366129,GILLETTE NURSING HOME,OH,2019,0,,,,,,,,,,,57.99902764976959,4.0,4.909562211981567,4.0,0,,,,,,,2016.0,2023.0,control_weighted_pseudocohort,5.0,1,0,1,1,1,0,0,0,1.0,1.0,11.0,3.0,9.0,365.0,95.25970563253172,17189.25,129702.57,0.4941617724853629,3.731670043193854,3.87016,,2.0,,,,46.000,0.0,3.0,,0.0,0.0,0.0,0.0,N,,,,,For profit - Corporation,99.0,94.5,"GILLETTE NURSING HOME, INC.",,,GILLETTE NURSING HOME,,,,,2019-11-01,1,1,0,0,1,1,0,0
gold_main_v2,control,control_v2,366129,GILLETTE NURSING HOME,OH,2020,0,,,,,,,,,,,57.99902764976959,4.0,4.909562211981567,4.0,0,,,,,,,2016.0,2023.0,control_weighted_pseudocohort,5.0,1,0,1,1,1,0,0,0,1.0,1.0,11.0,3.0,9.0,366.0,92.60953177257524,17924.9,120495.79,0.5304350096601292,3.5665956634768565,3.57056,2.0,2.0,3.0,4.0,5.0,44.667,0.0,3.0,,0.0,0.0,0.0,0.0,N,,,,,For profit - Corporation,99.0,93.8,"GILLETTE NURSING HOME, INC.",,,GILLETTE NURSING HOME,,,,,2020-11-01,1,1,1,0,1,1,1,0
gold_main_v2,control,control_v2,366129,GILLETTE NURSING HOME,OH,2021,0,,,,,,,,,,,57.99902764976959,4.0,4.909562211981567,4.0,0,,,,,,,2016.0,2023.0,control_weighted_pseudocohort,5.0,1,0,1,1,1,0,0,0,1.0,1.0,11.0,3.0,9.0,365.0,74.13262793969315,12322.94,94305.54,0.4578760105608744,3.498694652737222,3.57329,2.0,2.0,3.0,4.0,5.0,36.667,0.0,2.0,0.0,0.0,0.0,0.0,0.0,N,,,,,For profit - Corporation,99.0,70.4,"GILLETTE NURSING HOME, INC.",,,GILLETTE NURSING HOME,,,,,2021-11-01,1,1,1,0,1,1,1,0
gold_main_v2,control,control_v2,366129,GILLETTE NURSING HOME,OH,2022,0,,,,,,,,,,,57.99902764976959,4.0,4.909562211981567,4.0,0,False,False,False,False,False,False,2016.0,2023.0,control_weighted_pseudocohort,5.0,1,0,1,1,1,1,0,1,1.0,1.0,11.0,3.0,9.0,365.0,86.10747332377767,12272.75,104371.0,0.3890580802583011,3.316967331804814,3.19612,2.0,,4.0,4.0,3.0,20.000,0.0,0.0,0.0,0.0,0.0,0.0,0.0,N,,,,,For profit - Corporation,99.0,84.5,"GILLETTE NURSING HOME, INC.",,,GILLETTE NURSING HOME,,,,,2022-11-01,1,1,1,0,1,1,1,0
gold_main_v2,control,control_v2,366129,GILLETTE NURSING HOME,OH,2023,0,,,,,,,,,,,57.99902764976959,4.0,4.909562211981567,4.0,0,False,False,False,False,False,False,2016.0,2023.0,control_weighted_pseudocohort,5.0,1,1,1,1,1,1,0,1,1.0,1.0,11.0,3.0,9.0,365.0,90.94605165366036,14860.75,117599.25,0.4479211353430286,3.544136049572065,3.46822,3.0,,4.0,4.0,2.0,20.000,0.0,0.0,0.0,0.0,0.0,0.0,0.0,N,85.0,57.0,3.0,0.6705882352941176,For profit - Corporation,99.0,90.8,"GILLETTE NURSING HOME, INC.",,,GILLETTE NURSING HOME,OH,,,,2023-11-01,1,1,1,1,1,1,1,1
gold_main_v2,control,control_v2,366129,GILLETTE NURSING HOME,OH,2024,0,,,,,,,,,,,57.99902764976959,4.0,4.909562211981567,4.0,0,False,False,False,False,False,False,2016.0,2023.0,control_weighted_pseudocohort,5.0,1,1,1,1,1,1,0,1,1.0,1.0,11.0,3.0,9.0,366.0,92.70490922121355,13574.0,124121.89,0.4006065342277571,3.661543574136438,3.58556,2.0,,4.0,4.0,4.0,18.667,0.0,0.0,0.0,0.0,0.0,0.0,0.0,N,90.0,62.5,3.0,0.693188854489164,For profit - Corporation,99.0,93.9,"GILLETTE NURSING HOME, INC.",,,GILLETTE NURSING HOME,OH,,,,2024-11-01,1,1,1,1,1,1,1,1
gold_main_v2,control,control_v2,366129,GILLETTE NURSING HOME,OH,2025,0,,,,,,,,,,,57.99902764976959,4.0,4.909562211981567,4.0,0,False,True,False,False,False,True,2016.0,2023.0,control_weighted_pseudocohort,5.0,1,1,1,1,1,1,0,1,1.0,1.0,11.0,3.0,9.0,273.0,87.77178160004246,8891.25,89526.14,0.3718779091353653,3.7399424751090926,3.8132,3.0,,3.0,3.0,3.0,44.000,0.0,38.0,3.0,0.0,0.0,0.0,0.0,N,95.0,68.0,3.0,0.7157894736842105,For profit - Corporation,99.0,86.9,"GILLETTE NURSING HOME, INC.",,,GILLETTE NURSING HOME,OH,,,,2025-11-01,1,1,1,1,1,1,1,1
gold_main_v2,control,control_v2,366129,GILLETTE NURSING HOME,OH,2026,0,,,,,,,,,,,57.99902764976959,4.0,4.909562211981567,4.0,0,False,True,False,False,False,True,2016.0,2023.0,control_weighted_pseudocohort,5.0,1,0,0,1,1,1,0,1,1.0,1.0,11.0,3.0,9.0,,,,,,,,1.0,,4.0,3.0,4.0,38.000,,,3.0,0.0,0.0,0.0,0.0,N,,,,,For profit - Corporation,99.0,88.8,"GILLETTE NURSING HOME, INC.",,,GILLETTE NURSING HOME,OH,,,,2026-03-01,0,0,1,0,0,0,1,0
gold_main_v2,control,control_v2,366365,WILLOWS AT BELLEVUE,OH,2016,0,,,,,,,,,,,38.185852534562216,4.0,31.455953917050692,4.0,1,,,,,,,2016.0,2023.0,control_weighted_pseudocohort,5.0,1,0,0,1,1,0,0,0,1.0,1.0,11.0,3.0,9.0,,,,,,,3.6625,3.0,4.0,5.0,5.0,3.0,4.000,0.0,0.0,,0.0,0.0,0.0,0.0,N,,,,,For profit - Corporation,60.0,56.0,"TRILOGY HEALTHCARE OF BELLEVUE, LLC",,,WILLOWS AT BELLEVUE,,,,,,0,1,1,0,0,1,1,0
gold_main_v2,control,control_v2,366365,WILLOWS AT BELLEVUE,OH,2017,0,,,,,,,,,,,38.185852534562216,4.0,31.455953917050692,4.0,1,,,,,,,2016.0,2023.0,control_weighted_pseudocohort,5.0,1,0,1,1,1,0,0,0,1.0,1.0,11.0,3.0,9.0,365.0,56.223453840845146,15654.46,69822.65,0.7635657946969883,3.4085110035575377,3.57368,3.0,4.0,3.0,3.0,4.0,29.333,0.0,0.0,,0.0,0.0,0.0,0.0,N,,,,,For profit - Corporation,60.0,57.0,"TRILOGY HEALTHCARE OF BELLEVUE, LLC",,,WILLOWS AT BELLEVUE,,,,,2017-12-01,1,1,1,0,1,1,1,0
gold_main_v2,control,control_v2,366365,WILLOWS AT BELLEVUE,OH,2018,0,,,,,,,,,,,38.185852534562216,4.0,31.455953917050692,4.0,1,,,,,,,2016.0,2023.0,control_weighted_pseudocohort,5.0,1,0,1,1,1,0,0,0,1.0,1.0,11.0,3.0,9.0,365.0,53.95678584700324,14933.85,70512.95999999999,0.7604188238428822,3.5887620681176617,3.50969,,4.0,,,,34.400,0.0,0.0,,0.0,0.0,0.0,0.0,N,,,,,For profit - Corporation,60.0,54.3,"TRILOGY HEALTHCARE OF BELLEVUE, LLC",,,WILLOWS AT BELLEVUE,,,,,2018-12-01,1,1,0,0,1,1,0,0
gold_main_v2,control,control_v2,366365,WILLOWS AT BELLEVUE,OH,2019,0,,,,,,,,,,,38.185852534562216,4.0,31.455953917050692,4.0,1,,,,,,,2016.0,2023.0,control_weighted_pseudocohort,5.0,1,0,1,1,1,0,0,0,1.0,1.0,11.0,3.0,9.0,365.0,54.39733901364336,12975.43,67669.09999999999,0.6547389590065603,3.4160631011630977,3.26393,,2.0,,,,22.000,0.0,0.0,,0.0,0.0,0.0,0.0,N,,,,,For profit - Corporation,60.0,56.1,"TRILOGY HEALTHCARE OF BELLEVUE, LLC",,,WILLOWS AT BELLEVUE,,,,,2019-11-01,1,1,0,0,1,1,0,0
gold_main_v2,control,control_v2,366365,WILLOWS AT BELLEVUE,OH,2020,0,,,,,,,,,,,38.185852534562216,4.0,31.455953917050692,4.0,1,,,,,,,2016.0,2023.0,control_weighted_pseudocohort,5.0,1,0,1,1,1,0,0,0,1.0,1.0,11.0,3.0,9.0,366.0,49.33719541328237,12844.9,65308.07000000001,0.7146354679697425,3.6464501792147543,3.61146,3.0,3.0,4.0,5.0,5.0,13.333,0.0,0.0,,0.0,0.0,0.0,0.0,N,,,,,For profit - Corporation,60.0,47.9,"TRILOGY HEALTHCARE OF BELLEVUE, LLC",,,WILLOWS AT BELLEVUE,,,,,2020-11-01,1,1,1,0,1,1,1,0
gold_main_v2,control,control_v2,366365,WILLOWS AT BELLEVUE,OH,2021,0,,,,,,,,,,,38.185852534562216,4.0,31.455953917050692,4.0,1,,,,,,,2016.0,2023.0,control_weighted_pseudocohort,5.0,1,0,1,1,1,0,0,0,1.0,1.0,11.0,3.0,9.0,365.0,46.76627714073366,12145.97,62223.16,0.7223760686089317,3.6980491813198353,3.55972,3.0,4.0,4.0,4.0,4.0,13.333,0.0,0.0,0.0,1.0,1950.0,0.0,1.0,N,,,,,For profit - Corporation,60.0,46.9,"TRILOGY HEALTHCARE OF BELLEVUE, LLC",,,WILLOWS AT BELLEVUE,,,,,2021-11-01,1,1,1,0,1,1,1,0
gold_main_v2,control,control_v2,366365,WILLOWS AT BELLEVUE,OH,2022,0,,,,,,,,,,,38.185852534562216,4.0,31.455953917050692,4.0,1,False,False,False,False,False,False,2016.0,2023.0,control_weighted_pseudocohort,5.0,1,0,1,1,1,1,0,1,1.0,1.0,11.0,3.0,9.0,365.0,51.55965984498593,14756.15,66981.1,0.785142843601992,3.578191557747096,3.48302,2.0,,5.0,5.0,5.0,15.333,0.0,1.0,0.0,1.0,1950.0,0.0,1.0,N,,,,,For profit - Corporation,60.0,53.1,"TRILOGY HEALTHCARE OF BELLEVUE, LLC",,,WILLOWS AT BELLEVUE,,,,,2022-11-01,1,1,1,0,1,1,1,0
gold_main_v2,control,control_v2,366365,WILLOWS AT BELLEVUE,OH,2023,0,,,,,,,,,,,38.185852534562216,4.0,31.455953917050692,4.0,1,False,False,False,False,False,False,2016.0,2023.0,control_weighted_pseudocohort,5.0,1,1,1,1,1,1,0,1,1.0,1.0,11.0,3.0,9.0,365.0,53.33680057864841,15340.29,69885.22,0.7875075678100296,3.5951199350062746,3.5939,3.0,,4.0,4.0,4.0,27.333,0.0,2.0,0.0,0.0,0.0,0.0,0.0,N,53.0,23.0,15.0,0.4339622641509434,For profit - Corporation,60.0,53.2,"TRILOGY HEALTHCARE OF BELLEVUE, LLC",TRILOGY HEALTH SERVICES,524.0,WILLOWS AT BELLEVUE,OH,,,,2023-11-01,1,1,1,1,1,1,1,1
gold_main_v2,control,control_v2,366365,WILLOWS AT BELLEVUE,OH,2024,0,,,,,,,,,,,38.185852534562216,4.0,31.455953917050692,4.0,1,False,False,False,False,False,False,2016.0,2023.0,control_weighted_pseudocohort,5.0,1,1,1,1,1,1,0,1,1.0,1.0,11.0,3.0,9.0,366.0,56.18520066889632,20026.11,75815.32,0.975402856442156,3.6916771759649145,3.64971,2.0,,4.0,5.0,5.0,26.000,0.0,2.0,,0.0,0.0,0.0,0.0,N,53.0,23.0,15.0,0.4339622641509434,For profit - Corporation,60.0,57.2,"TRILOGY HEALTHCARE OF BELLEVUE, LLC",TRILOGY HEALTH SERVICES,524.0,WILLOWS AT BELLEVUE,OH,,,,2024-11-01,1,1,1,1,1,1,1,1
gold_main_v2,control,control_v2,366365,WILLOWS AT BELLEVUE,OH,2025,0,,,,,,,,,,,38.185852534562216,4.0,31.455953917050692,4.0,1,False,True,True,False,True,True,2016.0,2023.0,control_weighted_pseudocohort,5.0,1,1,1,1,1,1,0,1,1.0,1.0,11.0,3.0,9.0,273.0,54.83758117888552,18603.33,57355.05,1.2427009182514246,3.838194761695059,3.79516,3.0,,4.0,5.0,5.0,28.000,0.0,2.0,,0.0,0.0,0.0,0.0,N,55.666666666666664,21.0,21.666666666666668,0.3785722167052852,For profit - Corporation,60.0,53.5,"TRILOGY HEALTHCARE OF BELLEVUE, LLC",TRILOGY HEALTH SERVICES,524.0,WILLOWS AT BELLEVUE,OH,,,,2025-11-01,1,1,1,1,1,1,1,1
gold_main_v2,control,control_v2,366365,WILLOWS AT BELLEVUE,OH,2026,0,,,,,,,,,,,38.185852534562216,4.0,31.455953917050692,4.0,1,False,True,True,False,True,True,2016.0,2023.0,control_weighted_pseudocohort,5.0,1,0,0,1,1,1,0,1,1.0,1.0,11.0,3.0,9.0,,,,,,,3.90942,3.0,,4.0,5.0,5.0,28.000,,,,0.0,0.0,0.0,0.0,N,,,,,For profit - Corporation,60.0,53.7,"TRILOGY HEALTHCARE OF BELLEVUE, LLC",TRILOGY HEALTH SERVICES,524.0,WILLOWS AT BELLEVUE,OH,,,,2026-03-01,0,1,1,0,0,1,1,0
gold_main_v2,control,control_v2,366474,VIOLET SPRINGS HEALTH CAMPUS,OH,2020,0,,,,,,,,,,,9.96045977011494,2.0,11.49425287356322,2.0,0,,,,,,,2020.0,2023.0,control_weighted_pseudocohort,3.0,1,0,0,1,1,0,0,0,1.0,1.0,7.0,3.0,5.0,,,,,,,,,,,,,,0.0,0.0,,0.0,0.0,0.0,0.0,N,,,,,For profit - Corporation,50.0,10.1,"TRILOGY HEALTHCARE OF PICKERINGTON, LLC",,,VIOLET SPRINGS HEALTH CAMPUS,,,,,2020-11-01,0,0,0,0,0,0,0,0
gold_main_v2,control,control_v2,366474,VIOLET SPRINGS HEALTH CAMPUS,OH,2021,0,,,,,,,,,,,9.96045977011494,2.0,11.49425287356322,2.0,0,,,,,,,2020.0,2023.0,control_weighted_pseudocohort,3.0,1,0,1,1,1,0,0,0,1.0,1.0,7.0,3.0,5.0,92.0,45.58695652173913,4968.11,17401.47,1.1859597882015964,4.154069482743704,,,,,,,,0.0,8.0,1.0,2.0,10650.0,0.0,2.0,N,,,,,For profit - Corporation,50.0,40.0,"TRILOGY HEALTHCARE OF PICKERINGTON, LLC",,,VIOLET SPRINGS HEALTH CAMPUS,,,,,2021-11-01,1,0,0,0,1,0,0,0
gold_main_v2,control,control_v2,366474,VIOLET SPRINGS HEALTH CAMPUS,OH,2022,0,,,,,,,,,,,9.96045977011494,2.0,11.49425287356322,2.0,0,False,False,False,False,False,False,2020.0,2023.0,control_weighted_pseudocohort,3.0,1,0,1,1,1,1,0,1,1.0,1.0,7.0,3.0,5.0,365.0,45.813192785475394,19491.48,69812.37,1.1723656091107988,4.193469202215937,4.4416,4.0,,3.0,4.0,5.0,44.800,0.0,9.0,1.0,2.0,7150.0,0.0,2.0,N,,,,,For profit - Corporation,50.0,44.1,"TRILOGY HEALTHCARE OF PICKERINGTON, LLC",,,VIOLET SPRINGS HEALTH CAMPUS,,,,,2022-11-01,1,1,1,0,1,1,1,0
gold_main_v2,control,control_v2,366474,VIOLET SPRINGS HEALTH CAMPUS,OH,2023,0,,,,,,,,,,,9.96045977011494,2.0,11.49425287356322,2.0,0,False,False,False,False,False,False,2020.0,2023.0,control_weighted_pseudocohort,3.0,1,1,1,1,1,1,0,1,1.0,1.0,7.0,3.0,5.0,365.0,47.28461206667728,19829.68,74793.4,1.1530101859562694,4.342368959732683,4.05557,4.0,,4.0,4.0,3.0,22.400,0.0,9.0,0.0,1.0,6500.0,0.0,1.0,N,48.0,13.0,15.0,0.2708333333333333,For profit - Corporation,50.0,47.6,"TRILOGY HEALTHCARE OF PICKERINGTON, LLC",TRILOGY HEALTH SERVICES,524.0,VIOLET SPRINGS HEALTH CAMPUS,OH,,,,2023-11-01,1,1,1,1,1,1,1,1
gold_main_v2,control,control_v2,366474,VIOLET SPRINGS HEALTH CAMPUS,OH,2024,0,,,,,,,,,,,9.96045977011494,2.0,11.49425287356322,2.0,0,False,False,False,False,False,False,2020.0,2023.0,control_weighted_pseudocohort,3.0,1,1,1,1,1,1,0,1,1.0,1.0,7.0,3.0,5.0,366.0,47.45595437171525,18390.03,77266.15,1.0623634359961966,4.456879486948388,4.51959,4.0,,4.0,4.0,4.0,31.200,0.0,2.0,,1.0,16800.55,0.0,1.0,N,47.5,11.5,15.0,0.2411684782608695,For profit - Corporation,50.0,48.5,"TRILOGY HEALTHCARE OF PICKERINGTON, LLC",TRILOGY HEALTH SERVICES,524.0,VIOLET SPRINGS HEALTH CAMPUS,OH,,,,2024-11-01,1,1,1,1,1,1,1,1
gold_main_v2,control,control_v2,366474,VIOLET SPRINGS HEALTH CAMPUS,OH,2025,0,,,,,,,,,,,9.96045977011494,2.0,11.49425287356322,2.0,0,True,True,False,False,True,True,2020.0,2023.0,control_weighted_pseudocohort,3.0,1,1,1,1,1,1,0,1,1.0,1.0,7.0,3.0,5.0,273.0,50.802807418024805,13950.66,55509.14,1.0062833003605822,4.0086081848457855,3.95354,3.0,,2.0,3.0,5.0,76.000,0.0,4.0,,1.0,16801.0,0.0,1.0,N,46.0,7.0,15.0,0.1521739130434782,For profit - Limited Liability company,58.0,51.3,"TRILOGY HEALTHCARE OF PICKERINGTON, LLC",TRILOGY HEALTH SERVICES,524.0,VIOLET SPRINGS HEALTH CAMPUS,OH,,,,2025-11-01,1,1,1,1,1,1,1,1
gold_main_v2,control,control_v2,366474,VIOLET SPRINGS HEALTH CAMPUS,OH,2026,0,,,,,,,,,,,9.96045977011494,2.0,11.49425287356322,2.0,0,True,True,False,False,True,True,2020.0,2023.0,control_weighted_pseudocohort,3.0,1,0,0,1,1,1,0,1,1.0,1.0,7.0,3.0,5.0,,,,,,,3.92515,4.0,,2.0,2.0,4.0,82.000,,,,1.0,16801.0,0.0,1.0,N,,,,,For profit - Limited Liability company,58.0,52.5,"TRILOGY HEALTHCARE OF PICKERINGTON, LLC",TRILOGY HEALTH SERVICES,524.0,VIOLET SPRINGS HEALTH CAMPUS,OH,,,,2026-03-01,0,1,1,0,0,1,1,0
gold_main_v2,control,control_v2,366492,NORWICH SPRINGS HEALTH CAMPUS,OH,2022,0,,,,,,,,,,,0.0,2.0,0.0,2.0,0,False,False,False,False,False,False,2022.0,2023.0,control_weighted_pseudocohort,1.0,1,0,0,1,1,1,0,1,1.0,1.0,5.0,3.0,3.0,,,,,,,,,,,,,,0.0,3.0,,5.0,6578.0,0.0,5.0,N,,,,,For profit - Corporation,50.0,23.5,"TRILOGY HEALTHCARE OF HILLIARD, LLC",,,NORWICH SPRINGS HEALTH CAMPUS,,,,,2022-11-01,0,0,0,0,0,0,0,0
gold_main_v2,control,control_v2,366492,NORWICH SPRINGS HEALTH CAMPUS,OH,2023,0,,,,,,,,,,,0.0,2.0,0.0,2.0,0,False,False,False,False,False,False,2022.0,2023.0,control_weighted_pseudocohort,1.0,1,1,1,1,1,1,0,1,1.0,1.0,5.0,3.0,3.0,365.0,39.844916918829966,10854.79,60038.69,0.7642410553741222,4.1815405481727295,4.02667,,,,,,,0.0,4.0,,6.0,26136.5,0.0,6.0,N,1.0,0.0,0.0,0.0,For profit - Corporation,50.0,40.4,"TRILOGY HEALTHCARE OF HILLIARD, LLC",TRILOGY HEALTH SERVICES,524.0,NORWICH SPRINGS HEALTH CAMPUS,OH,,,,2023-11-01,1,1,0,1,1,1,0,1
gold_main_v2,control,control_v2,366492,NORWICH SPRINGS HEALTH CAMPUS,OH,2024,0,,,,,,,,,,,0.0,2.0,0.0,2.0,0,False,False,False,False,False,False,2022.0,2023.0,control_weighted_pseudocohort,1.0,1,1,1,1,1,1,0,1,1.0,1.0,5.0,3.0,3.0,366.0,45.69604037267081,16883.92,65492.78,1.0171672472395352,3.9350398452105697,3.97794,4.0,,3.0,3.0,4.0,52.800,0.0,6.0,,6.0,26136.5,0.0,6.0,N,29.5,6.75,9.75,0.173076923076923,For profit - Corporation,50.0,44.8,"TRILOGY HEALTHCARE OF HILLIARD, LLC",TRILOGY HEALTH SERVICES,524.0,NORWICH SPRINGS HEALTH CAMPUS,OH,,,,2024-11-01,1,1,1,1,1,1,1,1
gold_main_v2,control,control_v2,366492,NORWICH SPRINGS HEALTH CAMPUS,OH,2025,0,,,,,,,,,,,0.0,2.0,0.0,2.0,0,False,True,False,False,True,True,2022.0,2023.0,control_weighted_pseudocohort,1.0,1,1,1,1,1,1,0,1,1.0,1.0,5.0,3.0,3.0,273.0,47.99520447346534,16188.97,53677.759999999995,1.2417701764044304,4.11198855763001,4.05703,4.0,,3.0,4.0,5.0,56.000,0.0,7.0,,0.0,0.0,0.0,0.0,N,39.0,9.0,13.0,0.2307692307692307,For profit - Corporation,54.0,47.1,"TRILOGY HEALTHCARE OF HILLIARD, LLC",TRILOGY HEALTH SERVICES,524.0,NORWICH SPRINGS HEALTH CAMPUS,OH,,,,2025-11-01,1,1,1,1,1,1,1,1
gold_main_v2,control,control_v2,366492,NORWICH SPRINGS HEALTH CAMPUS,OH,2026,0,,,,,,,,,,,0.0,2.0,0.0,2.0,0,False,True,False,False,True,True,2022.0,2023.0,control_weighted_pseudocohort,1.0,1,0,0,1,1,1,0,1,1.0,1.0,5.0,3.0,3.0,,,,,,,4.18797,4.0,,3.0,4.0,5.0,53.000,,,,0.0,0.0,0.0,0.0,N,,,,,For profit - Corporation,54.0,49.1,"TRILOGY HEALTHCARE OF HILLIARD, LLC",TRILOGY HEALTH SERVICES,524.0,NORWICH SPRINGS HEALTH CAMPUS,OH,,,,2026-03-01,0,1,1,0,0,1,1,0
gold_main_v2,control,control_v2,366498,,OH,2023,0,,,,,,,,,,,,,,,0,,,,,,,,,,,0,1,0,0,0,0,0,0,1.0,1.0,4.0,3.0,2.0,,,,,,,,,,,,,,,,,,,,,,1.0,0.0,0.0,0.0,,,,,,,,,,,,,0,0,0,1,0,0,0,0
gold_main_v2,control,control_v2,366498,LIBERTY STATION HEALTH CAMPUS,OH,2024,0,,,,,,,,,,,,,,,0,False,False,False,False,True,False,,,,,0,1,1,1,1,1,0,1,1.0,1.0,4.0,3.0,2.0,275.0,23.30000796305144,8572.07,39924.32,1.3816611459916743,6.360363284218077,6.68359,,,,,,,0.0,0.0,,0.0,0.0,0.0,0.0,N,1.0,0.0,0.0,0.0,For profit - Limited Liability company,54.0,20.8,"TRILOGY HEALTHCARE OF LIBERTY TOWNSHIP, LLC",TRILOGY HEALTH SERVICES,524.0,LIBERTY STATION HEALTH CAMPUS,OH,,,,2024-11-01,1,1,0,1,0,0,0,0
gold_main_v2,control,control_v2,366498,LIBERTY STATION HEALTH CAMPUS,OH,2025,0,,,,,,,,,,,,,,,0,False,True,False,False,True,True,,,,,0,1,1,1,1,1,0,1,1.0,1.0,4.0,3.0,2.0,273.0,40.70517598343685,10503.21,49408.68,0.9564672888072344,4.507123837203401,4.68155,,,,,,,0.0,0.0,,0.0,0.0,0.0,0.0,N,1.0,0.0,0.0,0.0,For profit - Limited Liability company,54.0,42.4,"TRILOGY HEALTHCARE OF LIBERTY TOWNSHIP, LLC",TRILOGY HEALTH SERVICES,524.0,LIBERTY STATION HEALTH CAMPUS,OH,,,,2025-11-01,1,1,0,1,0,0,0,0
gold_main_v2,control,control_v2,366498,LIBERTY STATION HEALTH CAMPUS,OH,2026,0,,,,,,,,,,,,,,,0,False,True,False,False,True,True,,,,,0,0,0,1,1,1,0,1,1.0,1.0,4.0,3.0,2.0,,,,,,,4.33333,,,,,,,,,,0.0,0.0,0.0,0.0,N,,,,,For profit - Limited Liability company,54.0,40.6,"TRILOGY HEALTHCARE OF LIBERTY TOWNSHIP, LLC",TRILOGY HEALTH SERVICES,524.0,LIBERTY STATION HEALTH CAMPUS,OH,,,,2026-03-01,0,1,0,0,0,0,0,0
gold_main_v2,control,control_v2,366499,WILLOWS AT BOWLING GREEN THE,OH,2024,0,,,,,,,,,,,,,,,0,True,True,False,False,True,True,,,,,0,1,1,1,1,1,0,1,1.0,1.0,3.0,2.0,2.0,184.0,14.918478260869566,7720.34,17705.14,2.9832629540486635,6.723608725209356,,,,,,,,0.0,0.0,,0.0,0.0,0.0,0.0,N,2.0,0.0,0.0,0.0,For profit - Limited Liability company,50.0,,"TRILOGY HEALTHCARE OF BOWLING GREEN, LLC",TRILOGY HEALTH SERVICES,524.0,WILLOWS AT BOWLING GREEN THE,OH,,,,2024-11-01,1,0,0,1,0,0,0,0
gold_main_v2,control,control_v2,366499,WILLOWS AT BOWLING GREEN THE,OH,2025,0,,,,,,,,,,,,,,,0,True,True,False,False,True,True,,,,,0,1,1,1,1,1,0,1,1.0,1.0,3.0,2.0,2.0,273.0,32.59850383111253,8063.97,48267.09,0.9564481191403232,5.3994228073342745,5.15306,,,,,,,0.0,0.0,,0.0,0.0,0.0,0.0,N,2.0,0.0,0.0,0.0,For profit - Limited Liability company,50.0,34.2,"TRILOGY HEALTHCARE OF BOWLING GREEN, LLC",TRILOGY HEALTH SERVICES,524.0,WILLOWS AT BOWLING GREEN THE,OH,,,,2025-11-01,1,1,0,1,0,0,0,0
gold_main_v2,control,control_v2,366499,WILLOWS AT BOWLING GREEN THE,OH,2026,0,,,,,,,,,,,,,,,0,False,True,False,False,True,True,,,,,0,0,0,1,1,1,0,1,1.0,1.0,3.0,2.0,2.0,,,,,,,5.86104,,,,,,,,,,0.0,0.0,0.0,0.0,N,,,,,For profit - Limited Liability company,50.0,36.6,"TRILOGY HEALTHCARE OF BOWLING GREEN, LLC",TRILOGY HEALTH SERVICES,524.0,WILLOWS AT BOWLING GREEN THE,OH,,,,2026-03-01,0,1,0,0,0,0,0,0
gold_main_v2,control,control_v2,385031,AVAMERE CRESTVIEW OF PORTLAND,OR,2016,0,,,,,,,,,,,60.82079493087558,4.0,8.111562211981568,4.0,0,,,,,,,2016.0,2023.0,control_weighted_pseudocohort,5.0,1,0,0,1,1,0,0,0,1.0,1.0,11.0,3.0,9.0,,,,,,,5.17929,5.0,5.0,2.0,3.0,3.0,57.333,3.0,6.0,,2.0,9620.0,0.0,2.0,N,,,,,For profit - Corporation,127.0,70.0,"CRESTVIEW OPERATIONS, LLC",,,AVAMERE CRESTVIEW OF PORTLAND,,,,,,0,1,1,0,0,1,1,0
gold_main_v2,control,control_v2,385031,AVAMERE CRESTVIEW OF PORTLAND,OR,2017,0,,,,,,,,,,,60.82079493087558,4.0,8.111562211981568,4.0,0,,,,,,,2016.0,2023.0,control_weighted_pseudocohort,5.0,1,0,1,1,1,0,0,0,1.0,1.0,11.0,3.0,9.0,365.0,80.26716369379412,23021.75,131343.5,0.7873208507325613,4.484504708619231,4.5596,4.0,3.0,2.0,3.0,3.0,68.667,1.0,3.0,,0.0,0.0,0.0,0.0,N,,,,,For profit - Corporation,127.0,73.0,"CRESTVIEW OPERATIONS, LLC",,,AVAMERE CRESTVIEW OF PORTLAND,,,,,2017-12-01,1,1,1,0,1,1,1,0
gold_main_v2,control,control_v2,385031,AVAMERE CRESTVIEW OF PORTLAND,OR,2018,0,,,,,,,,,,,60.82079493087558,4.0,8.111562211981568,4.0,0,,,,,,,2016.0,2023.0,control_weighted_pseudocohort,5.0,1,0,1,1,1,0,0,0,1.0,1.0,11.0,3.0,9.0,365.0,80.96310917343526,21906.5,130172.0,0.7417521458779406,4.408105730377411,4.54264,,4.0,,,,67.200,1.0,4.0,,0.0,0.0,0.0,0.0,N,,,,,For profit - Corporation,127.0,79.8,"CRESTVIEW OPERATIONS, LLC",,,AVAMERE CRESTVIEW OF PORTLAND,,,,,2018-12-01,1,1,0,0,1,1,0,0
gold_main_v2,control,control_v2,385031,AVAMERE CRESTVIEW OF PORTLAND,OR,2019,0,,,,,,,,,,,60.82079493087558,4.0,8.111562211981568,4.0,0,,,,,,,2016.0,2023.0,control_weighted_pseudocohort,5.0,1,0,1,1,1,0,0,0,1.0,1.0,11.0,3.0,9.0,365.0,81.43444550618463,20685.75,125530.0,0.6973075588716359,4.225020662946749,4.21613,,3.0,,,,55.333,1.0,2.0,,0.0,0.0,0.0,0.0,N,,,,,For profit - Corporation,127.0,82.2,"CRESTVIEW OPERATIONS, LLC",,,AVAMERE CRESTVIEW OF PORTLAND,,,,,2019-11-01,1,1,0,0,1,1,0,0
gold_main_v2,control,control_v2,385031,AVAMERE CRESTVIEW OF PORTLAND,OR,2020,0,,,,,,,,,,,60.82079493087558,4.0,8.111562211981568,4.0,0,,,,,,,2016.0,2023.0,control_weighted_pseudocohort,5.0,1,0,1,1,1,0,0,0,1.0,1.0,11.0,3.0,9.0,366.0,78.48733874820832,24404.25,122727.0,0.8506561303004087,4.273163255552098,4.2871,4.0,4.0,2.0,3.0,3.0,69.333,2.0,10.0,,0.0,0.0,0.0,0.0,N,,,,,For profit - Corporation,127.0,80.9,"CRESTVIEW OPERATIONS, LLC",,,AVAMERE CRESTVIEW OF PORTLAND,,,,,2020-11-01,1,1,1,0,1,1,1,0
gold_main_v2,control,control_v2,385031,AVAMERE CRESTVIEW OF PORTLAND,OR,2021,0,,,,,,,,,,,60.82079493087558,4.0,8.111562211981568,4.0,0,,,,,,,2016.0,2023.0,control_weighted_pseudocohort,5.0,1,0,1,1,1,0,0,0,1.0,1.0,11.0,3.0,9.0,365.0,74.58291925465838,21983.0,120524.5,0.810688593426975,4.439386180666706,4.37928,4.0,4.0,3.0,4.0,4.0,55.333,1.0,10.0,0.0,1.0,650.0,0.0,1.0,N,,,,,For profit - Corporation,127.0,77.7,"CRESTVIEW OPERATIONS, LLC",,,AVAMERE CRESTVIEW OF PORTLAND,,,,,2021-11-01,1,1,1,0,1,1,1,0
gold_main_v2,control,control_v2,385031,AVAMERE CRESTVIEW OF PORTLAND,OR,2022,0,,,,,,,,,,,60.82079493087558,4.0,8.111562211981568,4.0,0,False,False,False,False,False,False,2016.0,2023.0,control_weighted_pseudocohort,5.0,1,0,1,1,1,1,0,1,1.0,1.0,11.0,3.0,9.0,365.0,65.91781998195042,15707.0,110912.5,0.6500421326099973,4.613836352166251,4.78645,4.0,,3.0,3.0,4.0,70.000,3.0,9.0,0.0,2.0,39700.0,0.0,2.0,N,,,,,For profit - Limited Liability company,127.0,65.8,"CRESTVIEW OPERATIONS, LLC",,,AVAMERE CRESTVIEW OF PORTLAND,,,,,2022-11-01,1,1,1,0,1,1,1,0
gold_main_v2,control,control_v2,385031,AVAMERE CRESTVIEW OF PORTLAND,OR,2023,0,,,,,,,,,,,60.82079493087558,4.0,8.111562211981568,4.0,0,False,False,False,False,False,False,2016.0,2023.0,control_weighted_pseudocohort,5.0,1,1,1,1,1,1,0,1,1.0,1.0,11.0,3.0,9.0,365.0,59.05447589849764,13131.25,98216.12,0.6160199588811869,4.5734459933242135,4.55623,4.0,,1.0,1.0,4.0,166.667,5.0,7.0,,5.0,128274.9,1.0,6.0,N,67.0,41.0,1.0,0.6119402985074627,For profit - Limited Liability company,127.0,63.8,"CRESTVIEW OPERATIONS, LLC",AVAMERE,58.0,AVAMERE CRESTVIEW OF PORTLAND,OR,,,,2023-11-01,1,1,1,1,1,1,1,1
gold_main_v2,control,control_v2,385031,AVAMERE CRESTVIEW OF PORTLAND,OR,2024,0,,,,,,,,,,,60.82079493087558,4.0,8.111562211981568,4.0,0,False,False,False,False,False,False,2016.0,2023.0,control_weighted_pseudocohort,5.0,1,1,1,1,1,1,0,1,1.0,1.0,11.0,3.0,9.0,366.0,57.489488772097474,12771.0,102685.0,0.6110864721809054,4.891667172019705,4.8954,3.0,,1.0,1.0,4.0,172.667,7.0,12.0,,4.0,127624.9,1.0,5.0,N,64.0,42.5,9.0,0.6666258869586494,For profit - Corporation,127.0,56.1,"CRESTVIEW OPERATIONS, LLC",AVAMERE,58.0,AVAMERE CRESTVIEW OF PORTLAND,OR,,,,2024-11-01,1,1,1,1,1,1,1,1
gold_main_v2,control,control_v2,385031,AVAMERE CRESTVIEW OF PORTLAND,OR,2025,0,,,,,,,,,,,60.82079493087558,4.0,8.111562211981568,4.0,0,False,True,False,False,True,False,2016.0,2023.0,control_weighted_pseudocohort,5.0,1,1,1,1,1,1,0,1,1.0,1.0,11.0,3.0,9.0,273.0,62.28593459680417,9511.14,81908.87,0.5599634691762387,4.8209646855634185,4.76338,4.0,,1.0,1.0,2.0,157.000,7.0,77.0,,2.0,93594.0,1.0,3.0,N,61.0,44.0,17.0,0.7213114754098361,For profit - Corporation,127.0,63.4,CRESTVIEW OPERATIONS LLC,AVAMERE,58.0,AVAMERE CRESTVIEW OF PORTLAND,OR,,,,2025-11-01,1,1,1,1,1,1,1,1
gold_main_v2,control,control_v2,385031,AVAMERE CRESTVIEW OF PORTLAND,OR,2026,0,,,,,,,,,,,60.82079493087558,4.0,8.111562211981568,4.0,0,False,True,False,False,True,False,2016.0,2023.0,control_weighted_pseudocohort,5.0,1,0,0,1,1,1,0,1,1.0,1.0,11.0,3.0,9.0,,,,,,,4.97434,4.0,,1.0,1.0,2.0,148.000,,,,1.0,85404.0,1.0,2.0,N,,,,,For profit - Corporation,127.0,62.7,CRESTVIEW OPERATIONS LLC,AVAMERE,58.0,AVAMERE CRESTVIEW OF PORTLAND,OR,,,,2026-03-01,0,1,1,0,0,1,1,0
gold_main_v2,control,control_v2,385132,AVAMERE REHABILITATION OF KING CITY,OR,2016,0,,,,,,,,,,,63.27608294930876,4.0,6.975043778801844,4.0,0,,,,,,,2016.0,2023.0,control_weighted_pseudocohort,5.0,1,0,0,1,1,0,0,0,1.0,1.0,11.0,3.0,9.0,,,,,,,5.05515,4.0,4.0,3.0,4.0,4.0,29.333,0.0,1.0,,0.0,0.0,0.0,0.0,N,,,,,For profit - Corporation,148.0,68.0,"KING CITY REHAB, LLC",,,AVAMERE REHABILITATION OF KING CITY,,,,,,0,1,1,0,0,1,1,0
gold_main_v2,control,control_v2,385132,AVAMERE REHABILITATION OF KING CITY,OR,2017,0,,,,,,,,,,,63.27608294930876,4.0,6.975043778801844,4.0,0,,,,,,,2016.0,2023.0,control_weighted_pseudocohort,5.0,1,0,1,1,1,0,0,0,1.0,1.0,11.0,3.0,9.0,365.0,67.04390959282264,18372.5,110723.0,0.7526015877678887,4.531476628406365,4.42848,4.0,3.0,3.0,5.0,5.0,45.333,0.0,0.0,,0.0,0.0,0.0,0.0,N,,,,,For profit - Corporation,148.0,72.0,"KING CITY REHAB, LLC",,,AVAMERE REHABILITATION OF KING CITY,,,,,2017-12-01,1,1,1,0,1,1,1,0
gold_main_v2,control,control_v2,385132,AVAMERE REHABILITATION OF KING CITY,OR,2018,0,,,,,,,,,,,63.27608294930876,4.0,6.975043778801844,4.0,0,,,,,,,2016.0,2023.0,control_weighted_pseudocohort,5.0,1,0,1,1,1,0,0,0,1.0,1.0,11.0,3.0,9.0,365.0,64.36602232308755,19277.5,105148.25,0.8219733385515898,4.478629162957951,4.48016,,4.0,,,,52.800,0.0,2.0,,2.0,23887.0,0.0,2.0,N,,,,,For profit - Corporation,148.0,66.3,"KING CITY REHAB, LLC",,,AVAMERE REHABILITATION OF KING CITY,,,,,2018-12-01,1,1,0,0,1,1,0,0
gold_main_v2,control,control_v2,385132,AVAMERE REHABILITATION OF KING CITY,OR,2019,0,,,,,,,,,,,63.27608294930876,4.0,6.975043778801844,4.0,0,,,,,,,2016.0,2023.0,control_weighted_pseudocohort,5.0,1,0,1,1,1,0,0,0,1.0,1.0,11.0,3.0,9.0,365.0,67.40547327069066,19933.5,104271.0,0.8111182965930084,4.241236684650637,4.24505,,4.0,,,,98.667,0.0,4.0,,2.0,23887.0,0.0,2.0,N,,,,,For profit - Corporation,148.0,67.7,"KING CITY REHAB, LLC",,,AVAMERE REHABILITATION OF KING CITY,,,,,2019-11-01,1,1,0,0,1,1,0,0
gold_main_v2,control,control_v2,385132,AVAMERE REHABILITATION OF KING CITY,OR,2020,0,,,,,,,,,,,63.27608294930876,4.0,6.975043778801844,4.0,0,,,,,,,2016.0,2023.0,control_weighted_pseudocohort,5.0,1,0,1,1,1,0,0,0,1.0,1.0,11.0,3.0,9.0,366.0,67.67459985666507,21086.0,108207.0,0.8514342237415186,4.371193882273878,4.4568,5.0,5.0,2.0,4.0,5.0,108.667,1.0,6.0,,2.0,23887.0,0.0,2.0,N,,,,,For profit - Corporation,148.0,68.2,"KING CITY REHAB, LLC",,,AVAMERE REHABILITATION OF KING CITY,,,,,2020-11-01,1,1,1,0,1,1,1,0
gold_main_v2,control,control_v2,385132,AVAMERE REHABILITATION OF KING CITY,OR,2021,0,,,,,,,,,,,63.27608294930876,4.0,6.975043778801844,4.0,0,,,,,,,2016.0,2023.0,control_weighted_pseudocohort,5.0,1,0,1,1,1,0,0,0,1.0,1.0,11.0,3.0,9.0,365.0,61.993435791261874,13940.75,100573.5,0.6140882650925674,4.482120160885217,4.28142,4.0,4.0,2.0,4.0,5.0,115.333,1.0,5.0,0.0,3.0,24537.5,0.0,3.0,N,,,,,For profit - Corporation,148.0,65.4,"KING CITY REHAB, LLC",,,AVAMERE REHABILITATION OF KING CITY,,,,,2021-11-01,1,1,1,0,1,1,1,0
gold_main_v2,control,control_v2,385132,AVAMERE REHABILITATION OF KING CITY,OR,2022,0,,,,,,,,,,,63.27608294930876,4.0,6.975043778801844,4.0,0,False,False,False,False,True,False,2016.0,2023.0,control_weighted_pseudocohort,5.0,1,0,1,1,1,1,0,1,1.0,1.0,11.0,3.0,9.0,365.0,55.36906951743909,10388.5,93397.75,0.5163444251936704,4.633889007596431,4.66732,4.0,,1.0,2.0,5.0,202.667,2.0,14.0,0.0,3.0,175982.83,0.0,3.0,N,,,,,For profit - Corporation,148.0,57.4,"KING CITY REHAB, LLC",,,AVAMERE REHABILITATION OF KING CITY,,,,,2022-11-01,1,1,1,0,1,1,1,0
gold_main_v2,control,control_v2,385132,AVAMERE REHABILITATION OF KING CITY,OR,2023,0,,,,,,,,,,,63.27608294930876,4.0,6.975043778801844,4.0,0,False,False,False,False,True,False,2016.0,2023.0,control_weighted_pseudocohort,5.0,1,1,1,1,1,1,0,1,1.0,1.0,11.0,3.0,9.0,365.0,58.476615835854965,13276.5,96728.63,0.6225653602394143,4.5385424181022405,4.64523,4.0,,1.0,1.0,4.0,155.833,1.0,17.0,,4.0,225330.83,0.0,4.0,N,60.0,38.0,3.0,0.6333333333333333,For profit - Corporation,148.0,59.5,"KING CITY REHAB, LLC",AVAMERE,58.0,AVAMERE REHABILITATION OF KING CITY,OR,,,,2023-11-01,1,1,1,1,1,1,1,1
gold_main_v2,control,control_v2,385132,AVAMERE REHABILITATION OF KING CITY,OR,2024,0,,,,,,,,,,,63.27608294930876,4.0,6.975043778801844,4.0,0,False,False,False,False,True,False,2016.0,2023.0,control_weighted_pseudocohort,5.0,1,1,1,1,1,1,0,1,1.0,1.0,11.0,3.0,9.0,366.0,60.06829311992355,13397.0,95500.8,0.6093066822740996,4.348863699229542,4.42136,4.0,,3.0,3.0,4.0,83.000,0.0,21.0,,2.0,52598.0,0.0,2.0,N,61.0,41.0,5.5,0.671505376344086,For profit - Corporation,148.0,58.7,"KING CITY REHAB, LLC",AVAMERE,58.0,AVAMERE REHABILITATION OF KING CITY,OR,,,,2024-11-01,1,1,1,1,1,1,1,1
gold_main_v2,control,control_v2,385132,AVAMERE REHABILITATION OF KING CITY,OR,2025,0,,,,,,,,,,,63.27608294930876,4.0,6.975043778801844,4.0,0,False,True,False,False,True,False,2016.0,2023.0,control_weighted_pseudocohort,5.0,1,1,1,1,1,1,0,1,1.0,1.0,11.0,3.0,9.0,273.0,62.92173116738334,11921.0,76157.28,0.6920682871464638,4.431629974934208,4.47006,4.0,,2.0,2.0,4.0,87.750,0.0,91.0,,1.0,49348.0,0.0,1.0,N,62.0,44.0,8.0,0.7096774193548386,For profit - Corporation,148.0,63.2,"KING CITY REHAB, LLC",AVAMERE,58.0,AVAMERE REHABILITATION OF KING CITY,OR,,,,2025-11-01,1,1,1,1,1,1,1,1
gold_main_v2,control,control_v2,385132,AVAMERE REHABILITATION OF KING CITY,OR,2026,0,,,,,,,,,,,63.27608294930876,4.0,6.975043778801844,4.0,0,False,True,False,False,True,False,2016.0,2023.0,control_weighted_pseudocohort,5.0,1,0,0,1,1,1,0,1,1.0,1.0,11.0,3.0,9.0,,,,,,,4.43288,4.0,,3.0,4.0,5.0,71.750,,,,1.0,49348.0,0.0,1.0,N,,,,,For profit - Limited Liability company,148.0,65.0,"KING CITY REHAB, LLC",AVAMERE,58.0,AVAMERE REHABILITATION OF KING CITY,OR,,,,2026-03-01,0,1,1,0,0,1,1,0
gold_main_v2,control,control_v2,385185,AVAMERE RIVERPARK OF EUGENE,OR,2016,0,,,,,,,,,,,62.87430645161291,4.0,13.41992857142857,4.0,0,,,,,,,2016.0,2023.0,control_weighted_pseudocohort,5.0,1,0,0,1,1,0,0,0,1.0,1.0,11.0,3.0,9.0,,,,,,,4.67477,4.0,4.0,2.0,3.0,3.0,61.333,1.0,12.0,,2.0,2145.0,0.0,2.0,N,,,,,For profit - Corporation,119.0,107.0,"RIVERPARK OPERATIONS, LLC",,,AVAMERE RIVERPARK OF EUGENE,,,,,,0,1,1,0,0,1,1,0
gold_main_v2,control,control_v2,385185,AVAMERE RIVERPARK OF EUGENE,OR,2017,0,,,,,,,,,,,62.87430645161291,4.0,13.41992857142857,4.0,0,,,,,,,2016.0,2023.0,control_weighted_pseudocohort,5.0,1,0,1,1,1,0,0,0,1.0,1.0,11.0,3.0,9.0,365.0,109.5340878324574,13450.0,166938.5,0.3362292233752516,4.177875843891657,4.98807,4.0,3.0,2.0,3.0,4.0,66.000,1.0,14.0,,2.0,49244.0,0.0,2.0,N,,,,,For profit - Corporation,119.0,109.0,"RIVERPARK OPERATIONS, LLC",,,AVAMERE RIVERPARK OF EUGENE,,,,,2017-12-01,1,1,1,0,1,1,1,0
gold_main_v2,control,control_v2,385185,AVAMERE RIVERPARK OF EUGENE,OR,2018,0,,,,,,,,,,,62.87430645161291,4.0,13.41992857142857,4.0,0,,,,,,,2016.0,2023.0,control_weighted_pseudocohort,5.0,1,0,1,1,1,0,0,0,1.0,1.0,11.0,3.0,9.0,365.0,106.5915558475341,16046.0,172843.5,0.4126186641386168,4.446123381515953,4.34242,,3.0,,,,63.200,1.0,11.0,,1.0,48139.0,0.0,1.0,N,,,,,For profit - Corporation,119.0,105.7,"RIVERPARK OPERATIONS, LLC",,,AVAMERE RIVERPARK OF EUGENE,,,,,2018-12-01,1,1,0,0,1,1,0,0
gold_main_v2,control,control_v2,385185,AVAMERE RIVERPARK OF EUGENE,OR,2019,0,,,,,,,,,,,62.87430645161291,4.0,13.41992857142857,4.0,0,,,,,,,2016.0,2023.0,control_weighted_pseudocohort,5.0,1,0,1,1,1,0,0,0,1.0,1.0,11.0,3.0,9.0,365.0,95.05267558528428,14002.25,159670.29,0.403592087991513,4.623588629180649,4.55839,,2.0,,,,499.333,2.0,13.0,,0.0,0.0,0.0,0.0,N,,,,,For profit - Corporation,119.0,103.4,"RIVERPARK OPERATIONS, LLC",,,AVAMERE RIVERPARK OF EUGENE,,,,,2019-11-01,1,1,0,0,1,1,0,0
gold_main_v2,control,control_v2,385185,AVAMERE RIVERPARK OF EUGENE,OR,2020,0,,,,,,,,,,,62.87430645161291,4.0,13.41992857142857,4.0,0,,,,,,,2016.0,2023.0,control_weighted_pseudocohort,5.0,1,0,1,1,1,0,0,0,1.0,1.0,11.0,3.0,9.0,366.0,86.01866340181557,12116.85,143605.18,0.3903466959028137,4.589056444861451,4.77341,4.0,3.0,1.0,2.0,3.0,357.667,6.0,20.0,,0.0,0.0,0.0,0.0,N,,,,,For profit - Corporation,119.0,79.7,"RIVERPARK OPERATIONS, LLC",,,AVAMERE RIVERPARK OF EUGENE,,,,,2020-11-01,1,1,1,0,1,1,1,0
gold_main_v2,control,control_v2,385185,AVAMERE RIVERPARK OF EUGENE,OR,2021,0,,,,,,,,,,,62.87430645161291,4.0,13.41992857142857,4.0,0,,,,,,,2016.0,2023.0,control_weighted_pseudocohort,5.0,1,0,1,1,1,0,0,0,1.0,1.0,11.0,3.0,9.0,365.0,93.21761626055104,10716.77,151072.94,0.3164972017699725,4.448186248861526,4.67332,3.0,2.0,1.0,1.0,2.0,271.000,6.0,19.0,1.0,7.0,30985.0,0.0,7.0,N,,,,,For profit - Corporation,119.0,92.5,"RIVERPARK OPERATIONS, LLC",,,AVAMERE RIVERPARK OF EUGENE,,,,,2021-11-01,1,1,1,0,1,1,1,0
gold_main_v2,control,control_v2,385185,AVAMERE RIVERPARK OF EUGENE,OR,2022,0,,,,,,,,,,,62.87430645161291,4.0,13.41992857142857,4.0,0,False,False,False,False,True,True,2016.0,2023.0,control_weighted_pseudocohort,5.0,1,0,1,1,1,1,0,1,1.0,1.0,11.0,3.0,9.0,365.0,89.95095291182247,10052.21,145822.77000000002,0.3072604300897926,4.447468178498736,4.61525,3.0,,1.0,1.0,3.0,179.333,7.0,27.0,1.0,6.0,37300.0,0.0,6.0,N,,,,,For profit - Corporation,119.0,88.4,"RIVERPARK OPERATIONS, LLC",,,AVAMERE RIVERPARK OF EUGENE,,,,,2022-11-01,1,1,1,0,1,1,1,0
gold_main_v2,control,control_v2,385185,AVAMERE RIVERPARK OF EUGENE,OR,2023,0,,,,,,,,,,,62.87430645161291,4.0,13.41992857142857,4.0,0,False,False,False,False,True,True,2016.0,2023.0,control_weighted_pseudocohort,5.0,1,1,1,1,1,1,0,1,1.0,1.0,11.0,3.0,9.0,365.0,87.78044606359823,11701.35,142117.32,0.3651847753017452,4.439844894194177,4.43604,4.0,,1.0,1.0,3.0,169.667,5.0,20.0,0.0,6.0,119362.75,0.0,6.0,N,86.0,58.0,8.0,0.6744186046511628,For profit - Corporation,119.0,88.6,"RIVERPARK OPERATIONS, LLC",AVAMERE,58.0,AVAMERE RIVERPARK OF EUGENE,OR,,,,2023-11-01,1,1,1,1,1,1,1,1
gold_main_v2,control,control_v2,385185,AVAMERE RIVERPARK OF EUGENE,OR,2024,0,,,,,,,,,,,62.87430645161291,4.0,13.41992857142857,4.0,0,False,False,False,False,True,True,2016.0,2023.0,control_weighted_pseudocohort,5.0,1,1,1,1,1,1,0,1,1.0,1.0,11.0,3.0,9.0,366.0,91.82943143812707,13293.25,157755.58,0.3960154845925032,4.698159841733909,4.6736,3.0,,1.0,1.0,3.0,150.000,6.0,20.0,,3.0,95355.0,0.0,3.0,N,86.75,61.5,8.5,0.708061144499608,For profit - Corporation,119.0,91.2,"RIVERPARK OPERATIONS, LLC",AVAMERE,58.0,AVAMERE RIVERPARK OF EUGENE,OR,,,,2024-11-01,1,1,1,1,1,1,1,1
gold_main_v2,control,control_v2,385185,AVAMERE RIVERPARK OF EUGENE,OR,2025,0,,,,,,,,,,,62.87430645161291,4.0,13.41992857142857,4.0,0,False,True,False,False,True,False,2016.0,2023.0,control_weighted_pseudocohort,5.0,1,1,1,1,1,1,0,1,1.0,1.0,11.0,3.0,9.0,273.0,91.04880377271682,11823.75,129212.5,0.4799413364938638,5.213380339600568,5.385,4.0,,1.0,1.0,3.0,193.000,16.0,86.0,,2.0,75335.0,0.0,2.0,N,89.0,72.0,10.0,0.8089887640449437,For profit - Corporation,119.0,88.7,"RIVERPARK OPERATIONS, LLC",AVAMERE,58.0,AVAMERE RIVERPARK OF EUGENE,OR,,,,2025-11-01,1,1,1,1,1,1,1,1
gold_main_v2,control,control_v2,385185,AVAMERE RIVERPARK OF EUGENE,OR,2026,0,,,,,,,,,,,62.87430645161291,4.0,13.41992857142857,4.0,0,False,True,False,False,True,False,2016.0,2023.0,control_weighted_pseudocohort,5.0,1,0,0,1,1,1,0,1,1.0,1.0,11.0,3.0,9.0,,,,,,,5.54444,4.0,,1.0,1.0,2.0,152.500,,,,2.0,75335.0,0.0,2.0,N,,,,,For profit - Corporation,119.0,89.6,"RIVERPARK OPERATIONS, LLC",AVAMERE,58.0,AVAMERE RIVERPARK OF EUGENE,OR,,,,2026-03-01,0,1,1,0,0,1,1,0
gold_main_v2,control,control_v2,385239,AVAMERE REHABILITATION OF COOS BAY,OR,2016,0,,,,,,,,,,,54.60759216589862,4.0,27.772910138248847,4.0,1,,,,,,,2016.0,2023.0,control_weighted_pseudocohort,5.0,1,0,0,1,1,0,0,0,1.0,1.0,11.0,3.0,9.0,,,,,,,4.35105,3.0,2.0,3.0,3.0,2.0,30.000,1.0,4.0,,1.0,1300.0,0.0,1.0,N,,,,,For profit - Corporation,92.0,48.0,"COOS BAY REHABILITATION, LLC",,,AVAMERE REHABILITATION OF COOS BAY,,,,,,0,1,1,0,0,1,1,0
gold_main_v2,control,control_v2,385239,AVAMERE REHABILITATION OF COOS BAY,OR,2017,0,,,,,,,,,,,54.60759216589862,4.0,27.772910138248847,4.0,1,,,,,,,2016.0,2023.0,control_weighted_pseudocohort,5.0,1,0,1,1,1,0,0,0,1.0,1.0,11.0,3.0,9.0,365.0,46.62373984710941,13713.0,78989.75,0.808735872565253,4.652449859775544,5.08369,4.0,4.0,3.0,4.0,4.0,38.000,2.0,2.0,,1.0,82064.0,0.0,1.0,N,,,,,For profit - Corporation,92.0,46.0,"COOS BAY REHABILITATION, LLC",,,AVAMERE REHABILITATION OF COOS BAY,,,,,2017-12-01,1,1,1,0,1,1,1,0
gold_main_v2,control,control_v2,385239,AVAMERE REHABILITATION OF COOS BAY,OR,2018,0,,,,,,,,,,,54.60759216589862,4.0,27.772910138248847,4.0,1,,,,,,,2016.0,2023.0,control_weighted_pseudocohort,5.0,1,0,1,1,1,0,0,0,1.0,1.0,11.0,3.0,9.0,365.0,46.54331899984074,7266.75,73989.5,0.430119800700495,4.363439595992862,4.43368,,3.0,,,,45.600,2.0,4.0,,2.0,110854.0,0.0,2.0,N,,,,,For profit - Corporation,92.0,45.3,"COOS BAY REHABILITATION, LLC",,,AVAMERE REHABILITATION OF COOS BAY,,,,,2018-12-01,1,1,0,0,1,1,0,0
gold_main_v2,control,control_v2,385239,AVAMERE REHABILITATION OF COOS BAY,OR,2019,0,,,,,,,,,,,54.60759216589862,4.0,27.772910138248847,4.0,1,,,,,,,2016.0,2023.0,control_weighted_pseudocohort,5.0,1,0,1,1,1,0,0,0,1.0,1.0,11.0,3.0,9.0,365.0,43.665290385942555,6756.68,65724.18,0.4360848028831413,4.150681017832661,3.95634,,1.0,,,,199.333,4.0,12.0,,1.0,28790.0,0.0,1.0,N,,,,,For profit - Corporation,92.0,48.6,"COOS BAY REHABILITATION, LLC",,,AVAMERE REHABILITATION OF COOS BAY,,,,,2019-11-01,1,1,0,0,1,1,0,0
gold_main_v2,control,control_v2,385239,AVAMERE REHABILITATION OF COOS BAY,OR,2020,0,,,,,,,,,,,54.60759216589862,4.0,27.772910138248847,4.0,1,,,,,,,2016.0,2023.0,control_weighted_pseudocohort,5.0,1,0,1,1,1,0,0,0,1.0,1.0,11.0,3.0,9.0,366.0,42.75564381270903,8780.75,69244.75,0.562444806550395,4.43152173422143,4.35901,4.0,4.0,1.0,2.0,4.0,197.333,4.0,11.0,,2.0,57244.0,0.0,2.0,N,,,,,For profit - Corporation,92.0,45.4,"COOS BAY REHABILITATION, LLC",,,AVAMERE REHABILITATION OF COOS BAY,,,,,2020-11-01,1,1,1,0,1,1,1,0
gold_main_v2,control,control_v2,385239,AVAMERE REHABILITATION OF COOS BAY,OR,2021,0,,,,,,,,,,,54.60759216589862,4.0,27.772910138248847,4.0,1,,,,,,,2016.0,2023.0,control_weighted_pseudocohort,5.0,1,0,1,1,1,0,0,0,1.0,1.0,11.0,3.0,9.0,365.0,40.17586797260711,9401.75,66158.65,0.6424357994992842,4.515245562064512,4.51054,1.0,1.0,1.0,1.0,3.0,230.000,7.0,15.0,1.0,8.0,66059.35,0.0,8.0,N,,,,,For profit - Corporation,92.0,41.3,"COOS BAY REHABILITATION, LLC",,,AVAMERE REHABILITATION OF COOS BAY,,,,,2021-11-01,1,1,1,0,1,1,1,0
gold_main_v2,control,control_v2,385239,AVAMERE REHABILITATION OF COOS BAY,OR,2022,0,,,,,,,,,,,54.60759216589862,4.0,27.772910138248847,4.0,1,False,False,False,False,True,False,2016.0,2023.0,control_weighted_pseudocohort,5.0,1,0,1,1,1,1,0,1,1.0,1.0,11.0,3.0,9.0,365.0,44.20875537505973,11382.5,76578.88,0.6982921788094983,4.75385184096434,4.64566,1.0,,1.0,1.0,3.0,138.333,3.0,6.0,1.0,8.0,74845.4,0.0,8.0,N,,,,,For profit - Corporation,92.0,43.0,"COOS BAY REHABILITATION, LLC",,,AVAMERE REHABILITATION OF COOS BAY,,,,,2022-11-01,1,1,1,0,1,1,1,0
gold_main_v2,control,control_v2,385239,AVAMERE REHABILITATION OF COOS BAY,OR,2023,0,,,,,,,,,,,54.60759216589862,4.0,27.772910138248847,4.0,1,False,False,False,False,True,False,2016.0,2023.0,control_weighted_pseudocohort,5.0,1,1,1,1,1,1,0,1,1.0,1.0,11.0,3.0,9.0,365.0,48.0075237564368,15198.53,82745.53,0.8700944535247734,4.7249558057180945,4.60837,5.0,,3.0,4.0,4.0,76.000,3.0,12.0,1.0,4.0,79754.6,0.0,4.0,N,45.0,35.0,5.0,0.7777777777777778,For profit - Corporation,92.0,47.8,"COOS BAY REHABILITATION, LLC",AVAMERE,58.0,AVAMERE REHABILITATION OF COOS BAY,OR,,,,2023-11-01,1,1,1,1,1,1,1,1
gold_main_v2,control,control_v2,385239,AVAMERE REHABILITATION OF COOS BAY,OR,2024,0,,,,,,,,,,,54.60759216589862,4.0,27.772910138248847,4.0,1,False,False,False,False,True,False,2016.0,2023.0,control_weighted_pseudocohort,5.0,1,1,1,1,1,1,0,1,1.0,1.0,11.0,3.0,9.0,366.0,49.9265707118968,9446.92,81055.42,0.5156638744466572,4.448260181881424,4.59508,3.0,,2.0,2.0,3.0,87.333,3.0,7.0,,1.0,15592.85,0.0,1.0,N,47.25,30.5,11.75,0.6475694444444444,For profit - Corporation,92.0,48.6,"COOS BAY REHABILITATION, LLC",AVAMERE,58.0,AVAMERE REHABILITATION OF COOS BAY,OR,,,,2024-11-01,1,1,1,1,1,1,1,1
gold_main_v2,control,control_v2,385239,AVAMERE REHABILITATION OF COOS BAY,OR,2025,0,,,,,,,,,,,54.60759216589862,4.0,27.772910138248847,4.0,1,False,True,True,False,True,False,2016.0,2023.0,control_weighted_pseudocohort,5.0,1,1,1,1,1,1,0,1,1.0,1.0,11.0,3.0,9.0,273.0,50.40369220151829,7541.610000000001,60812.61,0.5482207229766146,4.422183549632032,4.42223,4.0,,2.0,2.0,2.0,107.000,10.0,31.0,,1.0,15593.0,0.0,1.0,N,48.0,29.0,13.333333333333334,0.6041666666666666,For profit - Limited Liability company,92.0,50.3,"COOS BAY REHABILITATION, LLC",AVAMERE,58.0,AVAMERE REHABILITATION OF COOS BAY,OR,,,,2025-11-01,1,1,1,1,1,1,1,1
gold_main_v2,control,control_v2,385239,AVAMERE REHABILITATION OF COOS BAY,OR,2026,0,,,,,,,,,,,54.60759216589862,4.0,27.772910138248847,4.0,1,False,True,True,False,True,False,2016.0,2023.0,control_weighted_pseudocohort,5.0,1,0,0,1,1,1,0,1,1.0,1.0,11.0,3.0,9.0,,,,,,,4.53986,4.0,,2.0,2.0,3.0,107.000,,,,1.0,15593.0,0.0,1.0,N,,,,,For profit - Limited Liability company,92.0,49.4,"COOS BAY REHABILITATION, LLC",AVAMERE,58.0,AVAMERE REHABILITATION OF COOS BAY,OR,,,,2026-03-01,0,1,1,0,0,1,1,0
gold_main_v2,control,control_v2,385268,GATEWAY CARE AND RETIREMENT,OR,2016,0,,,,,,,,,,,63.34668202764977,4.0,8.90031797235023,4.0,0,,,,,,,2016.0,2023.0,control_weighted_pseudocohort,5.0,1,0,0,1,1,0,0,0,1.0,1.0,11.0,3.0,9.0,,,,,,,4.44123,4.0,4.0,5.0,5.0,4.0,7.333,3.0,1.0,,0.0,0.0,0.0,0.0,N,,,,,For profit - Corporation,59.0,57.0,SAPPHIRE AT GATEWAY LLC,,,GATEWAY CARE AND RETIREMENT,,,,,,0,1,1,0,0,1,1,0
gold_main_v2,control,control_v2,385268,GATEWAY CARE AND RETIREMENT,OR,2017,0,,,,,,,,,,,63.34668202764977,4.0,8.90031797235023,4.0,0,,,,,,,2016.0,2023.0,control_weighted_pseudocohort,5.0,1,0,1,1,1,0,0,0,1.0,1.0,11.0,3.0,9.0,183.0,54.729395604395606,2273.5,40765.91,0.2293565584379003,4.0755075643855285,5.2783,4.0,3.0,1.0,2.0,4.0,82.000,1.0,3.0,,2.0,53167.0,0.0,2.0,N,,,,,For profit - Corporation,59.0,53.0,SAPPHIRE AT GATEWAY LLC,,,GATEWAY CARE AND RETIREMENT,,,,,2017-12-01,1,1,1,0,1,1,1,0
gold_main_v2,control,control_v2,385268,GATEWAY CARE AND RETIREMENT,OR,2018,0,,,,,,,,,,,63.34668202764977,4.0,8.90031797235023,4.0,0,,,,,,,2016.0,2023.0,control_weighted_pseudocohort,5.0,1,0,1,1,1,0,0,0,1.0,1.0,11.0,3.0,9.0,183.0,56.58653846153846,4657.95,42986.61,0.4430379900055033,4.142899033026738,3.8877,,2.0,,,,96.800,1.0,4.0,,2.0,53167.0,0.0,2.0,N,,,,,For profit - Corporation,59.0,54.9,SAPPHIRE AT GATEWAY LLC,,,GATEWAY CARE AND RETIREMENT,,,,,2018-12-01,1,1,0,0,1,1,0,0
gold_main_v2,control,control_v2,385268,GATEWAY CARE AND RETIREMENT,OR,2019,0,,,,,,,,,,,63.34668202764977,4.0,8.90031797235023,4.0,0,,,,,,,2016.0,2023.0,control_weighted_pseudocohort,5.0,1,0,1,1,1,0,0,0,1.0,1.0,11.0,3.0,9.0,365.0,55.77517651430695,10455.91,92526.78,0.5139125807406942,4.549202743829958,4.54725,,3.0,,,,52.000,1.0,4.0,,2.0,53167.0,0.0,2.0,N,,,,,For profit - Corporation,59.0,55.2,SAPPHIRE AT GATEWAY LLC,,,GATEWAY CARE AND RETIREMENT,,,,,2019-11-01,1,1,0,0,1,1,0,0
gold_main_v2,control,control_v2,385268,GATEWAY CARE AND RETIREMENT,OR,2020,0,,,,,,,,,,,63.34668202764977,4.0,8.90031797235023,4.0,0,,,,,,,2016.0,2023.0,control_weighted_pseudocohort,5.0,1,0,1,1,1,0,0,0,1.0,1.0,11.0,3.0,9.0,366.0,51.08343287147635,10695.1,84891.37,0.5760393343680695,4.569740987083872,4.51973,4.0,4.0,3.0,4.0,4.0,64.667,3.0,2.0,,0.0,0.0,0.0,0.0,N,,,,,For profit - Limited Liability company,59.0,53.3,SAPPHIRE AT GATEWAY LLC,,,GATEWAY CARE AND RETIREMENT,,,,,2020-11-01,1,1,1,0,1,1,1,0
gold_main_v2,control,control_v2,385268,GATEWAY CARE AND RETIREMENT,OR,2021,0,,,,,,,,,,,63.34668202764977,4.0,8.90031797235023,4.0,0,,,,,,,2016.0,2023.0,control_weighted_pseudocohort,5.0,1,0,1,1,1,0,0,0,1.0,1.0,11.0,3.0,9.0,365.0,47.45578980198545,8931.29,78985.61,0.5195557654950622,4.569680069822587,4.70111,4.0,3.0,3.0,4.0,4.0,67.333,3.0,1.0,1.0,0.0,0.0,0.0,0.0,N,,,,,For profit - Limited Liability company,59.0,46.2,SAPPHIRE AT GATEWAY LLC,,,GATEWAY CARE AND RETIREMENT,,,,,2021-11-01,1,1,1,0,1,1,1,0
gold_main_v2,control,control_v2,385268,GATEWAY CARE AND RETIREMENT,OR,2022,0,,,,,,,,,,,63.34668202764977,4.0,8.90031797235023,4.0,0,False,False,False,False,False,False,2016.0,2023.0,control_weighted_pseudocohort,5.0,1,0,1,1,1,1,0,1,1.0,1.0,11.0,3.0,9.0,365.0,50.588259144237405,9402.72,82258.08,0.5093959655537165,4.4643684426990475,4.43277,3.0,,2.0,2.0,3.0,126.833,4.0,4.0,1.0,3.0,22181.8,0.0,3.0,N,,,,,For profit - Corporation,59.0,49.9,SAPPHIRE AT GATEWAY LLC,,,GATEWAY CARE AND RETIREMENT,,,,,2022-11-01,1,1,1,0,1,1,1,0
gold_main_v2,control,control_v2,385268,GATEWAY CARE AND RETIREMENT,OR,2023,0,,,,,,,,,,,63.34668202764977,4.0,8.90031797235023,4.0,0,False,False,False,False,False,False,2016.0,2023.0,control_weighted_pseudocohort,5.0,1,1,1,1,1,1,0,1,1.0,1.0,11.0,3.0,9.0,274.0,51.71191626409018,6737.65,57853.18,0.4762313698355346,4.086908118613905,,1.0,,2.0,1.0,2.0,103.667,2.0,3.0,0.0,2.0,13306.8,0.0,2.0,N,54.0,33.0,5.0,0.6111111111111112,For profit - Corporation,59.0,52.5,SAPPHIRE AT GATEWAY LLC,,,GATEWAY CARE AND RETIREMENT,OR,,,,2023-11-01,1,0,1,1,1,0,1,1
gold_main_v2,control,control_v2,385268,GATEWAY CARE AND RETIREMENT,OR,2024,0,,,,,,,,,,,63.34668202764977,4.0,8.90031797235023,4.0,0,False,False,False,False,False,False,2016.0,2023.0,control_weighted_pseudocohort,5.0,1,1,1,1,1,1,0,1,1.0,1.0,11.0,3.0,9.0,366.0,55.19096392737697,7832.79,103524.77,0.3884963157938047,5.124805852323429,5.41883,2.0,,3.0,3.0,2.0,83.167,3.0,6.0,,2.0,13306.8,0.0,2.0,N,54.0,33.0,5.0,0.6111111111111112,For profit - Corporation,59.0,56.5,SAPPHIRE AT GATEWAY LLC,SAPPHIRE HEALTH SERVICES,643.0,GATEWAY CARE AND RETIREMENT,OR,,,,2024-11-01,1,1,1,1,1,1,1,1
gold_main_v2,control,control_v2,385268,GATEWAY CARE AND RETIREMENT,OR,2025,0,,,,,,,,,,,63.34668202764977,4.0,8.90031797235023,4.0,0,False,True,False,False,True,True,2016.0,2023.0,control_weighted_pseudocohort,5.0,1,1,1,1,1,1,0,1,1.0,1.0,11.0,3.0,9.0,273.0,55.00459291111465,7968.35,82018.35,0.5335892735637486,5.482171202701953,5.56903,3.0,,3.0,3.0,2.0,69.000,13.0,38.0,,0.0,0.0,0.0,0.0,N,52.666666666666664,36.333333333333336,3.6666666666666665,0.6908831908831908,For profit - Limited Liability company,59.0,54.9,SAPPHIRE AT GATEWAY LLC,SAPPHIRE HEALTH SERVICES,643.0,GATEWAY CARE AND RETIREMENT,OR,,,,2025-11-01,1,1,1,1,1,1,1,1
gold_main_v2,control,control_v2,385268,GATEWAY CARE AND RETIREMENT,OR,2026,0,,,,,,,,,,,63.34668202764977,4.0,8.90031797235023,4.0,0,False,True,False,False,True,True,2016.0,2023.0,control_weighted_pseudocohort,5.0,1,0,0,1,1,1,0,1,1.0,1.0,11.0,3.0,9.0,,,,,,,5.04001,3.0,,3.0,3.0,3.0,67.000,,,,0.0,0.0,0.0,0.0,N,,,,,For profit - Limited Liability company,59.0,56.9,SAPPHIRE AT GATEWAY LLC,SAPPHIRE HEALTH SERVICES,643.0,GATEWAY CARE AND RETIREMENT,OR,,,,2026-03-01,0,1,1,0,0,1,1,0
gold_main_v2,control,control_v2,395202,BROOMALL MANOR,PA,2016,0,,,,,,,,,,,91.29789631336403,4.0,2.328281105990784,4.0,0,,,,,,,2016.0,2023.0,control_weighted_pseudocohort,5.0,1,0,0,1,1,0,0,0,1.0,1.0,11.0,3.0,9.0,,,,,,,3.58976,4.0,4.0,2.0,4.0,5.0,50.000,0.0,2.0,,0.0,0.0,0.0,0.0,N,,,,,For profit - Corporation,123.0,83.0,"BROOMALL HEALTHCARE GROUP, INC.",,,BROOMALL MANOR,,,,,,0,1,1,0,0,1,1,0
gold_main_v2,control,control_v2,395202,BROOMALL MANOR,PA,2017,0,,,,,,,,,,,91.29789631336403,4.0,2.328281105990784,4.0,0,,,,,,,2016.0,2023.0,control_weighted_pseudocohort,5.0,1,0,1,1,1,0,0,0,1.0,1.0,11.0,3.0,9.0,365.0,72.27512077294686,13367.5,84556.0,0.5069140255987745,3.2074298688943874,3.16533,1.0,2.0,2.0,1.0,4.0,56.667,0.0,4.0,,0.0,0.0,0.0,0.0,N,,,,,For profit - Corporation,123.0,75.0,"BROOMALL HEALTHCARE GROUP, INC.",,,BROOMALL MANOR,,,,,2017-12-01,1,1,1,0,1,1,1,0
gold_main_v2,control,control_v2,395202,BROOMALL MANOR,PA,2018,0,,,,,,,,,,,91.29789631336403,4.0,2.328281105990784,4.0,0,,,,,,,2016.0,2023.0,control_weighted_pseudocohort,5.0,1,0,1,1,1,0,0,0,1.0,1.0,11.0,3.0,9.0,365.0,68.81710264373308,13026.5,76240.75,0.5190730050271724,3.0370552164201734,3.19364,,3.0,,,,59.200,0.0,4.0,,0.0,0.0,0.0,0.0,N,,,,,For profit - Corporation,123.0,67.6,"BROOMALL HEALTHCARE GROUP, INC.",,,BROOMALL MANOR,,,,,2018-12-01,1,1,0,0,1,1,0,0
gold_main_v2,control,control_v2,395202,BROOMALL MANOR,PA,2019,0,,,,,,,,,,,91.29789631336403,4.0,2.328281105990784,4.0,0,,,,,,,2016.0,2023.0,control_weighted_pseudocohort,5.0,1,0,1,1,1,0,0,0,1.0,1.0,11.0,3.0,9.0,365.0,73.38681915910178,14511.75,82328.75,0.5445971107454544,3.072036048747752,3.07497,,3.0,,,,48.000,0.0,1.0,,0.0,0.0,0.0,0.0,N,,,,,For profit - Corporation,123.0,69.5,"BROOMALL HEALTHCARE GROUP, INC.",,,BROOMALL MANOR,,,,,2019-11-01,1,1,0,0,1,1,0,0
gold_main_v2,control,control_v2,395202,BROOMALL MANOR,PA,2020,0,,,,,,,,,,,91.29789631336403,4.0,2.328281105990784,4.0,0,,,,,,,2016.0,2023.0,control_weighted_pseudocohort,5.0,1,0,1,1,1,0,0,0,1.0,1.0,11.0,3.0,9.0,275.0,64.17769549291289,10052.35,59027.99,0.5729231540102635,3.353305016449642,3.38733,2.0,2.0,3.0,4.0,5.0,49.333,0.0,0.0,,0.0,0.0,0.0,0.0,N,,,,,For profit - Corporation,123.0,68.0,"BROOMALL HEALTHCARE GROUP, INC.",,,BROOMALL MANOR,,,,,2020-11-01,1,1,1,0,1,1,1,0
gold_main_v2,control,control_v2,395202,BROOMALL MANOR,PA,2021,0,,,,,,,,,,,91.29789631336403,4.0,2.328281105990784,4.0,0,,,,,,,2016.0,2023.0,control_weighted_pseudocohort,5.0,1,0,1,1,1,0,0,0,1.0,1.0,11.0,3.0,9.0,365.0,79.37821707278229,15141.13,83867.62,0.5253966402243347,2.889635065235239,2.56972,2.0,2.0,2.0,2.0,3.0,50.000,1.0,1.0,0.0,0.0,0.0,0.0,0.0,N,,,,,For profit - Corporation,123.0,76.5,"BROOMALL HEALTHCARE GROUP, INC.",,,BROOMALL MANOR,,,,,2021-11-01,1,1,1,0,1,1,1,0
gold_main_v2,control,control_v2,395202,BROOMALL MANOR,PA,2022,0,,,,,,,,,,,91.29789631336403,4.0,2.328281105990784,4.0,0,False,False,False,False,True,False,2016.0,2023.0,control_weighted_pseudocohort,5.0,1,0,1,1,1,1,0,1,1.0,1.0,11.0,3.0,9.0,365.0,97.09889645378776,13929.99,107428.31,0.3935559975959585,3.025731285027555,2.67289,1.0,,3.0,2.0,3.0,38.000,1.0,2.0,0.0,0.0,0.0,0.0,0.0,N,,,,,For profit - Corporation,123.0,94.5,"BROOMALL HEALTHCARE GROUP, INC.",,,BROOMALL MANOR,,,,,2022-11-01,1,1,1,0,1,1,1,0
gold_main_v2,control,control_v2,395202,BROOMALL MANOR,PA,2023,0,,,,,,,,,,,91.29789631336403,4.0,2.328281105990784,4.0,0,False,False,False,False,True,False,2016.0,2023.0,control_weighted_pseudocohort,5.0,1,1,1,1,1,1,0,1,1.0,1.0,11.0,3.0,9.0,365.0,103.86141237989064,15641.79,131220.28,0.4126786855625162,3.4626109378646337,3.34871,2.0,,3.0,3.0,2.0,25.333,0.0,5.0,,0.0,0.0,0.0,0.0,N,107.0,95.0,5.0,0.8878504672897196,For profit - Corporation,123.0,106.0,"BROOMALL HEALTHCARE GROUP, INC.",SABER HEALTHCARE GROUP,461.0,BROOMALL MANOR,PA,,,,2023-11-01,1,1,1,1,1,1,1,1
gold_main_v2,control,control_v2,395202,BROOMALL MANOR,PA,2024,0,,,,,,,,,,,91.29789631336403,4.0,2.328281105990784,4.0,0,False,False,False,False,True,False,2016.0,2023.0,control_weighted_pseudocohort,5.0,1,1,1,1,1,1,0,1,1.0,1.0,11.0,3.0,9.0,366.0,104.84869206880076,17252.12,132505.64,0.4499541095427297,3.456278813769872,3.4053,3.0,,4.0,4.0,4.0,16.000,0.0,5.0,,0.0,0.0,0.0,0.0,N,107.25,93.0,6.25,0.8672767393561787,For profit - Corporation,114.0,107.2,"BROOMALL HEALTHCARE GROUP, INC.",SABER HEALTHCARE GROUP,461.0,BROOMALL MANOR,PA,,,,2024-11-01,1,1,1,1,1,1,1,1
gold_main_v2,control,control_v2,395202,BROOMALL MANOR,PA,2025,0,,,,,,,,,,,91.29789631336403,4.0,2.328281105990784,4.0,0,False,True,True,False,True,False,2016.0,2023.0,control_weighted_pseudocohort,5.0,1,1,1,1,1,1,0,1,1.0,1.0,11.0,3.0,9.0,273.0,105.04644051600576,12872.94,98611.68,0.4493023514376952,3.4409808383295917,3.45962,4.0,,5.0,5.0,3.0,6.000,0.0,0.0,,0.0,0.0,0.0,0.0,N,107.33333333333331,83.33333333333333,10.333333333333334,0.7760307477288609,For profit - Corporation,114.0,105.4,"BROOMALL HEALTHCARE GROUP, INC.",SABER HEALTHCARE GROUP,461.0,BROOMALL MANOR,PA,,,,2025-11-01,1,1,1,1,1,1,1,1
gold_main_v2,control,control_v2,395202,BROOMALL MANOR,PA,2026,0,,,,,,,,,,,91.29789631336403,4.0,2.328281105990784,4.0,0,False,True,True,False,True,False,2016.0,2023.0,control_weighted_pseudocohort,5.0,1,0,0,1,1,1,0,1,1.0,1.0,11.0,3.0,9.0,,,,,,,3.45064,3.0,,5.0,5.0,3.0,4.000,,,,0.0,0.0,0.0,0.0,N,,,,,For profit - Corporation,114.0,105.5,"BROOMALL HEALTHCARE GROUP, INC.",SABER HEALTHCARE GROUP,461.0,BROOMALL MANOR,PA,,,,2026-03-01,0,1,1,0,0,1,1,0
gold_main_v2,control,control_v2,395300,WEXFORD HEALTHCARE CENTER,PA,2016,0,,,,,,,,,,,63.55732258064515,4.0,6.113451612903226,4.0,0,,,,,,,2016.0,2023.0,control_weighted_pseudocohort,5.0,1,0,0,1,1,0,0,0,1.0,1.0,11.0,3.0,9.0,,,,,,,3.33683,2.0,4.0,3.0,4.0,5.0,32.667,0.0,5.0,,0.0,0.0,0.0,0.0,N,,,,,For profit - Partnership,182.0,167.0,"OLD LEASING CO., LLC",,,WEXFORD HEALTHCARE CENTER,,,,,,0,1,1,0,0,1,1,0
gold_main_v2,control,control_v2,395300,WEXFORD HEALTHCARE CENTER,PA,2017,0,,,,,,,,,,,63.55732258064515,4.0,6.113451612903226,4.0,0,,,,,,,2016.0,2023.0,control_weighted_pseudocohort,5.0,1,0,1,1,1,0,0,0,1.0,1.0,11.0,3.0,9.0,365.0,164.3689878961618,43022.3,194288.52,0.7177435433932825,3.2408884865390997,3.18719,2.0,3.0,3.0,4.0,5.0,38.000,0.0,7.0,,0.0,0.0,0.0,0.0,N,,,,,For profit - Partnership,182.0,164.0,"OLD LEASING CO., LLC",,,WEXFORD HEALTHCARE CENTER,,,,,2017-12-01,1,1,1,0,1,1,1,0
gold_main_v2,control,control_v2,395300,WEXFORD HEALTHCARE CENTER,PA,2018,0,,,,,,,,,,,63.55732258064515,4.0,6.113451612903226,4.0,0,,,,,,,2016.0,2023.0,control_weighted_pseudocohort,5.0,1,0,1,1,1,0,0,0,1.0,1.0,11.0,3.0,9.0,365.0,165.04584129638476,43631.75,182095.0,0.7247110323324581,3.025212627803392,3.0306,,4.0,,,,39.200,0.0,11.0,,0.0,0.0,0.0,0.0,N,,,,,For profit - Partnership,182.0,164.7,"OLD LEASING CO., LLC",,,WEXFORD HEALTHCARE CENTER,,,,,2018-12-01,1,1,0,0,1,1,0,0
gold_main_v2,control,control_v2,395300,WEXFORD HEALTHCARE CENTER,PA,2019,0,,,,,,,,,,,63.55732258064515,4.0,6.113451612903226,4.0,0,,,,,,,2016.0,2023.0,control_weighted_pseudocohort,5.0,1,0,1,1,1,0,0,0,1.0,1.0,11.0,3.0,9.0,365.0,156.17619843924192,43240.32,159574.2,0.7612446567861328,2.8059754964097454,2.46869,,3.0,,,,41.333,0.0,16.0,,0.0,0.0,0.0,0.0,N,,,,,For profit - Partnership,182.0,165.3,"OLD LEASING CO., LLC",,,WEXFORD HEALTHCARE CENTER,,,,,2019-11-01,1,1,0,0,1,1,0,0
gold_main_v2,control,control_v2,395300,WEXFORD HEALTHCARE CENTER,PA,2020,0,,,,,,,,,,,63.55732258064515,4.0,6.113451612903226,4.0,0,,,,,,,2016.0,2023.0,control_weighted_pseudocohort,5.0,1,0,1,1,1,0,0,0,1.0,1.0,11.0,3.0,9.0,366.0,137.48399426660296,47839.38,142565.33,0.9550864110626696,2.834131913504506,2.9898,3.0,4.0,2.0,3.0,5.0,51.000,0.0,16.0,,0.0,0.0,0.0,0.0,N,,,,,For profit - Partnership,182.0,137.3,"OLD LEASING CO., LLC",,,WEXFORD HEALTHCARE CENTER,,,,,2020-11-01,1,1,1,0,1,1,1,0
gold_main_v2,control,control_v2,395300,WEXFORD HEALTHCARE CENTER,PA,2021,0,,,,,,,,,,,63.55732258064515,4.0,6.113451612903226,4.0,0,,,,,,,2016.0,2023.0,control_weighted_pseudocohort,5.0,1,0,1,1,1,0,0,0,1.0,1.0,11.0,3.0,9.0,365.0,118.19226854063812,41036.28,134480.8,0.9612026972574812,3.1003925169573323,2.35939,3.0,4.0,2.0,3.0,5.0,48.000,0.0,13.0,1.0,2.0,24750.0,0.0,2.0,N,,,,,For profit - Partnership,182.0,117.1,"OLD LEASING CO., LLC",,,WEXFORD HEALTHCARE CENTER,,,,,2021-11-01,1,1,1,0,1,1,1,0
gold_main_v2,control,control_v2,395300,WEXFORD HEALTHCARE CENTER,PA,2022,0,,,,,,,,,,,63.55732258064515,4.0,6.113451612903226,4.0,0,False,False,False,False,False,False,2016.0,2023.0,control_weighted_pseudocohort,5.0,1,0,1,1,1,1,0,1,1.0,1.0,11.0,3.0,9.0,365.0,153.25761400435314,48447.77,175157.46,0.8715187909980167,3.135722020874234,3.07215,1.0,,2.0,1.0,4.0,60.667,0.0,8.0,1.0,3.0,96151.25,0.0,3.0,N,,,,,For profit - Corporation,182.0,161.8,"OLD LEASING CO., LLC",,,WEXFORD HEALTHCARE CENTER,,,,,2022-11-01,1,1,1,0,1,1,1,0
gold_main_v2,control,control_v2,395300,WEXFORD HEALTHCARE CENTER,PA,2023,0,,,,,,,,,,,63.55732258064515,4.0,6.113451612903226,4.0,0,False,False,False,False,False,False,2016.0,2023.0,control_weighted_pseudocohort,5.0,1,1,1,1,1,1,0,1,1.0,1.0,11.0,3.0,9.0,365.0,126.90281560227211,54923.0,150198.59,1.191116857153005,3.250375314717844,3.29727,3.0,,1.0,1.0,3.0,186.000,0.0,63.0,0.0,2.0,86401.25,0.0,2.0,N,134.0,97.0,4.0,0.7238805970149254,For profit - Partnership,182.0,121.7,"OLD LEASING CO., LLC",COMMUNICARE HEALTH,153.0,WEXFORD HEALTHCARE CENTER,PA,,,,2023-11-01,1,1,1,1,1,1,1,1
gold_main_v2,control,control_v2,395300,WEXFORD HEALTHCARE CENTER,PA,2024,0,,,,,,,,,,,63.55732258064515,4.0,6.113451612903226,4.0,0,False,False,False,False,False,False,2016.0,2023.0,control_weighted_pseudocohort,5.0,1,1,1,1,1,1,0,1,1.0,1.0,11.0,3.0,9.0,366.0,123.00152293358816,42086.73,155268.9,0.9344555960229746,3.4492900820127304,3.25465,3.0,,1.0,1.0,3.0,225.333,0.0,95.0,0.0,1.0,76651.25,0.0,1.0,N,131.5,90.5,6.75,0.6860556090515166,For profit - Partnership,182.0,121.4,"OLD LEASING CO., LLC",COMMUNICARE HEALTH,153.0,WEXFORD HEALTHCARE CENTER,PA,,,,2024-11-01,1,1,1,1,1,1,1,1
gold_main_v2,control,control_v2,395300,WEXFORD HEALTHCARE CENTER,PA,2025,0,,,,,,,,,,,63.55732258064515,4.0,6.113451612903226,4.0,0,False,True,True,False,False,True,2016.0,2023.0,control_weighted_pseudocohort,5.0,1,1,1,1,1,1,0,1,1.0,1.0,11.0,3.0,9.0,273.0,122.94729433207694,39353.25,126479.75,1.1724373585131087,3.769463876273228,3.80318,3.0,,1.0,1.0,3.0,312.250,2.0,272.0,,2.0,23128.0,0.0,2.0,N,124.0,71.0,15.0,0.5725806451612904,For profit - Partnership,182.0,123.2,"OLD LEASING CO., LLC",COMMUNICARE HEALTH,153.0,WEXFORD HEALTHCARE CENTER,PA,,,,2025-11-01,1,1,1,1,1,1,1,1
gold_main_v2,control,control_v2,395300,PERRY HEALTH & REHAB CENTER,PA,2026,0,,,,,,,,,,,63.55732258064515,4.0,6.113451612903226,4.0,0,False,True,True,False,False,True,2016.0,2023.0,control_weighted_pseudocohort,5.0,1,0,0,1,1,1,0,1,1.0,1.0,11.0,3.0,9.0,,,,,,,3.76058,3.0,,1.0,1.0,3.0,244.250,,,,2.0,18223.0,0.0,2.0,N,,,,,For profit - Corporation,182.0,121.5,Legal Business Name Not Available,COMMUNICARE HEALTH,153.0,PERRY HEALTH & REHAB CENTER,PA,,,,2026-03-01,0,1,1,0,0,1,1,0
gold_main_v2,control,control_v2,395311,BRYN MAWR EXTENDED CARE CENTER,PA,2016,0,,,,,,,,,,,83.03738940092165,4.0,4.646370967741936,4.0,0,,,,,,,2016.0,2023.0,control_weighted_pseudocohort,5.0,1,0,0,1,1,0,0,0,1.0,1.0,11.0,3.0,9.0,,,,,,,3.53072,2.0,2.0,4.0,5.0,5.0,8.000,0.0,0.0,,0.0,0.0,0.0,0.0,N,,,,,For profit - Corporation,160.0,140.0,"BRYN MAWR HEALTHCARE GROUP, LLC",,,BRYN MAWR EXTENDED CARE CENTER,,,,,,0,1,1,0,0,1,1,0
gold_main_v2,control,control_v2,395311,BRYN MAWR EXTENDED CARE CENTER,PA,2017,0,,,,,,,,,,,83.03738940092165,4.0,4.646370967741936,4.0,0,,,,,,,2016.0,2023.0,control_weighted_pseudocohort,5.0,1,0,1,1,1,0,0,0,1.0,1.0,11.0,3.0,9.0,365.0,135.6544387375909,19524.5,158067.75,0.39452531556588,3.193643831965578,3.38488,1.0,2.0,4.0,4.0,5.0,17.333,0.0,4.0,,0.0,0.0,0.0,0.0,N,,,,,For profit - Corporation,160.0,129.0,"BRYN MAWR HEALTHCARE GROUP, LLC",,,BRYN MAWR EXTENDED CARE CENTER,,,,,2017-12-01,1,1,1,0,1,1,1,0
gold_main_v2,control,control_v2,395311,BRYN MAWR EXTENDED CARE CENTER,PA,2018,0,,,,,,,,,,,83.03738940092165,4.0,4.646370967741936,4.0,0,,,,,,,2016.0,2023.0,control_weighted_pseudocohort,5.0,1,0,1,1,1,0,0,0,1.0,1.0,11.0,3.0,9.0,275.0,133.9958592132505,14648.25,113445.25,0.397692837808852,3.0800546004095466,3.14373,,2.0,,,,20.800,0.0,4.0,,0.0,0.0,0.0,0.0,N,,,,,For profit - Corporation,160.0,129.9,"BRYN MAWR HEALTHCARE GROUP, LLC",,,BRYN MAWR EXTENDED CARE CENTER,,,,,2018-12-01,1,1,0,0,1,1,0,0
gold_main_v2,control,control_v2,395311,BRYN MAWR EXTENDED CARE CENTER,PA,2019,0,,,,,,,,,,,83.03738940092165,4.0,4.646370967741936,4.0,0,,,,,,,2016.0,2023.0,control_weighted_pseudocohort,5.0,1,0,1,1,1,0,0,0,1.0,1.0,11.0,3.0,9.0,365.0,136.84925810904073,20507.0,154736.64,0.4109842977803324,3.1007142738640923,3.07271,,2.0,,,,78.000,1.0,2.0,,0.0,0.0,0.0,0.0,N,,,,,For profit - Corporation,160.0,139.6,"BRYN MAWR HEALTHCARE GROUP, LLC",,,BRYN MAWR EXTENDED CARE CENTER,,,,,2019-11-01,1,1,0,0,1,1,0,0
gold_main_v2,control,control_v2,395311,BRYN MAWR EXTENDED CARE CENTER,PA,2020,0,,,,,,,,,,,83.03738940092165,4.0,4.646370967741936,4.0,0,,,,,,,2016.0,2023.0,control_weighted_pseudocohort,5.0,1,0,1,1,1,0,0,0,1.0,1.0,11.0,3.0,9.0,275.0,123.33727504379677,16424.25,104865.71,0.4847012624494,3.0949408228100093,2.99295,2.0,2.0,1.0,1.0,4.0,93.333,1.0,13.0,,0.0,0.0,0.0,0.0,N,,,,,For profit - Corporation,160.0,126.1,"BRYN MAWR HEALTHCARE GROUP, LLC",,,BRYN MAWR EXTENDED CARE CENTER,,,,,2020-11-01,1,1,1,0,1,1,1,0
gold_main_v2,control,control_v2,395311,BRYN MAWR EXTENDED CARE CENTER,PA,2021,0,,,,,,,,,,,83.03738940092165,4.0,4.646370967741936,4.0,0,,,,,,,2016.0,2023.0,control_weighted_pseudocohort,5.0,1,0,1,1,1,0,0,0,1.0,1.0,11.0,3.0,9.0,365.0,122.0097646918299,19487.0,133219.02,0.4407917413832083,3.000922967344186,2.89933,2.0,2.0,1.0,2.0,5.0,80.000,1.0,13.0,0.0,0.0,0.0,0.0,0.0,N,,,,,For profit - Corporation,160.0,120.6,"BRYN MAWR HEALTHCARE GROUP, LLC",,,BRYN MAWR EXTENDED CARE CENTER,,,,,2021-11-01,1,1,1,0,1,1,1,0
gold_main_v2,control,control_v2,395311,BRYN MAWR EXTENDED CARE CENTER,PA,2022,0,,,,,,,,,,,83.03738940092165,4.0,4.646370967741936,4.0,0,False,False,False,False,True,False,2016.0,2023.0,control_weighted_pseudocohort,5.0,1,0,1,1,1,1,0,1,1.0,1.0,11.0,3.0,9.0,365.0,129.5009933906673,16155.75,140412.23,0.3425081375572266,2.9720432174470357,2.82451,1.0,,2.0,2.0,5.0,58.000,0.0,4.0,0.0,1.0,121083.3,0.0,1.0,N,,,,,For profit - Corporation,160.0,129.1,"BRYN MAWR HEALTHCARE GROUP, LLC",,,BRYN MAWR EXTENDED CARE CENTER,,,,,2022-11-01,1,1,1,0,1,1,1,0
gold_main_v2,control,control_v2,395311,BRYN MAWR EXTENDED CARE CENTER,PA,2023,0,,,,,,,,,,,83.03738940092165,4.0,4.646370967741936,4.0,0,False,False,False,False,True,False,2016.0,2023.0,control_weighted_pseudocohort,5.0,1,1,1,1,1,1,0,1,1.0,1.0,11.0,3.0,9.0,365.0,128.99016496788235,18241.26,159380.33,0.3890244881455328,3.3825540607510147,3.33251,2.0,,2.0,2.0,4.0,72.667,1.0,4.0,0.0,2.0,131148.55,0.0,2.0,N,136.0,114.0,5.0,0.8382352941176471,For profit - Corporation,160.0,120.7,"BRYN MAWR HEALTHCARE GROUP, LLC",SABER HEALTHCARE GROUP,461.0,BRYN MAWR EXTENDED CARE CENTER,PA,,,,2023-11-01,1,1,1,1,1,1,1,1
gold_main_v2,control,control_v2,395311,BRYN MAWR EXTENDED CARE CENTER,PA,2024,0,,,,,,,,,,,83.03738940092165,4.0,4.646370967741936,4.0,0,False,False,False,False,True,False,2016.0,2023.0,control_weighted_pseudocohort,5.0,1,1,1,1,1,1,0,1,1.0,1.0,11.0,3.0,9.0,366.0,138.65626493072145,21610.96,170438.64,0.4267062199054212,3.362196026567928,3.32833,2.0,,1.0,1.0,3.0,207.500,3.0,12.0,,3.0,155026.5,0.0,3.0,N,131.75,118.75,1.0,0.9014469636550072,For profit - Corporation,160.0,140.0,"BRYN MAWR HEALTHCARE GROUP, LLC",SABER HEALTHCARE GROUP,461.0,BRYN MAWR EXTENDED CARE CENTER,PA,,,,2024-11-01,1,1,1,1,1,1,1,1
gold_main_v2,control,control_v2,395311,BRYN MAWR EXTENDED CARE CENTER,PA,2025,0,,,,,,,,,,,83.03738940092165,4.0,4.646370967741936,4.0,0,False,True,False,False,True,False,2016.0,2023.0,control_weighted_pseudocohort,5.0,1,1,1,1,1,1,0,1,1.0,1.0,11.0,3.0,9.0,273.0,147.27006069614765,14711.75,127485.0,0.3658823466194549,3.169620144198939,3.06706,2.0,,2.0,2.0,2.0,124.750,2.0,72.0,,3.0,52477.0,0.0,3.0,N,140.0,125.33333333333331,3.3333333333333335,0.8949309397070592,For profit - Corporation,160.0,147.7,"BRYN MAWR HEALTHCARE GROUP, LLC",SABER HEALTHCARE GROUP,461.0,BRYN MAWR EXTENDED CARE CENTER,PA,,,,2025-11-01,1,1,1,1,1,1,1,1
gold_main_v2,control,control_v2,395311,BRYN MAWR EXTENDED CARE CENTER,PA,2026,0,,,,,,,,,,,83.03738940092165,4.0,4.646370967741936,4.0,0,False,True,False,False,True,False,2016.0,2023.0,control_weighted_pseudocohort,5.0,1,0,0,1,1,1,0,1,1.0,1.0,11.0,3.0,9.0,,,,,,,3.3095,3.0,,1.0,1.0,3.0,148.250,,,,2.0,42412.0,0.0,2.0,N,,,,,For profit - Corporation,160.0,148.7,"BRYN MAWR HEALTHCARE GROUP, LLC",SABER HEALTHCARE GROUP,461.0,BRYN MAWR EXTENDED CARE CENTER,PA,,,,2026-03-01,0,1,1,0,0,1,1,0
gold_main_v2,control,control_v2,395567,DUNMORE HEALTH CARE CENTER,PA,2016,0,,,,,,,,,,,73.54249539170507,4.0,6.364129032258065,4.0,0,,,,,,,2016.0,2023.0,control_weighted_pseudocohort,5.0,1,0,0,1,1,0,0,0,1.0,1.0,11.0,3.0,9.0,,,,,,,3.74877,2.0,4.0,2.0,3.0,5.0,38.000,0.0,6.0,,1.0,2600.0,0.0,1.0,N,,,,,For profit - Corporation,92.0,81.0,"DUNMORE HEALTHCARE GROUP, INC.",,,DUNMORE HEALTH CARE CENTER,,,,,,0,1,1,0,0,1,1,0
gold_main_v2,control,control_v2,395567,DUNMORE HEALTH CARE CENTER,PA,2017,0,,,,,,,,,,,73.54249539170507,4.0,6.364129032258065,4.0,0,,,,,,,2016.0,2023.0,control_weighted_pseudocohort,5.0,1,0,1,1,1,0,0,0,1.0,1.0,11.0,3.0,9.0,365.0,82.85770159791899,17572.25,103146.25,0.5825077728834296,3.4178962231790937,3.24689,1.0,2.0,1.0,1.0,4.0,142.667,0.0,13.0,,1.0,2600.0,0.0,1.0,N,,,,,For profit - Corporation,92.0,80.0,"DUNMORE HEALTHCARE GROUP, INC.",,,DUNMORE HEALTH CARE CENTER,,,,,2017-12-01,1,1,1,0,1,1,1,0
gold_main_v2,control,control_v2,395567,DUNMORE HEALTH CARE CENTER,PA,2018,0,,,,,,,,,,,73.54249539170507,4.0,6.364129032258065,4.0,0,,,,,,,2016.0,2023.0,control_weighted_pseudocohort,5.0,1,0,1,1,1,0,0,0,1.0,1.0,11.0,3.0,9.0,365.0,83.58714099909751,18349.5,101611.5,0.6015263275604696,3.3330888213924843,3.39796,,3.0,,,,161.600,0.0,24.0,,0.0,0.0,0.0,0.0,N,,,,,For profit - Corporation,92.0,84.9,"DUNMORE HEALTHCARE GROUP, INC.",,,DUNMORE HEALTH CARE CENTER,,,,,2018-12-01,1,1,0,0,1,1,0,0
gold_main_v2,control,control_v2,395567,DUNMORE HEALTH CARE CENTER,PA,2019,0,,,,,,,,,,,73.54249539170507,4.0,6.364129032258065,4.0,0,,,,,,,2016.0,2023.0,control_weighted_pseudocohort,5.0,1,0,1,1,1,0,0,0,1.0,1.0,11.0,3.0,9.0,365.0,80.04159035409035,18252.48,97990.96,0.6310408629001658,3.3685948128540284,3.32477,,3.0,,,,120.000,0.0,18.0,,0.0,0.0,1.0,1.0,N,,,,,For profit - Corporation,92.0,80.5,"DUNMORE HEALTHCARE GROUP, INC.",,,DUNMORE HEALTH CARE CENTER,,,,,2019-11-01,1,1,0,0,1,1,0,0
gold_main_v2,control,control_v2,395567,DUNMORE HEALTH CARE CENTER,PA,2020,0,,,,,,,,,,,73.54249539170507,4.0,6.364129032258065,4.0,0,,,,,,,2016.0,2023.0,control_weighted_pseudocohort,5.0,1,0,1,1,1,0,0,0,1.0,1.0,11.0,3.0,9.0,275.0,69.42869087434305,12794.67,68106.17,0.6725634726321386,3.5729832949610727,3.70735,3.0,3.0,1.0,1.0,2.0,156.000,1.0,20.0,,0.0,0.0,1.0,1.0,N,,,,,For profit - Corporation,92.0,70.8,"DUNMORE HEALTHCARE GROUP, INC.",,,DUNMORE HEALTH CARE CENTER,,,,,2020-11-01,1,1,1,0,1,1,1,0
gold_main_v2,control,control_v2,395567,DUNMORE HEALTH CARE CENTER,PA,2021,0,,,,,,,,,,,73.54249539170507,4.0,6.364129032258065,4.0,0,,,,,,,2016.0,2023.0,control_weighted_pseudocohort,5.0,1,0,1,1,1,0,0,0,1.0,1.0,11.0,3.0,9.0,365.0,69.33817287784679,13742.88,71940.29,0.5446601140025362,2.8534031076373587,2.28592,2.0,2.0,1.0,1.0,1.0,94.667,1.0,10.0,0.0,1.0,39000.0,0.0,1.0,N,,,,,For profit - Corporation,92.0,69.7,"DUNMORE HEALTHCARE GROUP, INC.",,,DUNMORE HEALTH CARE CENTER,,,,,2021-11-01,1,1,1,0,1,1,1,0
gold_main_v2,control,control_v2,395567,DUNMORE HEALTH CARE CENTER,PA,2022,0,,,,,,,,,,,73.54249539170507,4.0,6.364129032258065,4.0,0,False,False,False,False,True,False,2016.0,2023.0,control_weighted_pseudocohort,5.0,1,0,1,1,1,1,0,1,1.0,1.0,11.0,3.0,9.0,365.0,72.75823445877793,14874.14,82873.41,0.5573911113343153,3.1039218230922754,3.15418,1.0,,1.0,1.0,4.0,99.000,0.0,16.0,0.0,3.0,40829.75,0.0,3.0,N,,,,,For profit - Corporation,92.0,68.3,"DUNMORE HEALTHCARE GROUP, INC.",,,DUNMORE HEALTH CARE CENTER,,,,,2022-11-01,1,1,1,0,1,1,1,0
gold_main_v2,control,control_v2,395567,DUNMORE HEALTH CARE CENTER,PA,2023,0,,,,,,,,,,,73.54249539170507,4.0,6.364129032258065,4.0,0,False,False,False,False,True,False,2016.0,2023.0,control_weighted_pseudocohort,5.0,1,1,1,1,1,1,0,1,1.0,1.0,11.0,3.0,9.0,365.0,82.36577812284334,17095.4,99473.52,0.5683856291101252,3.3119572707210767,3.33949,1.0,,2.0,1.0,1.0,82.667,0.0,17.0,0.0,4.0,50599.25,0.0,4.0,N,89.0,69.0,5.0,0.7752808988764045,For profit - Corporation,92.0,80.4,"DUNMORE HEALTHCARE GROUP, INC.",SABER HEALTHCARE GROUP,461.0,DUNMORE HEALTH CARE CENTER,PA,,,,2023-11-01,1,1,1,1,1,1,1,1
gold_main_v2,control,control_v2,395567,DUNMORE HEALTH CARE CENTER,PA,2024,0,,,,,,,,,,,73.54249539170507,4.0,6.364129032258065,4.0,0,False,False,False,False,True,False,2016.0,2023.0,control_weighted_pseudocohort,5.0,1,1,1,1,1,1,0,1,1.0,1.0,11.0,3.0,9.0,366.0,84.79930124223603,17459.38,106843.86,0.5645459483233568,3.446357143749356,3.33029,2.0,,2.0,1.0,1.0,80.667,0.0,20.0,,3.0,29952.0,0.0,3.0,N,84.0,63.0,4.0,0.75,For profit - Corporation,92.0,85.4,"DUNMORE HEALTHCARE GROUP, INC.",SABER HEALTHCARE GROUP,461.0,DUNMORE HEALTH CARE CENTER,PA,,,,2024-11-01,1,1,1,1,1,1,1,1
gold_main_v2,control,control_v2,395567,DUNMORE HEALTH CARE CENTER,PA,2025,0,,,,,,,,,,,73.54249539170507,4.0,6.364129032258065,4.0,0,False,True,True,False,True,False,2016.0,2023.0,control_weighted_pseudocohort,5.0,1,1,1,1,1,1,0,1,1.0,1.0,11.0,3.0,9.0,273.0,85.54578312187009,13556.78,81115.6,0.580530149967593,3.4743593025078994,3.54635,3.0,,2.0,1.0,1.0,80.000,0.0,38.0,,1.0,12048.0,0.0,1.0,N,82.0,70.0,4.0,0.8536585365853658,For profit - Corporation,92.0,85.7,"DUNMORE HEALTHCARE GROUP, INC.",SABER HEALTHCARE GROUP,461.0,DUNMORE HEALTH CARE CENTER,PA,,,,2025-11-01,1,1,1,1,1,1,1,1
gold_main_v2,control,control_v2,395567,DUNMORE HEALTH CARE CENTER,PA,2026,0,,,,,,,,,,,73.54249539170507,4.0,6.364129032258065,4.0,0,False,True,True,False,True,False,2016.0,2023.0,control_weighted_pseudocohort,5.0,1,0,0,1,1,1,0,1,1.0,1.0,11.0,3.0,9.0,,,,,,,3.45807,3.0,,3.0,3.0,2.0,49.000,,,,1.0,12048.0,0.0,1.0,N,,,,,For profit - Corporation,92.0,86.9,"DUNMORE HEALTHCARE GROUP, INC.",SABER HEALTHCARE GROUP,461.0,DUNMORE HEALTH CARE CENTER,PA,,,,2026-03-01,0,1,1,0,0,1,1,0
gold_main_v2,control,control_v2,395745,BALDWIN HEALTH CENTER,PA,2016,0,,,,,,,,,,,79.76848156682027,4.0,4.791338709677419,4.0,0,,,,,,,2016.0,2023.0,control_weighted_pseudocohort,5.0,1,0,0,1,1,0,0,0,1.0,1.0,11.0,3.0,9.0,,,,,,,3.42988,1.0,2.0,2.0,1.0,2.0,44.667,1.0,7.0,,0.0,0.0,0.0,0.0,N,,,,,For profit - Partnership,200.0,169.0,"SKYLINE (PA) LEASING CO., LLC",,,BALDWIN HEALTH CENTER,,,,,,0,1,1,0,0,1,1,0
gold_main_v2,control,control_v2,395745,BALDWIN HEALTH CENTER,PA,2017,0,,,,,,,,,,,79.76848156682027,4.0,4.791338709677419,4.0,0,,,,,,,2016.0,2023.0,control_weighted_pseudocohort,5.0,1,0,1,1,1,0,0,0,1.0,1.0,11.0,3.0,9.0,365.0,182.06355974942932,41113.95,221590.22,0.6194789931996875,3.3354679835913172,3.28061,1.0,2.0,1.0,1.0,3.0,114.667,2.0,41.0,,0.0,0.0,0.0,0.0,N,,,,,For profit - Partnership,200.0,183.0,"SKYLINE (PA) LEASING CO., LLC",,,BALDWIN HEALTH CENTER,,,,,2017-12-01,1,1,1,0,1,1,1,0
gold_main_v2,control,control_v2,395745,BALDWIN HEALTH CENTER,PA,2018,0,,,,,,,,,,,79.76848156682027,4.0,4.791338709677419,4.0,0,,,,,,,2016.0,2023.0,control_weighted_pseudocohort,5.0,1,0,1,1,1,0,0,0,1.0,1.0,11.0,3.0,9.0,365.0,183.37919188299625,29850.25,218750.0,0.4460444640879746,3.268644358569181,3.29201,,3.0,,,,128.800,2.0,40.0,,0.0,0.0,0.0,0.0,N,,,,,For profit - Partnership,200.0,186.2,"SKYLINE (PA) LEASING CO., LLC",,,BALDWIN HEALTH CENTER,,,,,2018-12-01,1,1,0,0,1,1,0,0
gold_main_v2,control,control_v2,395745,BALDWIN HEALTH CENTER,PA,2019,0,,,,,,,,,,,79.76848156682027,4.0,4.791338709677419,4.0,0,,,,,,,2016.0,2023.0,control_weighted_pseudocohort,5.0,1,0,1,1,1,0,0,0,1.0,1.0,11.0,3.0,9.0,365.0,185.0530259595477,28872.5,212141.8,0.4278796667471874,3.140969663204982,3.09437,,2.0,,,,88.667,0.0,37.0,,0.0,0.0,0.0,0.0,N,,,,,For profit - Partnership,200.0,185.8,"SKYLINE (PA) LEASING CO., LLC",,,BALDWIN HEALTH CENTER,,,,,2019-11-01,1,1,0,0,1,1,0,0
gold_main_v2,control,control_v2,395745,BALDWIN HEALTH CENTER,PA,2020,0,,,,,,,,,,,79.76848156682027,4.0,4.791338709677419,4.0,0,,,,,,,2016.0,2023.0,control_weighted_pseudocohort,5.0,1,0,1,1,1,0,0,0,1.0,1.0,11.0,3.0,9.0,366.0,169.91964285714286,31222.32,179656.3,0.5046325875939216,2.8916339917302185,2.86929,2.0,2.0,2.0,2.0,4.0,78.000,0.0,25.0,,1.0,13650.0,0.0,1.0,N,,,,,For profit - Partnership,200.0,175.3,"SKYLINE (PA) LEASING CO., LLC",,,BALDWIN HEALTH CENTER,,,,,2020-11-01,1,1,1,0,1,1,1,0
gold_main_v2,control,control_v2,395745,BALDWIN HEALTH CENTER,PA,2021,0,,,,,,,,,,,79.76848156682027,4.0,4.791338709677419,4.0,0,,,,,,,2016.0,2023.0,control_weighted_pseudocohort,5.0,1,0,1,1,1,0,0,0,1.0,1.0,11.0,3.0,9.0,365.0,175.39081528375004,28949.23,198626.5,0.4525935562902222,3.1099044683536308,2.00991,1.0,1.0,1.0,1.0,3.0,191.333,0.0,21.0,3.0,5.0,229065.0,0.0,5.0,N,,,,,For profit - Partnership,200.0,178.2,"SKYLINE (PA) LEASING CO., LLC",,,BALDWIN HEALTH CENTER,,,,,2021-11-01,1,1,1,0,1,1,1,0
gold_main_v2,control,control_v2,395745,BALDWIN HEALTH CENTER,PA,2022,0,,,,,,,,,,,79.76848156682027,4.0,4.791338709677419,4.0,0,False,False,False,False,False,False,2016.0,2023.0,control_weighted_pseudocohort,5.0,1,0,1,1,1,1,0,1,1.0,1.0,11.0,3.0,9.0,365.0,187.52462109146893,39186.26,214369.11,0.5726748933481542,3.132831596292501,3.19317,1.0,,1.0,1.0,4.0,204.000,0.0,27.0,3.0,4.0,144797.25,0.0,4.0,N,,,,,For profit - Partnership,200.0,189.5,"SKYLINE (PA) LEASING CO., LLC",,,BALDWIN HEALTH CENTER,,,,,2022-11-01,1,1,1,0,1,1,1,0
gold_main_v2,control,control_v2,395745,BALDWIN HEALTH CENTER,PA,2023,0,,,,,,,,,,,79.76848156682027,4.0,4.791338709677419,4.0,0,False,False,False,False,False,False,2016.0,2023.0,control_weighted_pseudocohort,5.0,1,1,1,1,1,1,0,1,1.0,1.0,11.0,3.0,9.0,365.0,177.23932752030578,23065.5,206007.55,0.3562109456459866,3.186932715062845,3.09316,1.0,,1.0,1.0,4.0,196.833,0.0,49.0,4.0,6.0,216040.5,0.0,6.0,N,175.0,143.0,2.0,0.8171428571428572,For profit - Partnership,175.0,175.5,"SKYLINE (PA) LEASING CO., LLC",COMMUNICARE HEALTH,153.0,BALDWIN HEALTH CENTER,PA,,,,2023-11-01,1,1,1,1,1,1,1,1
gold_main_v2,control,control_v2,395745,BALDWIN HEALTH CENTER,PA,2024,0,,,,,,,,,,,79.76848156682027,4.0,4.791338709677419,4.0,0,False,False,False,False,False,False,2016.0,2023.0,control_weighted_pseudocohort,5.0,1,1,1,1,1,1,0,1,1.0,1.0,11.0,3.0,9.0,366.0,143.9672718585762,19697.08,179703.93,0.3766188805495308,3.412765200001132,3.41583,1.0,,1.0,1.0,2.0,262.667,9.0,36.0,1.0,3.0,345894.9,0.0,3.0,N,166.25,131.25,1.25,0.7879491198456715,For profit - Partnership,200.0,138.6,"SKYLINE (PA) LEASING CO., LLC",COMMUNICARE HEALTH,153.0,BALDWIN HEALTH CENTER,PA,,,,2024-11-01,1,1,1,1,1,1,1,1
gold_main_v2,control,control_v2,395745,BALDWIN HEALTH CENTER,PA,2025,0,,,,,,,,,,,79.76848156682027,4.0,4.791338709677419,4.0,0,False,True,True,False,False,True,2016.0,2023.0,control_weighted_pseudocohort,5.0,1,1,1,1,1,1,0,1,1.0,1.0,11.0,3.0,9.0,273.0,138.36680026897417,17575.5,135965.75,0.465093351240787,3.599515594408619,3.59661,3.0,,1.0,2.0,5.0,148.250,9.0,86.0,1.0,2.0,283966.0,0.0,2.0,N,143.0,108.0,2.0,0.7552447552447553,For profit - Corporation,200.0,138.7,"SKYLINE (PA) LEASING CO., LLC",COMMUNICARE HEALTH,153.0,BALDWIN HEALTH CENTER,PA,,,,2025-11-01,1,1,1,1,1,1,1,1
gold_main_v2,control,control_v2,395745,ROSE MEADOWS HEALTH & REHAB CENTER,PA,2026,0,,,,,,,,,,,79.76848156682027,4.0,4.791338709677419,4.0,0,False,True,True,False,False,True,2016.0,2023.0,control_weighted_pseudocohort,5.0,1,0,0,1,1,1,0,1,1.0,1.0,11.0,3.0,9.0,,,,,,,3.73492,2.0,,1.0,2.0,5.0,177.250,,,1.0,2.0,283966.0,0.0,2.0,N,,,,,For profit - Corporation,200.0,137.6,Legal Business Name Not Available,COMMUNICARE HEALTH,153.0,ROSE MEADOWS HEALTH & REHAB CENTER,PA,,,,2026-03-01,0,1,1,0,0,1,1,0
gold_main_v2,control,control_v2,395798,TRANSITIONS HEALTHCARE GETTYSBURG,PA,2016,0,,,,,,,,,,,68.28108986175116,4.0,13.971629032258065,4.0,0,,,,,,,2016.0,2023.0,control_weighted_pseudocohort,5.0,1,0,0,1,1,0,0,0,1.0,1.0,11.0,3.0,9.0,,,,,,,3.49435,1.0,1.0,3.0,2.0,2.0,29.333,0.0,1.0,,0.0,0.0,0.0,0.0,N,,,,,For profit - Corporation,135.0,124.0,TRANSITIONS HEALTHCARE GETTYBURG LLC,,,TRANSITIONS HEALTHCARE GETTYSBURG,,,,,,0,1,1,0,0,1,1,0
gold_main_v2,control,control_v2,395798,TRANSITIONS HEALTHCARE GETTYSBURG,PA,2017,0,,,,,,,,,,,68.28108986175116,4.0,13.971629032258065,4.0,0,,,,,,,2016.0,2023.0,control_weighted_pseudocohort,5.0,1,0,1,1,1,0,0,0,1.0,1.0,11.0,3.0,9.0,365.0,127.3517027658332,17941.0,147176.16999999998,0.3860260271822474,3.168184513824512,3.5673,2.0,2.0,1.0,2.0,5.0,86.667,0.0,6.0,,0.0,0.0,0.0,0.0,N,,,,,For profit - Corporation,135.0,130.0,TRANSITIONS HEALTHCARE GETTYBURG LLC,,,TRANSITIONS HEALTHCARE GETTYSBURG,,,,,2017-12-01,1,1,1,0,1,1,1,0
gold_main_v2,control,control_v2,395798,TRANSITIONS HEALTHCARE GETTYSBURG,PA,2018,0,,,,,,,,,,,68.28108986175116,4.0,13.971629032258065,4.0,0,,,,,,,2016.0,2023.0,control_weighted_pseudocohort,5.0,1,0,1,1,1,0,0,0,1.0,1.0,11.0,3.0,9.0,365.0,128.30991598980728,19365.35,151584.45,0.413596989512782,3.2358437159944393,3.05493,,3.0,,,,152.400,0.0,9.0,,1.0,18328.0,0.0,1.0,N,,,,,For profit - Corporation,135.0,127.6,TRANSITIONS HEALTHCARE GETTYBURG LLC,,,TRANSITIONS HEALTHCARE GETTYSBURG,,,,,2018-12-01,1,1,0,0,1,1,0,0
gold_main_v2,control,control_v2,395798,TRANSITIONS HEALTHCARE GETTYSBURG,PA,2019,0,,,,,,,,,,,68.28108986175116,4.0,13.971629032258065,4.0,0,,,,,,,2016.0,2023.0,control_weighted_pseudocohort,5.0,1,0,1,1,1,0,0,0,1.0,1.0,11.0,3.0,9.0,365.0,124.4332371131284,20380.5,156240.83000000002,0.4488731636604829,3.4409665581203503,3.50043,,2.0,,,,100.333,0.0,9.0,,1.0,18328.0,0.0,1.0,N,,,,,For profit - Corporation,135.0,121.2,TRANSITIONS HEALTHCARE GETTYBURG LLC,,,TRANSITIONS HEALTHCARE GETTYSBURG,,,,,2019-11-01,1,1,0,0,1,1,0,0
gold_main_v2,control,control_v2,395798,TRANSITIONS HEALTHCARE GETTYSBURG,PA,2020,0,,,,,,,,,,,68.28108986175116,4.0,13.971629032258065,4.0,0,,,,,,,2016.0,2023.0,control_weighted_pseudocohort,5.0,1,0,1,1,1,0,0,0,1.0,1.0,11.0,3.0,9.0,366.0,125.15312947921645,19456.61,149931.97,0.4255082538753257,3.2749082524612247,3.21444,2.0,2.0,1.0,2.0,5.0,98.333,0.0,8.0,,0.0,0.0,0.0,0.0,N,,,,,For profit - Corporation,135.0,126.5,TRANSITIONS HEALTHCARE GETTYBURG LLC,,,TRANSITIONS HEALTHCARE GETTYSBURG,,,,,2020-11-01,1,1,1,0,1,1,1,0
gold_main_v2,control,control_v2,395798,TRANSITIONS HEALTHCARE GETTYSBURG,PA,2021,0,,,,,,,,,,,68.28108986175116,4.0,13.971629032258065,4.0,0,,,,,,,2016.0,2023.0,control_weighted_pseudocohort,5.0,1,0,1,1,1,0,0,0,1.0,1.0,11.0,3.0,9.0,365.0,121.50652970218188,21492.63,157306.29,0.4855585312568637,3.5598966867621025,3.63009,3.0,3.0,2.0,3.0,5.0,56.000,0.0,5.0,0.0,0.0,0.0,0.0,0.0,N,,,,,For profit - Corporation,135.0,122.7,TRANSITIONS HEALTHCARE GETTYBURG LLC,,,TRANSITIONS HEALTHCARE GETTYSBURG,,,,,2021-11-01,1,1,1,0,1,1,1,0
gold_main_v2,control,control_v2,395798,TRANSITIONS HEALTHCARE GETTYSBURG,PA,2022,0,,,,,,,,,,,68.28108986175116,4.0,13.971629032258065,4.0,0,False,False,False,False,False,False,2016.0,2023.0,control_weighted_pseudocohort,5.0,1,0,1,1,1,1,0,1,1.0,1.0,11.0,3.0,9.0,365.0,125.40901616499444,23174.52,154151.26,0.5060360471975305,3.3677537948460765,3.48345,3.0,,2.0,3.0,5.0,47.333,0.0,1.0,0.0,0.0,0.0,0.0,0.0,N,,,,,For profit - Corporation,135.0,127.4,TRANSITIONS HEALTHCARE GETTYBURG LLC,,,TRANSITIONS HEALTHCARE GETTYSBURG,,,,,2022-11-01,1,1,1,0,1,1,1,0
gold_main_v2,control,control_v2,395798,TRANSITIONS HEALTHCARE GETTYSBURG,PA,2023,0,,,,,,,,,,,68.28108986175116,4.0,13.971629032258065,4.0,0,False,False,False,False,False,False,2016.0,2023.0,control_weighted_pseudocohort,5.0,1,1,1,1,1,1,0,1,1.0,1.0,11.0,3.0,9.0,365.0,124.00676859372513,24070.2,166228.8,0.532023329704389,3.672492418899752,3.62506,3.0,,3.0,3.0,4.0,33.333,0.0,3.0,0.0,0.0,0.0,0.0,0.0,N,122.0,91.0,7.0,0.7459016393442623,For profit - Corporation,135.0,125.8,TRANSITIONS HEALTHCARE GETTYBURG LLC,TRANSITIONS HEALTHCARE,627.0,TRANSITIONS HEALTHCARE GETTYSBURG,PA,,,,2023-11-01,1,1,1,1,1,1,1,1
gold_main_v2,control,control_v2,395798,TRANSITIONS HEALTHCARE GETTYSBURG,PA,2024,0,,,,,,,,,,,68.28108986175116,4.0,13.971629032258065,4.0,0,False,False,False,False,False,False,2016.0,2023.0,control_weighted_pseudocohort,5.0,1,1,1,1,1,1,0,1,1.0,1.0,11.0,3.0,9.0,366.0,126.81638198757764,22612.75,162805.24,0.487420137280604,3.5086381493655416,3.50063,2.0,,2.0,2.0,4.0,67.333,1.0,3.0,0.0,0.0,0.0,0.0,0.0,N,121.0,86.0,9.0,0.7104508196721312,For profit - Corporation,135.0,126.3,TRANSITIONS HEALTHCARE GETTYBURG LLC,TRANSITIONS HEALTHCARE,627.0,TRANSITIONS HEALTHCARE GETTYSBURG,PA,,,,2024-11-01,1,1,1,1,1,1,1,1
gold_main_v2,control,control_v2,395798,TRANSITIONS HEALTHCARE GETTYSBURG,PA,2025,0,,,,,,,,,,,68.28108986175116,4.0,13.971629032258065,4.0,0,False,True,False,False,False,True,2016.0,2023.0,control_weighted_pseudocohort,5.0,1,1,1,1,1,1,0,1,1.0,1.0,11.0,3.0,9.0,273.0,127.46967758489497,14273.0,121937.15,0.4102048132960136,3.5042938930036147,3.50377,2.0,,3.0,3.0,3.0,46.000,0.0,7.0,,2.0,16334.0,0.0,2.0,N,120.33333333333331,81.66666666666667,12.0,0.6786501377410469,For profit - Corporation,135.0,127.2,TRANSITIONS HEALTHCARE GETTYBURG LLC,TRANSITIONS HEALTHCARE,627.0,TRANSITIONS HEALTHCARE GETTYSBURG,PA,,,,2025-11-01,1,1,1,1,1,1,1,1
gold_main_v2,control,control_v2,395798,TRANSITIONS HEALTHCARE GETTYSBURG,PA,2026,0,,,,,,,,,,,68.28108986175116,4.0,13.971629032258065,4.0,0,False,True,False,False,False,True,2016.0,2023.0,control_weighted_pseudocohort,5.0,1,0,0,1,1,1,0,1,1.0,1.0,11.0,3.0,9.0,,,,,,,3.63507,2.0,,3.0,3.0,3.0,43.000,,,,2.0,16334.0,0.0,2.0,N,,,,,For profit - Limited Liability company,135.0,127.0,TRANSITIONS HEALTHCARE GETTYBURG LLC,TRANSITIONS HEALTHCARE,627.0,TRANSITIONS HEALTHCARE GETTYSBURG,PA,,,,2026-03-01,0,1,1,0,0,1,1,0
gold_main_v2,control,control_v2,396062,"INN AT FREEDOM VILLAGE,THE",PA,2016,0,,,,,,,,,,,0.0,4.0,19.323158986175116,4.0,1,,,,,,,2016.0,2023.0,control_weighted_pseudocohort,5.0,1,0,0,1,1,0,0,0,1.0,1.0,11.0,3.0,9.0,,,,,,,4.99166,5.0,5.0,4.0,5.0,5.0,16.667,0.0,0.0,,0.0,0.0,0.0,0.0,N,,,,,For profit - Corporation,60.0,42.0,CCRC BRANDYWINE LLC,,,"INN AT FREEDOM VILLAGE,THE",,,,,,0,1,1,0,0,1,1,0
gold_main_v2,control,control_v2,396062,"INN AT FREEDOM VILLAGE,THE",PA,2017,0,,,,,,,,,,,0.0,4.0,19.323158986175116,4.0,1,,,,,,,2016.0,2023.0,control_weighted_pseudocohort,5.0,1,0,1,1,1,0,0,0,1.0,1.0,11.0,3.0,9.0,365.0,43.22345914954611,20966.25,79497.25,1.3345473775826613,5.0609335384903895,7.52613,5.0,5.0,2.0,4.0,5.0,53.333,1.0,0.0,,0.0,0.0,0.0,0.0,N,,,,,For profit - Corporation,60.0,44.0,CCRC BRANDYWINE LLC,,,"INN AT FREEDOM VILLAGE,THE",,,,,2017-12-01,1,1,1,0,1,1,1,0
gold_main_v2,control,control_v2,396062,"INN AT FREEDOM VILLAGE,THE",PA,2018,0,,,,,,,,,,,0.0,4.0,19.323158986175116,4.0,1,,,,,,,2016.0,2023.0,control_weighted_pseudocohort,5.0,1,0,1,1,1,0,0,0,1.0,1.0,11.0,3.0,9.0,365.0,44.66068044274566,21933.89,81316.14,1.3471756877509784,4.998853253294068,4.92525,,5.0,,,,63.200,1.0,0.0,,1.0,13627.0,0.0,1.0,N,,,,,For profit - Corporation,60.0,45.3,CCRC BRANDYWINE LLC,,,"INN AT FREEDOM VILLAGE,THE",,,,,2018-12-01,1,1,0,0,1,1,0,0
gold_main_v2,control,control_v2,396062,"INN AT FREEDOM VILLAGE,THE",PA,2019,0,,,,,,,,,,,0.0,4.0,19.323158986175116,4.0,1,,,,,,,2016.0,2023.0,control_weighted_pseudocohort,5.0,1,0,1,1,1,0,0,0,1.0,1.0,11.0,3.0,9.0,365.0,43.43477066411849,23795.35,81785.1,1.5033521932085367,5.175354885689542,5.13408,,5.0,,,,26.000,1.0,0.0,,1.0,13627.0,0.0,1.0,N,,,,,For profit - Corporation,60.0,43.4,CCRC BRANDYWINE LLC,,,"INN AT FREEDOM VILLAGE,THE",,,,,2019-11-01,1,1,0,0,1,1,0,0
gold_main_v2,control,control_v2,396062,"INN AT FREEDOM VILLAGE,THE",PA,2020,0,,,,,,,,,,,0.0,4.0,19.323158986175116,4.0,1,,,,,,,2016.0,2023.0,control_weighted_pseudocohort,5.0,1,0,1,1,1,0,0,0,1.0,1.0,11.0,3.0,9.0,274.0,42.37677177894569,7496.110000000001,43111.7,0.6558055373952395,3.7905154642492302,4.91576,4.0,3.0,4.0,5.0,5.0,14.000,0.0,0.0,,0.0,0.0,0.0,0.0,N,,,,,For profit - Corporation,60.0,41.3,CCRC BRANDYWINE LLC,,,"INN AT FREEDOM VILLAGE,THE",,,,,2020-11-01,1,1,1,0,1,1,1,0
gold_main_v2,control,control_v2,396062,"INN AT FREEDOM VILLAGE,THE",PA,2021,0,,,,,,,,,,,0.0,4.0,19.323158986175116,4.0,1,,,,,,,2016.0,2023.0,control_weighted_pseudocohort,5.0,1,0,1,1,1,0,0,0,1.0,1.0,11.0,3.0,9.0,365.0,41.07246841322928,17990.87,75254.97,1.184979485445584,5.023811448513892,5.0275,5.0,5.0,4.0,5.0,3.0,14.000,0.0,0.0,0.0,0.0,0.0,0.0,0.0,N,,,,,For profit - Corporation,60.0,43.8,CCRC BRANDYWINE LLC,,,"INN AT FREEDOM VILLAGE,THE",,,,,2021-11-01,1,1,1,0,1,1,1,0
gold_main_v2,control,control_v2,396062,"INN AT FREEDOM VILLAGE,THE",PA,2022,0,,,,,,,,,,,0.0,4.0,19.323158986175116,4.0,1,False,False,False,False,False,True,2016.0,2023.0,control_weighted_pseudocohort,5.0,1,0,1,1,1,1,0,1,1.0,1.0,11.0,3.0,9.0,365.0,44.27292695227478,18007.32,74347.11,1.111091656896291,4.61492059772895,4.52426,4.0,,5.0,5.0,4.0,7.333,0.0,0.0,0.0,2.0,1625.0,0.0,2.0,N,,,,,For profit - Corporation,60.0,45.7,CCRC - BRANDYWINE LLC,,,"INN AT FREEDOM VILLAGE,THE",,,,,2022-11-01,1,1,1,0,1,1,1,0
gold_main_v2,control,control_v2,396062,"INN AT FREEDOM VILLAGE,THE",PA,2023,0,,,,,,,,,,,0.0,4.0,19.323158986175116,4.0,1,False,False,False,False,False,True,2016.0,2023.0,control_weighted_pseudocohort,5.0,1,1,1,1,1,1,0,1,1.0,1.0,11.0,3.0,9.0,365.0,46.718776211710995,21718.25,77265.16,1.275650113709087,4.5372600471931825,4.55769,4.0,,5.0,5.0,5.0,6.667,0.0,0.0,0.0,2.0,1625.0,0.0,2.0,N,47.0,0.0,13.0,0.0,For profit - Corporation,60.0,47.1,CCRC - BRANDYWINE LLC,"HEALTHPEAK PROPERTIES, INC.",261.0,"INN AT FREEDOM VILLAGE,THE",PA,,,,2023-11-01,1,1,1,1,1,1,1,1
gold_main_v2,control,control_v2,396062,"INN AT FREEDOM VILLAGE,THE",PA,2024,0,,,,,,,,,,,0.0,4.0,19.323158986175116,4.0,1,False,False,False,False,False,True,2016.0,2023.0,control_weighted_pseudocohort,5.0,1,1,1,1,1,1,0,1,1.0,1.0,11.0,3.0,9.0,366.0,46.58382107023411,19605.93,75920.2,1.151673395207811,4.459398345711858,4.44354,5.0,,5.0,5.0,3.0,5.333,0.0,0.0,0.0,1.0,975.0,0.0,1.0,N,46.5,0.0,11.25,0.0,For profit - Corporation,60.0,47.4,CCRC - BRANDYWINE LLC,"HEALTHPEAK PROPERTIES, INC.",261.0,"INN AT FREEDOM VILLAGE,THE",PA,,,,2024-11-01,1,1,1,1,1,1,1,1
gold_main_v2,control,control_v2,396062,"INN AT FREEDOM VILLAGE,THE",PA,2025,0,,,,,,,,,,,0.0,4.0,19.323158986175116,4.0,1,False,True,False,False,False,True,2016.0,2023.0,control_weighted_pseudocohort,5.0,1,1,1,1,1,1,0,1,1.0,1.0,11.0,3.0,9.0,273.0,46.01627116844509,13849.14,54861.35,1.1041723043628675,4.3692546885704795,4.28717,4.0,,4.0,4.0,4.0,7.000,0.0,0.0,0.0,0.0,0.0,0.0,0.0,N,45.0,0.0,6.0,0.0,For profit - Corporation,60.0,45.8,CCRC - BRANDYWINE LLC,"HEALTHPEAK PROPERTIES, INC.",261.0,"INN AT FREEDOM VILLAGE,THE",PA,,,,2025-11-01,1,1,1,1,1,1,1,1
gold_main_v2,control,control_v2,396062,"INN AT FREEDOM VILLAGE,THE",PA,2026,0,,,,,,,,,,,0.0,4.0,19.323158986175116,4.0,1,False,True,False,False,False,True,2016.0,2023.0,control_weighted_pseudocohort,5.0,1,0,0,1,1,1,0,1,1.0,1.0,11.0,3.0,9.0,,,,,,,4.47939,5.0,,4.0,5.0,4.0,7.000,,,0.0,0.0,0.0,0.0,0.0,N,,,,,For profit - Corporation,60.0,45.9,CCRC - BRANDYWINE LLC,"HEALTHPEAK PROPERTIES, INC.",261.0,"INN AT FREEDOM VILLAGE,THE",PA,,,,2026-03-01,0,1,1,0,0,1,1,0
gold_main_v2,control,control_v2,425052,NHC HEALTHCARE -  ANDERSON,SC,2016,0,,,,,,,,,,,58.60800921658986,4.0,25.291751152073733,4.0,1,,,,,,,2016.0,2023.0,control_weighted_pseudocohort,5.0,1,0,0,1,1,0,0,0,1.0,1.0,11.0,3.0,9.0,,,,,,,4.88621,4.0,4.0,5.0,5.0,5.0,0.000,0.0,0.0,,0.0,0.0,0.0,0.0,N,,,,,For profit - Corporation,246.0,232.0,"NHC HEALTHCARE-ANDERSON, LLC",,,NHC HEALTHCARE -  ANDERSON,,,,,,0,1,1,0,0,1,1,0
gold_main_v2,control,control_v2,425052,NHC HEALTHCARE -  ANDERSON,SC,2017,0,,,,,,,,,,,58.60800921658986,4.0,25.291751152073733,4.0,1,,,,,,,2016.0,2023.0,control_weighted_pseudocohort,5.0,1,0,1,1,1,0,0,0,1.0,1.0,11.0,3.0,9.0,365.0,233.51074746509528,56291.15,286320.15,0.6603102389021722,3.359995340539787,4.44394,4.0,4.0,5.0,5.0,5.0,0.000,0.0,0.0,,0.0,0.0,0.0,0.0,N,,,,,For profit - Corporation,246.0,239.0,"NHC HEALTHCARE-ANDERSON, LLC",,,NHC HEALTHCARE -  ANDERSON,,,,,2017-12-01,1,1,1,0,1,1,1,0
gold_main_v2,control,control_v2,425052,NHC HEALTHCARE -  ANDERSON,SC,2018,0,,,,,,,,,,,58.60800921658986,4.0,25.291751152073733,4.0,1,,,,,,,2016.0,2023.0,control_weighted_pseudocohort,5.0,1,0,1,1,1,0,0,0,1.0,1.0,11.0,3.0,9.0,365.0,234.24888981791156,51088.75,284791.0,0.597602617661048,3.3319957448655604,3.35864,,4.0,,,,0.000,0.0,0.0,,0.0,0.0,0.0,0.0,N,,,,,For profit - Corporation,290.0,232.8,"NHC HEALTHCARE-ANDERSON, LLC",,,NHC HEALTHCARE -  ANDERSON,,,,,2018-12-01,1,1,0,0,1,1,0,0
gold_main_v2,control,control_v2,425052,NHC HEALTHCARE -  ANDERSON,SC,2019,0,,,,,,,,,,,58.60800921658986,4.0,25.291751152073733,4.0,1,,,,,,,2016.0,2023.0,control_weighted_pseudocohort,5.0,1,0,1,1,1,0,0,0,1.0,1.0,11.0,3.0,9.0,365.0,245.5147137283007,54439.8,312172.55,0.6090211681247885,3.4792555188643908,3.31542,,3.0,,,,8.000,0.0,0.0,,0.0,0.0,0.0,0.0,N,,,,,For profit - Corporation,280.0,232.7,"NHC HEALTHCARE-ANDERSON, LLC",,,NHC HEALTHCARE -  ANDERSON,,,,,2019-11-01,1,1,0,0,1,1,0,0
gold_main_v2,control,control_v2,425052,NHC HEALTHCARE -  ANDERSON,SC,2020,0,,,,,,,,,,,58.60800921658986,4.0,25.291751152073733,4.0,1,,,,,,,2016.0,2023.0,control_weighted_pseudocohort,5.0,1,0,1,1,1,0,0,0,1.0,1.0,11.0,3.0,9.0,366.0,236.94630912565697,58977.25,319011.5,0.6909091633626155,3.695582114193772,3.71468,3.0,3.0,5.0,5.0,5.0,9.333,0.0,2.0,,0.0,0.0,0.0,0.0,N,,,,,For profit - Corporation,280.0,249.7,"NHC HEALTHCARE-ANDERSON, LLC",,,NHC HEALTHCARE -  ANDERSON,,,,,2020-11-01,1,1,1,0,1,1,1,0
gold_main_v2,control,control_v2,425052,NHC HEALTHCARE -  ANDERSON,SC,2021,0,,,,,,,,,,,58.60800921658986,4.0,25.291751152073733,4.0,1,,,,,,,2016.0,2023.0,control_weighted_pseudocohort,5.0,1,0,1,1,1,0,0,0,1.0,1.0,11.0,3.0,9.0,365.0,218.9299098848012,55002.71,276884.26,0.6906453779555224,3.468137377846755,3.54721,3.0,4.0,5.0,5.0,2.0,9.333,0.0,0.0,0.0,1.0,3250.0,0.0,1.0,N,,,,,For profit - Limited Liability company,290.0,214.4,"NHC HEALTHCARE-ANDERSON, LLC",,,NHC HEALTHCARE -  ANDERSON,,,,,2021-11-01,1,1,1,0,1,1,1,0
gold_main_v2,control,control_v2,425052,NHC HEALTHCARE -  ANDERSON,SC,2022,0,,,,,,,,,,,58.60800921658986,4.0,25.291751152073733,4.0,1,False,False,False,False,False,False,2016.0,2023.0,control_weighted_pseudocohort,5.0,1,0,1,1,1,1,0,1,1.0,1.0,11.0,3.0,9.0,365.0,227.31881204544248,52356.31,279672.71,0.6309700979862702,3.3697977786926483,3.28937,3.0,,4.0,4.0,3.0,15.333,2.0,2.0,0.0,1.0,3250.0,0.0,1.0,N,,,,,For profit - Limited Liability company,290.0,226.9,"NHC HEALTHCARE-ANDERSON, LLC",,,NHC HEALTHCARE -  ANDERSON,,,,,2022-11-01,1,1,1,0,1,1,1,0
gold_main_v2,control,control_v2,425052,NHC HEALTHCARE -  ANDERSON,SC,2023,0,,,,,,,,,,,58.60800921658986,4.0,25.291751152073733,4.0,1,False,False,False,False,False,False,2016.0,2023.0,control_weighted_pseudocohort,5.0,1,1,1,1,1,1,0,1,1.0,1.0,11.0,3.0,9.0,365.0,244.3119492222753,54189.0,311745.53,0.6075112756264329,3.4955016109265196,3.52334,4.0,,4.0,4.0,2.0,15.333,2.0,2.0,0.0,2.0,13000.0,0.0,2.0,N,230.0,157.0,22.0,0.6826086956521739,For profit - Limited Liability company,290.0,236.2,"NHC HEALTHCARE-ANDERSON, LLC",NATIONAL HEALTHCARE CORPORATION,364.0,NHC HEALTHCARE -  ANDERSON,SC,,,,2023-11-01,1,1,1,1,1,1,1,1
gold_main_v2,control,control_v2,425052,NHC HEALTHCARE -  ANDERSON,SC,2024,0,,,,,,,,,,,58.60800921658986,4.0,25.291751152073733,4.0,1,False,False,False,False,False,False,2016.0,2023.0,control_weighted_pseudocohort,5.0,1,1,1,1,1,1,0,1,1.0,1.0,11.0,3.0,9.0,366.0,262.6393633540373,63495.630000000005,344915.75,0.6604495624367541,3.5889716547797317,3.64257,4.0,,4.0,4.0,3.0,12.000,2.0,2.0,0.0,1.0,9750.0,0.0,1.0,N,253.0,169.0,39.0,0.6692028985507246,For profit - Limited Liability company,290.0,256.9,"NHC HEALTHCARE-ANDERSON, LLC",NATIONAL HEALTHCARE CORPORATION,364.0,NHC HEALTHCARE -  ANDERSON,SC,,,,2024-11-01,1,1,1,1,1,1,1,1
gold_main_v2,control,control_v2,425052,NHC HealthCare - Anderson,SC,2025,0,,,,,,,,,,,58.60800921658986,4.0,25.291751152073733,4.0,1,False,True,False,True,False,False,2016.0,2023.0,control_weighted_pseudocohort,5.0,1,1,1,1,1,1,0,1,1.0,1.0,11.0,3.0,9.0,273.0,269.9743633982764,47627.25,263579.0,0.6459523596568344,3.575489594240618,3.44913,3.0,,4.0,4.0,2.0,11.000,3.0,2.0,0.0,0.0,0.0,0.0,0.0,N,276.0,181.0,56.0,0.6557971014492754,For profit - Limited Liability company,290.0,271.8,"NHC HEALTHCARE-ANDERSON, LLC",NATIONAL HEALTHCARE CORPORATION,364.0,NHC HealthCare - Anderson,SC,,,,2025-11-01,1,1,1,1,1,1,1,1
gold_main_v2,control,control_v2,425052,NHC HealthCare - Anderson,SC,2026,0,,,,,,,,,,,58.60800921658986,4.0,25.291751152073733,4.0,1,False,True,False,True,False,False,2016.0,2023.0,control_weighted_pseudocohort,5.0,1,0,0,1,1,1,0,1,1.0,1.0,11.0,3.0,9.0,,,,,,,3.67512,4.0,,5.0,5.0,2.0,2.000,,,0.0,0.0,0.0,0.0,0.0,N,,,,,For profit - Limited Liability company,290.0,272.6,"NHC HEALTHCARE-ANDERSON, LLC",NATIONAL HEALTHCARE CORPORATION,364.0,NHC HealthCare - Anderson,SC,,,,2026-03-01,0,1,1,0,0,1,1,0
gold_main_v2,control,control_v2,425054,NHC HEALTHCARE - LAURENS,SC,2016,0,,,,,,,,,,,83.78020046082949,4.0,5.704267281105992,4.0,0,,,,,,,2016.0,2023.0,control_weighted_pseudocohort,5.0,1,0,0,1,1,0,0,0,1.0,1.0,11.0,3.0,9.0,,,,,,,4.3379,4.0,4.0,4.0,5.0,5.0,12.000,0.0,0.0,,0.0,0.0,0.0,0.0,N,,,,,For profit - Corporation,176.0,157.0,NHC HEALTHCARE-LAURENS LLC,,,NHC HEALTHCARE - LAURENS,,,,,,0,1,1,0,0,1,1,0
gold_main_v2,control,control_v2,425054,NHC HEALTHCARE - LAURENS,SC,2017,0,,,,,,,,,,,83.78020046082949,4.0,5.704267281105992,4.0,0,,,,,,,2016.0,2023.0,control_weighted_pseudocohort,5.0,1,0,1,1,1,0,0,0,1.0,1.0,11.0,3.0,9.0,365.0,161.08966395922917,26127.5,195578.0,0.4446993517898624,3.3280836948550547,3.8253,3.0,3.0,5.0,5.0,5.0,1.333,0.0,0.0,,0.0,0.0,0.0,0.0,N,,,,,For profit - Corporation,176.0,162.0,NHC HEALTHCARE-LAURENS LLC,,,NHC HEALTHCARE - LAURENS,,,,,2017-12-01,1,1,1,0,1,1,1,0
gold_main_v2,control,control_v2,425054,NHC HEALTHCARE - LAURENS,SC,2018,0,,,,,,,,,,,83.78020046082949,4.0,5.704267281105992,4.0,0,,,,,,,2016.0,2023.0,control_weighted_pseudocohort,5.0,1,0,1,1,1,0,0,0,1.0,1.0,11.0,3.0,9.0,365.0,156.51175014598928,32481.0,195142.5,0.569522986776204,3.4178301967305433,3.44123,,4.0,,,,0.000,0.0,0.0,,0.0,0.0,0.0,0.0,N,,,,,For profit - Corporation,176.0,153.8,NHC HEALTHCARE-LAURENS LLC,,,NHC HEALTHCARE - LAURENS,,,,,2018-12-01,1,1,0,0,1,1,0,0
gold_main_v2,control,control_v2,425054,NHC HEALTHCARE - LAURENS,SC,2019,0,,,,,,,,,,,83.78020046082949,4.0,5.704267281105992,4.0,0,,,,,,,2016.0,2023.0,control_weighted_pseudocohort,5.0,1,0,1,1,1,0,0,0,1.0,1.0,11.0,3.0,9.0,365.0,158.90230530339227,37025.5,195691.5,0.6375675723788116,3.3751356735693983,3.42615,,4.0,,,,16.000,0.0,0.0,,0.0,0.0,0.0,0.0,N,,,,,For profit - Corporation,176.0,157.6,NHC HEALTHCARE-LAURENS LLC,,,NHC HEALTHCARE - LAURENS,,,,,2019-11-01,1,1,0,0,1,1,0,0
gold_main_v2,control,control_v2,425054,NHC HEALTHCARE - LAURENS,SC,2020,0,,,,,,,,,,,83.78020046082949,4.0,5.704267281105992,4.0,0,,,,,,,2016.0,2023.0,control_weighted_pseudocohort,5.0,1,0,1,1,1,0,0,0,1.0,1.0,11.0,3.0,9.0,366.0,151.0571249402771,43241.5,191843.0,0.7827434789910752,3.470572282926781,3.58058,5.0,5.0,4.0,5.0,4.0,10.667,0.0,0.0,,0.0,0.0,0.0,0.0,N,,,,,For profit - Limited Liability company,176.0,151.2,NHC HEALTHCARE-LAURENS LLC,,,NHC HEALTHCARE - LAURENS,,,,,2020-11-01,1,1,1,0,1,1,1,0
gold_main_v2,control,control_v2,425054,NHC HEALTHCARE - LAURENS,SC,2021,0,,,,,,,,,,,83.78020046082949,4.0,5.704267281105992,4.0,0,,,,,,,2016.0,2023.0,control_weighted_pseudocohort,5.0,1,0,1,1,1,0,0,0,1.0,1.0,11.0,3.0,9.0,365.0,132.44310200668895,36689.78,158191.46,0.759444579405483,3.2741323095130923,3.14919,4.0,4.0,4.0,4.0,4.0,10.667,0.0,0.0,0.0,0.0,0.0,0.0,0.0,N,,,,,For profit - Limited Liability company,176.0,134.5,NHC HEALTHCARE-LAURENS LLC,,,NHC HEALTHCARE - LAURENS,,,,,2021-11-01,1,1,1,0,1,1,1,0
gold_main_v2,control,control_v2,425054,NHC HEALTHCARE - LAURENS,SC,2022,0,,,,,,,,,,,83.78020046082949,4.0,5.704267281105992,4.0,0,False,False,False,False,False,False,2016.0,2023.0,control_weighted_pseudocohort,5.0,1,0,1,1,1,1,0,1,1.0,1.0,11.0,3.0,9.0,365.0,132.18381907947125,32004.15,157096.1,0.6635648761532811,3.2565253506546377,3.14705,4.0,,2.0,2.0,4.0,15.333,1.0,0.0,0.0,0.0,0.0,0.0,0.0,N,,,,,For profit - Limited Liability company,176.0,134.9,NHC HEALTHCARE-LAURENS LLC,,,NHC HEALTHCARE - LAURENS,,,,,2022-11-01,1,1,1,0,1,1,1,0
gold_main_v2,control,control_v2,425054,NHC HEALTHCARE - LAURENS,SC,2023,0,,,,,,,,,,,83.78020046082949,4.0,5.704267281105992,4.0,0,False,False,False,False,False,False,2016.0,2023.0,control_weighted_pseudocohort,5.0,1,1,1,1,1,1,0,1,1.0,1.0,11.0,3.0,9.0,365.0,151.4375988745554,40649.5,187955.25,0.7357678106451706,3.40400562819403,3.45297,4.0,,4.0,4.0,4.0,12.000,1.0,0.0,0.0,1.0,14521.0,0.0,1.0,N,128.0,112.0,8.0,0.875,For profit - Limited Liability company,176.0,149.7,NHC HEALTHCARE-LAURENS LLC,NATIONAL HEALTHCARE CORPORATION,364.0,NHC HEALTHCARE - LAURENS,SC,,,,2023-11-01,1,1,1,1,1,1,1,1
gold_main_v2,control,control_v2,425054,NHC HEALTHCARE - LAURENS,SC,2024,0,,,,,,,,,,,83.78020046082949,4.0,5.704267281105992,4.0,0,False,False,False,False,False,False,2016.0,2023.0,control_weighted_pseudocohort,5.0,1,1,1,1,1,1,0,1,1.0,1.0,11.0,3.0,9.0,366.0,155.78443024366936,41103.5,193827.11,0.720934716760944,3.4071770981531166,3.57734,4.0,,4.0,4.0,4.0,9.333,1.0,0.0,0.0,1.0,14521.0,0.0,1.0,N,154.0,125.0,11.0,0.8116883116883117,For profit - Limited Liability company,176.0,149.2,NHC HEALTHCARE-LAURENS LLC,NATIONAL HEALTHCARE CORPORATION,364.0,NHC HEALTHCARE - LAURENS,SC,,,,2024-11-01,1,1,1,1,1,1,1,1
gold_main_v2,control,control_v2,425054,NHC Healthcare - Laurens,SC,2025,0,,,,,,,,,,,83.78020046082949,4.0,5.704267281105992,4.0,0,False,True,False,True,False,False,2016.0,2023.0,control_weighted_pseudocohort,5.0,1,1,1,1,1,1,0,1,1.0,1.0,11.0,3.0,9.0,273.0,164.67292208596555,29415.8,145769.9,0.6554631690963548,3.2445822216194364,3.36562,4.0,,2.0,2.0,4.0,65.250,5.0,0.0,,0.0,0.0,0.0,0.0,N,157.33333333333334,127.66666666666669,8.333333333333334,0.8114432737074248,For profit - Limited Liability company,176.0,162.6,NHC HEALTHCARE-LAURENS LLC,NATIONAL HEALTHCARE CORPORATION,364.0,NHC Healthcare - Laurens,SC,,,,2025-11-01,1,1,1,1,1,1,1,1
gold_main_v2,control,control_v2,425054,NHC Healthcare - Laurens,SC,2026,0,,,,,,,,,,,83.78020046082949,4.0,5.704267281105992,4.0,0,False,True,False,True,False,False,2016.0,2023.0,control_weighted_pseudocohort,5.0,1,0,0,1,1,1,0,1,1.0,1.0,11.0,3.0,9.0,,,,,,,3.17544,4.0,,2.0,3.0,5.0,65.250,,,,0.0,0.0,0.0,0.0,N,,,,,For profit - Limited Liability company,176.0,169.3,NHC HEALTHCARE-LAURENS LLC,NATIONAL HEALTHCARE CORPORATION,364.0,NHC Healthcare - Laurens,SC,,,,2026-03-01,0,1,1,0,0,1,1,0
gold_main_v2,control,control_v2,425392,LINVILLE COURT AT THE CASCADES VERDAE,SC,2016,0,,,,,,,,,,,0.0,4.0,51.000541474654376,4.0,1,,,,,,,2016.0,2023.0,control_weighted_pseudocohort,5.0,1,0,0,1,1,0,0,0,1.0,1.0,11.0,3.0,9.0,,,,,,,6.54729,4.0,3.0,3.0,5.0,5.0,38.000,1.0,0.0,,0.0,0.0,0.0,0.0,N,,,,,For profit - Partnership,44.0,37.0,CASCADES NURSING LLC,,,LINVILLE COURT AT THE CASCADES VERDAE,,,,,,0,1,1,0,0,1,1,0
gold_main_v2,control,control_v2,425392,LINVILLE COURT AT THE CASCADES VERDAE,SC,2017,0,,,,,,,,,,,0.0,4.0,51.000541474654376,4.0,1,,,,,,,2016.0,2023.0,control_weighted_pseudocohort,5.0,1,0,1,1,1,0,0,0,1.0,1.0,11.0,3.0,9.0,275.0,40.293557891383976,7048.75,52920.5,0.6303163021939197,4.802479706878097,4.45609,4.0,4.0,2.0,3.0,4.0,52.667,1.0,0.0,,0.0,0.0,0.0,0.0,N,,,,,For profit - Corporation,44.0,41.0,CASCADES NURSING LLC,,,LINVILLE COURT AT THE CASCADES VERDAE,,,,,2017-12-01,1,1,1,0,1,1,1,0
gold_main_v2,control,control_v2,425392,LINVILLE COURT AT THE CASCADES VERDAE,SC,2018,0,,,,,,,,,,,0.0,4.0,51.000541474654376,4.0,1,,,,,,,2016.0,2023.0,control_weighted_pseudocohort,5.0,1,0,1,1,1,0,0,0,1.0,1.0,11.0,3.0,9.0,275.0,33.08269628921803,8104.4,50985.0,0.8895708680940548,5.65388931883004,5.59764,,4.0,,,,57.600,1.0,0.0,,0.0,0.0,0.0,0.0,N,,,,,For profit - Corporation,44.0,32.8,CASCADES NURSING LLC,,,LINVILLE COURT AT THE CASCADES VERDAE,,,,,2018-12-01,1,1,0,0,1,1,0,0
gold_main_v2,control,control_v2,425392,LINVILLE COURT AT THE CASCADES VERDAE,SC,2019,0,,,,,,,,,,,0.0,4.0,51.000541474654376,4.0,1,,,,,,,2016.0,2023.0,control_weighted_pseudocohort,5.0,1,0,1,1,1,0,0,0,1.0,1.0,11.0,3.0,9.0,365.0,39.068297765036895,12454.57,67402.5,0.8775290305791363,4.75393470568813,4.61411,,4.0,,,,46.667,0.0,0.0,,0.0,0.0,1.0,1.0,N,,,,,For profit - Corporation,44.0,39.0,CASCADES NURSING LLC,,,LINVILLE COURT AT THE CASCADES VERDAE,,,,,2019-11-01,1,1,0,0,1,1,0,0
gold_main_v2,control,control_v2,425392,LINVILLE COURT AT THE CASCADES VERDAE,SC,2020,0,,,,,,,,,,,0.0,4.0,51.000541474654376,4.0,1,,,,,,,2016.0,2023.0,control_weighted_pseudocohort,5.0,1,0,1,1,1,0,0,0,1.0,1.0,11.0,3.0,9.0,366.0,32.71129956999522,10691.57,56321.02,0.907341453156038,4.750135594652982,4.65031,4.0,4.0,1.0,2.0,4.0,83.500,8.0,0.0,,1.0,36454.0,1.0,2.0,N,,,,,For profit - Limited Liability company,44.0,31.7,CASCADES NURSING LLC,,,LINVILLE COURT AT THE CASCADES VERDAE,,,,,2020-11-01,1,1,1,0,1,1,1,0
gold_main_v2,control,control_v2,425392,LINVILLE COURT AT THE CASCADES VERDAE,SC,2021,0,,,,,,,,,,,0.0,4.0,51.000541474654376,4.0,1,,,,,,,2016.0,2023.0,control_weighted_pseudocohort,5.0,1,0,1,1,1,0,0,0,1.0,1.0,11.0,3.0,9.0,365.0,35.2535409035409,9967.76,59627.43,0.7855338140101704,4.665628988242044,4.8841,4.0,4.0,2.0,3.0,4.0,64.333,9.0,0.0,1.0,2.0,37108.96,0.0,2.0,N,,,,,For profit - Corporation,44.0,32.7,CASCADES NURSING LLC,,,LINVILLE COURT AT THE CASCADES VERDAE,,,,,2021-11-01,1,1,1,0,1,1,1,0
gold_main_v2,control,control_v2,425392,LINVILLE COURT AT THE CASCADES VERDAE,SC,2022,0,,,,,,,,,,,0.0,4.0,51.000541474654376,4.0,1,False,False,False,False,False,False,2016.0,2023.0,control_weighted_pseudocohort,5.0,1,0,1,1,1,1,0,1,1.0,1.0,11.0,3.0,9.0,365.0,37.55746735148909,11295.49,69567.09,0.8252737095877798,5.101053450668843,5.61264,4.0,,2.0,2.0,4.0,63.667,0.0,0.0,1.0,1.0,655.14,0.0,1.0,N,,,,,For profit - Corporation,44.0,35.7,CASCADES NURSING LLC,,,LINVILLE COURT AT THE CASCADES VERDAE,,,,,2022-11-01,1,1,1,0,1,1,1,0
gold_main_v2,control,control_v2,425392,LINVILLE COURT AT THE CASCADES VERDAE,SC,2023,0,,,,,,,,,,,0.0,4.0,51.000541474654376,4.0,1,False,False,False,False,False,False,2016.0,2023.0,control_weighted_pseudocohort,5.0,1,1,1,1,1,1,0,1,1.0,1.0,11.0,3.0,9.0,365.0,37.54252999416043,14756.24,69027.16,1.0858274450762089,5.068566809212046,5.15632,4.0,,2.0,2.0,3.0,69.333,1.0,0.0,0.0,2.0,8100.89,0.0,2.0,N,30.0,0.0,11.0,0.0,For profit - Corporation,44.0,37.4,CASCADES NURSING LLC,SENIOR LIVING COMMUNITIES,470.0,LINVILLE COURT AT THE CASCADES VERDAE,SC,,,,2023-11-01,1,1,1,1,1,1,1,1
gold_main_v2,control,control_v2,425392,LINVILLE COURT AT THE CASCADES VERDAE,SC,2024,0,,,,,,,,,,,0.0,4.0,51.000541474654376,4.0,1,False,False,False,False,False,False,2016.0,2023.0,control_weighted_pseudocohort,5.0,1,1,1,1,1,1,0,1,1.0,1.0,11.0,3.0,9.0,366.0,38.3343287147635,16032.06,78271.45999999999,1.1444907108853446,5.601213566628143,5.53242,4.0,,2.0,2.0,3.0,56.833,1.0,0.0,0.0,1.0,7445.75,0.0,1.0,N,30.0,0.0,11.0,0.0,For profit - Corporation,44.0,40.0,CASCADES NURSING LLC,SENIOR LIVING COMMUNITIES,470.0,LINVILLE COURT AT THE CASCADES VERDAE,SC,,,,2024-11-01,1,1,1,1,1,1,1,1
gold_main_v2,control,control_v2,425392,Linville Court At The Cascades Verdae,SC,2025,0,,,,,,,,,,,0.0,4.0,51.000541474654376,4.0,1,False,True,False,False,False,True,2016.0,2023.0,control_weighted_pseudocohort,5.0,1,1,1,1,1,1,0,1,1.0,1.0,11.0,3.0,9.0,273.0,37.45513616817965,11490.96,61880.03,1.128367975646935,6.086883331746697,6.50453,4.0,,3.0,3.0,4.0,24.750,3.0,0.0,,1.0,7446.0,0.0,1.0,N,34.666666666666664,0.0,17.666666666666668,0.0,For profit - Limited Liability company,44.0,35.4,CASCADES NURSING LLC,SENIOR LIVING COMMUNITIES,470.0,Linville Court At The Cascades Verdae,SC,,,,2025-11-01,1,1,1,1,1,1,1,1
gold_main_v2,control,control_v2,425392,Linville Court At The Cascades Verdae,SC,2026,0,,,,,,,,,,,0.0,4.0,51.000541474654376,4.0,1,False,True,False,False,False,True,2016.0,2023.0,control_weighted_pseudocohort,5.0,1,0,0,1,1,1,0,1,1.0,1.0,11.0,3.0,9.0,,,,,,,5.78372,5.0,,3.0,4.0,4.0,24.750,,,,1.0,7446.0,0.0,1.0,N,,,,,For profit - Limited Liability company,44.0,39.3,CASCADES NURSING LLC,SENIOR LIVING COMMUNITIES,470.0,Linville Court At The Cascades Verdae,SC,,,,2026-03-01,0,1,1,0,0,1,1,0
gold_main_v2,control,control_v2,425412,"WELLMORE OF LEXINGTON, LLC",SC,2018,0,,,,,,,,,,,0.0,2.0,32.385000000000005,2.0,1,,,,,,,2019.0,2023.0,control_weighted_pseudocohort,4.0,1,0,1,1,1,0,0,0,1.0,1.0,9.0,3.0,8.0,184.0,39.744565217391305,7673.0,38799.79,1.097653596067507,5.465719183747261,,,,,,,.,0.0,0.0,,0.0,0.0,0.0,0.0,N,,,,,For profit - Individual,60.0,14.3,WELLMORE OF LEXINGTON LLC,,,"WELLMORE OF LEXINGTON, LLC",,,,,2018-12-01,1,0,0,0,1,0,0,0
gold_main_v2,control,control_v2,425412,"WELLMORE OF LEXINGTON, LLC",SC,2019,0,,,,,,,,,,,0.0,2.0,32.385000000000005,2.0,1,,,,,,,2019.0,2023.0,control_weighted_pseudocohort,4.0,1,0,1,1,1,0,0,0,1.0,1.0,9.0,3.0,8.0,365.0,43.4001287359983,10724.75,85003.0,0.6801278003766473,5.388616060501615,5.78061,,3.0,,,,26.400,0.0,0.0,,0.0,0.0,0.0,0.0,N,,,,,For profit - Corporation,60.0,41.7,WELLMORE OF LEXINGTON LLC,,,"WELLMORE OF LEXINGTON, LLC",,,,,2019-11-01,1,1,0,0,1,1,0,0
gold_main_v2,control,control_v2,425412,"WELLMORE OF LEXINGTON, LLC",SC,2020,0,,,,,,,,,,,0.0,2.0,32.385000000000005,2.0,1,,,,,,,2019.0,2023.0,control_weighted_pseudocohort,4.0,1,0,1,1,1,0,0,0,1.0,1.0,9.0,3.0,8.0,366.0,41.379747969421885,13096.78,76589.07,0.8818600306217407,5.096843576442843,5.19386,4.0,4.0,4.0,4.0,3.0,26.400,0.0,0.0,,0.0,0.0,0.0,0.0,N,,,,,For profit - Corporation,60.0,43.0,WELLMORE OF LEXINGTON LLC,,,"WELLMORE OF LEXINGTON, LLC",,,,,2020-11-01,1,1,1,0,1,1,1,0
gold_main_v2,control,control_v2,425412,"WELLMORE OF LEXINGTON, LLC",SC,2021,0,,,,,,,,,,,0.0,2.0,32.385000000000005,2.0,1,,,,,,,2019.0,2023.0,control_weighted_pseudocohort,4.0,1,0,1,1,1,0,0,0,1.0,1.0,9.0,3.0,8.0,365.0,41.5384469395339,10634.93,78057.84,0.705685586678477,5.173286588356039,5.30466,4.0,4.0,4.0,4.0,2.0,17.333,1.0,0.0,0.0,6.0,8812.53,0.0,6.0,N,,,,,For profit - Corporation,60.0,41.6,WELLMORE OF LEXINGTON LLC,,,"WELLMORE OF LEXINGTON, LLC",,,,,2021-11-01,1,1,1,0,1,1,1,0
gold_main_v2,control,control_v2,425412,"WELLMORE OF LEXINGTON, LLC",SC,2022,0,,,,,,,,,,,0.0,2.0,32.385000000000005,2.0,1,False,False,False,False,False,False,2019.0,2023.0,control_weighted_pseudocohort,4.0,1,0,1,1,1,1,0,1,1.0,1.0,9.0,3.0,8.0,365.0,43.129410203323246,11769.43,83532.20999999999,0.7524257232759669,5.33142509603305,5.50193,4.0,,2.0,2.0,4.0,39.333,1.0,0.0,0.0,6.0,8812.53,0.0,6.0,N,,,,,For profit - Corporation,60.0,40.9,WELLMORE OF LEXINGTON LLC,,,"WELLMORE OF LEXINGTON, LLC",,,,,2022-11-01,1,1,1,0,1,1,1,0
gold_main_v2,control,control_v2,425412,"WELLMORE OF LEXINGTON, LLC",SC,2023,0,,,,,,,,,,,0.0,2.0,32.385000000000005,2.0,1,False,False,False,False,False,False,2019.0,2023.0,control_weighted_pseudocohort,4.0,1,1,1,1,1,1,0,1,1.0,1.0,9.0,3.0,8.0,365.0,46.11634482667091,13178.69,82228.84,0.7837225615996024,4.894383627206425,4.86086,4.0,,2.0,2.0,2.0,38.000,1.0,0.0,0.0,4.0,7187.53,0.0,4.0,N,43.0,0.0,14.0,0.0,For profit - Corporation,60.0,44.7,WELLMORE OF LEXINGTON LLC,,,"WELLMORE OF LEXINGTON, LLC",SC,,,,2023-11-01,1,1,1,1,1,1,1,1
gold_main_v2,control,control_v2,425412,RETREAT AT WELLMORE OF LEXINGTON,SC,2024,0,,,,,,,,,,,0.0,2.0,32.385000000000005,2.0,1,False,False,False,False,False,False,2019.0,2023.0,control_weighted_pseudocohort,4.0,1,1,1,1,1,1,0,1,1.0,1.0,9.0,3.0,8.0,366.0,47.14303631151457,12436.73,82281.44,0.7240100942142367,4.78761842346896,4.68753,4.0,,3.0,2.0,1.0,35.333,0.0,0.0,,0.0,0.0,0.0,0.0,N,49.0,0.0,14.0,0.0,For profit - Limited Liability company,60.0,47.2,WELLMORE OF LEXINGTON LLC,,,RETREAT AT WELLMORE OF LEXINGTON,SC,,,,2024-11-01,1,1,1,1,1,1,1,1
gold_main_v2,control,control_v2,425412,Retreat at Wellmore of Lexington,SC,2025,0,,,,,,,,,,,0.0,2.0,32.385000000000005,2.0,1,False,True,False,False,False,True,2019.0,2023.0,control_weighted_pseudocohort,4.0,1,1,1,1,1,1,0,1,1.0,1.0,9.0,3.0,8.0,273.0,47.345857443683535,11010.24,58974.42,0.8580353707509335,4.592165852587602,4.51457,4.0,,4.0,4.0,2.0,22.000,1.0,0.0,,1.0,16153.0,0.0,1.0,N,51.0,0.0,22.0,0.0,For profit - Limited Liability company,60.0,47.9,WELLMORE OF LEXINGTON LLC,,,Retreat at Wellmore of Lexington,SC,,,,2025-11-01,1,1,1,1,1,1,1,1
gold_main_v2,control,control_v2,425412,Retreat at Wellmore of Lexington,SC,2026,0,,,,,,,,,,,0.0,2.0,32.385000000000005,2.0,1,False,True,False,False,False,True,2019.0,2023.0,control_weighted_pseudocohort,4.0,1,0,0,1,1,1,0,1,1.0,1.0,9.0,3.0,8.0,,,,,,,4.44473,4.0,,4.0,4.0,2.0,22.000,,,,1.0,16153.0,0.0,1.0,N,,,,,For profit - Limited Liability company,60.0,47.9,WELLMORE OF LEXINGTON LLC,,,Retreat at Wellmore of Lexington,SC,,,,2026-03-01,0,1,1,0,0,1,1,0
gold_main_v2,control,control_v2,445004,"NHC HEALTHCARE, DICKSON",TN,2016,0,,,,,,,,,,,54.848099078341015,4.0,17.478267281105992,4.0,1,,,,,,,2016.0,2023.0,control_weighted_pseudocohort,5.0,1,0,0,1,1,0,0,0,1.0,1.0,11.0,3.0,9.0,,,,,,,4.3651,3.0,3.0,3.0,3.0,3.0,29.333,0.0,1.0,,0.0,0.0,0.0,0.0,N,,,,,For profit - Corporation,191.0,182.0,NHC HEALTHCARE-DICKSON LLC,,,"NHC HEALTHCARE, DICKSON",,,,,,0,1,1,0,0,1,1,0
gold_main_v2,control,control_v2,445004,"NHC HEALTHCARE, DICKSON",TN,2017,0,,,,,,,,,,,54.848099078341015,4.0,17.478267281105992,4.0,1,,,,,,,2016.0,2023.0,control_weighted_pseudocohort,5.0,1,0,1,1,1,0,0,0,1.0,1.0,11.0,3.0,9.0,365.0,179.19090420449115,23903.0,255001.25,0.3655881009695051,3.8992540928497177,4.34415,3.0,3.0,4.0,4.0,4.0,6.000,0.0,0.0,,1.0,10530.0,0.0,1.0,N,,,,,For profit - Corporation,191.0,171.0,NHC HEALTHCARE-DICKSON LLC,,,"NHC HEALTHCARE, DICKSON",,,,,2017-12-01,1,1,1,0,1,1,1,0
gold_main_v2,control,control_v2,445004,"NHC HEALTHCARE, DICKSON",TN,2018,0,,,,,,,,,,,54.848099078341015,4.0,17.478267281105992,4.0,1,,,,,,,2016.0,2023.0,control_weighted_pseudocohort,5.0,1,0,1,1,1,0,0,0,1.0,1.0,11.0,3.0,9.0,365.0,173.26371834687052,19382.25,247742.75,0.3075011255258562,3.921943583410736,3.86785,,1.0,,,,3.200,0.0,0.0,,1.0,10530.0,0.0,1.0,N,,,,,For profit - Corporation,191.0,175.6,NHC HEALTHCARE-DICKSON LLC,,,"NHC HEALTHCARE, DICKSON",,,,,2018-12-01,1,1,0,0,1,1,0,0
gold_main_v2,control,control_v2,445004,"NHC HEALTHCARE, DICKSON",TN,2019,0,,,,,,,,,,,54.848099078341015,4.0,17.478267281105992,4.0,1,,,,,,,2016.0,2023.0,control_weighted_pseudocohort,5.0,1,0,1,1,1,0,0,0,1.0,1.0,11.0,3.0,9.0,365.0,176.56417157721506,26429.5,248737.75,0.4098526203862325,3.8597980669732337,3.79796,,2.0,,,,2.000,1.0,0.0,,0.0,0.0,0.0,0.0,N,,,,,For profit - Corporation,191.0,175.6,NHC HEALTHCARE-DICKSON LLC,,,"NHC HEALTHCARE, DICKSON",,,,,2019-11-01,1,1,0,0,1,1,0,0
gold_main_v2,control,control_v2,445004,"NHC HEALTHCARE, DICKSON",TN,2020,0,,,,,,,,,,,54.848099078341015,4.0,17.478267281105992,4.0,1,,,,,,,2016.0,2023.0,control_weighted_pseudocohort,5.0,1,0,1,1,1,0,0,0,1.0,1.0,11.0,3.0,9.0,366.0,168.422419971333,30750.0,265181.52,0.5011339842292339,4.31542340786999,4.2795,3.0,3.0,5.0,5.0,5.0,2.000,1.0,0.0,,0.0,0.0,0.0,0.0,N,,,,,For profit - Corporation,191.0,167.2,NHC HEALTHCARE-DICKSON LLC,,,"NHC HEALTHCARE, DICKSON",,,,,2020-11-01,1,1,1,0,1,1,1,0
gold_main_v2,control,control_v2,445004,"NHC HEALTHCARE, DICKSON",TN,2021,0,,,,,,,,,,,54.848099078341015,4.0,17.478267281105992,4.0,1,,,,,,,2016.0,2023.0,control_weighted_pseudocohort,5.0,1,0,1,1,1,0,0,0,1.0,1.0,11.0,3.0,9.0,365.0,169.73499031162075,29564.92,254025.23,0.478058524548353,4.103529202689424,4.02064,3.0,3.0,5.0,5.0,5.0,2.000,1.0,0.0,0.0,0.0,0.0,0.0,0.0,N,,,,,For profit - Corporation,191.0,171.1,NHC HEALTHCARE-DICKSON LLC,,,"NHC HEALTHCARE, DICKSON",,,,,2021-11-01,1,1,1,0,1,1,1,0
gold_main_v2,control,control_v2,445004,"NHC HEALTHCARE, DICKSON",TN,2022,0,,,,,,,,,,,54.848099078341015,4.0,17.478267281105992,4.0,1,False,False,False,False,False,False,2016.0,2023.0,control_weighted_pseudocohort,5.0,1,0,1,1,1,1,0,1,1.0,1.0,11.0,3.0,9.0,365.0,175.511621409991,31359.03,254190.92,0.489586088109281,3.969581392476236,3.93145,3.0,,4.0,5.0,5.0,13.333,0.0,0.0,0.0,0.0,0.0,0.0,0.0,N,,,,,For profit - Corporation,191.0,176.1,NHC HEALTHCARE-DICKSON LLC,,,"NHC HEALTHCARE, DICKSON",,,,,2022-11-01,1,1,1,0,1,1,1,0
gold_main_v2,control,control_v2,445004,"NHC HEALTHCARE, DICKSON",TN,2023,0,,,,,,,,,,,54.848099078341015,4.0,17.478267281105992,4.0,1,False,False,False,False,False,False,2016.0,2023.0,control_weighted_pseudocohort,5.0,1,1,1,1,1,1,0,1,1.0,1.0,11.0,3.0,9.0,365.0,175.75527950310558,39484.75,249185.49,0.6153248718992923,3.884899124011788,3.82476,4.0,,4.0,4.0,4.0,13.333,0.0,0.0,0.0,0.0,0.0,0.0,0.0,N,174.0,105.0,16.0,0.603448275862069,For profit - Corporation,191.0,178.1,NHC HEALTHCARE-DICKSON LLC,NATIONAL HEALTHCARE CORPORATION,364.0,"NHC HEALTHCARE, DICKSON",TN,,,,2023-11-01,1,1,1,1,1,1,1,1
gold_main_v2,control,control_v2,445004,"NHC HEALTHCARE, DICKSON",TN,2024,0,,,,,,,,,,,54.848099078341015,4.0,17.478267281105992,4.0,1,False,False,False,False,False,False,2016.0,2023.0,control_weighted_pseudocohort,5.0,1,1,1,1,1,1,0,1,1.0,1.0,11.0,3.0,9.0,366.0,175.13485427615862,40872.5,251341.08,0.6376086254997626,3.923149730547024,3.9172,4.0,,4.0,5.0,5.0,13.333,0.0,0.0,,0.0,0.0,0.0,0.0,N,174.0,105.0,16.0,0.603448275862069,For profit - Corporation,191.0,175.6,NHC HEALTHCARE-DICKSON LLC,NATIONAL HEALTHCARE CORPORATION,364.0,"NHC HEALTHCARE, DICKSON",TN,,,,2024-11-01,1,1,1,1,1,1,1,1
gold_main_v2,control,control_v2,445004,"NHC HEALTHCARE, DICKSON",TN,2025,0,,,,,,,,,,,54.848099078341015,4.0,17.478267281105992,4.0,1,False,True,False,True,True,False,2016.0,2023.0,control_weighted_pseudocohort,5.0,1,1,1,1,1,1,0,1,1.0,1.0,11.0,3.0,9.0,273.0,179.6316513599122,31447.0,188456.91,0.6412736915316082,3.843399025875293,3.86472,3.0,,4.0,5.0,5.0,19.000,0.0,0.0,,0.0,0.0,0.0,0.0,N,174.0,105.0,16.0,0.603448275862069,For profit - Corporation,191.0,180.8,NHC HEALTHCARE-DICKSON LLC,NATIONAL HEALTHCARE CORPORATION,364.0,"NHC HEALTHCARE, DICKSON",TN,,,,2025-11-01,1,1,1,1,1,1,1,1
gold_main_v2,control,control_v2,445004,"NHC HEALTHCARE, DICKSON",TN,2026,0,,,,,,,,,,,54.848099078341015,4.0,17.478267281105992,4.0,1,False,True,False,True,True,False,2016.0,2023.0,control_weighted_pseudocohort,5.0,1,0,0,1,1,1,0,1,1.0,1.0,11.0,3.0,9.0,,,,,,,3.82093,4.0,,4.0,5.0,5.0,19.000,,,,0.0,0.0,0.0,0.0,N,,,,,For profit - Corporation,191.0,179.3,NHC HEALTHCARE-DICKSON LLC,NATIONAL HEALTHCARE CORPORATION,364.0,"NHC HEALTHCARE, DICKSON",TN,,,,2026-03-01,0,1,1,0,0,1,1,0
gold_main_v2,control,control_v2,445013,"NHC HEALTHCARE, CHATTANOOGA",TN,2016,0,,,,,,,,,,,67.78862672811059,4.0,9.055087557603688,4.0,0,,,,,,,2016.0,2023.0,control_weighted_pseudocohort,5.0,1,0,0,1,1,0,0,0,1.0,1.0,11.0,3.0,9.0,,,,,,,3.85636,3.0,3.0,4.0,4.0,3.0,18.667,0.0,0.0,,0.0,0.0,0.0,0.0,N,,,,,For profit - Corporation,200.0,173.0,NHC HEALTHCARE-CHATTANOOGA LLC,,,"NHC HEALTHCARE, CHATTANOOGA",,,,,,0,1,1,0,0,1,1,0
gold_main_v2,control,control_v2,445013,"NHC HEALTHCARE, CHATTANOOGA",TN,2017,0,,,,,,,,,,,67.78862672811059,4.0,9.055087557603688,4.0,0,,,,,,,2016.0,2023.0,control_weighted_pseudocohort,5.0,1,0,1,1,1,0,0,0,1.0,1.0,11.0,3.0,9.0,365.0,180.39300180495832,21366.25,238665.25,0.3242496852517083,3.626951089803532,3.76279,2.0,2.0,4.0,4.0,4.0,14.000,1.0,2.0,,0.0,0.0,0.0,0.0,N,,,,,For profit - Corporation,200.0,172.0,NHC HEALTHCARE-CHATTANOOGA LLC,,,"NHC HEALTHCARE, CHATTANOOGA",,,,,2017-12-01,1,1,1,0,1,1,1,0
gold_main_v2,control,control_v2,445013,"NHC HEALTHCARE, CHATTANOOGA",TN,2018,0,,,,,,,,,,,67.78862672811059,4.0,9.055087557603688,4.0,0,,,,,,,2016.0,2023.0,control_weighted_pseudocohort,5.0,1,0,1,1,1,0,0,0,1.0,1.0,11.0,3.0,9.0,365.0,173.09477026596593,27404.5,239107.75,0.4338654441921056,3.786068606381363,3.75443,,3.0,,,,16.000,1.0,2.0,,0.0,0.0,0.0,0.0,N,,,,,For profit - Corporation,200.0,174.2,NHC HEALTHCARE-CHATTANOOGA LLC,,,"NHC HEALTHCARE, CHATTANOOGA",,,,,2018-12-01,1,1,0,0,1,1,0,0
gold_main_v2,control,control_v2,445013,"NHC HEALTHCARE, CHATTANOOGA",TN,2019,0,,,,,,,,,,,67.78862672811059,4.0,9.055087557603688,4.0,0,,,,,,,2016.0,2023.0,control_weighted_pseudocohort,5.0,1,0,1,1,1,0,0,0,1.0,1.0,11.0,3.0,9.0,365.0,179.59546504220418,21360.75,251472.75,0.3257510609392121,3.83798782297034,3.85111,,2.0,,,,4.000,0.0,0.0,,0.0,0.0,0.0,0.0,N,,,,,For profit - Corporation,200.0,181.2,NHC HEALTHCARE-CHATTANOOGA LLC,,,"NHC HEALTHCARE, CHATTANOOGA",,,,,2019-11-01,1,1,0,0,1,1,0,0
gold_main_v2,control,control_v2,445013,"NHC HEALTHCARE, CHATTANOOGA",TN,2020,0,,,,,,,,,,,67.78862672811059,4.0,9.055087557603688,4.0,0,,,,,,,2016.0,2023.0,control_weighted_pseudocohort,5.0,1,0,1,1,1,0,0,0,1.0,1.0,11.0,3.0,9.0,366.0,171.9595676063067,17841.15,242419.68,0.286110903905678,3.860877251816069,3.83818,2.0,2.0,4.0,4.0,3.0,6.000,0.0,1.0,,0.0,0.0,0.0,0.0,N,,,,,For profit - Corporation,200.0,166.1,NHC HEALTHCARE-CHATTANOOGA LLC,,,"NHC HEALTHCARE, CHATTANOOGA",,,,,2020-11-01,1,1,1,0,1,1,1,0
gold_main_v2,control,control_v2,445013,"NHC HEALTHCARE, CHATTANOOGA",TN,2021,0,,,,,,,,,,,67.78862672811059,4.0,9.055087557603688,4.0,0,,,,,,,2016.0,2023.0,control_weighted_pseudocohort,5.0,1,0,1,1,1,0,0,0,1.0,1.0,11.0,3.0,9.0,365.0,163.6399652280087,18438.25,223696.91,0.3083368508254314,3.747681148716135,3.79144,2.0,1.0,4.0,4.0,3.0,5.333,0.0,1.0,0.0,0.0,0.0,0.0,0.0,N,,,,,For profit - Corporation,200.0,160.4,NHC HEALTHCARE-CHATTANOOGA LLC,,,"NHC HEALTHCARE, CHATTANOOGA",,,,,2021-11-01,1,1,1,0,1,1,1,0
gold_main_v2,control,control_v2,445013,"NHC HEALTHCARE, CHATTANOOGA",TN,2022,0,,,,,,,,,,,67.78862672811059,4.0,9.055087557603688,4.0,0,False,False,False,False,False,False,2016.0,2023.0,control_weighted_pseudocohort,5.0,1,0,1,1,1,1,0,1,1.0,1.0,11.0,3.0,9.0,365.0,176.9232905982906,23459.15,238030.63,0.3625624514145524,3.691663756610205,3.74656,3.0,,2.0,3.0,5.0,24.667,0.0,1.0,0.0,0.0,0.0,0.0,0.0,N,,,,,For profit - Corporation,200.0,175.6,NHC HEALTHCARE-CHATTANOOGA LLC,,,"NHC HEALTHCARE, CHATTANOOGA",,,,,2022-11-01,1,1,1,0,1,1,1,0
gold_main_v2,control,control_v2,445013,"NHC HEALTHCARE, CHATTANOOGA",TN,2023,0,,,,,,,,,,,67.78862672811059,4.0,9.055087557603688,4.0,0,False,False,False,False,False,False,2016.0,2023.0,control_weighted_pseudocohort,5.0,1,1,1,1,1,1,0,1,1.0,1.0,11.0,3.0,9.0,365.0,180.1304215108563,31257.75,234094.0,0.4751480608321756,3.5613494639731056,3.49523,2.0,,3.0,3.0,3.0,24.000,0.0,0.0,0.0,0.0,0.0,0.0,0.0,N,174.0,114.0,15.0,0.6551724137931034,For profit - Corporation,200.0,181.4,NHC HEALTHCARE-CHATTANOOGA LLC,NATIONAL HEALTHCARE CORPORATION,364.0,"NHC HEALTHCARE, CHATTANOOGA",TN,,,,2023-11-01,1,1,1,1,1,1,1,1
gold_main_v2,control,control_v2,445013,"NHC HEALTHCARE, CHATTANOOGA",TN,2024,0,,,,,,,,,,,67.78862672811059,4.0,9.055087557603688,4.0,0,False,False,False,False,False,False,2016.0,2023.0,control_weighted_pseudocohort,5.0,1,1,1,1,1,1,0,1,1.0,1.0,11.0,3.0,9.0,366.0,177.53637123745818,33010.69,235127.11,0.5075517271606081,3.620861961549777,3.48063,2.0,,3.0,3.0,2.0,24.000,0.0,1.0,0.0,0.0,0.0,0.0,0.0,N,174.5,121.5,12.75,0.6959247648902821,For profit - Corporation,200.0,182.0,NHC HEALTHCARE-CHATTANOOGA LLC,NATIONAL HEALTHCARE CORPORATION,364.0,"NHC HEALTHCARE, CHATTANOOGA",TN,,,,2024-11-01,1,1,1,1,1,1,1,1
gold_main_v2,control,control_v2,445013,"NHC HEALTHCARE, CHATTANOOGA",TN,2025,0,,,,,,,,,,,67.78862672811059,4.0,9.055087557603688,4.0,0,False,True,False,True,False,False,2016.0,2023.0,control_weighted_pseudocohort,5.0,1,1,1,1,1,1,0,1,1.0,1.0,11.0,3.0,9.0,273.0,179.07760524499653,18698.5,173954.0,0.3819699555558704,3.5606271183552156,3.49315,2.0,,3.0,4.0,5.0,23.000,0.0,1.0,,0.0,0.0,0.0,0.0,N,176.0,144.0,6.0,0.8181818181818182,For profit - Corporation,200.0,181.3,NHC HEALTHCARE-CHATTANOOGA LLC,NATIONAL HEALTHCARE CORPORATION,364.0,"NHC HEALTHCARE, CHATTANOOGA",TN,,,,2025-11-01,1,1,1,1,1,1,1,1
gold_main_v2,control,control_v2,445013,"NHC HEALTHCARE, CHATTANOOGA",TN,2026,0,,,,,,,,,,,67.78862672811059,4.0,9.055087557603688,4.0,0,False,True,False,True,False,False,2016.0,2023.0,control_weighted_pseudocohort,5.0,1,0,0,1,1,1,0,1,1.0,1.0,11.0,3.0,9.0,,,,,,,3.51883,2.0,,3.0,4.0,5.0,23.000,,,,0.0,0.0,0.0,0.0,N,,,,,For profit - Corporation,200.0,181.9,NHC HEALTHCARE-CHATTANOOGA LLC,NATIONAL HEALTHCARE CORPORATION,364.0,"NHC HEALTHCARE, CHATTANOOGA",TN,,,,2026-03-01,0,1,1,0,0,1,1,0
gold_main_v2,control,control_v2,445024,"NHC HEALTHCARE, JOHNSON CITY",TN,2016,0,,,,,,,,,,,49.96646313364055,4.0,12.695341013824883,4.0,0,,,,,,,2016.0,2023.0,control_weighted_pseudocohort,5.0,1,0,0,1,1,0,0,0,1.0,1.0,11.0,3.0,9.0,,,,,,,4.03986,3.0,2.0,4.0,5.0,5.0,16.667,0.0,0.0,,0.0,0.0,0.0,0.0,N,,,,,For profit - Corporation,160.0,143.0,NHC HEALTHCARE-JOHNSON CITY LLC,,,"NHC HEALTHCARE, JOHNSON CITY",,,,,,0,1,1,0,0,1,1,0
gold_main_v2,control,control_v2,445024,"NHC HEALTHCARE, JOHNSON CITY",TN,2017,0,,,,,,,,,,,49.96646313364055,4.0,12.695341013824883,4.0,0,,,,,,,2016.0,2023.0,control_weighted_pseudocohort,5.0,1,0,1,1,1,0,0,0,1.0,1.0,11.0,3.0,9.0,365.0,146.08192785475393,28223.0,193590.0,0.5291635200326076,3.632225104610435,3.79757,2.0,2.0,4.0,5.0,5.0,8.000,0.0,0.0,,0.0,0.0,0.0,0.0,N,,,,,For profit - Corporation,160.0,144.0,NHC HEALTHCARE-JOHNSON CITY LLC,,,"NHC HEALTHCARE, JOHNSON CITY",,,,,2017-12-01,1,1,1,0,1,1,1,0
gold_main_v2,control,control_v2,445024,"NHC HEALTHCARE, JOHNSON CITY",TN,2018,0,,,,,,,,,,,49.96646313364055,4.0,12.695341013824883,4.0,0,,,,,,,2016.0,2023.0,control_weighted_pseudocohort,5.0,1,0,1,1,1,0,0,0,1.0,1.0,11.0,3.0,9.0,365.0,148.10301866008388,28791.75,194381.75,0.5325654957250099,3.596823469275243,3.61114,,3.0,,,,6.400,1.0,0.0,,0.0,0.0,0.0,0.0,N,,,,,For profit - Corporation,160.0,148.0,NHC HEALTHCARE-JOHNSON CITY LLC,,,"NHC HEALTHCARE, JOHNSON CITY",,,,,2018-12-01,1,1,0,0,1,1,0,0
gold_main_v2,control,control_v2,445024,"NHC HEALTHCARE, JOHNSON CITY",TN,2019,0,,,,,,,,,,,49.96646313364055,4.0,12.695341013824883,4.0,0,,,,,,,2016.0,2023.0,control_weighted_pseudocohort,5.0,1,0,1,1,1,0,0,0,1.0,1.0,11.0,3.0,9.0,365.0,147.80158995593777,28475.75,193109.5,0.5276873351343743,3.5808821290081716,3.64772,,3.0,,,,4.000,1.0,0.0,,0.0,0.0,0.0,0.0,N,,,,,For profit - Corporation,160.0,146.3,NHC HEALTHCARE-JOHNSON CITY LLC,,,"NHC HEALTHCARE, JOHNSON CITY",,,,,2019-11-01,1,1,0,0,1,1,0,0
gold_main_v2,control,control_v2,445024,"NHC HEALTHCARE, JOHNSON CITY",TN,2020,0,,,,,,,,,,,49.96646313364055,4.0,12.695341013824883,4.0,0,,,,,,,2016.0,2023.0,control_weighted_pseudocohort,5.0,1,0,1,1,1,0,0,0,1.0,1.0,11.0,3.0,9.0,366.0,143.24116101290014,32045.0,199690.0,0.6172366672021792,3.833648658085002,3.74085,3.0,3.0,5.0,5.0,5.0,4.000,1.0,0.0,,0.0,0.0,0.0,0.0,N,,,,,For profit - Corporation,167.0,149.5,NHC HEALTHCARE-JOHNSON CITY LLC,,,"NHC HEALTHCARE, JOHNSON CITY",,,,,2020-11-01,1,1,1,0,1,1,1,0
gold_main_v2,control,control_v2,445024,"NHC HEALTHCARE, JOHNSON CITY",TN,2021,0,,,,,,,,,,,49.96646313364055,4.0,12.695341013824883,4.0,0,,,,,,,2016.0,2023.0,control_weighted_pseudocohort,5.0,1,0,1,1,1,0,0,0,1.0,1.0,11.0,3.0,9.0,365.0,143.10931743377395,33047.32,200585.94,0.63250442543656,3.8455479234675223,3.8016,3.0,3.0,5.0,5.0,5.0,4.000,0.0,0.0,0.0,0.0,0.0,0.0,0.0,N,,,,,For profit - Corporation,167.0,149.4,NHC HEALTHCARE-JOHNSON CITY LLC,,,"NHC HEALTHCARE, JOHNSON CITY",,,,,2021-11-01,1,1,1,0,1,1,1,0
gold_main_v2,control,control_v2,445024,"NHC HEALTHCARE, JOHNSON CITY",TN,2022,0,,,,,,,,,,,49.96646313364055,4.0,12.695341013824883,4.0,0,False,False,False,False,False,False,2016.0,2023.0,control_weighted_pseudocohort,5.0,1,0,1,1,1,1,0,1,1.0,1.0,11.0,3.0,9.0,365.0,143.18834872856613,31309.45,198226.89,0.6000798981575737,3.795144665503824,3.82435,3.0,,5.0,5.0,5.0,3.333,0.0,0.0,0.0,0.0,0.0,0.0,0.0,N,,,,,For profit - Corporation,167.0,140.9,NHC HEALTHCARE-JOHNSON CITY LLC,,,"NHC HEALTHCARE, JOHNSON CITY",,,,,2022-11-01,1,1,1,0,1,1,1,0
gold_main_v2,control,control_v2,445024,"NHC HEALTHCARE, JOHNSON CITY",TN,2023,0,,,,,,,,,,,49.96646313364055,4.0,12.695341013824883,4.0,0,False,False,False,False,False,False,2016.0,2023.0,control_weighted_pseudocohort,5.0,1,1,1,1,1,1,0,1,1.0,1.0,11.0,3.0,9.0,365.0,153.62169931517758,29982.25,204242.17,0.5347414200369472,3.6433285410150207,3.61783,3.0,,5.0,5.0,5.0,3.333,0.0,0.0,0.0,0.0,0.0,0.0,0.0,N,135.0,85.0,15.0,0.6296296296296297,For profit - Corporation,167.0,153.3,NHC HEALTHCARE-JOHNSON CITY LLC,NATIONAL HEALTHCARE CORPORATION,364.0,"NHC HEALTHCARE, JOHNSON CITY",TN,,,,2023-11-01,1,1,1,1,1,1,1,1
gold_main_v2,control,control_v2,445024,"NHC HEALTHCARE, JOHNSON CITY",TN,2024,0,,,,,,,,,,,49.96646313364055,4.0,12.695341013824883,4.0,0,False,False,False,False,False,False,2016.0,2023.0,control_weighted_pseudocohort,5.0,1,1,1,1,1,1,0,1,1.0,1.0,11.0,3.0,9.0,366.0,155.4732740086001,30296.5,213243.5,0.5320886218034131,3.746952792637711,3.71669,3.0,,5.0,5.0,5.0,3.333,1.0,0.0,,0.0,0.0,0.0,0.0,N,135.0,85.0,15.0,0.6296296296296297,For profit - Corporation,167.0,156.1,NHC HEALTHCARE-JOHNSON CITY LLC,NATIONAL HEALTHCARE CORPORATION,364.0,"NHC HEALTHCARE, JOHNSON CITY",TN,,,,2024-11-01,1,1,1,1,1,1,1,1
gold_main_v2,control,control_v2,445024,"NHC HEALTHCARE, JOHNSON CITY",TN,2025,0,,,,,,,,,,,49.96646313364055,4.0,12.695341013824883,4.0,0,False,True,False,True,False,False,2016.0,2023.0,control_weighted_pseudocohort,5.0,1,1,1,1,1,1,0,1,1.0,1.0,11.0,3.0,9.0,273.0,155.15112898373766,18956.75,161019.5,0.4470776321242417,3.800204298661011,3.8205,2.0,,5.0,5.0,5.0,3.000,1.0,0.0,,0.0,0.0,0.0,0.0,N,135.0,85.0,15.0,0.6296296296296297,For profit - Corporation,167.0,157.0,NHC HEALTHCARE-JOHNSON CITY LLC,NATIONAL HEALTHCARE CORPORATION,364.0,"NHC HEALTHCARE, JOHNSON CITY",TN,,,,2025-11-01,1,1,1,1,1,1,1,1
gold_main_v2,control,control_v2,445024,"NHC HEALTHCARE, JOHNSON CITY",TN,2026,0,,,,,,,,,,,49.96646313364055,4.0,12.695341013824883,4.0,0,False,True,False,True,False,False,2016.0,2023.0,control_weighted_pseudocohort,5.0,1,0,0,1,1,1,0,1,1.0,1.0,11.0,3.0,9.0,,,,,,,3.8303,3.0,,5.0,5.0,5.0,3.000,,,,0.0,0.0,0.0,0.0,N,,,,,For profit - Corporation,167.0,154.6,NHC HEALTHCARE-JOHNSON CITY LLC,NATIONAL HEALTHCARE CORPORATION,364.0,"NHC HEALTHCARE, JOHNSON CITY",TN,,,,2026-03-01,0,1,1,0,0,1,1,0
gold_main_v2,control,control_v2,445069,"NHC HEALTHCARE, MILAN",TN,2016,0,,,,,,,,,,,65.5088064516129,4.0,15.446158986175115,4.0,0,,,,,,,2016.0,2023.0,control_weighted_pseudocohort,5.0,1,0,0,1,1,0,0,0,1.0,1.0,11.0,3.0,9.0,,,,,,,3.67872,3.0,3.0,5.0,5.0,3.0,5.333,0.0,0.0,,0.0,0.0,0.0,0.0,N,,,,,For profit - Partnership,117.0,101.0,NHC HEALTHCARE-MILAN LLC,,,"NHC HEALTHCARE, MILAN",,,,,,0,1,1,0,0,1,1,0
gold_main_v2,control,control_v2,445069,"NHC HEALTHCARE, MILAN",TN,2017,0,,,,,,,,,,,65.5088064516129,4.0,15.446158986175115,4.0,0,,,,,,,2016.0,2023.0,control_weighted_pseudocohort,5.0,1,0,1,1,1,0,0,0,1.0,1.0,11.0,3.0,9.0,365.0,107.35067221425916,26729.5,144817.75,0.6835355144462315,3.6975870728128575,4.52216,4.0,5.0,4.0,4.0,2.0,11.333,0.0,0.0,,0.0,0.0,0.0,0.0,N,,,,,For profit - Corporation,117.0,88.0,NHC HEALTHCARE-MILAN LLC,,,"NHC HEALTHCARE, MILAN",,,,,2017-12-01,1,1,1,0,1,1,1,0
gold_main_v2,control,control_v2,445069,"NHC HEALTHCARE, MILAN",TN,2018,0,,,,,,,,,,,65.5088064516129,4.0,15.446158986175115,4.0,0,,,,,,,2016.0,2023.0,control_weighted_pseudocohort,5.0,1,0,1,1,1,0,0,0,1.0,1.0,11.0,3.0,9.0,365.0,102.990046849286,26069.25,142347.0,0.6953120942525299,3.794025025483308,3.81105,,4.0,,,,12.000,0.0,0.0,,0.0,0.0,0.0,0.0,N,,,,,For profit - Corporation,117.0,106.6,NHC HEALTHCARE-MILAN LLC,,,"NHC HEALTHCARE, MILAN",,,,,2018-12-01,1,1,0,0,1,1,0,0
gold_main_v2,control,control_v2,445069,"NHC HEALTHCARE, MILAN",TN,2019,0,,,,,,,,,,,65.5088064516129,4.0,15.446158986175115,4.0,0,,,,,,,2016.0,2023.0,control_weighted_pseudocohort,5.0,1,0,1,1,1,0,0,0,1.0,1.0,11.0,3.0,9.0,365.0,98.3123579922493,30342.0,133456.0,0.8470437087958294,3.7262318325222576,3.71579,,4.0,,,,6.667,0.0,0.0,,0.0,0.0,0.0,0.0,N,,,,,For profit - Corporation,117.0,98.7,NHC HEALTHCARE-MILAN LLC,,,"NHC HEALTHCARE, MILAN",,,,,2019-11-01,1,1,0,0,1,1,0,0
gold_main_v2,control,control_v2,445069,"NHC HEALTHCARE, MILAN",TN,2020,0,,,,,,,,,,,65.5088064516129,4.0,15.446158986175115,4.0,0,,,,,,,2016.0,2023.0,control_weighted_pseudocohort,5.0,1,0,1,1,1,0,0,0,1.0,1.0,11.0,3.0,9.0,366.0,98.50809245102724,30292.5,131915.5,0.8419555569230205,3.6687981387962534,3.73512,4.0,5.0,4.0,4.0,4.0,6.667,0.0,0.0,,0.0,0.0,0.0,0.0,N,,,,,For profit - Corporation,117.0,95.8,NHC HEALTHCARE-MILAN LLC,,,"NHC HEALTHCARE, MILAN",,,,,2020-11-01,1,1,1,0,1,1,1,0
gold_main_v2,control,control_v2,445069,"NHC HEALTHCARE, MILAN",TN,2021,0,,,,,,,,,,,65.5088064516129,4.0,15.446158986175115,4.0,0,,,,,,,2016.0,2023.0,control_weighted_pseudocohort,5.0,1,0,1,1,1,0,0,0,1.0,1.0,11.0,3.0,9.0,365.0,99.45381894675371,26144.03,131818.0,0.7224521696489565,3.642180842813715,3.4045,4.0,4.0,4.0,5.0,5.0,12.667,0.0,0.0,0.0,0.0,0.0,0.0,0.0,N,,,,,For profit - Limited Liability company,117.0,104.5,NHC HEALTHCARE-MILAN LLC,,,"NHC HEALTHCARE, MILAN",,,,,2021-11-01,1,1,1,0,1,1,1,0
gold_main_v2,control,control_v2,445069,"NHC HEALTHCARE, MILAN",TN,2022,0,,,,,,,,,,,65.5088064516129,4.0,15.446158986175115,4.0,0,False,False,False,False,False,False,2016.0,2023.0,control_weighted_pseudocohort,5.0,1,0,1,1,1,1,0,1,1.0,1.0,11.0,3.0,9.0,365.0,97.42655810373202,21985.12,136544.54,0.6189803335933864,3.845445978032202,3.80324,3.0,,4.0,4.0,4.0,12.667,0.0,0.0,0.0,0.0,0.0,0.0,0.0,N,,,,,For profit - Limited Liability company,117.0,98.4,NHC HEALTHCARE-MILAN LLC,,,"NHC HEALTHCARE, MILAN",,,,,2022-11-01,1,1,1,0,1,1,1,0
gold_main_v2,control,control_v2,445069,"NHC HEALTHCARE, MILAN",TN,2023,0,,,,,,,,,,,65.5088064516129,4.0,15.446158986175115,4.0,0,False,False,False,False,False,False,2016.0,2023.0,control_weighted_pseudocohort,5.0,1,1,1,1,1,1,0,1,1.0,1.0,11.0,3.0,9.0,365.0,100.4987358655837,32070.66,138321.22,0.8755101293051661,3.7761069308239574,3.78222,4.0,,4.0,5.0,5.0,14.667,0.0,5.0,0.0,0.0,0.0,0.0,0.0,N,108.0,70.0,16.0,0.6481481481481481,For profit - Limited Liability company,117.0,100.9,NHC HEALTHCARE-MILAN LLC,NATIONAL HEALTHCARE CORPORATION,364.0,"NHC HEALTHCARE, MILAN",TN,,,,2023-11-01,1,1,1,1,1,1,1,1
gold_main_v2,control,control_v2,445069,"NHC HEALTHCARE, MILAN",TN,2024,0,,,,,,,,,,,65.5088064516129,4.0,15.446158986175115,4.0,0,False,False,False,False,False,False,2016.0,2023.0,control_weighted_pseudocohort,5.0,1,1,1,1,1,1,0,1,1.0,1.0,11.0,3.0,9.0,366.0,95.14909818442428,30764.25,130461.17,0.8857436880585565,3.7558470693780017,3.79375,4.0,,4.0,5.0,5.0,14.000,0.0,5.0,0.0,0.0,0.0,0.0,0.0,N,108.0,70.0,16.0,0.6481481481481481,For profit - Limited Liability company,117.0,94.4,NHC HEALTHCARE-MILAN LLC,NATIONAL HEALTHCARE CORPORATION,364.0,"NHC HEALTHCARE, MILAN",TN,,,,2024-11-01,1,1,1,1,1,1,1,1
gold_main_v2,control,control_v2,445069,"NHC HEALTHCARE, MILAN",TN,2025,0,,,,,,,,,,,65.5088064516129,4.0,15.446158986175115,4.0,0,False,True,False,True,False,False,2016.0,2023.0,control_weighted_pseudocohort,5.0,1,1,1,1,1,1,0,1,1.0,1.0,11.0,3.0,9.0,273.0,97.55878501530675,23296.5,96807.25,0.8752487256909857,3.65526935656553,3.29229,3.0,,4.0,5.0,5.0,21.000,0.0,11.0,,0.0,0.0,0.0,0.0,N,102.66666666666669,68.0,11.0,0.6639828234031132,For profit - Limited Liability company,117.0,102.8,NHC HEALTHCARE-MILAN LLC,NATIONAL HEALTHCARE CORPORATION,364.0,"NHC HEALTHCARE, MILAN",TN,,,,2025-11-01,1,1,1,1,1,1,1,1
gold_main_v2,control,control_v2,445069,"NHC HEALTHCARE, MILAN",TN,2026,0,,,,,,,,,,,65.5088064516129,4.0,15.446158986175115,4.0,0,False,True,False,True,False,False,2016.0,2023.0,control_weighted_pseudocohort,5.0,1,0,0,1,1,1,0,1,1.0,1.0,11.0,3.0,9.0,,,,,,,3.82734,3.0,,3.0,4.0,5.0,31.000,,,,0.0,0.0,0.0,0.0,N,,,,,For profit - Limited Liability company,117.0,95.7,NHC HEALTHCARE-MILAN LLC,NATIONAL HEALTHCARE CORPORATION,364.0,"NHC HEALTHCARE, MILAN",TN,,,,2026-03-01,0,1,1,0,0,1,1,0
gold_main_v2,control,control_v2,445076,"NHC HEALTHCARE, MCMINNVILLE",TN,2016,0,,,,,,,,,,,61.295926267281104,4.0,16.381140552995394,4.0,0,,,,,,,2016.0,2023.0,control_weighted_pseudocohort,5.0,1,0,0,1,1,0,0,0,1.0,1.0,11.0,3.0,9.0,,,,,,,3.9345,3.0,3.0,4.0,5.0,5.0,18.667,1.0,0.0,,0.0,0.0,0.0,0.0,N,,,,,For profit - Corporation,125.0,100.0,NHC HEALTHCARE-MCMINNVILLE LLC,,,"NHC HEALTHCARE, MCMINNVILLE",,,,,,0,1,1,0,0,1,1,0
gold_main_v2,control,control_v2,445076,"NHC HEALTHCARE, MCMINNVILLE",TN,2017,0,,,,,,,,,,,61.295926267281104,4.0,16.381140552995394,4.0,0,,,,,,,2016.0,2023.0,control_weighted_pseudocohort,5.0,1,0,1,1,1,0,0,0,1.0,1.0,11.0,3.0,9.0,365.0,105.47481552264162,17768.5,142399.25,0.4622850017520488,3.702908683015736,3.75809,3.0,3.0,4.0,5.0,5.0,14.000,0.0,0.0,,0.0,0.0,0.0,0.0,N,,,,,For profit - Corporation,125.0,105.0,NHC HEALTHCARE-MCMINNVILLE LLC,,,"NHC HEALTHCARE, MCMINNVILLE",,,,,2017-12-01,1,1,1,0,1,1,1,0
gold_main_v2,control,control_v2,445076,"NHC HEALTHCARE, MCMINNVILLE",TN,2018,0,,,,,,,,,,,61.295926267281104,4.0,16.381140552995394,4.0,0,,,,,,,2016.0,2023.0,control_weighted_pseudocohort,5.0,1,0,1,1,1,0,0,0,1.0,1.0,11.0,3.0,9.0,365.0,105.3973927642406,17123.75,140433.0,0.4455409418418169,3.654989658329332,3.65649,,3.0,,,,13.600,1.0,0.0,,0.0,0.0,0.0,0.0,N,,,,,For profit - Corporation,115.0,106.4,NHC HEALTHCARE-MCMINNVILLE LLC,,,"NHC HEALTHCARE, MCMINNVILLE",,,,,2018-12-01,1,1,0,0,1,1,0,0
gold_main_v2,control,control_v2,445076,"NHC HEALTHCARE, MCMINNVILLE",TN,2019,0,,,,,,,,,,,61.295926267281104,4.0,16.381140552995394,4.0,0,,,,,,,2016.0,2023.0,control_weighted_pseudocohort,5.0,1,0,1,1,1,0,0,0,1.0,1.0,11.0,3.0,9.0,365.0,105.94481339916122,16404.25,143909.75,0.4265463397242356,3.726824980647737,3.65236,,2.0,,,,18.667,1.0,0.0,,1.0,9917.0,0.0,1.0,N,,,,,For profit - Corporation,115.0,106.8,NHC HEALTHCARE-MCMINNVILLE LLC,,,"NHC HEALTHCARE, MCMINNVILLE",,,,,2019-11-01,1,1,0,0,1,1,0,0
gold_main_v2,control,control_v2,445076,"NHC HEALTHCARE, MCMINNVILLE",TN,2020,0,,,,,,,,,,,61.295926267281104,4.0,16.381140552995394,4.0,0,,,,,,,2016.0,2023.0,control_weighted_pseudocohort,5.0,1,0,1,1,1,0,0,0,1.0,1.0,11.0,3.0,9.0,366.0,104.14635093167702,18207.75,138966.74,0.4803081586048454,3.654277027633752,3.67832,3.0,3.0,3.0,3.0,4.0,17.333,0.0,0.0,,1.0,9917.0,0.0,1.0,N,,,,,For profit - Corporation,115.0,107.3,NHC HEALTHCARE-MCMINNVILLE LLC,,,"NHC HEALTHCARE, MCMINNVILLE",,,,,2020-11-01,1,1,1,0,1,1,1,0
gold_main_v2,control,control_v2,445076,"NHC HEALTHCARE, MCMINNVILLE",TN,2021,0,,,,,,,,,,,61.295926267281104,4.0,16.381140552995394,4.0,0,,,,,,,2016.0,2023.0,control_weighted_pseudocohort,5.0,1,0,1,1,1,0,0,0,1.0,1.0,11.0,3.0,9.0,365.0,98.13790611562352,17670.58,127530.39,0.4970504704316064,3.5701479973208645,3.52343,3.0,3.0,3.0,4.0,5.0,17.333,1.0,0.0,0.0,1.0,9916.56,0.0,1.0,N,,,,,For profit - Corporation,115.0,96.5,NHC HEALTHCARE-MCMINNVILLE LLC,,,"NHC HEALTHCARE, MCMINNVILLE",,,,,2021-11-01,1,1,1,0,1,1,1,0
gold_main_v2,control,control_v2,445076,"NHC HEALTHCARE, MCMINNVILLE",TN,2022,0,,,,,,,,,,,61.295926267281104,4.0,16.381140552995394,4.0,0,False,False,False,False,False,False,2016.0,2023.0,control_weighted_pseudocohort,5.0,1,0,1,1,1,1,0,1,1.0,1.0,11.0,3.0,9.0,365.0,105.53350321176408,16195.5,137353.25,0.4203784863153474,3.568709386674642,3.69676,2.0,,3.0,3.0,4.0,17.333,0.0,0.0,0.0,0.0,0.0,0.0,0.0,N,,,,,For profit - Corporation,115.0,107.4,NHC HEALTHCARE-MCMINNVILLE LLC,,,"NHC HEALTHCARE, MCMINNVILLE",,,,,2022-11-01,1,1,1,0,1,1,1,0
gold_main_v2,control,control_v2,445076,"NHC HEALTHCARE, MCMINNVILLE",TN,2023,0,,,,,,,,,,,61.295926267281104,4.0,16.381140552995394,4.0,0,False,False,False,False,False,False,2016.0,2023.0,control_weighted_pseudocohort,5.0,1,1,1,1,1,1,0,1,1.0,1.0,11.0,3.0,9.0,365.0,108.45202394224134,20565.5,140441.0,0.5191996354347217,3.5493190282426093,3.43427,3.0,,3.0,3.0,3.0,17.333,0.0,0.0,0.0,0.0,0.0,0.0,0.0,N,111.0,69.0,24.0,0.6216216216216216,For profit - Corporation,115.0,109.0,NHC HEALTHCARE-MCMINNVILLE LLC,NATIONAL HEALTHCARE CORPORATION,364.0,"NHC HEALTHCARE, MCMINNVILLE",TN,,,,2023-11-01,1,1,1,1,1,1,1,1
gold_main_v2,control,control_v2,445076,"NHC HEALTHCARE, MCMINNVILLE",TN,2024,0,,,,,,,,,,,61.295926267281104,4.0,16.381140552995394,4.0,0,False,False,False,False,False,False,2016.0,2023.0,control_weighted_pseudocohort,5.0,1,1,1,1,1,1,0,1,1.0,1.0,11.0,3.0,9.0,366.0,109.57737099856664,23197.0,144707.93,0.5785464355470081,3.609448947782684,3.66086,3.0,,4.0,4.0,3.0,16.000,0.0,0.0,,0.0,0.0,0.0,0.0,N,111.0,69.0,24.0,0.6216216216216216,For profit - Limited Liability company,115.0,109.4,NHC HEALTHCARE-MCMINNVILLE LLC,NATIONAL HEALTHCARE CORPORATION,364.0,"NHC HEALTHCARE, MCMINNVILLE",TN,,,,2024-11-01,1,1,1,1,1,1,1,1
gold_main_v2,control,control_v2,445076,"NHC HEALTHCARE, MCMINNVILLE",TN,2025,0,,,,,,,,,,,61.295926267281104,4.0,16.381140552995394,4.0,0,False,True,False,True,False,False,2016.0,2023.0,control_weighted_pseudocohort,5.0,1,1,1,1,1,1,0,1,1.0,1.0,11.0,3.0,9.0,273.0,108.53959848525066,17487.0,111688.5,0.5911652858957236,3.769941689538779,3.83602,4.0,,4.0,5.0,5.0,19.000,0.0,0.0,,0.0,0.0,0.0,0.0,N,111.0,69.0,24.0,0.6216216216216216,For profit - Limited Liability company,115.0,107.4,NHC HEALTHCARE-MCMINNVILLE LLC,NATIONAL HEALTHCARE CORPORATION,364.0,"NHC HEALTHCARE, MCMINNVILLE",TN,,,,2025-11-01,1,1,1,1,1,1,1,1
gold_main_v2,control,control_v2,445076,"NHC HEALTHCARE, MCMINNVILLE",TN,2026,0,,,,,,,,,,,61.295926267281104,4.0,16.381140552995394,4.0,0,False,True,False,True,False,False,2016.0,2023.0,control_weighted_pseudocohort,5.0,1,0,0,1,1,1,0,1,1.0,1.0,11.0,3.0,9.0,,,,,,,3.774,3.0,,4.0,5.0,5.0,19.000,,,,0.0,0.0,0.0,0.0,N,,,,,For profit - Limited Liability company,115.0,111.0,NHC HEALTHCARE-MCMINNVILLE LLC,NATIONAL HEALTHCARE CORPORATION,364.0,"NHC HEALTHCARE, MCMINNVILLE",TN,,,,2026-03-01,0,1,1,0,0,1,1,0
gold_main_v2,control,control_v2,445094,"NHC HEALTHCARE, LEWISBURG",TN,2016,0,,,,,,,,,,,53.2683801843318,4.0,19.624264976958525,4.0,1,,,,,,,2016.0,2023.0,control_weighted_pseudocohort,5.0,1,0,0,1,1,0,0,0,1.0,1.0,11.0,3.0,9.0,,,,,,,3.83126,3.0,3.0,3.0,3.0,2.0,28.000,0.0,0.0,,0.0,0.0,0.0,0.0,N,,,,,For profit - Corporation,100.0,88.0,NHC HEALTHCARE-LEWISBURG LLC,,,"NHC HEALTHCARE, LEWISBURG",,,,,,0,1,1,0,0,1,1,0
gold_main_v2,control,control_v2,445094,"NHC HEALTHCARE, LEWISBURG",TN,2017,0,,,,,,,,,,,53.2683801843318,4.0,19.624264976958525,4.0,1,,,,,,,2016.0,2023.0,control_weighted_pseudocohort,5.0,1,0,1,1,1,0,0,0,1.0,1.0,11.0,3.0,9.0,365.0,90.10701942984552,17308.25,124971.75,0.5273394472902703,3.8095077291202784,4.09941,3.0,3.0,4.0,4.0,4.0,16.667,0.0,0.0,,0.0,0.0,0.0,0.0,N,,,,,For profit - Corporation,100.0,84.0,NHC HEALTHCARE-LEWISBURG LLC,,,"NHC HEALTHCARE, LEWISBURG",,,,,2017-12-01,1,1,1,0,1,1,1,0
gold_main_v2,control,control_v2,445094,"NHC HEALTHCARE, LEWISBURG",TN,2018,0,,,,,,,,,,,53.2683801843318,4.0,19.624264976958525,4.0,1,,,,,,,2016.0,2023.0,control_weighted_pseudocohort,5.0,1,0,1,1,1,0,0,0,1.0,1.0,11.0,3.0,9.0,365.0,87.95339159632638,17536.0,123328.25,0.5473914381998192,3.8483459015725465,3.83602,,3.0,,,,11.200,0.0,0.0,,0.0,0.0,0.0,0.0,N,,,,,For profit - Corporation,100.0,87.7,NHC HEALTHCARE-LEWISBURG LLC,,,"NHC HEALTHCARE, LEWISBURG",,,,,2018-12-01,1,1,0,0,1,1,0,0
gold_main_v2,control,control_v2,445094,"NHC HEALTHCARE, LEWISBURG",TN,2019,0,,,,,,,,,,,53.2683801843318,4.0,19.624264976958525,4.0,1,,,,,,,2016.0,2023.0,control_weighted_pseudocohort,5.0,1,0,1,1,1,0,0,0,1.0,1.0,11.0,3.0,9.0,365.0,82.35351502362371,19683.5,119239.25,0.6590891615967327,3.980006014443494,4.03338,,4.0,,,,0.000,0.0,0.0,,0.0,0.0,0.0,0.0,N,,,,,For profit - Corporation,100.0,79.6,NHC HEALTHCARE-LEWISBURG LLC,,,"NHC HEALTHCARE, LEWISBURG",,,,,2019-11-01,1,1,0,0,1,1,0,0
gold_main_v2,control,control_v2,445094,"NHC HEALTHCARE, LEWISBURG",TN,2020,0,,,,,,,,,,,53.2683801843318,4.0,19.624264976958525,4.0,1,,,,,,,2016.0,2023.0,control_weighted_pseudocohort,5.0,1,0,1,1,1,0,0,0,1.0,1.0,11.0,3.0,9.0,366.0,78.67812350692785,24547.5,113864.0,0.8578179159430253,3.964518688634465,4.17399,5.0,5.0,3.0,4.0,4.0,18.000,0.0,0.0,,0.0,0.0,0.0,0.0,N,,,,,For profit - Limited Liability company,100.0,75.9,NHC HEALTHCARE-LEWISBURG LLC,,,"NHC HEALTHCARE, LEWISBURG",,,,,2020-11-01,1,1,1,0,1,1,1,0
gold_main_v2,control,control_v2,445094,"NHC HEALTHCARE, LEWISBURG",TN,2021,0,,,,,,,,,,,53.2683801843318,4.0,19.624264976958525,4.0,1,,,,,,,2016.0,2023.0,control_weighted_pseudocohort,5.0,1,0,1,1,1,0,0,0,1.0,1.0,11.0,3.0,9.0,365.0,81.23710251101556,17274.34,107982.58,0.5861475088588549,3.633777406266859,3.23021,4.0,4.0,3.0,4.0,4.0,18.000,0.0,0.0,0.0,1.0,650.0,0.0,1.0,N,,,,,For profit - Limited Liability company,100.0,79.2,NHC HEALTHCARE-LEWISBURG LLC,,,"NHC HEALTHCARE, LEWISBURG",,,,,2021-11-01,1,1,1,0,1,1,1,0
gold_main_v2,control,control_v2,445094,"NHC HEALTHCARE, LEWISBURG",TN,2022,0,,,,,,,,,,,53.2683801843318,4.0,19.624264976958525,4.0,1,False,False,False,False,False,False,2016.0,2023.0,control_weighted_pseudocohort,5.0,1,0,1,1,1,1,0,1,1.0,1.0,11.0,3.0,9.0,365.0,82.6846060943887,18439.42,123247.31,0.6103519820514911,4.085525323504161,3.98144,4.0,,3.0,3.0,3.0,18.000,0.0,0.0,0.0,2.0,1636.7,0.0,2.0,N,,,,,For profit - Limited Liability company,100.0,82.8,NHC HEALTHCARE-LEWISBURG LLC,,,"NHC HEALTHCARE, LEWISBURG",,,,,2022-11-01,1,1,1,0,1,1,1,0
gold_main_v2,control,control_v2,445094,"NHC HEALTHCARE, LEWISBURG",TN,2023,0,,,,,,,,,,,53.2683801843318,4.0,19.624264976958525,4.0,1,False,False,False,False,False,False,2016.0,2023.0,control_weighted_pseudocohort,5.0,1,1,1,1,1,1,0,1,1.0,1.0,11.0,3.0,9.0,365.0,79.2023530817009,18315.3,112674.14,0.6356603455207661,3.894904441990618,3.92164,4.0,,1.0,1.0,4.0,220.000,3.0,3.0,0.0,4.0,453282.2,0.0,4.0,N,87.0,51.0,19.0,0.5862068965517241,For profit - Limited Liability company,100.0,85.1,NHC HEALTHCARE-LEWISBURG LLC,NATIONAL HEALTHCARE CORPORATION,364.0,"NHC HEALTHCARE, LEWISBURG",TN,,,,2023-11-01,1,1,1,1,1,1,1,1
gold_main_v2,control,control_v2,445094,"NHC HEALTHCARE, LEWISBURG",TN,2024,0,,,,,,,,,,,53.2683801843318,4.0,19.624264976958525,4.0,1,False,False,False,False,False,False,2016.0,2023.0,control_weighted_pseudocohort,5.0,1,1,1,1,1,1,0,1,1.0,1.0,11.0,3.0,9.0,366.0,64.33582178690875,18238.0,89047.25,0.7758886665023941,3.796453451854307,3.94121,3.0,,1.0,2.0,5.0,282.167,3.0,8.0,,4.0,582632.7,2.0,6.0,N,87.0,51.0,19.0,0.5862068965517241,For profit - Limited Liability company,100.0,60.6,NHC HEALTHCARE-LEWISBURG LLC,NATIONAL HEALTHCARE CORPORATION,364.0,"NHC HEALTHCARE, LEWISBURG",TN,,,,2024-11-01,1,1,1,1,1,1,1,1
gold_main_v2,control,control_v2,445094,"NHC HEALTHCARE, LEWISBURG",TN,2025,0,,,,,,,,,,,53.2683801843318,4.0,19.624264976958525,4.0,1,False,True,False,True,False,False,2016.0,2023.0,control_weighted_pseudocohort,5.0,1,1,1,1,1,1,0,1,1.0,1.0,11.0,3.0,9.0,273.0,64.25152713630975,13364.25,63908.25,0.7664174929333449,3.658254096330257,3.50549,2.0,,1.0,2.0,5.0,203.750,9.0,31.0,,3.0,581647.0,2.0,5.0,N,87.0,51.0,19.0,0.5862068965517241,For profit - Limited Liability company,100.0,64.1,NHC HEALTHCARE-LEWISBURG LLC,NATIONAL HEALTHCARE CORPORATION,364.0,"NHC HEALTHCARE, LEWISBURG",TN,,,,2025-11-01,1,1,1,1,1,1,1,1
gold_main_v2,control,control_v2,445094,"NHC HEALTHCARE, LEWISBURG",TN,2026,0,,,,,,,,,,,53.2683801843318,4.0,19.624264976958525,4.0,1,False,True,False,True,False,False,2016.0,2023.0,control_weighted_pseudocohort,5.0,1,0,0,1,1,1,0,1,1.0,1.0,11.0,3.0,9.0,,,,,,,3.94535,3.0,,1.0,2.0,5.0,203.750,,,,2.0,379256.0,2.0,4.0,N,,,,,For profit - Limited Liability company,100.0,60.0,NHC HEALTHCARE-LEWISBURG LLC,NATIONAL HEALTHCARE CORPORATION,364.0,"NHC HEALTHCARE, LEWISBURG",TN,,,,2026-03-01,0,1,1,0,0,1,1,0
gold_main_v2,control,control_v2,445099,"NHC HEALTHCARE, ATHENS",TN,2016,0,,,,,,,,,,,57.81773502304147,4.0,18.055933179723503,4.0,1,,,,,,,2016.0,2023.0,control_weighted_pseudocohort,5.0,1,0,0,1,1,0,0,0,1.0,1.0,11.0,3.0,9.0,,,,,,,4.47762,4.0,4.0,5.0,5.0,3.0,3.333,0.0,0.0,,0.0,0.0,0.0,0.0,N,,,,,For profit - Corporation,88.0,67.0,NHC HEALTHCARE-ATHENS LLC,,,"NHC HEALTHCARE, ATHENS",,,,,,0,1,1,0,0,1,1,0
gold_main_v2,control,control_v2,445099,"NHC HEALTHCARE, ATHENS",TN,2017,0,,,,,,,,,,,57.81773502304147,4.0,18.055933179723503,4.0,1,,,,,,,2016.0,2023.0,control_weighted_pseudocohort,5.0,1,0,1,1,1,0,0,0,1.0,1.0,11.0,3.0,9.0,365.0,71.44807758666454,20024.5,104923.25,0.7683284301426659,4.025782509248961,4.1875,4.0,4.0,4.0,4.0,3.0,14.667,0.0,0.0,,0.0,0.0,0.0,0.0,N,,,,,For profit - Corporation,88.0,68.0,NHC HEALTHCARE-ATHENS LLC,,,"NHC HEALTHCARE, ATHENS",,,,,2017-12-01,1,1,1,0,1,1,1,0
gold_main_v2,control,control_v2,445099,"NHC HEALTHCARE, ATHENS",TN,2018,0,,,,,,,,,,,57.81773502304147,4.0,18.055933179723503,4.0,1,,,,,,,2016.0,2023.0,control_weighted_pseudocohort,5.0,1,0,1,1,1,0,0,0,1.0,1.0,11.0,3.0,9.0,365.0,72.78328356426182,22428.25,106364.0,0.8457152334631496,4.0055593541652845,3.98119,,4.0,,,,17.600,0.0,0.0,,0.0,0.0,0.0,0.0,N,,,,,For profit - Limited Liability company,88.0,68.6,NHC HEALTHCARE-ATHENS LLC,,,"NHC HEALTHCARE, ATHENS",,,,,2018-12-01,1,1,0,0,1,1,0,0
gold_main_v2,control,control_v2,445099,"NHC HEALTHCARE, ATHENS",TN,2019,0,,,,,,,,,,,57.81773502304147,4.0,18.055933179723503,4.0,1,,,,,,,2016.0,2023.0,control_weighted_pseudocohort,5.0,1,0,1,1,1,0,0,0,1.0,1.0,11.0,3.0,9.0,365.0,74.86670780909911,16852.25,114456.0,0.6148303563210777,4.192665264285967,4.20264,,3.0,,,,8.667,0.0,0.0,,0.0,0.0,0.0,0.0,N,,,,,For profit - Limited Liability company,86.0,75.6,NHC HEALTHCARE-ATHENS LLC,,,"NHC HEALTHCARE, ATHENS",,,,,2019-11-01,1,1,0,0,1,1,0,0
gold_main_v2,control,control_v2,445099,"NHC HEALTHCARE, ATHENS",TN,2020,0,,,,,,,,,,,57.81773502304147,4.0,18.055933179723503,4.0,1,,,,,,,2016.0,2023.0,control_weighted_pseudocohort,5.0,1,0,1,1,1,0,0,0,1.0,1.0,11.0,3.0,9.0,366.0,65.45717869087434,13095.75,100475.75,0.5546361829040894,4.233886147584117,3.95789,3.0,3.0,4.0,4.0,4.0,4.667,0.0,0.0,,0.0,0.0,0.0,0.0,N,,,,,For profit - Corporation,86.0,67.2,NHC HEALTHCARE-ATHENS LLC,,,"NHC HEALTHCARE, ATHENS",,,,,2020-11-01,1,1,1,0,1,1,1,0
gold_main_v2,control,control_v2,445099,"NHC HEALTHCARE, ATHENS",TN,2021,0,,,,,,,,,,,57.81773502304147,4.0,18.055933179723503,4.0,1,,,,,,,2016.0,2023.0,control_weighted_pseudocohort,5.0,1,0,1,1,1,0,0,0,1.0,1.0,11.0,3.0,9.0,365.0,66.27865504061157,12834.78,89988.16,0.5316900996888256,3.7279956707184185,3.46023,1.0,1.0,3.0,2.0,4.0,14.667,0.0,2.0,0.0,1.0,13507.0,0.0,1.0,N,,,,,For profit - Corporation,86.0,66.9,NHC HEALTHCARE-ATHENS LLC,,,"NHC HEALTHCARE, ATHENS",,,,,2021-11-01,1,1,1,0,1,1,1,0
gold_main_v2,control,control_v2,445099,"NHC HEALTHCARE, ATHENS",TN,2022,0,,,,,,,,,,,57.81773502304147,4.0,18.055933179723503,4.0,1,False,False,False,False,False,False,2016.0,2023.0,control_weighted_pseudocohort,5.0,1,0,1,1,1,1,0,1,1.0,1.0,11.0,3.0,9.0,365.0,65.3410077241599,13468.9,95723.34,0.5645862152512447,4.01344780669106,4.07849,3.0,,4.0,4.0,4.0,11.333,0.0,2.0,0.0,2.0,14381.47,0.0,2.0,N,,,,,For profit - Corporation,86.0,66.8,NHC HEALTHCARE-ATHENS LLC,,,"NHC HEALTHCARE, ATHENS",,,,,2022-11-01,1,1,1,0,1,1,1,0
gold_main_v2,control,control_v2,445099,"NHC HEALTHCARE, ATHENS",TN,2023,0,,,,,,,,,,,57.81773502304147,4.0,18.055933179723503,4.0,1,False,False,False,False,False,False,2016.0,2023.0,control_weighted_pseudocohort,5.0,1,1,1,1,1,1,0,1,1.0,1.0,11.0,3.0,9.0,365.0,67.6998181769921,13604.23,101762.71,0.5516921281653444,4.1273741010696146,4.24566,3.0,,3.0,3.0,2.0,18.667,1.0,3.0,0.0,2.0,14381.47,0.0,2.0,N,70.0,45.0,6.0,0.6428571428571429,For profit - Limited Liability company,86.0,68.0,NHC HEALTHCARE-ATHENS LLC,NATIONAL HEALTHCARE CORPORATION,364.0,"NHC HEALTHCARE, ATHENS",TN,,,,2023-11-01,1,1,1,1,1,1,1,1
gold_main_v2,control,control_v2,445099,"NHC HEALTHCARE, ATHENS",TN,2024,0,,,,,,,,,,,57.81773502304147,4.0,18.055933179723503,4.0,1,False,False,False,False,False,False,2016.0,2023.0,control_weighted_pseudocohort,5.0,1,1,1,1,1,1,0,1,1.0,1.0,11.0,3.0,9.0,366.0,68.90742952699475,15058.25,99422.5,0.5979012528942199,3.948633341089004,4.06393,3.0,,4.0,4.0,2.0,14.667,1.0,1.0,,1.0,657.8,0.0,1.0,N,70.0,45.0,6.0,0.6428571428571429,For profit - Limited Liability company,86.0,67.9,NHC HEALTHCARE-ATHENS LLC,NATIONAL HEALTHCARE CORPORATION,364.0,"NHC HEALTHCARE, ATHENS",TN,,,,2024-11-01,1,1,1,1,1,1,1,1
gold_main_v2,control,control_v2,445099,"NHC HEALTHCARE, ATHENS",TN,2025,0,,,,,,,,,,,57.81773502304147,4.0,18.055933179723503,4.0,1,False,True,False,True,False,False,2016.0,2023.0,control_weighted_pseudocohort,5.0,1,1,1,1,1,1,0,1,1.0,1.0,11.0,3.0,9.0,273.0,69.16392118348641,11000.75,73719.03,0.5833847567230109,3.912244076162953,3.77596,3.0,,4.0,4.0,4.0,20.000,3.0,7.0,,0.0,0.0,0.0,0.0,N,70.0,45.0,6.0,0.6428571428571429,For profit - Limited Liability company,86.0,72.2,NHC HEALTHCARE-ATHENS LLC,NATIONAL HEALTHCARE CORPORATION,364.0,"NHC HEALTHCARE, ATHENS",TN,,,,2025-11-01,1,1,1,1,1,1,1,1
gold_main_v2,control,control_v2,445099,"NHC HEALTHCARE, ATHENS",TN,2026,0,,,,,,,,,,,57.81773502304147,4.0,18.055933179723503,4.0,1,False,True,False,True,False,False,2016.0,2023.0,control_weighted_pseudocohort,5.0,1,0,0,1,1,1,0,1,1.0,1.0,11.0,3.0,9.0,,,,,,,3.89837,3.0,,4.0,4.0,4.0,20.000,,,,0.0,0.0,0.0,0.0,N,,,,,For profit - Limited Liability company,86.0,68.8,NHC HEALTHCARE-ATHENS LLC,NATIONAL HEALTHCARE CORPORATION,364.0,"NHC HEALTHCARE, ATHENS",TN,,,,2026-03-01,0,1,1,0,0,1,1,0
gold_main_v2,control,control_v2,445101,"NHC HEALTHCARE, PULASKI",TN,2016,0,,,,,,,,,,,44.50348387096774,4.0,20.216133640552997,4.0,1,,,,,,,2016.0,2023.0,control_weighted_pseudocohort,5.0,1,0,0,1,1,0,0,0,1.0,1.0,11.0,3.0,9.0,,,,,,,3.4776,2.0,4.0,4.0,4.0,2.0,19.333,0.0,0.0,,0.0,0.0,0.0,0.0,N,,,,,For profit - Corporation,102.0,96.0,"NHC HEALTHCARE-PULASKI, LLC",,,"NHC HEALTHCARE, PULASKI",,,,,,0,1,1,0,0,1,1,0
gold_main_v2,control,control_v2,445101,"NHC HEALTHCARE, PULASKI",TN,2017,0,,,,,,,,,,,44.50348387096774,4.0,20.216133640552997,4.0,1,,,,,,,2016.0,2023.0,control_weighted_pseudocohort,5.0,1,0,1,1,1,0,0,0,1.0,1.0,11.0,3.0,9.0,365.0,89.08273411371238,23180.0,125111.75,0.7126878819440878,3.8500201069305744,3.91517,3.0,4.0,2.0,3.0,5.0,32.000,1.0,1.0,,0.0,0.0,0.0,0.0,N,,,,,For profit - Corporation,102.0,89.0,"NHC HEALTHCARE-PULASKI, LLC",,,"NHC HEALTHCARE, PULASKI",,,,,2017-12-01,1,1,1,0,1,1,1,0
gold_main_v2,control,control_v2,445101,"NHC HEALTHCARE, PULASKI",TN,2018,0,,,,,,,,,,,44.50348387096774,4.0,20.216133640552997,4.0,1,,,,,,,2016.0,2023.0,control_weighted_pseudocohort,5.0,1,0,1,1,1,0,0,0,1.0,1.0,11.0,3.0,9.0,365.0,89.56690356744704,26888.5,133243.0,0.821151933797281,4.079884741514221,4.24581,,4.0,,,,38.400,1.0,1.0,,0.0,0.0,0.0,0.0,N,,,,,For profit - Corporation,102.0,87.2,"NHC HEALTHCARE-PULASKI, LLC",,,"NHC HEALTHCARE, PULASKI",,,,,2018-12-01,1,1,0,0,1,1,0,0
gold_main_v2,control,control_v2,445101,"NHC HEALTHCARE, PULASKI",TN,2019,0,,,,,,,,,,,44.50348387096774,4.0,20.216133640552997,4.0,1,,,,,,,2016.0,2023.0,control_weighted_pseudocohort,5.0,1,0,1,1,1,0,0,0,1.0,1.0,11.0,3.0,9.0,365.0,87.99626665604927,24507.75,133669.25,0.764221177445815,4.164543789487529,4.00967,,4.0,,,,6.000,1.0,2.0,,0.0,0.0,0.0,0.0,N,,,,,For profit - Corporation,102.0,88.6,"NHC HEALTHCARE-PULASKI, LLC",,,"NHC HEALTHCARE, PULASKI",,,,,2019-11-01,1,1,0,0,1,1,0,0
gold_main_v2,control,control_v2,445101,"NHC HEALTHCARE, PULASKI",TN,2020,0,,,,,,,,,,,44.50348387096774,4.0,20.216133640552997,4.0,1,,,,,,,2016.0,2023.0,control_weighted_pseudocohort,5.0,1,0,1,1,1,0,0,0,1.0,1.0,11.0,3.0,9.0,366.0,78.86613115145724,22899.75,126924.42,0.8044902294739688,4.430704995932396,4.36046,4.0,4.0,4.0,5.0,5.0,5.333,1.0,1.0,,0.0,0.0,0.0,0.0,N,,,,,For profit - Corporation,102.0,83.1,"NHC HEALTHCARE-PULASKI, LLC",,,"NHC HEALTHCARE, PULASKI",,,,,2020-11-01,1,1,1,0,1,1,1,0
gold_main_v2,control,control_v2,445101,"NHC HEALTHCARE, PULASKI",TN,2021,0,,,,,,,,,,,44.50348387096774,4.0,20.216133640552997,4.0,1,,,,,,,2016.0,2023.0,control_weighted_pseudocohort,5.0,1,0,1,1,1,0,0,0,1.0,1.0,11.0,3.0,9.0,365.0,82.05046583850931,22617.11,127208.1,0.7578075818566767,4.247785493696605,3.87767,4.0,5.0,4.0,5.0,5.0,5.333,1.0,1.0,0.0,0.0,0.0,0.0,0.0,N,,,,,For profit - Corporation,102.0,83.6,"NHC HEALTHCARE-PULASKI, LLC",,,"NHC HEALTHCARE, PULASKI",,,,,2021-11-01,1,1,1,0,1,1,1,0
gold_main_v2,control,control_v2,445101,"NHC HEALTHCARE, PULASKI",TN,2022,0,,,,,,,,,,,44.50348387096774,4.0,20.216133640552997,4.0,1,False,False,False,False,False,False,2016.0,2023.0,control_weighted_pseudocohort,5.0,1,0,1,1,1,1,0,1,1.0,1.0,11.0,3.0,9.0,365.0,86.40342079418167,21848.84,121571.63,0.6937123190213915,3.859013572844245,3.81786,3.0,,4.0,4.0,4.0,5.333,0.0,0.0,0.0,0.0,0.0,0.0,0.0,N,,,,,For profit - Corporation,102.0,86.7,"NHC HEALTHCARE-PULASKI, LLC",,,"NHC HEALTHCARE, PULASKI",,,,,2022-11-01,1,1,1,0,1,1,1,0
gold_main_v2,control,control_v2,445101,"NHC HEALTHCARE, PULASKI",TN,2023,0,,,,,,,,,,,44.50348387096774,4.0,20.216133640552997,4.0,1,False,False,False,False,False,False,2016.0,2023.0,control_weighted_pseudocohort,5.0,1,1,1,1,1,1,0,1,1.0,1.0,11.0,3.0,9.0,365.0,90.67459454796412,31349.06,128732.29,0.9477213962638368,3.8940968184814047,3.97031,4.0,,2.0,2.0,4.0,38.667,0.0,0.0,0.0,1.0,7900.75,0.0,1.0,N,86.0,46.0,14.0,0.5348837209302325,For profit - Corporation,102.0,90.4,"NHC HEALTHCARE-PULASKI, LLC",NATIONAL HEALTHCARE CORPORATION,364.0,"NHC HEALTHCARE, PULASKI",TN,,,,2023-11-01,1,1,1,1,1,1,1,1
gold_main_v2,control,control_v2,445101,"NHC HEALTHCARE, PULASKI",TN,2024,0,,,,,,,,,,,44.50348387096774,4.0,20.216133640552997,4.0,1,False,False,False,False,False,False,2016.0,2023.0,control_weighted_pseudocohort,5.0,1,1,1,1,1,1,0,1,1.0,1.0,11.0,3.0,9.0,366.0,91.36720616340182,29330.0,122812.25,0.8784726851269185,3.6743990548606353,3.60707,3.0,,2.0,3.0,5.0,38.667,0.0,0.0,,1.0,7900.75,0.0,1.0,N,86.0,46.0,14.0,0.5348837209302325,For profit - Corporation,102.0,91.5,"NHC HEALTHCARE-PULASKI, LLC",NATIONAL HEALTHCARE CORPORATION,364.0,"NHC HEALTHCARE, PULASKI",TN,,,,2024-11-01,1,1,1,1,1,1,1,1
gold_main_v2,control,control_v2,445101,"NHC HEALTHCARE, PULASKI",TN,2025,0,,,,,,,,,,,44.50348387096774,4.0,20.216133640552997,4.0,1,False,True,False,True,False,False,2016.0,2023.0,control_weighted_pseudocohort,5.0,1,1,1,1,1,1,0,1,1.0,1.0,11.0,3.0,9.0,273.0,91.50099449664668,16331.75,91091.0,0.6539620068289334,3.6473180439686623,3.67999,3.0,,2.0,3.0,5.0,56.000,0.0,0.0,,0.0,0.0,0.0,0.0,N,86.0,46.0,14.0,0.5348837209302325,For profit - Corporation,102.0,92.3,"NHC HEALTHCARE-PULASKI, LLC",NATIONAL HEALTHCARE CORPORATION,364.0,"NHC HEALTHCARE, PULASKI",TN,,,,2025-11-01,1,1,1,1,1,1,1,1
gold_main_v2,control,control_v2,445101,"NHC HEALTHCARE, PULASKI",TN,2026,0,,,,,,,,,,,44.50348387096774,4.0,20.216133640552997,4.0,1,False,True,False,True,False,False,2016.0,2023.0,control_weighted_pseudocohort,5.0,1,0,0,1,1,1,0,1,1.0,1.0,11.0,3.0,9.0,,,,,,,3.73836,3.0,,2.0,3.0,5.0,56.000,,,,0.0,0.0,0.0,0.0,N,,,,,For profit - Corporation,102.0,91.7,"NHC HEALTHCARE-PULASKI, LLC",NATIONAL HEALTHCARE CORPORATION,364.0,"NHC HEALTHCARE, PULASKI",TN,,,,2026-03-01,0,1,1,0,0,1,1,0
gold_main_v2,control,control_v2,445116,"NHC HEALTHCARE, SMITHVILLE",TN,2016,0,,,,,,,,,,,72.3388202764977,4.0,7.09420737327189,4.0,0,,,,,,,2016.0,2023.0,control_weighted_pseudocohort,5.0,1,0,0,1,1,0,0,0,1.0,1.0,11.0,3.0,9.0,,,,,,,4.40619,4.0,4.0,3.0,4.0,3.0,30.000,1.0,1.0,,0.0,0.0,0.0,0.0,N,,,,,For profit - Corporation,114.0,97.0,NHC HEALTHCARE-SMITHVILLE LLC,,,"NHC HEALTHCARE, SMITHVILLE",,,,,,0,1,1,0,0,1,1,0
gold_main_v2,control,control_v2,445116,"NHC HEALTHCARE, SMITHVILLE",TN,2017,0,,,,,,,,,,,72.3388202764977,4.0,7.09420737327189,4.0,0,,,,,,,2016.0,2023.0,control_weighted_pseudocohort,5.0,1,0,1,1,1,0,0,0,1.0,1.0,11.0,3.0,9.0,365.0,98.60804268195572,16023.5,137500.25,0.4457496842140789,3.825633341363748,4.36968,4.0,4.0,5.0,5.0,5.0,5.333,0.0,0.0,,0.0,0.0,0.0,0.0,N,,,,,For profit - Corporation,114.0,94.0,NHC HEALTHCARE-SMITHVILLE LLC,,,"NHC HEALTHCARE, SMITHVILLE",,,,,2017-12-01,1,1,1,0,1,1,1,0
gold_main_v2,control,control_v2,445116,"NHC HEALTHCARE, SMITHVILLE",TN,2018,0,,,,,,,,,,,72.3388202764977,4.0,7.09420737327189,4.0,0,,,,,,,2016.0,2023.0,control_weighted_pseudocohort,5.0,1,0,1,1,1,0,0,0,1.0,1.0,11.0,3.0,9.0,365.0,96.5487391835218,18103.75,141385.75,0.5150322120607885,4.017925182320769,3.90045,,4.0,,,,6.400,1.0,0.0,,0.0,0.0,0.0,0.0,N,,,,,For profit - Corporation,114.0,96.8,NHC HEALTHCARE-SMITHVILLE LLC,,,"NHC HEALTHCARE, SMITHVILLE",,,,,2018-12-01,1,1,0,0,1,1,0,0
gold_main_v2,control,control_v2,445116,"NHC HEALTHCARE, SMITHVILLE",TN,2019,0,,,,,,,,,,,72.3388202764977,4.0,7.09420737327189,4.0,0,,,,,,,2016.0,2023.0,control_weighted_pseudocohort,5.0,1,0,1,1,1,0,0,0,1.0,1.0,11.0,3.0,9.0,365.0,99.084734830387,17860.5,144456.0,0.494549310831916,3.9986283201900408,3.9384,,3.0,,,,4.667,0.0,0.0,,0.0,0.0,0.0,0.0,N,,,,,For profit - Corporation,114.0,99.6,NHC HEALTHCARE-SMITHVILLE LLC,,,"NHC HEALTHCARE, SMITHVILLE",,,,,2019-11-01,1,1,0,0,1,1,0,0
gold_main_v2,control,control_v2,445116,"NHC HEALTHCARE, SMITHVILLE",TN,2020,0,,,,,,,,,,,72.3388202764977,4.0,7.09420737327189,4.0,0,,,,,,,2016.0,2023.0,control_weighted_pseudocohort,5.0,1,0,1,1,1,0,0,0,1.0,1.0,11.0,3.0,9.0,366.0,95.57817725752508,15811.0,145175.25,0.4550926595805839,4.164989497289066,4.17443,3.0,2.0,5.0,5.0,5.0,1.333,0.0,0.0,,0.0,0.0,0.0,0.0,N,,,,,For profit - Corporation,114.0,98.5,NHC HEALTHCARE-SMITHVILLE LLC,,,"NHC HEALTHCARE, SMITHVILLE",,,,,2020-11-01,1,1,1,0,1,1,1,0
gold_main_v2,control,control_v2,445116,"NHC HEALTHCARE, SMITHVILLE",TN,2021,0,,,,,,,,,,,72.3388202764977,4.0,7.09420737327189,4.0,0,,,,,,,2016.0,2023.0,control_weighted_pseudocohort,5.0,1,0,1,1,1,0,0,0,1.0,1.0,11.0,3.0,9.0,365.0,82.55316199500982,16571.35,108770.11,0.5491937026466938,3.624783310452395,3.53501,3.0,3.0,5.0,5.0,3.0,1.333,1.0,0.0,0.0,0.0,0.0,0.0,0.0,N,,,,,For profit - Corporation,114.0,80.3,NHC HEALTHCARE-SMITHVILLE LLC,,,"NHC HEALTHCARE, SMITHVILLE",,,,,2021-11-01,1,1,1,0,1,1,1,0
gold_main_v2,control,control_v2,445116,"NHC HEALTHCARE, SMITHVILLE",TN,2022,0,,,,,,,,,,,72.3388202764977,4.0,7.09420737327189,4.0,0,False,False,False,False,False,False,2016.0,2023.0,control_weighted_pseudocohort,5.0,1,0,1,1,1,1,0,1,1.0,1.0,11.0,3.0,9.0,365.0,82.03570300472475,15905.57,111299.61,0.531579233109857,3.717315621613796,3.63512,3.0,,5.0,5.0,4.0,3.333,0.0,1.0,0.0,0.0,0.0,0.0,0.0,N,,,,,For profit - Corporation,114.0,82.5,NHC HEALTHCARE-SMITHVILLE LLC,,,"NHC HEALTHCARE, SMITHVILLE",,,,,2022-11-01,1,1,1,0,1,1,1,0
gold_main_v2,control,control_v2,445116,"NHC HEALTHCARE, SMITHVILLE",TN,2023,0,,,,,,,,,,,72.3388202764977,4.0,7.09420737327189,4.0,0,False,False,False,False,False,False,2016.0,2023.0,control_weighted_pseudocohort,5.0,1,1,1,1,1,1,0,1,1.0,1.0,11.0,3.0,9.0,365.0,83.30016589690503,16421.25,110378.88,0.5404028505840283,3.6333935440015104,3.55745,4.0,,5.0,5.0,3.0,2.667,0.0,1.0,0.0,0.0,0.0,0.0,0.0,N,99.0,73.0,7.0,0.7373737373737373,For profit - Corporation,114.0,85.5,NHC HEALTHCARE-SMITHVILLE LLC,NATIONAL HEALTHCARE CORPORATION,364.0,"NHC HEALTHCARE, SMITHVILLE",TN,,,,2023-11-01,1,1,1,1,1,1,1,1
gold_main_v2,control,control_v2,445116,"NHC HEALTHCARE, SMITHVILLE",TN,2024,0,,,,,,,,,,,72.3388202764977,4.0,7.09420737327189,4.0,0,False,False,False,False,False,False,2016.0,2023.0,control_weighted_pseudocohort,5.0,1,1,1,1,1,1,0,1,1.0,1.0,11.0,3.0,9.0,366.0,78.65772814142379,16377.0,108312.5,0.5691772495129901,3.771212647175639,3.86336,4.0,,1.0,1.0,3.0,120.000,6.0,1.0,,1.0,351555.0,1.0,2.0,N,99.0,73.0,7.0,0.7373737373737373,For profit - Corporation,114.0,76.8,NHC HEALTHCARE-SMITHVILLE LLC,NATIONAL HEALTHCARE CORPORATION,364.0,"NHC HEALTHCARE, SMITHVILLE",TN,,,,2024-11-01,1,1,1,1,1,1,1,1
gold_main_v2,control,control_v2,445116,"NHC HEALTHCARE, SMITHVILLE",TN,2025,0,,,,,,,,,,,72.3388202764977,4.0,7.09420737327189,4.0,0,False,True,False,True,False,False,2016.0,2023.0,control_weighted_pseudocohort,5.0,1,1,1,1,1,1,0,1,1.0,1.0,11.0,3.0,9.0,273.0,82.33601688166907,11309.5,84783.0,0.5025528714497866,3.7717235904126007,3.82198,3.0,,2.0,3.0,5.0,65.000,21.0,10.0,,1.0,228511.0,1.0,2.0,N,87.66666666666667,68.33333333333333,7.0,0.7823766116449044,For profit - Corporation,114.0,80.3,NHC HEALTHCARE-SMITHVILLE LLC,NATIONAL HEALTHCARE CORPORATION,364.0,"NHC HEALTHCARE, SMITHVILLE",TN,,,,2025-11-01,1,1,1,1,1,1,1,1
gold_main_v2,control,control_v2,445116,"NHC HEALTHCARE, SMITHVILLE",TN,2026,0,,,,,,,,,,,72.3388202764977,4.0,7.09420737327189,4.0,0,False,True,False,True,False,False,2016.0,2023.0,control_weighted_pseudocohort,5.0,1,0,0,1,1,1,0,1,1.0,1.0,11.0,3.0,9.0,,,,,,,3.82982,3.0,,2.0,3.0,5.0,65.000,,,,1.0,228511.0,1.0,2.0,N,,,,,For profit - Corporation,114.0,84.5,NHC HEALTHCARE-SMITHVILLE LLC,NATIONAL HEALTHCARE CORPORATION,364.0,"NHC HEALTHCARE, SMITHVILLE",TN,,,,2026-03-01,0,1,1,0,0,1,1,0
gold_main_v2,control,control_v2,445117,"NHC HEALTHCARE, SCOTT",TN,2016,0,,,,,,,,,,,6.3450576036866355,4.0,47.33057603686636,4.0,1,,,,,,,2016.0,2023.0,control_weighted_pseudocohort,5.0,1,0,0,1,1,0,0,0,1.0,1.0,11.0,3.0,9.0,,,,,,,4.59887,4.0,5.0,4.0,5.0,5.0,12.000,0.0,0.0,,0.0,0.0,0.0,0.0,N,,,,,For profit - Corporation,60.0,44.0,NHC HEALTHCARE-SCOTT LLC,,,"NHC HEALTHCARE, SCOTT",,,,,,0,1,1,0,0,1,1,0
gold_main_v2,control,control_v2,445117,"NHC HEALTHCARE, SCOTT",TN,2017,0,,,,,,,,,,,6.3450576036866355,4.0,47.33057603686636,4.0,1,,,,,,,2016.0,2023.0,control_weighted_pseudocohort,5.0,1,0,1,1,1,0,0,0,1.0,1.0,11.0,3.0,9.0,365.0,50.36459237673779,18087.0,74854.5,0.9889140437483674,4.078398251278824,4.15834,3.0,4.0,4.0,4.0,3.0,9.333,0.0,0.0,,0.0,0.0,0.0,0.0,N,,,,,For profit - Corporation,60.0,54.0,NHC HEALTHCARE-SCOTT LLC,,,"NHC HEALTHCARE, SCOTT",,,,,2017-12-01,1,1,1,0,1,1,1,0
gold_main_v2,control,control_v2,445117,"NHC HEALTHCARE, SCOTT",TN,2018,0,,,,,,,,,,,6.3450576036866355,4.0,47.33057603686636,4.0,1,,,,,,,2016.0,2023.0,control_weighted_pseudocohort,5.0,1,0,1,1,1,0,0,0,1.0,1.0,11.0,3.0,9.0,365.0,50.89069583797845,19384.75,75344.75,1.0501346502027455,4.075421901247998,4.22707,,5.0,,,,8.000,0.0,0.0,,0.0,0.0,0.0,0.0,N,,,,,For profit - Corporation,60.0,48.2,NHC HEALTHCARE-SCOTT LLC,,,"NHC HEALTHCARE, SCOTT",,,,,2018-12-01,1,1,0,0,1,1,0,0
gold_main_v2,control,control_v2,445117,"NHC HEALTHCARE, SCOTT",TN,2019,0,,,,,,,,,,,6.3450576036866355,4.0,47.33057603686636,4.0,1,,,,,,,2016.0,2023.0,control_weighted_pseudocohort,5.0,1,0,1,1,1,0,0,0,1.0,1.0,11.0,3.0,9.0,365.0,51.911866937410416,18002.0,78242.5,0.9562745539394946,4.151417166752492,4.00585,,4.0,,,,8.667,0.0,0.0,,0.0,0.0,0.0,0.0,N,,,,,For profit - Corporation,60.0,54.0,NHC HEALTHCARE-SCOTT LLC,,,"NHC HEALTHCARE, SCOTT",,,,,2019-11-01,1,1,0,0,1,1,0,0
gold_main_v2,control,control_v2,445117,"NHC HEALTHCARE, SCOTT",TN,2020,0,,,,,,,,,,,6.3450576036866355,4.0,47.33057603686636,4.0,1,,,,,,,2016.0,2023.0,control_weighted_pseudocohort,5.0,1,0,1,1,1,0,0,0,1.0,1.0,11.0,3.0,9.0,366.0,48.1389751552795,18931.0,75100.0,1.09759152544386,4.323459208174106,4.76017,5.0,5.0,4.0,5.0,5.0,8.667,0.0,0.0,,0.0,0.0,0.0,0.0,N,,,,,For profit - Corporation,60.0,38.9,NHC HEALTHCARE-SCOTT LLC,,,"NHC HEALTHCARE, SCOTT",,,,,2020-11-01,1,1,1,0,1,1,1,0
gold_main_v2,control,control_v2,445117,"NHC HEALTHCARE, SCOTT",TN,2021,0,,,,,,,,,,,6.3450576036866355,4.0,47.33057603686636,4.0,1,,,,,,,2016.0,2023.0,control_weighted_pseudocohort,5.0,1,0,1,1,1,0,0,0,1.0,1.0,11.0,3.0,9.0,365.0,54.31992222753093,14158.35,77098.51999999999,0.7167355102234796,3.904346863192268,3.81102,4.0,4.0,4.0,5.0,5.0,8.667,0.0,0.0,0.0,0.0,0.0,0.0,0.0,N,,,,,For profit - Corporation,60.0,56.2,NHC HEALTHCARE-SCOTT LLC,,,"NHC HEALTHCARE, SCOTT",,,,,2021-11-01,1,1,1,0,1,1,1,0
gold_main_v2,control,control_v2,445117,"NHC HEALTHCARE, SCOTT",TN,2022,0,,,,,,,,,,,6.3450576036866355,4.0,47.33057603686636,4.0,1,False,False,False,False,False,False,2016.0,2023.0,control_weighted_pseudocohort,5.0,1,0,1,1,1,1,0,1,1.0,1.0,11.0,3.0,9.0,365.0,54.74979760577587,19291.75,76948.63,0.971071837412524,3.859848604051257,3.7625,4.0,,4.0,4.0,4.0,13.333,0.0,0.0,0.0,1.0,6500.0,0.0,1.0,N,,,,,For profit - Individual,49.0,55.7,NHC HEALTHCARE-SCOTT LLC,,,"NHC HEALTHCARE, SCOTT",,,,,2022-11-01,1,1,1,0,1,1,1,0
gold_main_v2,control,control_v2,445117,"NHC HEALTHCARE, SCOTT",TN,2023,0,,,,,,,,,,,6.3450576036866355,4.0,47.33057603686636,4.0,1,False,False,False,False,False,False,2016.0,2023.0,control_weighted_pseudocohort,5.0,1,1,1,1,1,1,0,1,1.0,1.0,11.0,3.0,9.0,365.0,55.388991744970006,21325.25,77278.25,1.0562885586538229,3.8307922800642986,3.85294,4.0,,4.0,4.0,4.0,13.333,0.0,0.0,0.0,1.0,6500.0,0.0,1.0,N,56.0,12.0,28.0,0.2142857142857142,For profit - Individual,49.0,55.6,NHC HEALTHCARE-SCOTT LLC,NATIONAL HEALTHCARE CORPORATION,364.0,"NHC HEALTHCARE, SCOTT",TN,,,,2023-11-01,1,1,1,1,1,1,1,1
gold_main_v2,control,control_v2,445117,"NHC HEALTHCARE, SCOTT",TN,2024,0,,,,,,,,,,,6.3450576036866355,4.0,47.33057603686636,4.0,1,False,False,False,False,False,False,2016.0,2023.0,control_weighted_pseudocohort,5.0,1,1,1,1,1,1,0,1,1.0,1.0,11.0,3.0,9.0,366.0,54.33083492594362,15535.0,76521.25,0.7827163006172839,3.85654843666616,3.87741,3.0,,4.0,4.0,2.0,14.667,0.0,1.0,,1.0,6500.0,0.0,1.0,N,56.0,12.0,28.0,0.2142857142857142,For profit - Individual,49.0,53.0,NHC HEALTHCARE-SCOTT LLC,NATIONAL HEALTHCARE CORPORATION,364.0,"NHC HEALTHCARE, SCOTT",TN,,,,2024-11-01,1,1,1,1,1,1,1,1
gold_main_v2,control,control_v2,445117,"NHC HEALTHCARE, SCOTT",TN,2025,0,,,,,,,,,,,6.3450576036866355,4.0,47.33057603686636,4.0,1,False,True,False,True,False,False,2016.0,2023.0,control_weighted_pseudocohort,5.0,1,1,1,1,1,1,0,1,1.0,1.0,11.0,3.0,9.0,273.0,53.71857072074463,13542.25,57749.75,0.9241531530823625,3.9450796088105857,4.05946,4.0,,4.0,5.0,5.0,16.000,0.0,9.0,,0.0,0.0,0.0,0.0,N,56.0,12.0,28.0,0.2142857142857142,For profit - Individual,49.0,51.7,NHC HEALTHCARE-SCOTT LLC,NATIONAL HEALTHCARE CORPORATION,364.0,"NHC HEALTHCARE, SCOTT",TN,,,,2025-11-01,1,1,1,1,1,1,1,1
gold_main_v2,control,control_v2,445117,"NHC HEALTHCARE, SCOTT",TN,2026,0,,,,,,,,,,,6.3450576036866355,4.0,47.33057603686636,4.0,1,False,True,False,True,False,False,2016.0,2023.0,control_weighted_pseudocohort,5.0,1,0,0,1,1,1,0,1,1.0,1.0,11.0,3.0,9.0,,,,,,,3.91645,3.0,,4.0,5.0,5.0,16.000,,,,0.0,0.0,0.0,0.0,N,,,,,For profit - Individual,49.0,54.6,NHC HEALTHCARE-SCOTT LLC,NATIONAL HEALTHCARE CORPORATION,364.0,"NHC HEALTHCARE, SCOTT",TN,,,,2026-03-01,0,1,1,0,0,1,1,0
gold_main_v2,control,control_v2,445119,"NHC HEALTHCARE, SOMERVILLE",TN,2016,0,,,,,,,,,,,69.42238479262673,4.0,12.249006912442397,4.0,0,,,,,,,2016.0,2023.0,control_weighted_pseudocohort,5.0,1,0,0,1,1,0,0,0,1.0,1.0,11.0,3.0,9.0,,,,,,,3.73055,3.0,4.0,3.0,4.0,5.0,24.667,0.0,0.0,,0.0,0.0,0.0,0.0,N,,,,,For profit - Corporation,72.0,72.0,NHC HEALTHCARE-SOMERVILLE LLC,,,"NHC HEALTHCARE, SOMERVILLE",,,,,,0,1,1,0,0,1,1,0
gold_main_v2,control,control_v2,445119,"NHC HEALTHCARE, SOMERVILLE",TN,2017,0,,,,,,,,,,,69.42238479262673,4.0,12.249006912442397,4.0,0,,,,,,,2016.0,2023.0,control_weighted_pseudocohort,5.0,1,0,1,1,1,0,0,0,1.0,1.0,11.0,3.0,9.0,365.0,68.80715679248289,19025.5,96507.25,0.7595277230989792,3.846443360978611,3.82676,3.0,4.0,3.0,4.0,5.0,24.000,0.0,0.0,,0.0,0.0,0.0,0.0,N,,,,,For profit - Corporation,72.0,71.0,NHC HEALTHCARE-SOMERVILLE LLC,,,"NHC HEALTHCARE, SOMERVILLE",,,,,2017-12-01,1,1,1,0,1,1,1,0
gold_main_v2,control,control_v2,445119,"NHC HEALTHCARE, SOMERVILLE",TN,2018,0,,,,,,,,,,,69.42238479262673,4.0,12.249006912442397,4.0,0,,,,,,,2016.0,2023.0,control_weighted_pseudocohort,5.0,1,0,1,1,1,0,0,0,1.0,1.0,11.0,3.0,9.0,365.0,69.38499429314646,18823.0,101255.0,0.7435428852706654,4.001443376211544,4.16446,,5.0,,,,24.800,0.0,0.0,,0.0,0.0,0.0,0.0,N,,,,,For profit - Corporation,72.0,69.0,NHC HEALTHCARE-SOMERVILLE LLC,,,"NHC HEALTHCARE, SOMERVILLE",,,,,2018-12-01,1,1,0,0,1,1,0,0
gold_main_v2,control,control_v2,445119,"NHC HEALTHCARE, SOMERVILLE",TN,2019,0,,,,,,,,,,,69.42238479262673,4.0,12.249006912442397,4.0,0,,,,,,,2016.0,2023.0,control_weighted_pseudocohort,5.0,1,0,1,1,1,0,0,0,1.0,1.0,11.0,3.0,9.0,365.0,70.11295986622073,19026.5,99998.75,0.7433349573643879,3.9082990665781208,3.71386,,4.0,,,,14.000,0.0,0.0,,0.0,0.0,0.0,0.0,N,,,,,For profit - Limited Liability company,72.0,70.8,NHC HEALTHCARE-SOMERVILLE LLC,,,"NHC HEALTHCARE, SOMERVILLE",,,,,2019-11-01,1,1,0,0,1,1,0,0
gold_main_v2,control,control_v2,445119,"NHC HEALTHCARE, SOMERVILLE",TN,2020,0,,,,,,,,,,,69.42238479262673,4.0,12.249006912442397,4.0,0,,,,,,,2016.0,2023.0,control_weighted_pseudocohort,5.0,1,0,1,1,1,0,0,0,1.0,1.0,11.0,3.0,9.0,366.0,64.94547300525561,22064.25,101988.12,0.9318204440502398,4.306465281373726,4.26079,5.0,5.0,3.0,5.0,5.0,14.000,0.0,0.0,,0.0,0.0,0.0,0.0,N,,,,,For profit - Limited Liability company,72.0,66.2,NHC HEALTHCARE-SOMERVILLE LLC,,,"NHC HEALTHCARE, SOMERVILLE",,,,,2020-11-01,1,1,1,0,1,1,1,0
gold_main_v2,control,control_v2,445119,"NHC HEALTHCARE, SOMERVILLE",TN,2021,0,,,,,,,,,,,69.42238479262673,4.0,12.249006912442397,4.0,0,,,,,,,2016.0,2023.0,control_weighted_pseudocohort,5.0,1,0,1,1,1,0,0,0,1.0,1.0,11.0,3.0,9.0,365.0,67.6645591123852,22665.93,96217.14,0.9263056234340652,3.908892413396607,3.88768,5.0,5.0,3.0,4.0,4.0,14.000,0.0,0.0,0.0,0.0,0.0,0.0,0.0,N,,,,,For profit - Limited Liability company,72.0,67.8,NHC HEALTHCARE-SOMERVILLE LLC,,,"NHC HEALTHCARE, SOMERVILLE",,,,,2021-11-01,1,1,1,0,1,1,1,0
gold_main_v2,control,control_v2,445119,"NHC HEALTHCARE, SOMERVILLE",TN,2022,0,,,,,,,,,,,69.42238479262673,4.0,12.249006912442397,4.0,0,False,False,False,False,False,False,2016.0,2023.0,control_weighted_pseudocohort,5.0,1,0,1,1,1,1,0,1,1.0,1.0,11.0,3.0,9.0,365.0,69.4815177576047,23978.25,100686.68,0.9453766134515074,3.968780730280481,4.05793,4.0,,4.0,4.0,4.0,8.000,0.0,0.0,0.0,0.0,0.0,0.0,0.0,N,,,,,For profit - Corporation,72.0,70.1,NHC HEALTHCARE-SOMERVILLE LLC,,,"NHC HEALTHCARE, SOMERVILLE",,,,,2022-11-01,1,1,1,0,1,1,1,0
gold_main_v2,control,control_v2,445119,"NHC HEALTHCARE, SOMERVILLE",TN,2023,0,,,,,,,,,,,69.42238479262673,4.0,12.249006912442397,4.0,0,False,False,False,False,False,False,2016.0,2023.0,control_weighted_pseudocohort,5.0,1,1,1,1,1,1,0,1,1.0,1.0,11.0,3.0,9.0,365.0,68.8566955990869,21068.25,97753.25,0.8395442752093477,3.8913517521151135,3.87081,5.0,,4.0,5.0,4.0,8.000,0.0,0.0,0.0,0.0,0.0,0.0,0.0,N,69.0,53.0,9.0,0.7681159420289855,For profit - Corporation,72.0,69.2,NHC HEALTHCARE-SOMERVILLE LLC,NATIONAL HEALTHCARE CORPORATION,364.0,"NHC HEALTHCARE, SOMERVILLE",TN,,,,2023-11-01,1,1,1,1,1,1,1,1
gold_main_v2,control,control_v2,445119,"NHC HEALTHCARE, SOMERVILLE",TN,2024,0,,,,,,,,,,,69.42238479262673,4.0,12.249006912442397,4.0,0,False,False,False,False,False,False,2016.0,2023.0,control_weighted_pseudocohort,5.0,1,1,1,1,1,1,0,1,1.0,1.0,11.0,3.0,9.0,366.0,70.00253822264692,16768.25,107398.25,0.6548261985880693,4.194213201777614,4.4017,4.0,,4.0,5.0,5.0,8.000,0.0,0.0,,0.0,0.0,0.0,0.0,N,69.0,53.0,9.0,0.7681159420289855,For profit - Corporation,72.0,70.1,NHC HEALTHCARE-SOMERVILLE LLC,NATIONAL HEALTHCARE CORPORATION,364.0,"NHC HEALTHCARE, SOMERVILLE",TN,,,,2024-11-01,1,1,1,1,1,1,1,1
gold_main_v2,control,control_v2,445119,"NHC HEALTHCARE, SOMERVILLE",TN,2025,0,,,,,,,,,,,69.42238479262673,4.0,12.249006912442397,4.0,0,False,True,False,True,False,False,2016.0,2023.0,control_weighted_pseudocohort,5.0,1,1,1,1,1,1,0,1,1.0,1.0,11.0,3.0,9.0,273.0,69.66823804215109,12595.5,73947.75,0.663283692828971,3.888373784217346,3.79998,4.0,,5.0,5.0,5.0,6.000,0.0,0.0,,0.0,0.0,0.0,0.0,N,69.0,53.0,9.0,0.7681159420289855,For profit - Corporation,72.0,71.0,NHC HEALTHCARE-SOMERVILLE LLC,NATIONAL HEALTHCARE CORPORATION,364.0,"NHC HEALTHCARE, SOMERVILLE",TN,,,,2025-11-01,1,1,1,1,1,1,1,1
gold_main_v2,control,control_v2,445119,"NHC HEALTHCARE, SOMERVILLE",TN,2026,0,,,,,,,,,,,69.42238479262673,4.0,12.249006912442397,4.0,0,False,True,False,True,False,False,2016.0,2023.0,control_weighted_pseudocohort,5.0,1,0,0,1,1,1,0,1,1.0,1.0,11.0,3.0,9.0,,,,,,,4.02153,4.0,,5.0,5.0,5.0,6.000,,,,0.0,0.0,0.0,0.0,N,,,,,For profit - Corporation,72.0,69.3,NHC HEALTHCARE-SOMERVILLE LLC,NATIONAL HEALTHCARE CORPORATION,364.0,"NHC HEALTHCARE, SOMERVILLE",TN,,,,2026-03-01,0,1,1,0,0,1,1,0
gold_main_v2,control,control_v2,445126,"NHC HEALTHCARE, SEQUATCHIE",TN,2016,0,,,,,,,,,,,65.51393548387097,4.0,12.524797235023042,4.0,0,,,,,,,2016.0,2023.0,control_weighted_pseudocohort,5.0,1,0,0,1,1,0,0,0,1.0,1.0,11.0,3.0,9.0,,,,,,,3.83618,3.0,3.0,3.0,3.0,3.0,23.333,0.0,1.0,,0.0,0.0,0.0,0.0,N,,,,,For profit - Corporation,110.0,94.0,NHC HEALTHCARE-SEQUATCHIE LLC,,,"NHC HEALTHCARE, SEQUATCHIE",,,,,,0,1,1,0,0,1,1,0
gold_main_v2,control,control_v2,445126,"NHC HEALTHCARE, SEQUATCHIE",TN,2017,0,,,,,,,,,,,65.51393548387097,4.0,12.524797235023042,4.0,0,,,,,,,2016.0,2023.0,control_weighted_pseudocohort,5.0,1,0,1,1,1,0,0,0,1.0,1.0,11.0,3.0,9.0,365.0,87.47308554971599,16149.25,119981.5,0.5075169681729208,3.7636169283493945,3.73424,3.0,4.0,4.0,5.0,5.0,8.000,0.0,1.0,,0.0,0.0,0.0,0.0,N,,,,,For profit - Corporation,110.0,92.0,NHC HEALTHCARE-SEQUATCHIE LLC,,,"NHC HEALTHCARE, SEQUATCHIE",,,,,2017-12-01,1,1,1,0,1,1,1,0
gold_main_v2,control,control_v2,445126,"NHC HEALTHCARE, SEQUATCHIE",TN,2018,0,,,,,,,,,,,65.51393548387097,4.0,12.524797235023042,4.0,0,,,,,,,2016.0,2023.0,control_weighted_pseudocohort,5.0,1,0,1,1,1,0,0,0,1.0,1.0,11.0,3.0,9.0,365.0,94.13865265169612,15724.0,129379.25,0.4575241026416857,3.768114497699177,3.80915,,3.0,,,,6.400,1.0,0.0,,0.0,0.0,0.0,0.0,N,,,,,For profit - Corporation,110.0,95.8,NHC HEALTHCARE-SEQUATCHIE LLC,,,"NHC HEALTHCARE, SEQUATCHIE",,,,,2018-12-01,1,1,0,0,1,1,0,0
gold_main_v2,control,control_v2,445126,"NHC HEALTHCARE, SEQUATCHIE",TN,2019,0,,,,,,,,,,,65.51393548387097,4.0,12.524797235023042,4.0,0,,,,,,,2016.0,2023.0,control_weighted_pseudocohort,5.0,1,0,1,1,1,0,0,0,1.0,1.0,11.0,3.0,9.0,365.0,94.29202234963104,13354.5,135227.25,0.3890762542361448,3.9383933717181527,3.91537,,2.0,,,,3.333,1.0,0.0,,0.0,0.0,0.0,0.0,N,,,,,For profit - Corporation,110.0,91.2,NHC HEALTHCARE-SEQUATCHIE LLC,,,"NHC HEALTHCARE, SEQUATCHIE",,,,,2019-11-01,1,1,0,0,1,1,0,0
gold_main_v2,control,control_v2,445126,"NHC HEALTHCARE, SEQUATCHIE",TN,2020,0,,,,,,,,,,,65.51393548387097,4.0,12.524797235023042,4.0,0,,,,,,,2016.0,2023.0,control_weighted_pseudocohort,5.0,1,0,1,1,1,0,0,0,1.0,1.0,11.0,3.0,9.0,366.0,87.84860248447205,15485.75,132830.59,0.4868840102003653,4.146234693887587,4.21903,4.0,3.0,5.0,5.0,5.0,1.333,1.0,0.0,,0.0,0.0,0.0,0.0,N,,,,,For profit - Corporation,110.0,89.8,NHC HEALTHCARE-SEQUATCHIE LLC,,,"NHC HEALTHCARE, SEQUATCHIE",,,,,2020-11-01,1,1,1,0,1,1,1,0
gold_main_v2,control,control_v2,445126,"NHC HEALTHCARE, SEQUATCHIE",TN,2021,0,,,,,,,,,,,65.51393548387097,4.0,12.524797235023042,4.0,0,,,,,,,2016.0,2023.0,control_weighted_pseudocohort,5.0,1,0,1,1,1,0,0,0,1.0,1.0,11.0,3.0,9.0,365.0,87.68198625046452,19071.5,128404.51,0.6009249278778053,4.036029344854445,3.96534,4.0,4.0,5.0,5.0,5.0,1.333,0.0,0.0,0.0,0.0,0.0,0.0,0.0,N,,,,,For profit - Corporation,110.0,88.6,NHC HEALTHCARE-SEQUATCHIE LLC,,,"NHC HEALTHCARE, SEQUATCHIE",,,,,2021-11-01,1,1,1,0,1,1,1,0
gold_main_v2,control,control_v2,445126,"NHC HEALTHCARE, SEQUATCHIE",TN,2022,0,,,,,,,,,,,65.51393548387097,4.0,12.524797235023042,4.0,0,False,False,False,False,False,False,2016.0,2023.0,control_weighted_pseudocohort,5.0,1,0,1,1,1,1,0,1,1.0,1.0,11.0,3.0,9.0,365.0,91.0065170940171,19072.5,129078.28,0.5745589041579723,3.8907155121899457,3.93644,4.0,,5.0,5.0,5.0,1.333,0.0,0.0,0.0,0.0,0.0,0.0,0.0,N,,,,,For profit - Corporation,110.0,92.2,NHC HEALTHCARE-SEQUATCHIE LLC,,,"NHC HEALTHCARE, SEQUATCHIE",,,,,2022-11-01,1,1,1,0,1,1,1,0
gold_main_v2,control,control_v2,445126,"NHC HEALTHCARE, SEQUATCHIE",TN,2023,0,,,,,,,,,,,65.51393548387097,4.0,12.524797235023042,4.0,0,False,False,False,False,False,False,2016.0,2023.0,control_weighted_pseudocohort,5.0,1,1,1,1,1,1,0,1,1.0,1.0,11.0,3.0,9.0,365.0,89.1173906407602,17622.0,123427.25,0.5416989729041285,3.803462602784072,3.76273,3.0,,3.0,3.0,4.0,18.000,0.0,0.0,0.0,0.0,0.0,0.0,0.0,N,90.0,43.0,6.0,0.4777777777777778,For profit - Corporation,110.0,90.0,NHC HEALTHCARE-SEQUATCHIE LLC,NATIONAL HEALTHCARE CORPORATION,364.0,"NHC HEALTHCARE, SEQUATCHIE",TN,,,,2023-11-01,1,1,1,1,1,1,1,1
gold_main_v2,control,control_v2,445126,"NHC HEALTHCARE, SEQUATCHIE",TN,2024,0,,,,,,,,,,,65.51393548387097,4.0,12.524797235023042,4.0,0,False,False,False,False,False,False,2016.0,2023.0,control_weighted_pseudocohort,5.0,1,1,1,1,1,1,0,1,1.0,1.0,11.0,3.0,9.0,366.0,84.57438485427616,15866.25,125562.0,0.5159343713700925,4.075050269157715,4.18117,3.0,,3.0,3.0,2.0,18.000,0.0,0.0,,0.0,0.0,0.0,0.0,N,90.0,43.0,6.0,0.4777777777777778,For profit - Corporation,110.0,79.0,NHC HEALTHCARE-SEQUATCHIE LLC,NATIONAL HEALTHCARE CORPORATION,364.0,"NHC HEALTHCARE, SEQUATCHIE",TN,,,,2024-11-01,1,1,1,1,1,1,1,1
gold_main_v2,control,control_v2,445126,"NHC HEALTHCARE, SEQUATCHIE",TN,2025,0,,,,,,,,,,,65.51393548387097,4.0,12.524797235023042,4.0,0,False,True,False,True,False,False,2016.0,2023.0,control_weighted_pseudocohort,5.0,1,1,1,1,1,1,0,1,1.0,1.0,11.0,3.0,9.0,273.0,89.43402169489127,8694.5,97053.25,0.3568273882034871,3.9833715354270858,3.92365,3.0,,3.0,4.0,5.0,27.000,0.0,0.0,,0.0,0.0,0.0,0.0,N,90.0,43.0,6.0,0.4777777777777778,For profit - Corporation,110.0,86.9,NHC HEALTHCARE-SEQUATCHIE LLC,NATIONAL HEALTHCARE CORPORATION,364.0,"NHC HEALTHCARE, SEQUATCHIE",TN,,,,2025-11-01,1,1,1,1,1,1,1,1
gold_main_v2,control,control_v2,445126,"NHC HEALTHCARE, SEQUATCHIE",TN,2026,0,,,,,,,,,,,65.51393548387097,4.0,12.524797235023042,4.0,0,False,True,False,True,False,False,2016.0,2023.0,control_weighted_pseudocohort,5.0,1,0,0,1,1,1,0,1,1.0,1.0,11.0,3.0,9.0,,,,,,,3.80906,2.0,,3.0,4.0,5.0,27.000,,,,0.0,0.0,0.0,0.0,N,,,,,For profit - Corporation,110.0,94.0,NHC HEALTHCARE-SEQUATCHIE LLC,NATIONAL HEALTHCARE CORPORATION,364.0,"NHC HEALTHCARE, SEQUATCHIE",TN,,,,2026-03-01,0,1,1,0,0,1,1,0
gold_main_v2,control,control_v2,445127,"NHC HEALTHCARE, FRANKLIN",TN,2016,0,,,,,,,,,,,48.58154377880184,4.0,25.03403686635945,4.0,1,,,,,,,2016.0,2023.0,control_weighted_pseudocohort,5.0,1,0,0,1,1,0,0,0,1.0,1.0,11.0,3.0,9.0,,,,,,,3.97192,3.0,5.0,4.0,5.0,5.0,18.667,0.0,0.0,,0.0,0.0,0.0,0.0,N,,,,,For profit - Corporation,80.0,73.0,NHC HEALTHCARE-FRANKLIN LLC,,,"NHC HEALTHCARE, FRANKLIN",,,,,,0,1,1,0,0,1,1,0
gold_main_v2,control,control_v2,445127,"NHC HEALTHCARE, FRANKLIN",TN,2017,0,,,,,,,,,,,48.58154377880184,4.0,25.03403686635945,4.0,1,,,,,,,2016.0,2023.0,control_weighted_pseudocohort,5.0,1,0,1,1,1,0,0,0,1.0,1.0,11.0,3.0,9.0,365.0,73.81907947125339,18038.25,91264.0,0.672892116045563,3.395694920602689,4.02817,4.0,4.0,3.0,5.0,5.0,23.333,0.0,0.0,,0.0,0.0,0.0,0.0,N,,,,,For profit - Corporation,80.0,71.0,NHC HEALTHCARE-FRANKLIN LLC,,,"NHC HEALTHCARE, FRANKLIN",,,,,2017-12-01,1,1,1,0,1,1,1,0
gold_main_v2,control,control_v2,445127,"NHC HEALTHCARE, FRANKLIN",TN,2018,0,,,,,,,,,,,48.58154377880184,4.0,25.03403686635945,4.0,1,,,,,,,2016.0,2023.0,control_weighted_pseudocohort,5.0,1,0,1,1,1,0,0,0,1.0,1.0,11.0,3.0,9.0,365.0,74.45527618516749,14524.0,93536.75,0.5345391426279432,3.442024736999789,3.26687,,3.0,,,,27.200,1.0,1.0,,0.0,0.0,0.0,0.0,N,,,,,For profit - Corporation,80.0,74.3,NHC HEALTHCARE-FRANKLIN LLC,,,"NHC HEALTHCARE, FRANKLIN",,,,,2018-12-01,1,1,0,0,1,1,0,0
gold_main_v2,control,control_v2,445127,"NHC HEALTHCARE, FRANKLIN",TN,2019,0,,,,,,,,,,,48.58154377880184,4.0,25.03403686635945,4.0,1,,,,,,,2016.0,2023.0,control_weighted_pseudocohort,5.0,1,0,1,1,1,0,0,0,1.0,1.0,11.0,3.0,9.0,365.0,75.55064832510485,21599.5,100346.75,0.7825965330830786,3.6404330530050313,3.50076,,4.0,,,,12.667,1.0,1.0,,0.0,0.0,0.0,0.0,N,,,,,For profit - Corporation,80.0,75.5,NHC HEALTHCARE-FRANKLIN LLC,,,"NHC HEALTHCARE, FRANKLIN",,,,,2019-11-01,1,1,0,0,1,1,0,0
gold_main_v2,control,control_v2,445127,"NHC HEALTHCARE, FRANKLIN",TN,2020,0,,,,,,,,,,,48.58154377880184,4.0,25.03403686635945,4.0,1,,,,,,,2016.0,2023.0,control_weighted_pseudocohort,5.0,1,0,1,1,1,0,0,0,1.0,1.0,11.0,3.0,9.0,366.0,72.81217152412805,24383.5,98679.8,0.9227920834725366,3.7170061209249257,3.99608,5.0,5.0,4.0,5.0,4.0,5.333,0.0,0.0,,0.0,0.0,0.0,0.0,N,,,,,For profit - Corporation,80.0,63.1,NHC HEALTHCARE-FRANKLIN LLC,,,"NHC HEALTHCARE, FRANKLIN",,,,,2020-11-01,1,1,1,0,1,1,1,0
gold_main_v2,control,control_v2,445127,"NHC HEALTHCARE, FRANKLIN",TN,2021,0,,,,,,,,,,,48.58154377880184,4.0,25.03403686635945,4.0,1,,,,,,,2016.0,2023.0,control_weighted_pseudocohort,5.0,1,0,1,1,1,0,0,0,1.0,1.0,11.0,3.0,9.0,365.0,71.8696209587514,18787.72,97778.03,0.7180292492495854,3.731698790716767,3.51594,4.0,4.0,4.0,4.0,2.0,7.333,0.0,3.0,0.0,0.0,0.0,0.0,0.0,N,,,,,For profit - Corporation,80.0,75.2,NHC HEALTHCARE-FRANKLIN LLC,,,"NHC HEALTHCARE, FRANKLIN",,,,,2021-11-01,1,1,1,0,1,1,1,0
gold_main_v2,control,control_v2,445127,"NHC HEALTHCARE, FRANKLIN",TN,2022,0,,,,,,,,,,,48.58154377880184,4.0,25.03403686635945,4.0,1,False,False,False,False,False,False,2016.0,2023.0,control_weighted_pseudocohort,5.0,1,0,1,1,1,1,0,1,1.0,1.0,11.0,3.0,9.0,365.0,73.56910269682008,16829.07,111412.1,0.629529058909886,4.146282980931741,4.29134,2.0,,4.0,4.0,4.0,6.667,0.0,3.0,0.0,2.0,1625.0,0.0,2.0,N,,,,,For profit - Corporation,80.0,75.3,NHC HEALTHCARE-FRANKLIN LLC,,,"NHC HEALTHCARE, FRANKLIN",,,,,2022-11-01,1,1,1,0,1,1,1,0
gold_main_v2,control,control_v2,445127,"NHC HEALTHCARE, FRANKLIN",TN,2023,0,,,,,,,,,,,48.58154377880184,4.0,25.03403686635945,4.0,1,False,False,False,False,False,False,2016.0,2023.0,control_weighted_pseudocohort,5.0,1,1,1,1,1,1,0,1,1.0,1.0,11.0,3.0,9.0,365.0,71.687618782184,18091.5,101473.78,0.6950651756446673,3.881808876697633,3.89759,3.0,,4.0,4.0,3.0,14.667,0.0,3.0,0.0,2.0,1625.0,0.0,2.0,N,74.0,0.0,74.0,0.0,For profit - Limited Liability company,80.0,67.1,NHC HEALTHCARE-FRANKLIN LLC,NATIONAL HEALTHCARE CORPORATION,364.0,"NHC HEALTHCARE, FRANKLIN",TN,,,,2023-11-01,1,1,1,1,1,1,1,1
gold_main_v2,control,control_v2,445127,"NHC HEALTHCARE, FRANKLIN",TN,2024,0,,,,,,,,,,,48.58154377880184,4.0,25.03403686635945,4.0,1,False,False,False,False,False,False,2016.0,2023.0,control_weighted_pseudocohort,5.0,1,1,1,1,1,1,0,1,1.0,1.0,11.0,3.0,9.0,366.0,76.61926660296226,14491.5,91784.5,0.5146324952882374,3.268736653799782,3.0351,1.0,,4.0,3.0,3.0,14.000,0.0,0.0,,1.0,975.0,0.0,1.0,N,74.0,0.0,74.0,0.0,For profit - Limited Liability company,80.0,74.9,NHC HEALTHCARE-FRANKLIN LLC,NATIONAL HEALTHCARE CORPORATION,364.0,"NHC HEALTHCARE, FRANKLIN",TN,,,,2024-11-01,1,1,1,1,1,1,1,1
gold_main_v2,control,control_v2,445127,"NHC HEALTHCARE, FRANKLIN",TN,2025,0,,,,,,,,,,,48.58154377880184,4.0,25.03403686635945,4.0,1,False,True,False,True,False,False,2016.0,2023.0,control_weighted_pseudocohort,5.0,1,1,1,1,1,1,0,1,1.0,1.0,11.0,3.0,9.0,273.0,75.16679319070623,13781.75,73952.28,0.6722309447162905,3.607768707521835,3.50826,2.0,,4.0,4.0,4.0,18.000,0.0,0.0,,0.0,0.0,0.0,0.0,N,74.0,0.0,74.0,0.0,For profit - Limited Liability company,80.0,75.9,NHC HEALTHCARE-FRANKLIN LLC,NATIONAL HEALTHCARE CORPORATION,364.0,"NHC HEALTHCARE, FRANKLIN",TN,,,,2025-11-01,1,1,1,1,1,1,1,1
gold_main_v2,control,control_v2,445127,"NHC HEALTHCARE, FRANKLIN",TN,2026,0,,,,,,,,,,,48.58154377880184,4.0,25.03403686635945,4.0,1,False,True,False,True,False,False,2016.0,2023.0,control_weighted_pseudocohort,5.0,1,0,0,1,1,1,0,1,1.0,1.0,11.0,3.0,9.0,,,,,,,3.68896,3.0,,4.0,4.0,4.0,18.000,,,,1.0,96140.0,0.0,1.0,N,,,,,For profit - Limited Liability company,80.0,73.1,NHC HEALTHCARE-FRANKLIN LLC,NATIONAL HEALTHCARE CORPORATION,364.0,"NHC HEALTHCARE, FRANKLIN",TN,,,,2026-03-01,0,1,1,0,0,1,1,0
gold_main_v2,control,control_v2,445130,"NHC HEALTHCARE, SPARTA",TN,2016,0,,,,,,,,,,,66.03755069124425,4.0,14.50967281105991,4.0,0,,,,,,,2016.0,2023.0,control_weighted_pseudocohort,5.0,1,0,0,1,1,0,0,0,1.0,1.0,11.0,3.0,9.0,,,,,,,4.37703,3.0,2.0,3.0,3.0,2.0,21.333,0.0,0.0,,0.0,0.0,0.0,0.0,N,,,,,For profit - Partnership,105.0,74.0,NHC HEALTHCARE-SPARTA LLC,,,"NHC HEALTHCARE, SPARTA",,,,,,0,1,1,0,0,1,1,0
gold_main_v2,control,control_v2,445130,"NHC HEALTHCARE, SPARTA",TN,2017,0,,,,,,,,,,,66.03755069124425,4.0,14.50967281105991,4.0,0,,,,,,,2016.0,2023.0,control_weighted_pseudocohort,5.0,1,0,1,1,1,0,0,0,1.0,1.0,11.0,3.0,9.0,365.0,83.96663348728566,15440.5,123682.25,0.5040793530297069,4.038142320483085,4.32832,4.0,4.0,4.0,4.0,3.0,8.000,0.0,0.0,,0.0,0.0,0.0,0.0,N,,,,,For profit - Corporation,105.0,83.0,NHC HEALTHCARE-SPARTA LLC,,,"NHC HEALTHCARE, SPARTA",,,,,2017-12-01,1,1,1,0,1,1,1,0
gold_main_v2,control,control_v2,445130,"NHC HEALTHCARE, SPARTA",TN,2018,0,,,,,,,,,,,66.03755069124425,4.0,14.50967281105991,4.0,0,,,,,,,2016.0,2023.0,control_weighted_pseudocohort,5.0,1,0,1,1,1,0,0,0,1.0,1.0,11.0,3.0,9.0,365.0,84.3267160375856,15461.5,116900.75,0.5025858093013967,3.803146501485742,3.85328,,3.0,,,,5.600,1.0,0.0,,0.0,0.0,0.0,0.0,N,,,,,For profit - Corporation,90.0,82.2,NHC HEALTHCARE-SPARTA LLC,,,"NHC HEALTHCARE, SPARTA",,,,,2018-12-01,1,1,0,0,1,1,0,0
gold_main_v2,control,control_v2,445130,"NHC HEALTHCARE, SPARTA",TN,2019,0,,,,,,,,,,,66.03755069124425,4.0,14.50967281105991,4.0,0,,,,,,,2016.0,2023.0,control_weighted_pseudocohort,5.0,1,0,1,1,1,0,0,0,1.0,1.0,11.0,3.0,9.0,365.0,86.86214498062324,17461.0,122809.0,0.5516863995280221,3.8760036850164346,3.91017,,3.0,,,,10.667,0.0,0.0,,0.0,0.0,0.0,0.0,N,,,,,For profit - Corporation,90.0,85.8,NHC HEALTHCARE-SPARTA LLC,,,"NHC HEALTHCARE, SPARTA",,,,,2019-11-01,1,1,0,0,1,1,0,0
gold_main_v2,control,control_v2,445130,"NHC HEALTHCARE, SPARTA",TN,2020,0,,,,,,,,,,,66.03755069124425,4.0,14.50967281105991,4.0,0,,,,,,,2016.0,2023.0,control_weighted_pseudocohort,5.0,1,0,1,1,1,0,0,0,1.0,1.0,11.0,3.0,9.0,366.0,87.6444995222169,17749.0,118785.25,0.5532071432389654,3.7045527063081543,3.80613,4.0,4.0,4.0,4.0,3.0,8.000,0.0,0.0,,0.0,0.0,0.0,0.0,N,,,,,For profit - Corporation,90.0,86.8,NHC HEALTHCARE-SPARTA LLC,,,"NHC HEALTHCARE, SPARTA",,,,,2020-11-01,1,1,1,0,1,1,1,0
gold_main_v2,control,control_v2,445130,"NHC HEALTHCARE, SPARTA",TN,2021,0,,,,,,,,,,,66.03755069124425,4.0,14.50967281105991,4.0,0,,,,,,,2016.0,2023.0,control_weighted_pseudocohort,5.0,1,0,1,1,1,0,0,0,1.0,1.0,11.0,3.0,9.0,365.0,85.07558196634284,17010.86,119505.47,0.5532233219054825,3.8585076192397447,3.65425,3.0,3.0,4.0,4.0,4.0,10.000,2.0,0.0,1.0,0.0,0.0,0.0,0.0,N,,,,,For profit - Corporation,90.0,87.7,NHC HEALTHCARE-SPARTA LLC,,,"NHC HEALTHCARE, SPARTA",,,,,2021-11-01,1,1,1,0,1,1,1,0
gold_main_v2,control,control_v2,445130,"NHC HEALTHCARE, SPARTA",TN,2022,0,,,,,,,,,,,66.03755069124425,4.0,14.50967281105991,4.0,0,False,False,False,False,False,False,2016.0,2023.0,control_weighted_pseudocohort,5.0,1,0,1,1,1,1,0,1,1.0,1.0,11.0,3.0,9.0,365.0,87.6527817593035,16224.98,119830.61,0.5073421028867281,3.7468885668987366,3.84122,4.0,,4.0,4.0,3.0,9.333,1.0,0.0,1.0,0.0,0.0,0.0,0.0,N,,,,,For profit - Corporation,90.0,87.9,NHC HEALTHCARE-SPARTA LLC,,,"NHC HEALTHCARE, SPARTA",,,,,2022-11-01,1,1,1,0,1,1,1,0
gold_main_v2,control,control_v2,445130,"NHC HEALTHCARE, SPARTA",TN,2023,0,,,,,,,,,,,66.03755069124425,4.0,14.50967281105991,4.0,0,False,False,False,False,False,False,2016.0,2023.0,control_weighted_pseudocohort,5.0,1,1,1,1,1,1,0,1,1.0,1.0,11.0,3.0,9.0,365.0,91.79827201783723,21641.0,122327.75,0.6448202883651725,3.65345095831012,3.62377,4.0,,4.0,4.0,3.0,8.667,1.0,0.0,1.0,0.0,0.0,0.0,0.0,N,85.0,59.0,10.0,0.6941176470588235,For profit - Corporation,96.0,90.2,NHC HEALTHCARE-SPARTA LLC,NATIONAL HEALTHCARE CORPORATION,364.0,"NHC HEALTHCARE, SPARTA",TN,,,,2023-11-01,1,1,1,1,1,1,1,1
gold_main_v2,control,control_v2,445130,"NHC HEALTHCARE, SPARTA",TN,2024,0,,,,,,,,,,,66.03755069124425,4.0,14.50967281105991,4.0,0,False,False,False,False,False,False,2016.0,2023.0,control_weighted_pseudocohort,5.0,1,1,1,1,1,1,0,1,1.0,1.0,11.0,3.0,9.0,366.0,92.33934543717152,22834.75,127435.25,0.6759915076540279,3.772630951373249,3.66058,4.0,,5.0,5.0,4.0,6.000,0.0,0.0,,0.0,0.0,0.0,0.0,N,95.0,70.0,19.0,0.7368421052631579,For profit - Corporation,96.0,93.1,NHC HEALTHCARE-SPARTA LLC,NATIONAL HEALTHCARE CORPORATION,364.0,"NHC HEALTHCARE, SPARTA",TN,,,,2024-11-01,1,1,1,1,1,1,1,1
gold_main_v2,control,control_v2,445130,"NHC HEALTHCARE, SPARTA",TN,2025,0,,,,,,,,,,,66.03755069124425,4.0,14.50967281105991,4.0,0,False,True,False,True,False,False,2016.0,2023.0,control_weighted_pseudocohort,5.0,1,1,1,1,1,1,0,1,1.0,1.0,11.0,3.0,9.0,273.0,92.63504273504276,18231.5,95952.0,0.7206236172179828,3.796389885645142,3.8648,4.0,,3.0,3.0,2.0,25.000,4.0,15.0,,0.0,0.0,0.0,0.0,N,93.0,64.33333333333333,17.666666666666668,0.6897299428346146,For profit - Limited Liability company,96.0,92.5,NHC HEALTHCARE-SPARTA LLC,NATIONAL HEALTHCARE CORPORATION,364.0,"NHC HEALTHCARE, SPARTA",TN,,,,2025-11-01,1,1,1,1,1,1,1,1
gold_main_v2,control,control_v2,445130,"NHC HEALTHCARE, SPARTA",TN,2026,0,,,,,,,,,,,66.03755069124425,4.0,14.50967281105991,4.0,0,False,True,False,True,False,False,2016.0,2023.0,control_weighted_pseudocohort,5.0,1,0,0,1,1,1,0,1,1.0,1.0,11.0,3.0,9.0,,,,,,,3.60984,3.0,,3.0,3.0,3.0,25.000,,,,0.0,0.0,0.0,0.0,N,,,,,For profit - Limited Liability company,96.0,92.5,NHC HEALTHCARE-SPARTA LLC,NATIONAL HEALTHCARE CORPORATION,364.0,"NHC HEALTHCARE, SPARTA",TN,,,,2026-03-01,0,1,1,0,0,1,1,0
gold_main_v2,control,control_v2,445191,"NHC HEALTHCARE, HENDERSONVILLE",TN,2016,0,,,,,,,,,,,58.81214285714287,4.0,14.534562211981568,4.0,0,,,,,,,2016.0,2023.0,control_weighted_pseudocohort,5.0,1,0,0,1,1,0,0,0,1.0,1.0,11.0,3.0,9.0,,,,,,,4.24952,3.0,3.0,2.0,2.0,4.0,38.667,0.0,3.0,,0.0,0.0,0.0,0.0,N,,,,,For profit - Partnership,122.0,106.0,NHC HEALTHCARE-HENDERSONVILLE LLC,,,"NHC HEALTHCARE, HENDERSONVILLE",,,,,,0,1,1,0,0,1,1,0
gold_main_v2,control,control_v2,445191,"NHC HEALTHCARE, HENDERSONVILLE",TN,2017,0,,,,,,,,,,,58.81214285714287,4.0,14.534562211981568,4.0,0,,,,,,,2016.0,2023.0,control_weighted_pseudocohort,5.0,1,0,1,1,1,0,0,0,1.0,1.0,11.0,3.0,9.0,365.0,102.41106266921484,18278.0,148048.75,0.4881534014743653,3.9641487626336014,3.91381,3.0,4.0,2.0,3.0,5.0,33.333,0.0,3.0,,1.0,6500.0,0.0,1.0,N,,,,,For profit - Corporation,122.0,105.0,NHC HEALTHCARE-HENDERSONVILLE LLC,,,"NHC HEALTHCARE, HENDERSONVILLE",,,,,2017-12-01,1,1,1,0,1,1,1,0
gold_main_v2,control,control_v2,445191,"NHC HEALTHCARE, HENDERSONVILLE",TN,2018,0,,,,,,,,,,,58.81214285714287,4.0,14.534562211981568,4.0,0,,,,,,,2016.0,2023.0,control_weighted_pseudocohort,5.0,1,0,1,1,1,0,0,0,1.0,1.0,11.0,3.0,9.0,365.0,99.21147475712694,19315.25,143930.5,0.5321216753568844,3.9823024867199535,4.10124,,3.0,,,,29.600,0.0,3.0,,1.0,6500.0,0.0,1.0,N,,,,,For profit - Corporation,122.0,97.0,NHC HEALTHCARE-HENDERSONVILLE LLC,,,"NHC HEALTHCARE, HENDERSONVILLE",,,,,2018-12-01,1,1,0,0,1,1,0,0
gold_main_v2,control,control_v2,445191,"NHC HEALTHCARE, HENDERSONVILLE",TN,2019,0,,,,,,,,,,,58.81214285714287,4.0,14.534562211981568,4.0,0,,,,,,,2016.0,2023.0,control_weighted_pseudocohort,5.0,1,0,1,1,1,0,0,0,1.0,1.0,11.0,3.0,9.0,365.0,100.68959959123002,23998.27,142547.63,0.6528577910717244,3.8829047024830134,3.95025,,3.0,,,,27.333,0.0,2.0,,1.0,6500.0,0.0,1.0,N,,,,,For profit - Corporation,122.0,98.5,NHC HEALTHCARE-HENDERSONVILLE LLC,,,"NHC HEALTHCARE, HENDERSONVILLE",,,,,2019-11-01,1,1,0,0,1,1,0,0
gold_main_v2,control,control_v2,445191,"NHC HEALTHCARE, HENDERSONVILLE",TN,2020,0,,,,,,,,,,,58.81214285714287,4.0,14.534562211981568,4.0,0,,,,,,,2016.0,2023.0,control_weighted_pseudocohort,5.0,1,0,1,1,1,0,0,0,1.0,1.0,11.0,3.0,9.0,366.0,92.46306139512662,23821.6,142599.98,0.7127187112801923,4.248633153264225,4.26221,4.0,4.0,2.0,4.0,5.0,27.333,0.0,0.0,,0.0,0.0,0.0,0.0,N,,,,,For profit - Corporation,122.0,95.5,NHC HEALTHCARE-HENDERSONVILLE LLC,,,"NHC HEALTHCARE, HENDERSONVILLE",,,,,2020-11-01,1,1,1,0,1,1,1,0
gold_main_v2,control,control_v2,445191,"NHC HEALTHCARE, HENDERSONVILLE",TN,2021,0,,,,,,,,,,,58.81214285714287,4.0,14.534562211981568,4.0,0,,,,,,,2016.0,2023.0,control_weighted_pseudocohort,5.0,1,0,1,1,1,0,0,0,1.0,1.0,11.0,3.0,9.0,365.0,93.22980503795722,23808.94,139770.76,0.7002568619235703,4.106377891336811,4.08434,4.0,4.0,2.0,3.0,4.0,28.667,0.0,0.0,0.0,1.0,650.0,0.0,1.0,N,,,,,For profit - Corporation,122.0,88.9,NHC HEALTHCARE-HENDERSONVILLE LLC,,,"NHC HEALTHCARE, HENDERSONVILLE",,,,,2021-11-01,1,1,1,0,1,1,1,0
gold_main_v2,control,control_v2,445191,"NHC HEALTHCARE, HENDERSONVILLE",TN,2022,0,,,,,,,,,,,58.81214285714287,4.0,14.534562211981568,4.0,0,False,False,False,False,False,False,2016.0,2023.0,control_weighted_pseudocohort,5.0,1,0,1,1,1,1,0,1,1.0,1.0,11.0,3.0,9.0,365.0,97.02902996761692,23380.25,142972.06,0.6629381385878833,4.049695534246301,4.1668,4.0,,2.0,2.0,2.0,28.667,0.0,0.0,0.0,1.0,650.0,0.0,1.0,N,,,,,For profit - Corporation,122.0,96.5,NHC HEALTHCARE-HENDERSONVILLE LLC,,,"NHC HEALTHCARE, HENDERSONVILLE",,,,,2022-11-01,1,1,1,0,1,1,1,0
gold_main_v2,control,control_v2,445191,"NHC HEALTHCARE, HENDERSONVILLE",TN,2023,0,,,,,,,,,,,58.81214285714287,4.0,14.534562211981568,4.0,0,False,False,False,False,False,False,2016.0,2023.0,control_weighted_pseudocohort,5.0,1,1,1,1,1,1,0,1,1.0,1.0,11.0,3.0,9.0,365.0,99.89950695439826,20707.5,138117.0,0.5688090986689441,3.792643022738228,3.88501,3.0,,3.0,3.0,3.0,28.000,0.0,0.0,0.0,1.0,650.0,0.0,1.0,N,94.0,68.0,9.0,0.723404255319149,For profit - Corporation,122.0,97.3,NHC HEALTHCARE-HENDERSONVILLE LLC,NATIONAL HEALTHCARE CORPORATION,364.0,"NHC HEALTHCARE, HENDERSONVILLE",TN,,,,2023-11-01,1,1,1,1,1,1,1,1
gold_main_v2,control,control_v2,445191,"NHC HEALTHCARE, HENDERSONVILLE",TN,2024,0,,,,,,,,,,,58.81214285714287,4.0,14.534562211981568,4.0,0,False,False,False,False,False,False,2016.0,2023.0,control_weighted_pseudocohort,5.0,1,1,1,1,1,1,0,1,1.0,1.0,11.0,3.0,9.0,366.0,101.8586956521739,21691.5,140198.0,0.5796271025406048,3.764561376246683,3.7642,3.0,,3.0,3.0,3.0,28.000,0.0,0.0,,0.0,0.0,0.0,0.0,N,94.0,68.0,9.0,0.723404255319149,For profit - Corporation,122.0,100.4,NHC HEALTHCARE-HENDERSONVILLE LLC,NATIONAL HEALTHCARE CORPORATION,364.0,"NHC HEALTHCARE, HENDERSONVILLE",TN,,,,2024-11-01,1,1,1,1,1,1,1,1
gold_main_v2,control,control_v2,445191,"NHC HEALTHCARE, HENDERSONVILLE",TN,2025,0,,,,,,,,,,,58.81214285714287,4.0,14.534562211981568,4.0,0,False,True,False,True,False,False,2016.0,2023.0,control_weighted_pseudocohort,5.0,1,1,1,1,1,1,0,1,1.0,1.0,11.0,3.0,9.0,273.0,101.28455521933785,17351.0,101534.25,0.6269496935749694,3.674693849942868,3.68738,3.0,,3.0,3.0,4.0,30.000,0.0,0.0,,0.0,0.0,0.0,0.0,N,94.0,68.0,9.0,0.723404255319149,For profit - Corporation,122.0,101.6,NHC HEALTHCARE-HENDERSONVILLE LLC,NATIONAL HEALTHCARE CORPORATION,364.0,"NHC HEALTHCARE, HENDERSONVILLE",TN,,,,2025-11-01,1,1,1,1,1,1,1,1
gold_main_v2,control,control_v2,445191,"NHC HEALTHCARE, HENDERSONVILLE",TN,2026,0,,,,,,,,,,,58.81214285714287,4.0,14.534562211981568,4.0,0,False,True,False,True,False,False,2016.0,2023.0,control_weighted_pseudocohort,5.0,1,0,0,1,1,1,0,1,1.0,1.0,11.0,3.0,9.0,,,,,,,3.65842,3.0,,2.0,2.0,4.0,51.000,,,,0.0,0.0,0.0,0.0,N,,,,,For profit - Corporation,122.0,100.3,NHC HEALTHCARE-HENDERSONVILLE LLC,NATIONAL HEALTHCARE CORPORATION,364.0,"NHC HEALTHCARE, HENDERSONVILLE",TN,,,,2026-03-01,0,1,1,0,0,1,1,0
gold_main_v2,control,control_v2,455744,MULBERRY MANOR,TX,2016,0,,,,,,,,,,,75.57502304147465,4.0,8.477801843317973,4.0,0,,,,,,,2016.0,2023.0,control_weighted_pseudocohort,5.0,1,0,0,1,1,0,0,0,1.0,1.0,11.0,3.0,9.0,,,,,,,2.98424,1.0,1.0,3.0,2.0,3.0,45.333,3.0,0.0,,0.0,0.0,1.0,1.0,Y,,,,,For profit - Partnership,102.0,73.0,STEPHENS MEMORIAL HOSPITAL DISTRICT,,,MULBERRY MANOR,,,,,,0,1,1,0,0,1,1,0
gold_main_v2,control,control_v2,455744,MULBERRY MANOR,TX,2017,0,,,,,,,,,,,75.57502304147465,4.0,8.477801843317973,4.0,0,,,,,,,2016.0,2023.0,control_weighted_pseudocohort,5.0,1,0,1,1,1,0,0,0,1.0,1.0,11.0,3.0,9.0,92.0,81.77173913043478,2628.5,23420.1,0.3503701303923833,3.115841733431214,3.43988,1.0,1.0,2.0,1.0,3.0,105.500,1.0,4.0,,1.0,10546.0,2.0,3.0,N,,,,,For profit - Corporation,102.0,79.0,STEPHENS MEMORIAL HOSPITAL DISTRICT,,,MULBERRY MANOR,,,,,2017-12-01,1,1,1,0,1,1,1,0
gold_main_v2,control,control_v2,455744,MULBERRY MANOR,TX,2018,0,,,,,,,,,,,75.57502304147465,4.0,8.477801843317973,4.0,0,,,,,,,2016.0,2023.0,control_weighted_pseudocohort,5.0,1,0,1,1,1,0,0,0,1.0,1.0,11.0,3.0,9.0,275.0,77.11622073578594,5590.25,68590.75,0.26547243711071,3.2393475445165354,3.25574,,1.0,,,,118.600,1.0,5.0,,1.0,10546.0,1.0,2.0,N,,,,,Government - Hospital district,102.0,76.1,STEPHENS MEMORIAL HOSPITAL DISTRICT,,,MULBERRY MANOR,,,,,2018-12-01,1,1,0,0,1,1,0,0
gold_main_v2,control,control_v2,455744,MULBERRY MANOR,TX,2019,0,,,,,,,,,,,75.57502304147465,4.0,8.477801843317973,4.0,0,,,,,,,2016.0,2023.0,control_weighted_pseudocohort,5.0,1,0,1,1,1,0,0,0,1.0,1.0,11.0,3.0,9.0,365.0,87.47942612942613,6377.5,96484.5,0.19979927518103,3.023162175874669,3.03142,,1.0,,,,71.167,1.0,5.0,,2.0,50996.0,1.0,3.0,N,,,,,For profit - Corporation,102.0,88.4,STEPHENS MEMORIAL HOSPITAL DISTRICT,,,MULBERRY MANOR,,,,,2019-11-01,1,1,0,0,1,1,0,0
gold_main_v2,control,control_v2,455744,MULBERRY MANOR,TX,2020,0,,,,,,,,,,,75.57502304147465,4.0,8.477801843317973,4.0,0,,,,,,,2016.0,2023.0,control_weighted_pseudocohort,5.0,1,0,1,1,1,0,0,0,1.0,1.0,11.0,3.0,9.0,366.0,81.40769827998088,9373.5,93887.5,0.3160879338040986,3.158402100768239,3.0055,1.0,1.0,4.0,3.0,4.0,38.667,0.0,1.0,,1.0,40450.0,0.0,1.0,N,,,,,For profit - Corporation,102.0,83.8,STEPHENS MEMORIAL HOSPITAL DISTRICT,,,MULBERRY MANOR,,,,,2020-11-01,1,1,1,0,1,1,1,0
gold_main_v2,control,control_v2,455744,MULBERRY MANOR,TX,2021,0,,,,,,,,,,,75.57502304147465,4.0,8.477801843317973,4.0,0,,,,,,,2016.0,2023.0,control_weighted_pseudocohort,5.0,1,0,1,1,1,0,0,0,1.0,1.0,11.0,3.0,9.0,365.0,80.02386261081912,10357.25,85035.45999999999,0.3541622350820744,2.917669361529226,2.87834,2.0,2.0,3.0,3.0,3.0,42.000,2.0,3.0,1.0,1.0,40450.49,0.0,1.0,N,,,,,For profit - Corporation,102.0,79.7,STEPHENS MEMORIAL HOSPITAL DISTRICT,,,MULBERRY MANOR,,,,,2021-11-01,1,1,1,0,1,1,1,0
gold_main_v2,control,control_v2,455744,MULBERRY MANOR,TX,2022,0,,,,,,,,,,,75.57502304147465,4.0,8.477801843317973,4.0,0,False,False,False,False,False,False,2016.0,2023.0,control_weighted_pseudocohort,5.0,1,0,1,1,1,1,0,1,1.0,1.0,11.0,3.0,9.0,365.0,75.5173674151935,6546.75,82424.54,0.2375135600720129,2.9904714485491137,2.88583,1.0,,2.0,1.0,3.0,76.667,3.0,6.0,2.0,2.0,13000.0,0.0,2.0,N,,,,,For profit - Individual,102.0,72.8,STEPHENS MEMORIAL HOSPITAL DISTRICT,,,MULBERRY MANOR,,,,,2022-11-01,1,1,1,0,1,1,1,0
gold_main_v2,control,control_v2,455744,MULBERRY MANOR,TX,2023,0,,,,,,,,,,,75.57502304147465,4.0,8.477801843317973,4.0,0,False,False,False,False,False,False,2016.0,2023.0,control_weighted_pseudocohort,5.0,1,1,1,1,1,1,0,1,1.0,1.0,11.0,3.0,9.0,365.0,75.7931126240909,8936.25,79836.99,0.3229116915139531,2.8890697673194228,2.78402,1.0,,2.0,1.0,3.0,65.333,2.0,5.0,1.0,2.0,13000.0,0.0,2.0,N,75.0,68.0,0.0,0.9066666666666666,For profit - Corporation,102.0,77.1,STEPHENS MEMORIAL HOSPITAL DISTRICT,TRINITY HEALTHCARE,526.0,MULBERRY MANOR,TX,,,,2023-11-01,1,1,1,1,1,1,1,1
gold_main_v2,control,control_v2,455744,MULBERRY MANOR,TX,2024,0,,,,,,,,,,,75.57502304147465,4.0,8.477801843317973,4.0,0,False,False,False,False,False,False,2016.0,2023.0,control_weighted_pseudocohort,5.0,1,1,1,1,1,1,0,1,1.0,1.0,11.0,3.0,9.0,366.0,74.39724677496416,12434.25,80895.5,0.4560700423911817,2.973207458490358,2.93433,2.0,,1.0,1.0,4.0,216.333,1.0,12.0,0.0,2.0,324540.0,1.0,3.0,N,76.5,65.0,2.25,0.85004329004329,For profit - Limited Liability company,102.0,78.1,STEPHENS MEMORIAL HOSPITAL DISTRICT,TRINITY HEALTHCARE,526.0,MULBERRY MANOR,TX,,,,2024-11-01,1,1,1,1,1,1,1,1
gold_main_v2,control,control_v2,455744,AVIR AT STEPHENVILLE,TX,2025,0,,,,,,,,,,,75.57502304147465,4.0,8.477801843317973,4.0,0,False,True,False,False,False,False,2016.0,2023.0,control_weighted_pseudocohort,5.0,1,1,1,1,1,1,0,1,1.0,1.0,11.0,3.0,9.0,273.0,66.15166781688521,6786.15,51861.060000000005,0.376209762127428,2.871975060989327,3.31376,2.0,,2.0,3.0,5.0,110.500,5.0,41.0,0.0,1.0,204614.0,1.0,2.0,N,77.0,64.0,3.0,0.8311688311688311,For profit - Corporation,102.0,65.6,STEPHENS MEMORIAL HOSPITAL DISTRICT,AVIR HEALTH GROUP,719.0,AVIR AT STEPHENVILLE,TX,,,,2025-11-01,1,1,1,1,1,1,1,1
gold_main_v2,control,control_v2,455744,AVIR AT STEPHENVILLE,TX,2026,0,,,,,,,,,,,75.57502304147465,4.0,8.477801843317973,4.0,0,False,True,False,False,False,False,2016.0,2023.0,control_weighted_pseudocohort,5.0,1,0,0,1,1,1,0,1,1.0,1.0,11.0,3.0,9.0,,,,,,,2.42653,1.0,,2.0,2.0,5.0,110.500,,,0.0,1.0,204614.0,1.0,2.0,N,,,,,For profit - Corporation,102.0,63.7,STEPHENS MEMORIAL HOSPITAL DISTRICT,AVIR HEALTH GROUP,719.0,AVIR AT STEPHENVILLE,TX,,,,2026-03-01,0,1,1,0,0,1,1,0
gold_main_v2,control,control_v2,455804,NORTHGATE HEALTH AND REHABILITATION CENTER,TX,2016,0,,,,,,,,,,,68.3010529953917,4.0,8.118297235023041,4.0,0,,,,,,,2016.0,2023.0,control_weighted_pseudocohort,5.0,1,0,0,1,1,0,0,0,1.0,1.0,11.0,3.0,9.0,,,,,,,3.74506,1.0,1.0,1.0,1.0,4.0,175.167,0.0,2.0,,1.0,25740.0,0.0,1.0,Y,,,,,For profit - Corporation,81.0,81.0,UVALDE COUNTY HOSPITAL AUTHORITY,,,NORTHGATE HEALTH AND REHABILITATION CENTER,,,,,,0,1,1,0,0,1,1,0
gold_main_v2,control,control_v2,455804,NORTHGATE HEALTH AND REHABILITATION CENTER,TX,2017,0,,,,,,,,,,,68.3010529953917,4.0,8.118297235023041,4.0,0,,,,,,,2016.0,2023.0,control_weighted_pseudocohort,5.0,1,0,1,1,1,0,0,0,1.0,1.0,11.0,3.0,9.0,365.0,80.7896480331263,5085.35,97515.94,0.1769174222407334,3.340731507599358,3.55482,2.0,2.0,2.0,3.0,5.0,133.500,1.0,4.0,,1.0,25740.0,0.0,1.0,N,,,,,For profit - Corporation,120.0,83.0,UVALDE COUNTY HOSPITAL AUTHORITY,,,NORTHGATE HEALTH AND REHABILITATION CENTER,,,,,2017-12-01,1,1,1,0,1,1,1,0
gold_main_v2,control,control_v2,455804,NORTHGATE HEALTH AND REHABILITATION CENTER,TX,2018,0,,,,,,,,,,,68.3010529953917,4.0,8.118297235023041,4.0,0,,,,,,,2016.0,2023.0,control_weighted_pseudocohort,5.0,1,0,1,1,1,0,0,0,1.0,1.0,11.0,3.0,9.0,273.0,73.21940684114598,3961.5,72208.5,0.198871806529878,3.6229316390119735,3.46326,,1.0,,,,104.000,1.0,7.0,,0.0,0.0,0.0,0.0,N,,,,,For profit - Corporation,120.0,76.9,UVALDE COUNTY HOSPITAL AUTHORITY,,,NORTHGATE HEALTH AND REHABILITATION CENTER,,,,,2018-12-01,1,1,0,0,1,1,0,0
gold_main_v2,control,control_v2,455804,NORTHGATE HEALTH AND REHABILITATION CENTER,TX,2019,0,,,,,,,,,,,68.3010529953917,4.0,8.118297235023041,4.0,0,,,,,,,2016.0,2023.0,control_weighted_pseudocohort,5.0,1,0,1,1,1,0,0,0,1.0,1.0,11.0,3.0,9.0,365.0,68.41093526039178,9676.91,88018.11,0.3861429869188214,3.5333201402752876,3.42425,,2.0,,,,136.000,2.0,12.0,,0.0,0.0,0.0,0.0,N,,,,,Government - Hospital district,115.0,70.8,UVALDE COUNTY HOSPITAL AUTHORITY,,,NORTHGATE HEALTH AND REHABILITATION CENTER,,,,,2019-11-01,1,1,0,0,1,1,0,0
gold_main_v2,control,control_v2,455804,NORTHGATE HEALTH AND REHABILITATION CENTER,TX,2020,0,,,,,,,,,,,68.3010529953917,4.0,8.118297235023041,4.0,0,,,,,,,2016.0,2023.0,control_weighted_pseudocohort,5.0,1,0,1,1,1,0,0,0,1.0,1.0,11.0,3.0,9.0,275.0,56.76668259276955,4942.030000000001,57067.5,0.3190588770887591,3.630625102708117,4.02566,2.0,1.0,1.0,1.0,3.0,135.333,1.0,13.0,,0.0,0.0,0.0,0.0,N,,,,,Government - Hospital district,115.0,65.6,UVALDE COUNTY HOSPITAL AUTHORITY,,,NORTHGATE HEALTH AND REHABILITATION CENTER,,,,,2020-11-01,1,1,1,0,1,1,1,0
gold_main_v2,control,control_v2,455804,NORTHGATE HEALTH AND REHABILITATION CENTER,TX,2021,0,,,,,,,,,,,68.3010529953917,4.0,8.118297235023041,4.0,0,,,,,,,2016.0,2023.0,control_weighted_pseudocohort,5.0,1,0,1,1,1,0,0,0,1.0,1.0,11.0,3.0,9.0,365.0,57.255471943515424,4406.95,59266.54,0.2132697204864164,2.856893896795943,2.54106,1.0,1.0,1.0,2.0,5.0,100.667,1.0,15.0,1.0,0.0,0.0,0.0,0.0,N,,,,,For profit - Corporation,120.0,65.8,UVALDE COUNTY HOSPITAL AUTHORITY,,,NORTHGATE HEALTH AND REHABILITATION CENTER,,,,,2021-11-01,1,1,1,0,1,1,1,0
gold_main_v2,control,control_v2,455804,NORTHGATE HEALTH AND REHABILITATION CENTER,TX,2022,0,,,,,,,,,,,68.3010529953917,4.0,8.118297235023041,4.0,0,False,False,False,False,False,True,2016.0,2023.0,control_weighted_pseudocohort,5.0,1,0,1,1,1,1,0,1,1.0,1.0,11.0,3.0,9.0,365.0,49.080842888995065,4477.77,58232.52,0.2506731732033671,3.2571573278483745,3.23935,1.0,,2.0,1.0,3.0,66.000,1.0,7.0,1.0,0.0,0.0,0.0,0.0,N,,,,,For profit - Limited Liability company,120.0,48.5,UVALDE COUNTY HOSPITAL AUTHORITY,,,NORTHGATE HEALTH AND REHABILITATION CENTER,,,,,2022-11-01,1,1,1,0,1,1,1,0
gold_main_v2,control,control_v2,455804,NORTHGATE HEALTH AND REHABILITATION CENTER,TX,2023,0,,,,,,,,,,,68.3010529953917,4.0,8.118297235023041,4.0,0,False,False,False,False,False,True,2016.0,2023.0,control_weighted_pseudocohort,5.0,1,1,1,1,1,1,0,1,1.0,1.0,11.0,3.0,9.0,365.0,56.55045323034454,5003.15,53906.83,0.2503498458757657,2.662964215973547,3.11457,1.0,,2.0,1.0,4.0,86.167,1.0,5.0,3.0,2.0,21205.0,0.0,2.0,N,52.0,32.0,0.0,0.6153846153846154,For profit - Limited Liability company,120.0,49.0,UVALDE COUNTY HOSPITAL AUTHORITY,SUMMIT LTC,496.0,NORTHGATE HEALTH AND REHABILITATION CENTER,TX,,,,2023-11-01,1,1,1,1,1,1,1,1
gold_main_v2,control,control_v2,455804,NORTHGATE HEALTH AND REHABILITATION CENTER,TX,2024,0,,,,,,,,,,,68.3010529953917,4.0,8.118297235023041,4.0,0,False,False,False,False,False,True,2016.0,2023.0,control_weighted_pseudocohort,5.0,1,1,1,1,1,1,0,1,1.0,1.0,11.0,3.0,9.0,366.0,54.87064022933588,4007.67,64915.64,0.1981009212540653,3.2392835692182897,3.18519,1.0,,2.0,1.0,2.0,117.833,0.0,4.0,2.0,3.0,48914.5,1.0,4.0,N,52.75,36.5,2.25,0.6915820029027576,For profit - Partnership,120.0,56.3,UVALDE COUNTY HOSPITAL AUTHORITY,SUMMIT LTC,496.0,NORTHGATE HEALTH AND REHABILITATION CENTER,TX,,,,2024-11-01,1,1,1,1,1,1,1,1
gold_main_v2,control,control_v2,455804,NORTHGATE HEALTH AND REHABILITATION CENTER,TX,2025,0,,,,,,,,,,,68.3010529953917,4.0,8.118297235023041,4.0,0,False,True,False,False,False,True,2016.0,2023.0,control_weighted_pseudocohort,5.0,1,1,1,1,1,1,0,1,1.0,1.0,11.0,3.0,9.0,273.0,51.53562049866398,2552.81,41717.880000000005,0.1813045414899506,2.9663046163450466,3.13986,1.0,,2.0,1.0,2.0,99.500,30.0,170.0,2.0,2.0,39165.0,1.0,3.0,N,51.333333333333336,40.0,2.6666666666666665,0.7835429769392034,For profit - Limited Liability company,120.0,52.2,UVALDE COUNTY HOSPITAL AUTHORITY,SUMMIT LTC,496.0,NORTHGATE HEALTH AND REHABILITATION CENTER,TX,,,,2025-11-01,1,1,1,1,1,1,1,1
gold_main_v2,control,control_v2,455804,NORTHGATE HEALTH AND REHABILITATION CENTER,TX,2026,0,,,,,,,,,,,68.3010529953917,4.0,8.118297235023041,4.0,0,False,True,False,False,False,True,2016.0,2023.0,control_weighted_pseudocohort,5.0,1,0,0,1,1,1,0,1,1.0,1.0,11.0,3.0,9.0,,,,,,,2.80981,1.0,,2.0,1.0,4.0,143.500,,,0.0,2.0,39165.0,1.0,3.0,N,,,,,For profit - Limited Liability company,120.0,50.6,UVALDE COUNTY HOSPITAL AUTHORITY,SUMMIT LTC,496.0,NORTHGATE HEALTH AND REHABILITATION CENTER,TX,,,,2026-03-01,0,1,1,0,0,1,1,0
gold_main_v2,control,control_v2,455808,JACKSBORO HEALTHCARE CENTER,TX,2016,0,,,,,,,,,,,68.55693548387097,4.0,11.822792626728113,4.0,0,,,,,,,2016.0,2023.0,control_weighted_pseudocohort,5.0,1,0,0,1,1,0,0,0,1.0,1.0,11.0,3.0,9.0,,,,,,,3.44167,3.0,3.0,3.0,3.0,3.0,46.667,2.0,0.0,,0.0,0.0,0.0,0.0,N,,,,,For profit - Corporation,104.0,30.0,JACK COUNTY HOSPITAL DISTRICT,,,JACKSBORO HEALTHCARE CENTER,,,,,,0,1,1,0,0,1,1,0
gold_main_v2,control,control_v2,455808,JACKSBORO HEALTHCARE CENTER,TX,2017,0,,,,,,,,,,,68.55693548387097,4.0,11.822792626728113,4.0,0,,,,,,,2016.0,2023.0,control_weighted_pseudocohort,5.0,1,0,1,1,1,0,0,0,1.0,1.0,11.0,3.0,9.0,365.0,27.138049450549453,3766.34,32567.37,0.3813084034854652,3.3010404975953054,3.20186,1.0,2.0,4.0,4.0,5.0,26.667,0.0,0.0,,0.0,0.0,0.0,0.0,N,,,,,For profit - Corporation,104.0,27.0,JACK COUNTY HOSPITAL DISTRICT,,,JACKSBORO HEALTHCARE CENTER,,,,,2017-12-01,1,1,1,0,1,1,1,0
gold_main_v2,control,control_v2,455808,JACKSBORO HEALTHCARE CENTER,TX,2018,0,,,,,,,,,,,68.55693548387097,4.0,11.822792626728113,4.0,0,,,,,,,2016.0,2023.0,control_weighted_pseudocohort,5.0,1,0,1,1,1,0,0,0,1.0,1.0,11.0,3.0,9.0,365.0,31.57203044540001,2703.25,36239.75,0.2427506191505464,3.2007076310081883,3.38115,,1.0,,,,28.800,1.0,0.0,,0.0,0.0,0.0,0.0,N,,,,,For profit - Corporation,104.0,26.4,JACK COUNTY HOSPITAL DISTRICT,,,JACKSBORO HEALTHCARE CENTER,,,,,2018-12-01,1,1,0,0,1,1,0,0
gold_main_v2,control,control_v2,455808,JACKSBORO HEALTHCARE CENTER,TX,2019,0,,,,,,,,,,,68.55693548387097,4.0,11.822792626728113,4.0,0,,,,,,,2016.0,2023.0,control_weighted_pseudocohort,5.0,1,0,1,1,1,0,0,0,1.0,1.0,11.0,3.0,9.0,365.0,36.85936653925784,2402.0,43920.75,0.181091484534641,3.2899922333385208,3.14249,,1.0,,,,49.333,0.0,1.0,,0.0,0.0,0.0,0.0,N,,,,,For profit - Corporation,104.0,33.8,JACK COUNTY HOSPITAL DISTRICT,,,JACKSBORO HEALTHCARE CENTER,,,,,2019-11-01,1,1,0,0,1,1,0,0
gold_main_v2,control,control_v2,455808,JACKSBORO HEALTHCARE CENTER,TX,2020,0,,,,,,,,,,,68.55693548387097,4.0,11.822792626728113,4.0,0,,,,,,,2016.0,2023.0,control_weighted_pseudocohort,5.0,1,0,1,1,1,0,0,0,1.0,1.0,11.0,3.0,9.0,366.0,38.41083373148591,2638.25,44498.5,0.1858699310653355,3.1633427958676252,3.22596,1.0,1.0,2.0,1.0,1.0,88.667,0.0,1.0,,0.0,0.0,0.0,0.0,N,,,,,For profit - Corporation,104.0,38.6,JACK COUNTY HOSPITAL DISTRICT,,,JACKSBORO HEALTHCARE CENTER,,,,,2020-11-01,1,1,1,0,1,1,1,0
gold_main_v2,control,control_v2,455808,JACKSBORO HEALTHCARE CENTER,TX,2021,0,,,,,,,,,,,68.55693548387097,4.0,11.822792626728113,4.0,0,,,,,,,2016.0,2023.0,control_weighted_pseudocohort,5.0,1,0,1,1,1,0,0,0,1.0,1.0,11.0,3.0,9.0,365.0,45.66293796782927,4094.5,41343.0,0.2404122269911395,2.493078731806699,2.31612,1.0,1.0,2.0,1.0,2.0,66.667,1.0,1.0,1.0,1.0,44157.75,1.0,2.0,N,,,,,For profit - Corporation,104.0,46.5,JACK COUNTY HOSPITAL DISTRICT,,,JACKSBORO HEALTHCARE CENTER,,,,,2021-11-01,1,1,1,0,1,1,1,0
gold_main_v2,control,control_v2,455808,FAITH COMMUNITY NURSING & REHABILITATION,TX,2022,0,,,,,,,,,,,68.55693548387097,4.0,11.822792626728113,4.0,0,False,False,False,False,False,True,2016.0,2023.0,control_weighted_pseudocohort,5.0,1,0,1,1,1,1,0,1,1.0,1.0,11.0,3.0,9.0,365.0,45.53754844189626,4247.79,51391.2,0.2554836311773411,3.0993317916705476,3.11987,1.0,,2.0,1.0,1.0,79.333,2.0,0.0,3.0,1.0,44157.75,1.0,2.0,N,,,,,For profit - Limited Liability company,104.0,48.4,JACK COUNTY HOSPITAL DISTRICT,,,FAITH COMMUNITY NURSING & REHABILITATION,,,,,2022-11-01,1,1,1,0,1,1,1,0
gold_main_v2,control,control_v2,455808,FAITH COMMUNITY NURSING & REHABILITATION,TX,2023,0,,,,,,,,,,,68.55693548387097,4.0,11.822792626728113,4.0,0,False,False,False,False,False,True,2016.0,2023.0,control_weighted_pseudocohort,5.0,1,1,1,1,1,1,0,1,1.0,1.0,11.0,3.0,9.0,365.0,40.57514267133833,2470.25,44352.85,0.1668103450098996,3.0035143550913626,2.14658,1.0,,2.0,1.0,3.0,84.000,2.0,2.0,2.0,1.0,44157.75,1.0,2.0,N,40.0,33.0,4.0,0.825,For profit - Corporation,104.0,41.3,JACK COUNTY HOSPITAL DISTRICT,TRINITY HEALTHCARE,526.0,FAITH COMMUNITY NURSING & REHABILITATION,TX,,,,2023-11-01,1,1,1,1,1,1,1,1
gold_main_v2,control,control_v2,455808,FAITH COMMUNITY NURSING & REHABILITATION,TX,2024,0,,,,,,,,,,,68.55693548387097,4.0,11.822792626728113,4.0,0,False,False,False,False,False,True,2016.0,2023.0,control_weighted_pseudocohort,5.0,1,1,1,1,1,1,0,1,1.0,1.0,11.0,3.0,9.0,366.0,43.82620640229336,3334.5,50428.22,0.2052711802285191,3.151962476508804,3.24025,1.0,,2.0,1.0,3.0,78.000,0.0,2.0,0.0,1.0,23812.75,0.0,1.0,N,41.25,34.75,4.25,0.8409722222222222,For profit - Corporation,104.0,41.0,JACK COUNTY HOSPITAL DISTRICT,TRINITY HEALTHCARE,526.0,FAITH COMMUNITY NURSING & REHABILITATION,TX,,,,2024-11-01,1,1,1,1,1,1,1,1
gold_main_v2,control,control_v2,455808,AVIR AT JACKSBORO,TX,2025,0,,,,,,,,,,,68.55693548387097,4.0,11.822792626728113,4.0,0,False,True,False,False,False,False,2016.0,2023.0,control_weighted_pseudocohort,5.0,1,1,1,1,1,1,0,1,1.0,1.0,11.0,3.0,9.0,273.0,50.11076869989913,2241.01,46318.53,0.1644882699158514,3.381025945590883,3.31719,1.0,,3.0,3.0,5.0,56.000,12.0,20.0,0.0,1.0,23813.0,0.0,1.0,N,45.0,40.0,5.0,0.8888888888888888,For profit - Corporation,104.0,47.5,JACK COUNTY HOSPITAL DISTRICT,AVIR HEALTH GROUP,719.0,AVIR AT JACKSBORO,TX,,,,2025-11-01,1,1,1,1,1,1,1,1
gold_main_v2,control,control_v2,455808,AVIR AT JACKSBORO,TX,2026,0,,,,,,,,,,,68.55693548387097,4.0,11.822792626728113,4.0,0,False,True,False,False,False,False,2016.0,2023.0,control_weighted_pseudocohort,5.0,1,0,0,1,1,1,0,1,1.0,1.0,11.0,3.0,9.0,,,,,,,3.66419,1.0,,3.0,3.0,5.0,54.000,,,0.0,1.0,23813.0,0.0,1.0,N,,,,,For profit - Corporation,104.0,52.3,JACK COUNTY HOSPITAL DISTRICT,AVIR HEALTH GROUP,719.0,AVIR AT JACKSBORO,TX,,,,2026-03-01,0,1,1,0,0,1,1,0
gold_main_v2,control,control_v2,455866,BROOKDALE WESTLAKE HILLS,TX,2016,0,,,,,,,,,,,0.0,4.0,39.551898617511526,4.0,1,,,,,,,2016.0,2023.0,control_weighted_pseudocohort,5.0,1,0,0,1,1,0,0,0,1.0,1.0,11.0,3.0,9.0,,,,,,,5.57016,4.0,4.0,1.0,2.0,2.0,171.667,0.0,1.0,,0.0,0.0,0.0,0.0,N,,,,,For profit - Corporation,90.0,62.0,FORT AUSTIN LIMITED PARTNERSHIP,,,BROOKDALE WESTLAKE HILLS,,,,,,0,1,1,0,0,1,1,0
gold_main_v2,control,control_v2,455866,BROOKDALE WESTLAKE HILLS,TX,2017,0,,,,,,,,,,,0.0,4.0,39.551898617511526,4.0,1,,,,,,,2016.0,2023.0,control_weighted_pseudocohort,5.0,1,0,1,1,1,0,0,0,1.0,1.0,11.0,3.0,9.0,365.0,68.3335005574136,15676.26,110522.01,0.6320680390047426,4.454685447484366,5.54637,4.0,4.0,3.0,5.0,5.0,71.333,0.0,2.0,,2.0,3354.0,1.0,3.0,N,,,,,For profit - Corporation,55.0,55.0,FORT AUSTIN LIMITED PARTNERSHIP,,,BROOKDALE WESTLAKE HILLS,,,,,2017-12-01,1,1,1,0,1,1,1,0
gold_main_v2,control,control_v2,455866,BROOKDALE WESTLAKE HILLS,TX,2018,0,,,,,,,,,,,0.0,4.0,39.551898617511526,4.0,1,,,,,,,2016.0,2023.0,control_weighted_pseudocohort,5.0,1,0,1,1,1,0,0,0,1.0,1.0,11.0,3.0,9.0,365.0,66.65976270106705,16273.61,112265.61,0.6716260433559871,4.637123486509491,4.78876,,3.0,,,,80.800,0.0,2.0,,2.0,3354.0,1.0,3.0,N,,,,,For profit - Corporation,90.0,62.7,FORT AUSTIN LIMITED PARTNERSHIP,,,BROOKDALE WESTLAKE HILLS,,,,,2018-12-01,1,1,0,0,1,1,0,0
gold_main_v2,control,control_v2,455866,BROOKDALE WESTLAKE HILLS,TX,2019,0,,,,,,,,,,,0.0,4.0,39.551898617511526,4.0,1,,,,,,,2016.0,2023.0,control_weighted_pseudocohort,5.0,1,0,1,1,1,0,0,0,1.0,1.0,11.0,3.0,9.0,365.0,62.58257617985879,15434.8,107814.05,0.6855630969813902,4.749526323321671,4.66035,,3.0,,,,19.333,0.0,1.0,,1.0,1363.0,1.0,2.0,N,,,,,For profit - Corporation,90.0,61.1,FORT AUSTIN LIMITED PARTNERSHIP,,,BROOKDALE WESTLAKE HILLS,,,,,2019-11-01,1,1,0,0,1,1,0,0
gold_main_v2,control,control_v2,455866,BROOKDALE WESTLAKE HILLS,TX,2020,0,,,,,,,,,,,0.0,4.0,39.551898617511526,4.0,1,,,,,,,2016.0,2023.0,control_weighted_pseudocohort,5.0,1,0,1,1,1,0,0,0,1.0,1.0,11.0,3.0,9.0,275.0,51.7154403567447,11135.05,79393.65,0.823117394649658,5.761628502086737,,,,5.0,5.0,5.0,12.000,0.0,0.0,,0.0,0.0,0.0,0.0,N,,,,,For profit - Corporation,90.0,24.1,FORT AUSTIN LIMITED PARTNERSHIP,,,BROOKDALE WESTLAKE HILLS,,,,,2020-11-01,1,0,1,0,1,0,1,0
gold_main_v2,control,control_v2,455866,BROOKDALE WESTLAKE HILLS,TX,2021,0,,,,,,,,,,,0.0,4.0,39.551898617511526,4.0,1,,,,,,,2016.0,2023.0,control_weighted_pseudocohort,5.0,1,0,1,1,1,0,0,0,1.0,1.0,11.0,3.0,9.0,365.0,62.27295482295482,15782.55,109344.02,0.6909745113434946,4.855477258744165,4.95908,4.0,3.0,4.0,5.0,5.0,17.333,1.0,0.0,2.0,0.0,0.0,0.0,0.0,N,,,,,For profit - Corporation,90.0,61.7,FORT AUSTIN LIMITED PARTNERSHIP,,,BROOKDALE WESTLAKE HILLS,,,,,2021-11-01,1,1,1,0,1,1,1,0
gold_main_v2,control,control_v2,455866,BROOKDALE WESTLAKE HILLS,TX,2022,0,,,,,,,,,,,0.0,4.0,39.551898617511526,4.0,1,False,False,False,False,False,False,2016.0,2023.0,control_weighted_pseudocohort,5.0,1,0,1,1,1,1,0,1,1.0,1.0,11.0,3.0,9.0,365.0,69.56879412857674,16442.65,105678.55,0.6529691052741575,4.182872155722217,4.14828,2.0,,4.0,4.0,4.0,27.333,1.0,1.0,2.0,1.0,3250.0,0.0,1.0,N,,,,,For profit - Corporation,52.0,67.5,FORT AUSTIN LIMITED PARTNERSHIP,,,BROOKDALE WESTLAKE HILLS,,,,,2022-11-01,1,1,1,0,1,1,1,0
gold_main_v2,control,control_v2,455866,BROOKDALE WESTLAKE HILLS,TX,2023,0,,,,,,,,,,,0.0,4.0,39.551898617511526,4.0,1,False,False,False,False,False,False,2016.0,2023.0,control_weighted_pseudocohort,5.0,1,1,1,1,1,1,0,1,1.0,1.0,11.0,3.0,9.0,365.0,71.95491519350216,16829.85,110202.85,0.6434182108634587,4.235019650337829,4.27435,3.0,,4.0,4.0,4.0,17.333,1.0,1.0,2.0,1.0,3250.0,0.0,1.0,N,58.0,0.0,14.0,0.0,For profit - Corporation,90.0,73.2,FORT AUSTIN LIMITED PARTNERSHIP,BROOKDALE SENIOR LIVING,93.0,BROOKDALE WESTLAKE HILLS,TX,,,,2023-11-01,1,1,1,1,1,1,1,1
gold_main_v2,control,control_v2,455866,BROOKDALE WESTLAKE HILLS,TX,2024,0,,,,,,,,,,,0.0,4.0,39.551898617511526,4.0,1,False,False,False,False,False,False,2016.0,2023.0,control_weighted_pseudocohort,5.0,1,1,1,1,1,1,0,1,1.0,1.0,11.0,3.0,9.0,366.0,61.56052914476828,11974.75,104495.57,0.5389646096379653,4.6965483520862765,4.72017,3.0,,1.0,1.0,4.0,174.167,7.0,3.0,0.0,5.0,300559.69,0.0,5.0,N,90.0,0.0,90.0,0.0,For profit - Corporation,90.0,64.3,FORT AUSTIN LIMITED PARTNERSHIP,BROOKDALE SENIOR LIVING,93.0,BROOKDALE WESTLAKE HILLS,TX,,,,2024-11-01,1,1,1,1,1,1,1,1
gold_main_v2,control,control_v2,455866,BROOKDALE WESTLAKE HILLS,TX,2025,0,,,,,,,,,,,0.0,4.0,39.551898617511526,4.0,1,False,True,False,False,True,False,2016.0,2023.0,control_weighted_pseudocohort,5.0,1,1,1,1,1,1,0,1,1.0,1.0,11.0,3.0,9.0,273.0,61.16638442073224,10500.5,74420.44,0.6442951178917301,4.5160219957559375,4.52651,3.0,,2.0,2.0,4.0,117.500,15.0,16.0,0.0,6.0,300561.0,0.0,6.0,N,73.0,0.0,50.0,0.0,For profit - Corporation,90.0,63.0,FORT AUSTIN LIMITED PARTNERSHIP,BROOKDALE SENIOR LIVING,93.0,BROOKDALE WESTLAKE HILLS,TX,,,,2025-11-01,1,1,1,1,1,1,1,1
gold_main_v2,control,control_v2,455866,BROOKDALE WESTLAKE HILLS,TX,2026,0,,,,,,,,,,,0.0,4.0,39.551898617511526,4.0,1,False,True,False,False,True,False,2016.0,2023.0,control_weighted_pseudocohort,5.0,1,0,0,1,1,1,0,1,1.0,1.0,11.0,3.0,9.0,,,,,,,4.73726,1.0,,2.0,1.0,4.0,123.500,,,0.0,6.0,300561.0,0.0,6.0,N,,,,,For profit - Corporation,90.0,50.5,FORT AUSTIN LIMITED PARTNERSHIP,BROOKDALE SENIOR LIVING,93.0,BROOKDALE WESTLAKE HILLS,TX,,,,2026-03-01,0,1,1,0,0,1,1,0
gold_main_v2,control,control_v2,455936,SAGE HEALTHCARE CENTER,TX,2016,0,,,,,,,,,,,74.35910599078342,4.0,5.422029953917051,4.0,0,,,,,,,2016.0,2023.0,control_weighted_pseudocohort,5.0,1,0,0,1,1,0,0,0,1.0,1.0,11.0,3.0,9.0,,,,,,,2.649,1.0,1.0,2.0,1.0,2.0,121.500,1.0,13.0,,2.0,9100.0,1.0,3.0,N,,,,,For profit - Corporation,80.0,50.0,STRATFORD HOSPITAL DISTRICT,,,SAGE HEALTHCARE CENTER,,,,,,0,1,1,0,0,1,1,0
gold_main_v2,control,control_v2,455936,SAGE HEALTHCARE CENTER,TX,2017,0,,,,,,,,,,,74.35910599078342,4.0,5.422029953917051,4.0,0,,,,,,,2016.0,2023.0,control_weighted_pseudocohort,5.0,1,0,1,1,1,0,0,0,1.0,1.0,11.0,3.0,9.0,183.0,50.3337314859054,1867.78,28924.35,0.2036998449377178,3.142369694972091,3.05984,1.0,2.0,1.0,1.0,4.0,421.667,5.0,37.0,,1.0,120000.0,1.0,2.0,N,,,,,For profit - Corporation,80.0,61.0,STRATFORD HOSPITAL DISTRICT,,,SAGE HEALTHCARE CENTER,,,,,2017-12-01,1,1,1,0,1,1,1,0
gold_main_v2,control,control_v2,455936,SAGE HEALTHCARE CENTER,TX,2018,0,,,,,,,,,,,74.35910599078342,4.0,5.422029953917051,4.0,0,,,,,,,2016.0,2023.0,control_weighted_pseudocohort,5.0,1,0,1,1,1,0,0,0,1.0,1.0,11.0,3.0,9.0,365.0,43.07587261772044,5652.97,49277.23,0.3661027307872617,3.1305357310904123,3.01691,,1.0,,,,486.800,5.0,32.0,,1.0,120000.0,1.0,2.0,N,,,,,For profit - Corporation,80.0,48.1,STRATFORD HOSPITAL DISTRICT,,,SAGE HEALTHCARE CENTER,,,,,2018-12-01,1,1,0,0,1,1,0,0
gold_main_v2,control,control_v2,455936,FOCUSED CARE AT LAMESA,TX,2019,0,,,,,,,,,,,74.35910599078342,4.0,5.422029953917051,4.0,0,,,,,,,2016.0,2023.0,control_weighted_pseudocohort,5.0,1,0,1,1,1,0,0,0,1.0,1.0,11.0,3.0,9.0,365.0,38.1296033073207,2812.24,38711.27,0.2023874813372765,2.78275061675762,3.01648,,1.0,,,,64.000,0.0,10.0,,0.0,0.0,0.0,0.0,N,,,,,For profit - Corporation,80.0,38.5,STRATFORD HOSPITAL DISTRICT,,,FOCUSED CARE AT LAMESA,,,,,2019-11-01,1,1,0,0,1,1,0,0
gold_main_v2,control,control_v2,455936,FOCUSED CARE AT LAMESA,TX,2020,0,,,,,,,,,,,74.35910599078342,4.0,5.422029953917051,4.0,0,,,,,,,2016.0,2023.0,control_weighted_pseudocohort,5.0,1,0,1,1,1,0,0,0,1.0,1.0,11.0,3.0,9.0,366.0,35.82719182990922,2815.44,41432.3,0.216633704161352,3.168892812923638,3.37043,,,3.0,3.0,2.0,65.333,0.0,2.0,,0.0,0.0,0.0,0.0,N,,,,,For profit - Corporation,80.0,36.8,STRATFORD HOSPITAL DISTRICT,,,FOCUSED CARE AT LAMESA,,,,,2020-11-01,1,1,1,0,1,1,1,0
gold_main_v2,control,control_v2,455936,FOCUSED CARE AT LAMESA,TX,2021,0,,,,,,,,,,,74.35910599078342,4.0,5.422029953917051,4.0,0,,,,,,,2016.0,2023.0,control_weighted_pseudocohort,5.0,1,0,1,1,1,0,0,0,1.0,1.0,11.0,3.0,9.0,365.0,33.252147369538676,3482.4700000000003,36558.53,0.2895152956956777,3.0466272485161117,3.2101,1.0,1.0,1.0,1.0,4.0,117.333,0.0,1.0,0.0,0.0,0.0,0.0,0.0,N,,,,,For profit - Corporation,80.0,28.9,STRATFORD HOSPITAL DISTRICT,,,FOCUSED CARE AT LAMESA,,,,,2021-11-01,1,1,1,0,1,1,1,0
gold_main_v2,control,control_v2,455936,FOCUSED CARE AT LAMESA,TX,2022,0,,,,,,,,,,,74.35910599078342,4.0,5.422029953917051,4.0,0,False,False,False,False,False,True,2016.0,2023.0,control_weighted_pseudocohort,5.0,1,0,1,1,1,1,0,1,1.0,1.0,11.0,3.0,9.0,365.0,43.76591415830546,3191.27,42149.83,0.2003335822953545,2.6430632773634777,2.77925,1.0,,2.0,2.0,5.0,74.667,0.0,1.0,0.0,0.0,0.0,0.0,0.0,N,,,,,For profit - Limited Liability company,80.0,42.9,STRATFORD HOSPITAL DISTRICT,,,FOCUSED CARE AT LAMESA,,,,,2022-11-01,1,1,1,0,1,1,1,0
gold_main_v2,control,control_v2,455936,FOCUSED CARE AT LAMESA,TX,2023,0,,,,,,,,,,,74.35910599078342,4.0,5.422029953917051,4.0,0,False,False,False,False,False,True,2016.0,2023.0,control_weighted_pseudocohort,5.0,1,1,1,1,1,1,0,1,1.0,1.0,11.0,3.0,9.0,365.0,48.38719408610713,2927.61,42894.25,0.1671016959189691,2.441485669395285,2.22156,1.0,,3.0,3.0,5.0,38.000,0.0,0.0,0.0,0.0,0.0,0.0,0.0,N,44.0,38.0,1.0,0.8636363636363636,Government - Hospital district,80.0,50.1,STRATFORD HOSPITAL DISTRICT,FOCUSED POST ACUTE CARE PARTNERS,224.0,FOCUSED CARE AT LAMESA,TX,,,,2023-11-01,1,1,1,1,1,1,1,1
gold_main_v2,control,control_v2,455936,FOCUSED CARE AT LAMESA,TX,2024,0,,,,,,,,,,,74.35910599078342,4.0,5.422029953917051,4.0,0,False,False,False,False,False,True,2016.0,2023.0,control_weighted_pseudocohort,5.0,1,1,1,1,1,1,0,1,1.0,1.0,11.0,3.0,9.0,366.0,47.0388497372193,3559.15,39316.05,0.2075303436500974,2.289381970392754,2.24426,1.0,,2.0,2.0,5.0,114.333,1.0,0.0,2.0,1.0,10692.12,0.0,1.0,N,51.0,37.0,3.0,0.7254901960784313,For profit - Limited Liability company,80.0,48.8,STRATFORD HOSPITAL DISTRICT,FOCUSED POST ACUTE CARE PARTNERS,224.0,FOCUSED CARE AT LAMESA,TX,,,,2024-11-01,1,1,1,1,1,1,1,1
gold_main_v2,control,control_v2,455936,FOCUSED CARE AT LAMESA,TX,2025,0,,,,,,,,,,,74.35910599078342,4.0,5.422029953917051,4.0,0,False,True,False,False,False,True,2016.0,2023.0,control_weighted_pseudocohort,5.0,1,1,1,1,1,1,0,1,1.0,1.0,11.0,3.0,9.0,273.0,45.08044451522712,3502.87,32057.24,0.2822485765393618,2.6051070217258374,2.51395,1.0,,3.0,3.0,5.0,74.500,6.0,1.0,2.0,1.0,10692.0,0.0,1.0,N,69.0,36.333333333333336,1.6666666666666667,0.5495223730517848,For profit - Limited Liability company,80.0,44.8,STRATFORD HOSPITAL DISTRICT,FOCUSED POST ACUTE CARE PARTNERS,224.0,FOCUSED CARE AT LAMESA,TX,,,,2025-11-01,1,1,1,1,1,1,1,1
gold_main_v2,control,control_v2,455936,FOCUSED CARE AT LAMESA,TX,2026,0,,,,,,,,,,,74.35910599078342,4.0,5.422029953917051,4.0,0,False,True,False,False,False,True,2016.0,2023.0,control_weighted_pseudocohort,5.0,1,0,0,1,1,1,0,1,1.0,1.0,11.0,3.0,9.0,,,,,,,2.74471,1.0,,3.0,3.0,5.0,79.500,,,2.0,1.0,10692.0,0.0,1.0,N,,,,,For profit - Limited Liability company,80.0,48.3,STRATFORD HOSPITAL DISTRICT,FOCUSED POST ACUTE CARE PARTNERS,224.0,FOCUSED CARE AT LAMESA,TX,,,,2026-03-01,0,1,1,0,0,1,1,0
gold_main_v2,control,control_v2,495131,"NHC HEALTHCARE,BRISTOL",VA,2016,0,,,,,,,,,,,42.78784562211982,3.0,16.804498463901687,3.0,0,,,,,,,2016.0,2023.0,control_weighted_pseudocohort,5.0,1,0,0,1,1,0,0,0,1.0,1.0,11.0,3.0,9.0,,,,,,,4.34545,4.0,4.0,4.0,5.0,5.0,19.333,0.0,0.0,,0.0,0.0,0.0,0.0,N,,,,,For profit - Corporation,120.0,99.0,NHC HEALTHCARE-BRISTOL LLC,,,"NHC HEALTHCARE,BRISTOL",,,,,,0,1,1,0,0,1,1,0
gold_main_v2,control,control_v2,495131,"NHC HEALTHCARE,BRISTOL",VA,2017,0,,,,,,,,,,,42.78784562211982,3.0,16.804498463901687,3.0,0,,,,,,,2016.0,2023.0,control_weighted_pseudocohort,5.0,1,0,1,1,1,0,0,0,1.0,1.0,11.0,3.0,9.0,365.0,103.97009807825026,25380.25,149851.25,0.6694912076698758,3.952454499003045,4.1089,4.0,4.0,5.0,5.0,5.0,10.000,0.0,0.0,,0.0,0.0,0.0,0.0,N,,,,,For profit - Corporation,120.0,101.0,NHC HEALTHCARE-BRISTOL LLC,,,"NHC HEALTHCARE,BRISTOL",,,,,2017-12-01,1,1,1,0,1,1,1,0
gold_main_v2,control,control_v2,495131,"NHC HEALTHCARE,BRISTOL",VA,2018,0,,,,,,,,,,,42.78784562211982,3.0,16.804498463901687,3.0,0,,,,,,,2016.0,2023.0,control_weighted_pseudocohort,5.0,1,0,1,1,1,0,0,0,1.0,1.0,11.0,3.0,9.0,365.0,106.99117030312682,24887.5,151305.5,0.6374095470380627,3.8802949152541784,3.76132,,4.0,,,,7.200,0.0,0.0,,0.0,0.0,0.0,0.0,N,,,,,For profit - Corporation,120.0,110.4,NHC HEALTHCARE-BRISTOL LLC,,,"NHC HEALTHCARE,BRISTOL",,,,,2018-12-01,1,1,0,0,1,1,0,0
gold_main_v2,control,control_v2,495131,"NHC HEALTHCARE,BRISTOL",VA,2019,0,,,,,,,,,,,42.78784562211982,3.0,16.804498463901687,3.0,0,,,,,,,2016.0,2023.0,control_weighted_pseudocohort,5.0,1,0,1,1,1,0,0,0,1.0,1.0,11.0,3.0,9.0,365.0,109.79758321388756,18828.25,150083.5,0.4704467327746883,3.749610061903103,3.63003,,2.0,,,,10.000,0.0,0.0,,0.0,0.0,0.0,0.0,N,,,,,For profit - Corporation,120.0,111.0,NHC HEALTHCARE-BRISTOL LLC,,,"NHC HEALTHCARE,BRISTOL",,,,,2019-11-01,1,1,0,0,1,1,0,0
gold_main_v2,control,control_v2,495131,"NHC HEALTHCARE,BRISTOL",VA,2020,0,,,,,,,,,,,42.78784562211982,3.0,16.804498463901687,3.0,0,,,,,,,2016.0,2023.0,control_weighted_pseudocohort,5.0,1,0,1,1,1,0,0,0,1.0,1.0,11.0,3.0,9.0,366.0,103.34690038222648,20437.5,147646.65,0.5408674163615553,3.910087184281505,3.84487,3.0,3.0,5.0,5.0,4.0,10.000,0.0,0.0,,0.0,0.0,0.0,0.0,N,,,,,For profit - Corporation,120.0,103.9,NHC HEALTHCARE-BRISTOL LLC,,,"NHC HEALTHCARE,BRISTOL",,,,,2020-11-01,1,1,1,0,1,1,1,0
gold_main_v2,control,control_v2,495131,"NHC HEALTHCARE, BRISTOL",VA,2021,0,,,,,,,,,,,42.78784562211982,3.0,16.804498463901687,3.0,0,,,,,,,2016.0,2023.0,control_weighted_pseudocohort,5.0,1,0,1,1,1,0,0,0,1.0,1.0,11.0,3.0,9.0,365.0,98.9692022349631,14888.95,134538.52000000002,0.4145856316355351,3.738677970436608,3.56837,2.0,2.0,4.0,4.0,4.0,30.667,0.0,0.0,0.0,0.0,0.0,0.0,0.0,N,,,,,For profit - Limited Liability company,120.0,100.0,NHC HEALTHCARE-BRISTOL LLC,,,"NHC HEALTHCARE, BRISTOL",,,,,2021-11-01,1,1,1,0,1,1,1,0
gold_main_v2,control,control_v2,495131,"NHC HEALTHCARE, BRISTOL",VA,2022,0,,,,,,,,,,,42.78784562211982,3.0,16.804498463901687,3.0,0,False,False,False,False,False,False,2016.0,2023.0,control_weighted_pseudocohort,5.0,1,0,1,1,1,1,0,1,1.0,1.0,11.0,3.0,9.0,365.0,102.15253158677072,13846.25,135081.83,0.3711393297332926,3.625580979332312,3.63823,1.0,,4.0,3.0,3.0,30.667,0.0,0.0,0.0,0.0,0.0,0.0,0.0,N,,,,,For profit - Limited Liability company,120.0,103.2,NHC HEALTHCARE-BRISTOL LLC,,,"NHC HEALTHCARE, BRISTOL",,,,,2022-11-01,1,1,1,0,1,1,1,0
gold_main_v2,control,control_v2,495131,"NHC HEALTHCARE, BRISTOL",VA,2023,0,,,,,,,,,,,42.78784562211982,3.0,16.804498463901687,3.0,0,False,False,False,False,False,False,2016.0,2023.0,control_weighted_pseudocohort,5.0,1,1,1,1,1,1,0,1,1.0,1.0,11.0,3.0,9.0,365.0,102.21915113871636,25524.25,142071.95,0.683803234752292,3.810241132304373,3.98191,3.0,,4.0,4.0,4.0,30.667,0.0,0.0,0.0,0.0,0.0,0.0,0.0,N,103.0,48.0,11.0,0.4660194174757281,For profit - Limited Liability company,120.0,100.7,NHC HEALTHCARE-BRISTOL LLC,NATIONAL HEALTHCARE CORPORATION,364.0,"NHC HEALTHCARE, BRISTOL",VA,,,,2023-11-01,1,1,1,1,1,1,1,1
gold_main_v2,control,control_v2,495131,"NHC HEALTHCARE, BRISTOL",VA,2024,0,,,,,,,,,,,42.78784562211982,3.0,16.804498463901687,3.0,0,False,False,False,False,False,False,2016.0,2023.0,control_weighted_pseudocohort,5.0,1,1,1,1,1,1,0,1,1.0,1.0,11.0,3.0,9.0,366.0,108.44789178213092,30437.5,148052.78,0.7668196931330702,3.7328092918002542,3.85352,4.0,,4.0,5.0,5.0,30.667,0.0,0.0,,0.0,0.0,0.0,0.0,N,103.75,52.75,15.25,0.5075334310313244,For profit - Limited Liability company,120.0,107.6,NHC HEALTHCARE-BRISTOL LLC,NATIONAL HEALTHCARE CORPORATION,364.0,"NHC HEALTHCARE, BRISTOL",VA,,,,2024-11-01,1,1,1,1,1,1,1,1
gold_main_v2,control,control_v2,495131,"NHC HEALTHCARE, BRISTOL",VA,2025,0,,,,,,,,,,,42.78784562211982,3.0,16.804498463901687,3.0,0,False,True,False,True,False,False,2016.0,2023.0,control_weighted_pseudocohort,5.0,1,1,1,1,1,1,0,1,1.0,1.0,11.0,3.0,9.0,273.0,109.17016244624942,16147.0,110012.0,0.5418415886907578,3.693954337003997,3.58684,2.0,,4.0,5.0,5.0,31.000,0.0,3.0,,0.0,0.0,0.0,0.0,N,106.0,67.0,28.0,0.6320754716981132,For profit - Corporation,120.0,111.2,NHC HEALTHCARE-BRISTOL LLC,NATIONAL HEALTHCARE CORPORATION,364.0,"NHC HEALTHCARE, BRISTOL",VA,,,,2025-11-01,1,1,1,1,1,1,1,1
gold_main_v2,control,control_v2,495131,"NHC HEALTHCARE, BRISTOL",VA,2026,0,,,,,,,,,,,42.78784562211982,3.0,16.804498463901687,3.0,0,False,True,False,True,False,False,2016.0,2023.0,control_weighted_pseudocohort,5.0,1,0,0,1,1,1,0,1,1.0,1.0,11.0,3.0,9.0,,,,,,,3.89822,3.0,,4.0,5.0,5.0,31.000,,,,1.0,12735.0,0.0,1.0,N,,,,,For profit - Corporation,120.0,107.9,NHC HEALTHCARE-BRISTOL LLC,NATIONAL HEALTHCARE CORPORATION,364.0,"NHC HEALTHCARE, BRISTOL",VA,,,,2026-03-01,0,1,1,0,0,1,1,0
gold_main_v2,control,control_v2,495253,AUTUMN CARE OF NORFOLK,VA,2016,0,,,,,,,,,,,78.2025668202765,4.0,3.24821198156682,4.0,0,,,,,,,2016.0,2023.0,control_weighted_pseudocohort,5.0,1,0,0,1,1,0,0,0,1.0,1.0,11.0,3.0,9.0,,,,,,,3.42099,2.0,2.0,2.0,2.0,2.0,79.000,0.0,3.0,,0.0,0.0,0.0,0.0,N,,,,,For profit - Corporation,120.0,112.0,AUTUMN CORPORATION,,,AUTUMN CARE OF NORFOLK,,,,,,0,1,1,0,0,1,1,0
gold_main_v2,control,control_v2,495253,AUTUMN CARE OF NORFOLK,VA,2017,0,,,,,,,,,,,78.2025668202765,4.0,3.24821198156682,4.0,0,,,,,,,2016.0,2023.0,control_weighted_pseudocohort,5.0,1,0,1,1,1,0,0,0,1.0,1.0,11.0,3.0,9.0,365.0,113.2464690502734,15798.75,130232.0,0.3815860890012424,3.149708133201856,3.18304,1.0,2.0,2.0,1.0,3.0,64.000,0.0,3.0,,0.0,0.0,0.0,0.0,N,,,,,For profit - Corporation,120.0,112.0,AUTUMN CORPORATION,,,AUTUMN CARE OF NORFOLK,,,,,2017-12-01,1,1,1,0,1,1,1,0
gold_main_v2,control,control_v2,495253,AUTUMN CARE OF NORFOLK,VA,2018,0,,,,,,,,,,,78.2025668202765,4.0,3.24821198156682,4.0,0,,,,,,,2016.0,2023.0,control_weighted_pseudocohort,5.0,1,0,1,1,1,0,0,0,1.0,1.0,11.0,3.0,9.0,365.0,113.16165259860912,12003.5,127112.15,0.2921066421105288,3.0808215200934,3.14506,,2.0,,,,74.400,0.0,13.0,,0.0,0.0,0.0,0.0,N,,,,,For profit - Corporation,120.0,114.1,AUTUMN CORPORATION,,,AUTUMN CARE OF NORFOLK,,,,,2018-12-01,1,1,0,0,1,1,0,0
gold_main_v2,control,control_v2,495253,AUTUMN CARE OF NORFOLK,VA,2019,0,,,,,,,,,,,78.2025668202765,4.0,3.24821198156682,4.0,0,,,,,,,2016.0,2023.0,control_weighted_pseudocohort,5.0,1,0,1,1,1,0,0,0,1.0,1.0,11.0,3.0,9.0,365.0,113.26999190423103,10189.0,131357.79,0.246615916216093,3.177144678205782,3.01621,,1.0,,,,73.667,0.0,10.0,,0.0,0.0,0.0,0.0,N,,,,,For profit - Corporation,120.0,112.9,AUTUMN CORPORATION,,,AUTUMN CARE OF NORFOLK,,,,,2019-11-01,1,1,0,0,1,1,0,0
gold_main_v2,control,control_v2,495253,AUTUMN CARE OF NORFOLK,VA,2020,0,,,,,,,,,,,78.2025668202765,4.0,3.24821198156682,4.0,0,,,,,,,2016.0,2023.0,control_weighted_pseudocohort,5.0,1,0,1,1,1,0,0,0,1.0,1.0,11.0,3.0,9.0,275.0,108.46221532091096,9032.33,97752.56,0.3040660064073505,3.2827693825014705,3.13524,1.0,1.0,2.0,1.0,4.0,70.000,0.0,10.0,,0.0,0.0,0.0,0.0,N,,,,,For profit - Corporation,120.0,111.6,AUTUMN CORPORATION,,,AUTUMN CARE OF NORFOLK,,,,,2020-11-01,1,1,1,0,1,1,1,0
gold_main_v2,control,control_v2,495253,AUTUMN CARE OF NORFOLK,VA,2021,0,,,,,,,,,,,78.2025668202765,4.0,3.24821198156682,4.0,0,,,,,,,2016.0,2023.0,control_weighted_pseudocohort,5.0,1,0,1,1,1,0,0,0,1.0,1.0,11.0,3.0,9.0,365.0,93.96760431597389,9997.94,108392.89,0.2925843247790144,3.1773563121287625,3.36514,1.0,1.0,2.0,1.0,3.0,74.000,0.0,0.0,1.0,1.0,7345.0,0.0,1.0,N,,,,,For profit - Corporation,120.0,93.9,AUTUMN CORPORATION,,,AUTUMN CARE OF NORFOLK,,,,,2021-11-01,1,1,1,0,1,1,1,0
gold_main_v2,control,control_v2,495253,AUTUMN CARE OF NORFOLK,VA,2022,0,,,,,,,,,,,78.2025668202765,4.0,3.24821198156682,4.0,0,False,False,False,False,True,False,2016.0,2023.0,control_weighted_pseudocohort,5.0,1,0,1,1,1,1,0,1,1.0,1.0,11.0,3.0,9.0,365.0,99.76163269098052,6900.29,117793.76,0.190232488643312,3.2379081565565837,3.18746,1.0,,2.0,1.0,2.0,74.667,0.0,2.0,1.0,1.0,7345.0,0.0,1.0,N,,,,,For profit - Corporation,120.0,99.7,AUTUMN CORPORATION,,,AUTUMN CARE OF NORFOLK,,,,,2022-11-01,1,1,1,0,1,1,1,0
gold_main_v2,control,control_v2,495253,AUTUMN CARE OF NORFOLK,VA,2023,0,,,,,,,,,,,78.2025668202765,4.0,3.24821198156682,4.0,0,False,False,False,False,True,False,2016.0,2023.0,control_weighted_pseudocohort,5.0,1,1,1,1,1,1,0,1,1.0,1.0,11.0,3.0,9.0,365.0,109.5880142804056,12262.25,129447.56,0.3074194085993309,3.239147582586476,3.19652,1.0,,2.0,1.0,2.0,73.333,0.0,9.0,1.0,1.0,7345.0,0.0,1.0,N,106.0,70.0,8.0,0.660377358490566,For profit - Individual,120.0,111.0,AUTUMN CORPORATION,SABER HEALTHCARE GROUP,461.0,AUTUMN CARE OF NORFOLK,VA,,,,2023-11-01,1,1,1,1,1,1,1,1
gold_main_v2,control,control_v2,495253,AUTUMN CARE OF NORFOLK,VA,2024,0,,,,,,,,,,,78.2025668202765,4.0,3.24821198156682,4.0,0,False,False,False,False,True,False,2016.0,2023.0,control_weighted_pseudocohort,5.0,1,1,1,1,1,1,0,1,1.0,1.0,11.0,3.0,9.0,366.0,110.86795269947444,13765.0,131564.0,0.3395792418043135,3.245860379281036,3.01488,2.0,,2.0,2.0,3.0,71.333,0.0,9.0,,0.0,0.0,0.0,0.0,N,106.0,70.0,8.0,0.660377358490566,For profit - Individual,120.0,113.4,AUTUMN CORPORATION,SABER HEALTHCARE GROUP,461.0,AUTUMN CARE OF NORFOLK,VA,,,,2024-11-01,1,1,1,1,1,1,1,1
gold_main_v2,control,control_v2,495253,AUTUMN CARE OF NORFOLK,VA,2025,0,,,,,,,,,,,78.2025668202765,4.0,3.24821198156682,4.0,0,False,True,True,False,True,False,2016.0,2023.0,control_weighted_pseudocohort,5.0,1,1,1,1,1,1,0,1,1.0,1.0,11.0,3.0,9.0,273.0,110.76250552989684,12389.0,98176.25,0.4096344836368426,3.250143888234755,3.13616,2.0,,3.0,4.0,5.0,67.000,0.0,13.0,,0.0,0.0,0.0,0.0,N,106.0,70.0,8.0,0.660377358490566,For profit - Individual,120.0,112.4,AUTUMN CORPORATION,SABER HEALTHCARE GROUP,461.0,AUTUMN CARE OF NORFOLK,VA,,,,2025-11-01,1,1,1,1,1,1,1,1
gold_main_v2,control,control_v2,495253,AUTUMN CARE OF NORFOLK,VA,2026,0,,,,,,,,,,,78.2025668202765,4.0,3.24821198156682,4.0,0,False,True,True,False,True,False,2016.0,2023.0,control_weighted_pseudocohort,5.0,1,0,0,1,1,1,0,1,1.0,1.0,11.0,3.0,9.0,,,,,,,3.39963,2.0,,3.0,4.0,5.0,67.000,,,,0.0,0.0,0.0,0.0,N,,,,,For profit - Individual,120.0,109.4,AUTUMN CORPORATION,SABER HEALTHCARE GROUP,461.0,AUTUMN CARE OF NORFOLK,VA,,,,2026-03-01,0,1,1,0,0,1,1,0
gold_main_v2,control,control_v2,495256,AUTUMN CARE OF CHESAPEAKE,VA,2016,0,,,,,,,,,,,62.09191397849463,3.0,21.88968202764977,3.0,1,,,,,,,2016.0,2023.0,control_weighted_pseudocohort,5.0,1,0,0,1,1,0,0,0,1.0,1.0,11.0,3.0,9.0,,,,,,,4.31574,3.0,2.0,1.0,1.0,2.0,92.333,0.0,14.0,,1.0,59118.0,0.0,1.0,N,,,,,For profit - Corporation,117.0,108.0,AUTUMN CORPORATION,,,AUTUMN CARE OF CHESAPEAKE,,,,,,0,1,1,0,0,1,1,0
gold_main_v2,control,control_v2,495256,AUTUMN CARE OF CHESAPEAKE,VA,2017,0,,,,,,,,,,,62.09191397849463,3.0,21.88968202764977,3.0,1,,,,,,,2016.0,2023.0,control_weighted_pseudocohort,5.0,1,0,1,1,1,0,0,0,1.0,1.0,11.0,3.0,9.0,365.0,107.88532011466792,16756.5,147278.25,0.425886356523762,3.746980638441397,3.7391,2.0,2.0,2.0,2.0,4.0,66.333,0.0,15.0,,2.0,165588.0,0.0,2.0,N,,,,,For profit - Corporation,117.0,110.0,AUTUMN CORPORATION,,,AUTUMN CARE OF CHESAPEAKE,,,,,2017-12-01,1,1,1,0,1,1,1,0
gold_main_v2,control,control_v2,495256,AUTUMN CARE OF CHESAPEAKE,VA,2018,0,,,,,,,,,,,62.09191397849463,3.0,21.88968202764977,3.0,1,,,,,,,2016.0,2023.0,control_weighted_pseudocohort,5.0,1,0,1,1,1,0,0,0,1.0,1.0,11.0,3.0,9.0,365.0,108.23640242607634,18365.75,145725.0,0.4677585877926581,3.6952218644892185,3.88516,,3.0,,,,49.600,0.0,3.0,,1.0,106470.0,0.0,1.0,N,,,,,For profit - Corporation,117.0,105.4,AUTUMN CORPORATION,,,AUTUMN CARE OF CHESAPEAKE,,,,,2018-12-01,1,1,0,0,1,1,0,0
gold_main_v2,control,control_v2,495256,AUTUMN CARE OF CHESAPEAKE,VA,2019,0,,,,,,,,,,,62.09191397849463,3.0,21.88968202764977,3.0,1,,,,,,,2016.0,2023.0,control_weighted_pseudocohort,5.0,1,0,1,1,1,0,0,0,1.0,1.0,11.0,3.0,9.0,365.0,108.02523955513088,12581.0,141595.25,0.3193109510777051,3.5963637540255213,3.54393,,1.0,,,,97.333,0.0,4.0,,1.0,23738.0,0.0,1.0,N,,,,,For profit - Corporation,117.0,111.1,AUTUMN CORPORATION,,,AUTUMN CARE OF CHESAPEAKE,,,,,2019-11-01,1,1,0,0,1,1,0,0
gold_main_v2,control,control_v2,495256,AUTUMN CARE OF CHESAPEAKE,VA,2020,0,,,,,,,,,,,62.09191397849463,3.0,21.88968202764977,3.0,1,,,,,,,2016.0,2023.0,control_weighted_pseudocohort,5.0,1,0,1,1,1,0,0,0,1.0,1.0,11.0,3.0,9.0,275.0,91.7828077719382,10028.25,100173.0,0.4002042009159726,3.980217767381165,4.09792,2.0,2.0,2.0,3.0,5.0,80.000,0.0,2.0,,1.0,23738.0,0.0,1.0,N,,,,,For profit - Corporation,117.0,87.1,AUTUMN CORPORATION,,,AUTUMN CARE OF CHESAPEAKE,,,,,2020-11-01,1,1,1,0,1,1,1,0
gold_main_v2,control,control_v2,495256,AUTUMN CARE OF CHESAPEAKE,VA,2021,0,,,,,,,,,,,62.09191397849463,3.0,21.88968202764977,3.0,1,,,,,,,2016.0,2023.0,control_weighted_pseudocohort,5.0,1,0,1,1,1,0,0,0,1.0,1.0,11.0,3.0,9.0,365.0,99.7883812443595,12578.25,128849.5,0.3467488475320697,3.548066267577256,3.46084,1.0,1.0,3.0,2.0,4.0,66.667,0.0,2.0,0.0,1.0,23738.0,0.0,1.0,N,,,,,For profit - Corporation,117.0,100.8,AUTUMN CORPORATION,,,AUTUMN CARE OF CHESAPEAKE,,,,,2021-11-01,1,1,1,0,1,1,1,0
gold_main_v2,control,control_v2,495256,AUTUMN CARE OF CHESAPEAKE,VA,2022,0,,,,,,,,,,,62.09191397849463,3.0,21.88968202764977,3.0,1,False,False,False,False,True,False,2016.0,2023.0,control_weighted_pseudocohort,5.0,1,0,1,1,1,1,0,1,1.0,1.0,11.0,3.0,9.0,365.0,101.62639154323936,7403.87,120987.73,0.2018497569806005,3.2743417451355223,3.25905,2.0,,3.0,3.0,3.0,60.000,0.0,0.0,0.0,0.0,0.0,0.0,0.0,N,,,,,For profit - Corporation,117.0,99.9,AUTUMN CORPORATION,,,AUTUMN CARE OF CHESAPEAKE,,,,,2022-11-01,1,1,1,0,1,1,1,0
gold_main_v2,control,control_v2,495256,AUTUMN CARE OF CHESAPEAKE,VA,2023,0,,,,,,,,,,,62.09191397849463,3.0,21.88968202764977,3.0,1,False,False,False,False,True,False,2016.0,2023.0,control_weighted_pseudocohort,5.0,1,1,1,1,1,1,0,1,1.0,1.0,11.0,3.0,9.0,365.0,107.04752349100175,8413.46,140620.84,0.2154110599558804,3.6037040230038286,3.61825,1.0,,3.0,3.0,5.0,60.000,0.0,0.0,0.0,0.0,0.0,0.0,0.0,N,105.0,64.0,19.0,0.6095238095238096,For profit - Corporation,117.0,109.0,AUTUMN CORPORATION,SABER HEALTHCARE GROUP,461.0,AUTUMN CARE OF CHESAPEAKE,VA,,,,2023-11-01,1,1,1,1,1,1,1,1
gold_main_v2,control,control_v2,495256,AUTUMN CARE OF CHESAPEAKE,VA,2024,0,,,,,,,,,,,62.09191397849463,3.0,21.88968202764977,3.0,1,False,False,False,False,True,False,2016.0,2023.0,control_weighted_pseudocohort,5.0,1,1,1,1,1,1,0,1,1.0,1.0,11.0,3.0,9.0,366.0,108.79995819397992,9602.97,145090.28,0.2406825325707869,3.6467770092077494,3.70956,2.0,,3.0,3.0,4.0,68.000,0.0,12.0,,0.0,0.0,0.0,0.0,N,105.0,64.0,19.0,0.6095238095238096,For profit - Limited Liability company,117.0,107.3,AUTUMN CORPORATION,SABER HEALTHCARE GROUP,461.0,AUTUMN CARE OF CHESAPEAKE,VA,,,,2024-11-01,1,1,1,1,1,1,1,1
gold_main_v2,control,control_v2,495256,AUTUMN CARE OF CHESAPEAKE,VA,2025,0,,,,,,,,,,,62.09191397849463,3.0,21.88968202764977,3.0,1,False,True,True,False,True,False,2016.0,2023.0,control_weighted_pseudocohort,5.0,1,1,1,1,1,1,0,1,1.0,1.0,11.0,3.0,9.0,273.0,110.23768381377076,10274.0,109268.94,0.3411915189591171,3.6303713811927127,3.65341,2.0,,3.0,3.0,3.0,68.000,0.0,28.0,,0.0,0.0,0.0,0.0,N,105.0,64.0,19.0,0.6095238095238096,For profit - Limited Liability company,117.0,109.9,AUTUMN CORPORATION,SABER HEALTHCARE GROUP,461.0,AUTUMN CARE OF CHESAPEAKE,VA,,,,2025-11-01,1,1,1,1,1,1,1,1
gold_main_v2,control,control_v2,495256,AUTUMN CARE OF CHESAPEAKE,VA,2026,0,,,,,,,,,,,62.09191397849463,3.0,21.88968202764977,3.0,1,False,True,True,False,True,False,2016.0,2023.0,control_weighted_pseudocohort,5.0,1,0,0,1,1,1,0,1,1.0,1.0,11.0,3.0,9.0,,,,,,,3.71134,2.0,,3.0,3.0,4.0,68.000,,,,0.0,0.0,0.0,0.0,N,,,,,For profit - Limited Liability company,117.0,110.4,AUTUMN CORPORATION,SABER HEALTHCARE GROUP,461.0,AUTUMN CARE OF CHESAPEAKE,VA,,,,2026-03-01,0,1,1,0,0,1,1,0
gold_main_v2,control,control_v2,495413,AUTUMN CARE OF MECHANICSVILLE,VA,2016,0,,,,,,,,,,,59.84343333333333,2.0,18.881066666666666,2.0,1,,,,,,,2019.0,2023.0,control_weighted_pseudocohort,4.0,1,0,0,1,1,0,0,0,1.0,1.0,11.0,3.0,9.0,,,,,,,3.89482,3.0,2.0,2.0,3.0,5.0,65.333,0.0,6.0,,0.0,0.0,0.0,0.0,N,,,,,For profit - Corporation,169.0,164.0,AUTUMN CORPORATION,,,AUTUMN CARE OF MECHANICSVILLE,,,,,,0,1,1,0,0,1,1,0
gold_main_v2,control,control_v2,495413,AUTUMN CARE OF MECHANICSVILLE,VA,2017,0,,,,,,,,,,,59.84343333333333,2.0,18.881066666666666,2.0,1,,,,,,,2019.0,2023.0,control_weighted_pseudocohort,4.0,1,0,1,1,1,0,0,0,1.0,1.0,11.0,3.0,9.0,365.0,152.6299304560174,20805.75,199886.75,0.373055967545262,3.5929984522757774,3.54581,1.0,2.0,1.0,2.0,5.0,209.333,0.0,16.0,,1.0,2600.0,0.0,1.0,N,,,,,For profit - Corporation,169.0,155.0,AUTUMN CORPORATION,,,AUTUMN CARE OF MECHANICSVILLE,,,,,2017-12-01,1,1,1,0,1,1,1,0
gold_main_v2,control,control_v2,495413,AUTUMN CARE OF MECHANICSVILLE,VA,2018,0,,,,,,,,,,,59.84343333333333,2.0,18.881066666666666,2.0,1,,,,,,,2019.0,2023.0,control_weighted_pseudocohort,4.0,1,0,1,1,1,0,0,0,1.0,1.0,11.0,3.0,9.0,365.0,147.30332125603866,25393.0,183030.39,0.4755065229675691,3.4194421634569143,3.68585,,3.0,,,,235.200,0.0,19.0,,1.0,2600.0,0.0,1.0,N,,,,,For profit - Corporation,169.0,141.0,AUTUMN CORPORATION,,,AUTUMN CARE OF MECHANICSVILLE,,,,,2018-12-01,1,1,0,0,1,1,0,0
gold_main_v2,control,control_v2,495413,AUTUMN CARE OF MECHANICSVILLE,VA,2019,0,,,,,,,,,,,59.84343333333333,2.0,18.881066666666666,2.0,1,,,,,,,2019.0,2023.0,control_weighted_pseudocohort,4.0,1,0,1,1,1,0,0,0,1.0,1.0,11.0,3.0,9.0,365.0,152.73613898179116,24995.75,177577.0,0.4481094580460465,3.1882470398065488,3.26242,,2.0,,,,123.333,0.0,11.0,,0.0,0.0,0.0,0.0,N,,,,,For profit - Corporation,169.0,149.1,AUTUMN CORPORATION,,,AUTUMN CARE OF MECHANICSVILLE,,,,,2019-11-01,1,1,0,0,1,1,0,0
gold_main_v2,control,control_v2,495413,AUTUMN CARE OF MECHANICSVILLE,VA,2020,0,,,,,,,,,,,59.84343333333333,2.0,18.881066666666666,2.0,1,,,,,,,2019.0,2023.0,control_weighted_pseudocohort,4.0,1,0,1,1,1,0,0,0,1.0,1.0,11.0,3.0,9.0,275.0,129.50700748526836,18504.25,121679.43,0.5187645606164438,3.430417786546942,3.72312,2.0,2.0,2.0,2.0,4.0,78.000,0.0,8.0,,0.0,0.0,0.0,0.0,N,,,,,For profit - Corporation,169.0,122.9,AUTUMN CORPORATION,,,AUTUMN CARE OF MECHANICSVILLE,,,,,2020-11-01,1,1,1,0,1,1,1,0
gold_main_v2,control,control_v2,495413,AUTUMN CARE OF MECHANICSVILLE,VA,2021,0,,,,,,,,,,,59.84343333333333,2.0,18.881066666666666,2.0,1,,,,,,,2019.0,2023.0,control_weighted_pseudocohort,4.0,1,0,1,1,1,0,0,0,1.0,1.0,11.0,3.0,9.0,365.0,134.22257458724852,23572.15,147843.89,0.4852524571609544,3.021199634453828,2.77736,2.0,3.0,3.0,4.0,5.0,48.000,0.0,5.0,2.0,0.0,0.0,0.0,0.0,N,,,,,For profit - Corporation,169.0,130.3,AUTUMN CORPORATION,,,AUTUMN CARE OF MECHANICSVILLE,,,,,2021-11-01,1,1,1,0,1,1,1,0
gold_main_v2,control,control_v2,495413,AUTUMN CARE OF MECHANICSVILLE,VA,2022,0,,,,,,,,,,,59.84343333333333,2.0,18.881066666666666,2.0,1,False,False,False,False,True,False,2019.0,2023.0,control_weighted_pseudocohort,4.0,1,0,1,1,1,1,0,1,1.0,1.0,11.0,3.0,9.0,365.0,151.39639074693423,26429.55,178311.59,0.477055882271985,3.223516077600731,3.37793,2.0,,3.0,4.0,5.0,45.333,0.0,4.0,2.0,0.0,0.0,0.0,0.0,N,,,,,For profit - Corporation,169.0,149.5,AUTUMN CORPORATION,,,AUTUMN CARE OF MECHANICSVILLE,,,,,2022-11-01,1,1,1,0,1,1,1,0
gold_main_v2,control,control_v2,495413,AUTUMN CARE OF MECHANICSVILLE,VA,2023,0,,,,,,,,,,,59.84343333333333,2.0,18.881066666666666,2.0,1,False,False,False,False,True,False,2019.0,2023.0,control_weighted_pseudocohort,4.0,1,1,1,1,1,1,0,1,1.0,1.0,11.0,3.0,9.0,365.0,161.62098264054785,29046.55,199699.82,0.4929807288678973,3.387329104024775,3.38058,2.0,,3.0,3.0,4.0,46.667,0.0,3.0,2.0,0.0,0.0,0.0,0.0,N,155.0,80.0,39.0,0.5161290322580645,For profit - Corporation,169.0,161.1,AUTUMN CORPORATION,SABER HEALTHCARE GROUP,461.0,AUTUMN CARE OF MECHANICSVILLE,VA,,,,2023-11-01,1,1,1,1,1,1,1,1
gold_main_v2,control,control_v2,495413,AUTUMN CARE OF MECHANICSVILLE,VA,2024,0,,,,,,,,,,,59.84343333333333,2.0,18.881066666666666,2.0,1,False,False,False,False,True,False,2019.0,2023.0,control_weighted_pseudocohort,4.0,1,1,1,1,1,1,0,1,1.0,1.0,11.0,3.0,9.0,366.0,162.6620879120879,32790.75,200904.25,0.5515611561442004,3.37631564943974,3.29695,3.0,,3.0,3.0,4.0,45.333,0.0,0.0,0.0,0.0,0.0,0.0,0.0,N,155.0,80.0,39.0,0.5161290322580645,For profit - Corporation,169.0,163.8,AUTUMN CORPORATION,SABER HEALTHCARE GROUP,461.0,AUTUMN CARE OF MECHANICSVILLE,VA,,,,2024-11-01,1,1,1,1,1,1,1,1
gold_main_v2,control,control_v2,495413,AUTUMN CARE OF MECHANICSVILLE,VA,2025,0,,,,,,,,,,,59.84343333333333,2.0,18.881066666666666,2.0,1,False,True,True,False,True,False,2019.0,2023.0,control_weighted_pseudocohort,4.0,1,1,1,1,1,1,0,1,1.0,1.0,11.0,3.0,9.0,273.0,157.5922510661641,24490.5,149872.75,0.5693848388556635,3.4850440507268092,3.4854,3.0,,2.0,2.0,4.0,87.000,0.0,9.0,,1.0,10358.0,0.0,1.0,N,155.0,80.0,39.0,0.5161290322580645,For profit - Corporation,169.0,158.5,AUTUMN CORPORATION,SABER HEALTHCARE GROUP,461.0,AUTUMN CARE OF MECHANICSVILLE,VA,,,,2025-11-01,1,1,1,1,1,1,1,1
gold_main_v2,control,control_v2,495413,AUTUMN CARE OF MECHANICSVILLE,VA,2026,0,,,,,,,,,,,59.84343333333333,2.0,18.881066666666666,2.0,1,False,True,True,False,True,False,2019.0,2023.0,control_weighted_pseudocohort,4.0,1,0,0,1,1,1,0,1,1.0,1.0,11.0,3.0,9.0,,,,,,,3.59498,3.0,,2.0,3.0,5.0,85.000,,,,1.0,10358.0,0.0,1.0,N,,,,,For profit - Corporation,169.0,155.8,AUTUMN CORPORATION,SABER HEALTHCARE GROUP,461.0,AUTUMN CARE OF MECHANICSVILLE,VA,,,,2026-03-01,0,1,1,0,0,1,1,0
gold_main_v2,control,control_v2,495426,MULBERRY CREEK NURSING AND REHAB CENTER,VA,2020,0,,,,,,,,,,,50.73108695652174,2.0,2.981956521739131,2.0,0,,,,,,,2020.0,2023.0,control_weighted_pseudocohort,2.0,1,0,1,1,1,0,0,0,1.0,1.0,7.0,3.0,6.0,366.0,149.09325728619206,23555.29,248605.68,0.473433197474823,5.31020591220094,3.8379,,,,,,,0.0,0.0,,0.0,0.0,0.0,0.0,N,,,,,Non profit - Corporation,300.0,186.1,"AFS OF MARTINSVILLE, INC.",,,MULBERRY CREEK NURSING AND REHAB CENTER,,,,,2020-11-01,1,1,0,0,1,1,0,0
gold_main_v2,control,control_v2,495426,MULBERRY CREEK NURSING AND REHAB CENTER,VA,2021,0,,,,,,,,,,,50.73108695652174,2.0,2.981956521739131,2.0,0,,,,,,,2020.0,2023.0,control_weighted_pseudocohort,2.0,1,0,1,1,1,0,0,0,1.0,1.0,7.0,3.0,6.0,365.0,156.93605337898816,24346.72,203220.21,0.4266474778340792,3.5548195565111556,3.59487,,,,,,,0.0,0.0,2.0,0.0,0.0,0.0,0.0,N,,,,,Non profit - Corporation,300.0,156.9,"AFS OF MARTINSVILLE, INC.",,,MULBERRY CREEK NURSING AND REHAB CENTER,,,,,2021-11-01,1,1,0,0,1,1,0,0
gold_main_v2,control,control_v2,495426,MULBERRY CREEK NURSING AND REHAB CENTER,VA,2022,0,,,,,,,,,,,50.73108695652174,2.0,2.981956521739131,2.0,0,False,False,False,False,False,False,2020.0,2023.0,control_weighted_pseudocohort,2.0,1,0,1,1,1,1,0,1,1.0,1.0,7.0,3.0,6.0,365.0,162.1803956309391,25288.53,198224.75,0.4275470551328154,3.3531641623527646,3.51445,,,,,,,0.0,0.0,2.0,0.0,0.0,0.0,0.0,N,,,,,Non profit - Corporation,300.0,161.3,"AFS OF MARTINSVILLE, INC.",,,MULBERRY CREEK NURSING AND REHAB CENTER,,,,,2022-11-01,1,1,0,0,1,1,0,0
gold_main_v2,control,control_v2,495426,MULBERRY CREEK NURSING AND REHAB CENTER,VA,2023,0,,,,,,,,,,,50.73108695652174,2.0,2.981956521739131,2.0,0,False,False,False,False,False,False,2020.0,2023.0,control_weighted_pseudocohort,2.0,1,1,1,1,1,1,0,1,1.0,1.0,7.0,3.0,6.0,365.0,170.8444066199501,24676.61,208852.6,0.3966082757707566,3.3473675376860745,3.27901,3.0,,4.0,4.0,3.0,27.200,0.0,1.0,1.0,0.0,0.0,0.0,0.0,N,169.0,136.0,8.0,0.8047337278106509,Non profit - Corporation,300.0,165.3,"AFS OF MARTINSVILLE, INC.",KISSITO HEALTHCARE,302.0,MULBERRY CREEK NURSING AND REHAB CENTER,VA,,,,2023-11-01,1,1,1,1,1,1,1,1
gold_main_v2,control,control_v2,495426,MULBERRY CREEK NURSING & REHAB CENTER,VA,2024,0,,,,,,,,,,,50.73108695652174,2.0,2.981956521739131,2.0,0,False,False,False,False,False,False,2020.0,2023.0,control_weighted_pseudocohort,2.0,1,1,1,1,1,1,0,1,1.0,1.0,7.0,3.0,6.0,366.0,186.58877806975633,25222.12,249077.55,0.369456472418238,3.648246669078274,3.72248,2.0,,5.0,5.0,3.0,16.667,0.0,1.0,,0.0,0.0,0.0,0.0,N,175.75,139.0,8.75,0.791071072402101,For profit - Limited Liability company,300.0,183.3,"AFS OF MARTINSVILLE, INC.",KISSITO HEALTHCARE,302.0,MULBERRY CREEK NURSING & REHAB CENTER,VA,,,,2024-11-01,1,1,1,1,1,1,1,1
gold_main_v2,control,control_v2,495426,MULBERRY CREEK NURSING & REHAB CENTER,VA,2025,0,,,,,,,,,,,50.73108695652174,2.0,2.981956521739131,2.0,0,False,True,False,False,True,False,2020.0,2023.0,control_weighted_pseudocohort,2.0,1,1,1,1,1,1,0,1,1.0,1.0,7.0,3.0,6.0,273.0,189.08366424235987,20464.75,193896.32,0.3967231166690414,3.757213866292453,3.77852,2.0,,4.0,4.0,2.0,17.000,0.0,4.0,,0.0,0.0,0.0,0.0,N,178.0,140.0,9.0,0.7865168539325843,For profit - Limited Liability company,300.0,192.8,RBM OPCO OF MARTINSVILLE LLC,KISSITO HEALTHCARE,302.0,MULBERRY CREEK NURSING & REHAB CENTER,VA,,,,2025-11-01,1,1,1,1,1,1,1,1
gold_main_v2,control,control_v2,495426,MULBERRY CREEK NURSING & REHAB CENTER,VA,2026,0,,,,,,,,,,,50.73108695652174,2.0,2.981956521739131,2.0,0,False,True,False,False,True,False,2020.0,2023.0,control_weighted_pseudocohort,2.0,1,0,0,1,1,1,0,1,1.0,1.0,7.0,3.0,6.0,,,,,,,3.74644,3.0,,5.0,4.0,1.0,15.000,,,,0.0,0.0,0.0,0.0,N,,,,,For profit - Limited Liability company,300.0,185.8,RBM OPCO OF MARTINSVILLE LLC,KISSITO HEALTHCARE,302.0,MULBERRY CREEK NURSING & REHAB CENTER,VA,,,,2026-03-01,0,1,1,0,0,1,1,0
gold_main_v2,control,control_v2,505264,AVAMERE AT PACIFIC RIDGE,WA,2016,0,,,,,,,,,,,79.59939861751153,4.0,5.291080645161291,4.0,0,,,,,,,2016.0,2023.0,control_weighted_pseudocohort,5.0,1,0,0,1,1,0,0,0,1.0,1.0,11.0,3.0,9.0,,,,,,,3.62446,3.0,3.0,3.0,3.0,2.0,40.000,4.0,4.0,,0.0,0.0,0.0,0.0,N,,,,,For profit - Corporation,102.0,92.0,"TACOMA REHAB, LLC",,,AVAMERE AT PACIFIC RIDGE,,,,,,0,1,1,0,0,1,1,0
gold_main_v2,control,control_v2,505264,AVAMERE AT PACIFIC RIDGE,WA,2017,0,,,,,,,,,,,79.59939861751153,4.0,5.291080645161291,4.0,0,,,,,,,2016.0,2023.0,control_weighted_pseudocohort,5.0,1,0,1,1,1,0,0,0,1.0,1.0,11.0,3.0,9.0,365.0,95.20178704146096,17037.75,137687.5,0.4901976308368453,3.963489253907951,4.27423,5.0,5.0,2.0,3.0,2.0,106.667,19.0,4.0,,2.0,68667.0,0.0,2.0,N,,,,,For profit - Corporation,102.0,97.0,"TACOMA REHAB, LLC",,,AVAMERE AT PACIFIC RIDGE,,,,,2017-12-01,1,1,1,0,1,1,1,0
gold_main_v2,control,control_v2,505264,AVAMERE AT PACIFIC RIDGE,WA,2018,0,,,,,,,,,,,79.59939861751153,4.0,5.291080645161291,4.0,0,,,,,,,2016.0,2023.0,control_weighted_pseudocohort,5.0,1,0,1,1,1,0,0,0,1.0,1.0,11.0,3.0,9.0,365.0,96.54941139778096,13861.25,132597.25,0.3953632422168237,3.7651357010923543,3.83754,,3.0,,,,124.000,20.0,4.0,,3.0,75167.0,0.0,3.0,N,,,,,For profit - Corporation,102.0,95.5,"TACOMA REHAB, LLC",,,AVAMERE AT PACIFIC RIDGE,,,,,2018-12-01,1,1,0,0,1,1,0,0
gold_main_v2,control,control_v2,505264,AVAMERE AT PACIFIC RIDGE,WA,2019,0,,,,,,,,,,,79.59939861751153,4.0,5.291080645161291,4.0,0,,,,,,,2016.0,2023.0,control_weighted_pseudocohort,5.0,1,0,1,1,1,0,0,0,1.0,1.0,11.0,3.0,9.0,365.0,95.34251738599563,17502.75,128370.0,0.5026823833957514,3.6910866375547258,3.68991,,3.0,,,,72.667,8.0,1.0,,2.0,25428.0,0.0,2.0,N,,,,,For profit - Corporation,102.0,95.8,"TACOMA REHAB, LLC",,,AVAMERE AT PACIFIC RIDGE,,,,,2019-11-01,1,1,0,0,1,1,0,0
gold_main_v2,control,control_v2,505264,AVAMERE AT PACIFIC RIDGE,WA,2020,0,,,,,,,,,,,79.59939861751153,4.0,5.291080645161291,4.0,0,,,,,,,2016.0,2023.0,control_weighted_pseudocohort,5.0,1,0,1,1,1,0,0,0,1.0,1.0,11.0,3.0,9.0,366.0,88.15330864787387,13346.43,119697.14,0.4157269029741012,3.715220111753731,3.76205,,,4.0,4.0,2.0,72.667,3.0,1.0,,1.0,18928.0,0.0,1.0,N,,,,,For profit - Corporation,102.0,91.2,"TACOMA REHAB, LLC",,,AVAMERE AT PACIFIC RIDGE,,,,,2020-11-01,1,1,1,0,1,1,1,0
gold_main_v2,control,control_v2,505264,AVAMERE AT PACIFIC RIDGE,WA,2021,0,,,,,,,,,,,79.59939861751153,4.0,5.291080645161291,4.0,0,,,,,,,2016.0,2023.0,control_weighted_pseudocohort,5.0,1,0,1,1,1,0,0,0,1.0,1.0,11.0,3.0,9.0,365.0,77.17749508945161,15009.1,119900.61,0.5323696267429078,4.256641269615175,4.0896,3.0,2.0,4.0,4.0,3.0,82.000,2.0,1.0,0.0,3.0,20553.0,0.0,3.0,N,,,,,For profit - Limited Liability company,102.0,78.4,"TACOMA REHAB, LLC",,,AVAMERE AT PACIFIC RIDGE,,,,,2021-11-01,1,1,1,0,1,1,1,0
gold_main_v2,control,control_v2,505264,AVAMERE AT PACIFIC RIDGE,WA,2022,0,,,,,,,,,,,79.59939861751153,4.0,5.291080645161291,4.0,0,False,False,False,False,True,False,2016.0,2023.0,control_weighted_pseudocohort,5.0,1,0,1,1,1,1,0,1,1.0,1.0,11.0,3.0,9.0,365.0,74.43872166480861,11612.25,122178.25,0.4301852144894511,4.500870306742891,4.35485,3.0,,4.0,4.0,2.0,90.667,1.0,8.0,0.0,2.0,1632.61,0.0,2.0,N,,,,,For profit - Limited Liability company,102.0,69.5,"TACOMA REHAB, LLC",,,AVAMERE AT PACIFIC RIDGE,,,,,2022-11-01,1,1,1,0,1,1,1,0
gold_main_v2,control,control_v2,505264,AVAMERE AT PACIFIC RIDGE,WA,2023,0,,,,,,,,,,,79.59939861751153,4.0,5.291080645161291,4.0,0,False,False,False,False,True,False,2016.0,2023.0,control_weighted_pseudocohort,5.0,1,1,1,1,1,1,0,1,1.0,1.0,11.0,3.0,9.0,365.0,77.74619631576154,12419.88,123402.74,0.4362060374663229,4.350517090264431,4.38382,3.0,,2.0,1.0,1.0,136.667,0.0,14.0,0.0,2.0,1632.61,0.0,2.0,N,81.0,47.0,3.0,0.5802469135802469,For profit - Corporation,102.0,78.0,"TACOMA REHAB, LLC",AVAMERE,58.0,AVAMERE AT PACIFIC RIDGE,WA,,,,2023-11-01,1,1,1,1,1,1,1,1
gold_main_v2,control,control_v2,505264,AVAMERE AT PACIFIC RIDGE,WA,2024,0,,,,,,,,,,,79.59939861751153,4.0,5.291080645161291,4.0,0,False,False,False,False,True,False,2016.0,2023.0,control_weighted_pseudocohort,5.0,1,1,1,1,1,1,0,1,1.0,1.0,11.0,3.0,9.0,366.0,76.63422718585763,13796.33,131516.5,0.4947424288958879,4.6943535284822335,4.79027,3.0,,2.0,1.0,1.0,124.000,1.0,13.0,,0.0,0.0,0.0,0.0,N,79.5,42.5,2.25,0.5343022347241757,For profit - Corporation,102.0,71.6,"TACOMA REHAB, LLC",AVAMERE,58.0,AVAMERE AT PACIFIC RIDGE,WA,,,,2024-11-01,1,1,1,1,1,1,1,1
gold_main_v2,control,control_v2,505264,AVAMERE AT PACIFIC RIDGE,WA,2025,0,,,,,,,,,,,79.59939861751153,4.0,5.291080645161291,4.0,0,False,True,True,False,True,False,2016.0,2023.0,control_weighted_pseudocohort,5.0,1,1,1,1,1,1,0,1,1.0,1.0,11.0,3.0,9.0,273.0,67.69781193042063,10301.0,102354.8,0.5633390180464873,5.561840809092753,5.46617,3.0,,1.0,1.0,3.0,182.000,32.0,51.0,,3.0,57783.0,0.0,3.0,N,73.0,56.333333333333336,0.6666666666666666,0.7825195901145268,For profit - Corporation,102.0,69.4,"TACOMA REHAB, LLC",AVAMERE,58.0,AVAMERE AT PACIFIC RIDGE,WA,,,,2025-11-01,1,1,1,1,1,1,1,1
gold_main_v2,control,control_v2,505264,AVAMERE AT PACIFIC RIDGE,WA,2026,0,,,,,,,,,,,79.59939861751153,4.0,5.291080645161291,4.0,0,False,True,True,False,True,False,2016.0,2023.0,control_weighted_pseudocohort,5.0,1,0,0,1,1,1,0,1,1.0,1.0,11.0,3.0,9.0,,,,,,,5.93104,4.0,,1.0,1.0,2.0,180.000,,,,3.0,57783.0,0.0,3.0,N,,,,,For profit - Corporation,102.0,63.1,"TACOMA REHAB, LLC",AVAMERE,58.0,AVAMERE AT PACIFIC RIDGE,WA,,,,2026-03-01,0,1,1,0,0,1,1,0
gold_main_v2,control,control_v2,505488,RICHMOND BEACH REHAB,WA,2016,0,,,,,,,,,,,71.76270276497695,4.0,9.16747004608295,4.0,0,,,,,,,2016.0,2023.0,control_weighted_pseudocohort,5.0,1,0,0,1,1,0,0,0,1.0,1.0,11.0,3.0,9.0,,,,,,,3.23,2.0,3.0,1.0,1.0,1.0,108.667,8.0,7.0,,0.0,0.0,0.0,0.0,N,,,,,For profit - Partnership,140.0,125.0,RICHMOND BEACH REHAB LLC,,,RICHMOND BEACH REHAB,,,,,,0,1,1,0,0,1,1,0
gold_main_v2,control,control_v2,505488,RICHMOND BEACH REHAB,WA,2017,0,,,,,,,,,,,71.76270276497695,4.0,9.16747004608295,4.0,0,,,,,,,2016.0,2023.0,control_weighted_pseudocohort,5.0,1,0,1,1,1,0,0,0,1.0,1.0,11.0,3.0,9.0,365.0,118.6309397727876,22796.5,155560.0,0.5252146396736922,3.596388619253138,5.06536,5.0,5.0,1.0,2.0,5.0,210.000,16.0,13.0,,3.0,48700.0,0.0,3.0,N,,,,,For profit - Limited Liability company,140.0,127.0,RICHMOND BEACH REHAB LLC,,,RICHMOND BEACH REHAB,,,,,2017-12-01,1,1,1,0,1,1,1,0
gold_main_v2,control,control_v2,505488,RICHMOND BEACH REHAB,WA,2018,0,,,,,,,,,,,71.76270276497695,4.0,9.16747004608295,4.0,0,,,,,,,2016.0,2023.0,control_weighted_pseudocohort,5.0,1,0,1,1,1,0,0,0,1.0,1.0,11.0,3.0,9.0,365.0,109.90564115835856,27388.25,149677.75,0.6869878486983697,3.7357536965649807,3.69795,,4.0,,,,224.000,23.0,18.0,,3.0,37700.0,0.0,3.0,N,,,,,For profit - Corporation,140.0,111.2,RICHMOND BEACH REHAB LLC,,,RICHMOND BEACH REHAB,,,,,2018-12-01,1,1,0,0,1,1,0,0
gold_main_v2,control,control_v2,505488,RICHMOND BEACH REHAB,WA,2019,0,,,,,,,,,,,71.76270276497695,4.0,9.16747004608295,4.0,0,,,,,,,2016.0,2023.0,control_weighted_pseudocohort,5.0,1,0,1,1,1,0,0,0,1.0,1.0,11.0,3.0,9.0,365.0,104.02557931199236,32274.5,144127.33000000002,0.8505119804251886,3.802606105782942,3.94752,,4.0,,,,253.667,23.0,12.0,,4.0,118240.0,0.0,4.0,N,,,,,For profit - Corporation,140.0,101.8,RICHMOND BEACH REHAB LLC,,,RICHMOND BEACH REHAB,,,,,2019-11-01,1,1,0,0,1,1,0,0
gold_main_v2,control,control_v2,505488,RICHMOND BEACH REHAB,WA,2020,0,,,,,,,,,,,71.76270276497695,4.0,9.16747004608295,4.0,0,,,,,,,2016.0,2023.0,control_weighted_pseudocohort,5.0,1,0,1,1,1,0,0,0,1.0,1.0,11.0,3.0,9.0,366.0,97.11072623029143,28313.27,154581.95,0.8130772692308159,4.425366688990097,5.10369,4.0,3.0,1.0,2.0,2.0,272.833,21.0,12.0,,4.0,96264.0,0.0,4.0,N,,,,,For profit - Corporation,140.0,73.6,RICHMOND BEACH REHAB LLC,,,RICHMOND BEACH REHAB,,,,,2020-11-01,1,1,1,0,1,1,1,0
gold_main_v2,control,control_v2,505488,RICHMOND BEACH REHAB,WA,2021,0,,,,,,,,,,,71.76270276497695,4.0,9.16747004608295,4.0,0,,,,,,,2016.0,2023.0,control_weighted_pseudocohort,5.0,1,0,1,1,1,0,0,0,1.0,1.0,11.0,3.0,9.0,365.0,97.54974717311674,22239.71,153414.47,0.6242466640582919,4.316560997493417,4.53602,4.0,3.0,1.0,2.0,4.0,227.333,18.0,13.0,2.0,8.0,100813.5,0.0,8.0,N,,,,,For profit - Corporation,140.0,95.4,RICHMOND BEACH REHAB LLC,,,RICHMOND BEACH REHAB,,,,,2021-11-01,1,1,1,0,1,1,1,0
gold_main_v2,control,control_v2,505488,RICHMOND BEACH REHAB,WA,2022,0,,,,,,,,,,,71.76270276497695,4.0,9.16747004608295,4.0,0,False,False,False,False,False,True,2016.0,2023.0,control_weighted_pseudocohort,5.0,1,0,1,1,1,1,0,1,1.0,1.0,11.0,3.0,9.0,365.0,92.15839106545629,15450.53,135890.13,0.4611408215091577,4.048861640831628,4.09211,3.0,,1.0,2.0,5.0,220.167,19.0,12.0,2.0,7.0,31805.45,0.0,7.0,N,,,,,For profit - Corporation,131.0,89.1,RICHMOND BEACH REHAB LLC,,,RICHMOND BEACH REHAB,,,,,2022-11-01,1,1,1,0,1,1,1,0
gold_main_v2,control,control_v2,505488,RICHMOND BEACH REHAB,WA,2023,0,,,,,,,,,,,71.76270276497695,4.0,9.16747004608295,4.0,0,False,False,False,False,False,True,2016.0,2023.0,control_weighted_pseudocohort,5.0,1,1,1,1,1,1,0,1,1.0,1.0,11.0,3.0,9.0,365.0,91.4463243881722,12537.85,137192.65,0.3761075033000989,4.112792773601695,4.24234,3.0,,2.0,2.0,4.0,124.333,15.0,10.0,1.0,6.0,31155.45,0.0,6.0,N,89.0,61.0,5.0,0.6853932584269663,For profit - Limited Liability company,131.0,90.7,RICHMOND BEACH REHAB LLC,AVAMERE,58.0,RICHMOND BEACH REHAB,WA,,,,2023-11-01,1,1,1,1,1,1,1,1
gold_main_v2,control,control_v2,505488,RICHMOND BEACH REHAB,WA,2024,0,,,,,,,,,,,71.76270276497695,4.0,9.16747004608295,4.0,0,False,False,False,False,False,True,2016.0,2023.0,control_weighted_pseudocohort,5.0,1,1,1,1,1,1,0,1,1.0,1.0,11.0,3.0,9.0,366.0,96.41734352603918,11178.89,143929.3,0.3183393947391377,4.083814480345339,3.96833,1.0,,3.0,3.0,5.0,107.667,7.0,2.0,0.0,3.0,67362.5,0.0,3.0,N,91.75,62.25,10.5,0.6790449438202247,For profit - Limited Liability company,131.0,98.1,RICHMOND BEACH REHAB LLC,AVAMERE,58.0,RICHMOND BEACH REHAB,WA,,,,2024-11-01,1,1,1,1,1,1,1,1
gold_main_v2,control,control_v2,505488,Richmond Beach Rehab,WA,2025,0,,,,,,,,,,,71.76270276497695,4.0,9.16747004608295,4.0,0,False,True,True,False,True,False,2016.0,2023.0,control_weighted_pseudocohort,5.0,1,1,1,1,1,1,0,1,1.0,1.0,11.0,3.0,9.0,273.0,102.93155226416096,10906.75,110725.1,0.3894500173609916,3.941978949557083,3.93777,3.0,,4.0,5.0,5.0,49.000,17.0,6.0,0.0,1.0,44753.0,0.0,1.0,N,100.0,66.0,27.0,0.66,For profit - Corporation,131.0,105.2,RICHMOND BEACH REHAB LLC,AVAMERE,58.0,Richmond Beach Rehab,WA,,,,2025-11-01,1,1,1,1,1,1,1,1
gold_main_v2,control,control_v2,505488,Richmond Beach Rehab,WA,2026,0,,,,,,,,,,,71.76270276497695,4.0,9.16747004608295,4.0,0,False,True,True,False,True,False,2016.0,2023.0,control_weighted_pseudocohort,5.0,1,0,0,1,1,1,0,1,1.0,1.0,11.0,3.0,9.0,,,,,,,3.9445,3.0,,4.0,5.0,5.0,47.000,,,0.0,1.0,44753.0,0.0,1.0,N,,,,,For profit - Corporation,131.0,104.6,RICHMOND BEACH REHAB LLC,AVAMERE,58.0,Richmond Beach Rehab,WA,,,,2026-03-01,0,1,1,0,0,1,1,0
gold_main_v2,control,control_v2,515162,"MCDOWELL NURSING AND REHABILITATION CENTER, LLC",WV,2016,0,,,,,,,,,,,87.58037557603687,4.0,9.69899078341014,4.0,0,,,,,,,2016.0,2023.0,control_weighted_pseudocohort,5.0,1,0,0,1,1,0,0,0,1.0,1.0,11.0,3.0,9.0,,,,,,,3.35909,1.0,1.0,3.0,1.0,1.0,57.333,0.0,0.0,,0.0,0.0,0.0,0.0,N,,,,,For profit - Corporation,120.0,99.0,MCDOWELL NURSING & REHABILITATION CENTER LLC,,,"MCDOWELL NURSING AND REHABILITATION CENTER, LLC",,,,,,0,1,1,0,0,1,1,0
gold_main_v2,control,control_v2,515162,MCDOWELL NURSING AND REHABILITATION CENTER,WV,2017,0,,,,,,,,,,,87.58037557603687,4.0,9.69899078341014,4.0,0,,,,,,,2016.0,2023.0,control_weighted_pseudocohort,5.0,1,0,1,1,1,0,0,0,1.0,1.0,11.0,3.0,9.0,365.0,100.39021540054148,14898.75,130667.75,0.4078681747141861,3.5685576456423815,4.15556,2.0,1.0,2.0,1.0,1.0,62.667,0.0,3.0,,0.0,0.0,0.0,0.0,N,,,,,For profit - Corporation,120.0,99.0,MCDOWELL NURSING & REHABILITATION CENTER LLC,,,MCDOWELL NURSING AND REHABILITATION CENTER,,,,,2017-12-01,1,1,1,0,1,1,1,0
gold_main_v2,control,control_v2,515162,MCDOWELL NURSING AND REHABILITATION CENTER,WV,2018,0,,,,,,,,,,,87.58037557603687,4.0,9.69899078341014,4.0,0,,,,,,,2016.0,2023.0,control_weighted_pseudocohort,5.0,1,0,1,1,1,0,0,0,1.0,1.0,11.0,3.0,9.0,365.0,98.60865517332908,17493.42,132369.46,0.4863235844390203,3.679404392695252,3.73944,,3.0,,,,48.000,0.0,3.0,,0.0,0.0,0.0,0.0,N,,,,,For profit - Corporation,120.0,98.3,MCDOWELL NURSING & REHABILITATION CENTER LLC,,,MCDOWELL NURSING AND REHABILITATION CENTER,,,,,2018-12-01,1,1,0,0,1,1,0,0
gold_main_v2,control,control_v2,515162,MCDOWELL NURSING AND REHABILITATION CENTER,WV,2019,0,,,,,,,,,,,87.58037557603687,4.0,9.69899078341014,4.0,0,,,,,,,2016.0,2023.0,control_weighted_pseudocohort,5.0,1,0,1,1,1,0,0,0,1.0,1.0,11.0,3.0,9.0,365.0,95.00151563412432,17683.120000000003,136003.08000000002,0.5104234431987041,3.924893020149319,3.83117,,3.0,,,,11.333,0.0,0.0,,0.0,0.0,0.0,0.0,N,,,,,For profit - Corporation,120.0,95.8,MCDOWELL NURSING & REHABILITATION CENTER LLC,,,MCDOWELL NURSING AND REHABILITATION CENTER,,,,,2019-11-01,1,1,0,0,1,1,0,0
gold_main_v2,control,control_v2,515162,MCDOWELL NURSING AND REHABILITATION CENTER,WV,2020,0,,,,,,,,,,,87.58037557603687,4.0,9.69899078341014,4.0,0,,,,,,,2016.0,2023.0,control_weighted_pseudocohort,5.0,1,0,1,1,1,0,0,0,1.0,1.0,11.0,3.0,9.0,366.0,85.54362756808409,18046.06,140544.27,0.5767327154006374,4.495595280860453,4.60203,4.0,3.0,4.0,4.0,3.0,24.000,0.0,0.0,,0.0,0.0,0.0,0.0,N,,,,,For profit - Corporation,120.0,83.2,MCDOWELL NURSING & REHABILITATION CENTER LLC,,,MCDOWELL NURSING AND REHABILITATION CENTER,,,,,2020-11-01,1,1,1,0,1,1,1,0
gold_main_v2,control,control_v2,515162,MCDOWELL NURSING AND REHABILITATION CENTER,WV,2021,0,,,,,,,,,,,87.58037557603687,4.0,9.69899078341014,4.0,0,,,,,,,2016.0,2023.0,control_weighted_pseudocohort,5.0,1,0,1,1,1,0,0,0,1.0,1.0,11.0,3.0,9.0,365.0,86.79972726548814,19116.72,137960.82,0.6035120007809907,4.359506419627628,4.35752,4.0,3.0,5.0,5.0,3.0,18.000,0.0,0.0,0.0,0.0,0.0,0.0,0.0,N,,,,,For profit - Corporation,120.0,86.0,MCDOWELL NURSING & REHABILITATION CENTER LLC,,,MCDOWELL NURSING AND REHABILITATION CENTER,,,,,2021-11-01,1,1,1,0,1,1,1,0
gold_main_v2,control,control_v2,515162,MCDOWELL NURSING AND REHABILITATION CENTER,WV,2022,0,,,,,,,,,,,87.58037557603687,4.0,9.69899078341014,4.0,0,False,False,False,False,False,False,2016.0,2023.0,control_weighted_pseudocohort,5.0,1,0,1,1,1,1,0,1,1.0,1.0,11.0,3.0,9.0,365.0,87.32627077029251,19614.71,141301.16999999998,0.6163972536716634,4.439323347706226,4.48727,5.0,,5.0,5.0,2.0,18.000,0.0,0.0,0.0,0.0,0.0,0.0,0.0,N,,,,,For profit - Corporation,120.0,86.9,MCDOWELL NURSING & REHABILITATION CENTER LLC,,,MCDOWELL NURSING AND REHABILITATION CENTER,,,,,2022-11-01,1,1,1,0,1,1,1,0
gold_main_v2,control,control_v2,515162,MCDOWELL HEALTHCARE CENTER,WV,2023,0,,,,,,,,,,,87.58037557603687,4.0,9.69899078341014,4.0,0,False,False,False,False,False,False,2016.0,2023.0,control_weighted_pseudocohort,5.0,1,1,1,1,1,1,0,1,1.0,1.0,11.0,3.0,9.0,365.0,89.9108005521049,18440.04,129568.18,0.564434941546384,3.9668078505391184,4.24164,4.0,,4.0,3.0,1.0,34.000,0.0,0.0,0.0,1.0,7442.5,0.0,1.0,N,90.0,79.0,6.0,0.8777777777777778,For profit - Corporation,120.0,87.3,MCDOWELL NURSING & REHABILITATION CENTER LLC,,,MCDOWELL HEALTHCARE CENTER,WV,,,,2023-11-01,1,1,1,1,1,1,1,1
gold_main_v2,control,control_v2,515162,MCDOWELL HEALTHCARE CENTER,WV,2024,0,,,,,,,,,,,87.58037557603687,4.0,9.69899078341014,4.0,0,False,False,False,False,False,False,2016.0,2023.0,control_weighted_pseudocohort,5.0,1,1,1,1,1,1,0,1,1.0,1.0,11.0,3.0,9.0,366.0,95.27571070234114,13835.05,125927.61,0.3969381574742525,3.6116669758570703,3.54984,2.0,,4.0,3.0,1.0,40.667,0.0,0.0,,1.0,7442.5,0.0,1.0,N,92.5,85.5,4.0,0.9230994152046784,For profit - Limited Liability company,120.0,95.3,"VENUS LEASING CO., LLC",COMMUNICARE HEALTH,153.0,MCDOWELL HEALTHCARE CENTER,WV,,,,2024-11-01,1,1,1,1,1,1,1,1
gold_main_v2,control,control_v2,515162,MCDOWELL HEALTHCARE CENTER,WV,2025,0,,,,,,,,,,,87.58037557603687,4.0,9.69899078341014,4.0,0,False,True,True,False,False,True,2016.0,2023.0,control_weighted_pseudocohort,5.0,1,1,1,1,1,1,0,1,1.0,1.0,11.0,3.0,9.0,273.0,89.69726955813913,10156.43,89307.93,0.4154690920329525,3.651830187198237,3.68981,3.0,,4.0,4.0,4.0,59.000,8.0,13.0,,1.0,7443.0,0.0,1.0,N,95.0,92.0,2.0,0.968421052631579,For profit - Limited Liability company,120.0,89.8,"VENUS LEASING CO., LLC",COMMUNICARE HEALTH,153.0,MCDOWELL HEALTHCARE CENTER,WV,,,,2025-11-01,1,1,1,1,1,1,1,1
gold_main_v2,control,control_v2,515162,MCDOWELL HEALTHCARE CENTER,WV,2026,0,,,,,,,,,,,87.58037557603687,4.0,9.69899078341014,4.0,0,False,True,True,False,False,True,2016.0,2023.0,control_weighted_pseudocohort,5.0,1,0,0,1,1,1,0,1,1.0,1.0,11.0,3.0,9.0,,,,,,,3.58342,3.0,,4.0,4.0,4.0,59.000,,,,1.0,7443.0,0.0,1.0,N,,,,,For profit - Limited Liability company,120.0,88.0,"VENUS LEASING CO., LLC",COMMUNICARE HEALTH,153.0,MCDOWELL HEALTHCARE CENTER,WV,,,,2026-03-01,0,1,1,0,0,1,1,0
gold_main_v2,control,control_v2,515199,,WV,2023,0,,,,,,,,,,,,,,,0,,,,,,,,,,,0,1,0,0,0,0,0,0,1.0,1.0,4.0,3.0,2.0,,,,,,,,,,,,,,,,,,,,,,3.0,0.0,3.0,0.0,,,,,,,,,,,,,0,0,0,1,0,0,0,0
gold_main_v2,control,control_v2,515199,SUMMERSVILLE HEALTHCARE CENTER,WV,2024,0,,,,,,,,,,,,,,,0,False,False,False,False,False,False,,,,,0,1,1,1,1,1,0,1,1.0,1.0,4.0,3.0,2.0,366.0,89.29007405637842,16904.61,128591.77,0.5167974084000186,3.9338019280098697,3.68977,,,,,,,0.0,2.0,0.0,2.0,55341.0,0.0,2.0,N,24.25,21.25,2.75,0.2414772727272727,For profit - Limited Liability company,90.0,89.2,PROFESSIONAL PARK LEASING CO LLC,COMMUNICARE HEALTH,153.0,SUMMERSVILLE HEALTHCARE CENTER,WV,,,,2024-11-01,1,1,0,1,0,0,0,0
gold_main_v2,control,control_v2,515199,SUMMERSVILLE HEALTHCARE CENTER,WV,2025,0,,,,,,,,,,,,,,,0,False,True,True,False,True,True,,,,,0,1,1,1,1,1,0,1,1.0,1.0,4.0,3.0,2.0,273.0,89.23001804958328,15143.5,94985.33,0.6213510716921903,3.8993582451331967,3.91725,2.0,,3.0,3.0,3.0,111.500,9.0,30.0,0.0,2.0,58780.0,0.0,2.0,N,88.0,85.0,2.0,0.9659090909090908,For profit - Corporation,90.0,89.4,PROFESSIONAL PARK LEASING CO LLC,COMMUNICARE HEALTH,153.0,SUMMERSVILLE HEALTHCARE CENTER,WV,,,,2025-11-01,1,1,1,1,0,0,0,0
gold_main_v2,control,control_v2,515199,SUMMERSVILLE HEALTHCARE CENTER,WV,2026,0,,,,,,,,,,,,,,,0,False,True,True,False,True,True,,,,,0,0,0,1,1,1,0,1,1.0,1.0,4.0,3.0,2.0,,,,,,,3.84514,4.0,,3.0,3.0,3.0,111.500,,,0.0,2.0,58780.0,0.0,2.0,N,,,,,For profit - Corporation,90.0,89.3,PROFESSIONAL PARK LEASING CO LLC,COMMUNICARE HEALTH,153.0,SUMMERSVILLE HEALTHCARE CENTER,WV,,,,2026-03-01,0,1,1,0,0,0,0,0
gold_main_v2,control,control_v2,555797,GORDON LANE CARE CENTER,CA,2016,0,,,,,,,,,,,65.50890092165899,4.0,18.610099078341015,4.0,1,,,,,,,2016.0,2023.0,control_weighted_pseudocohort,5.0,1,0,0,1,1,0,0,0,1.0,1.0,11.0,3.0,9.0,,,,,,,4.88837,5.0,5.0,3.0,5.0,5.0,58.000,1.0,5.0,,0.0,0.0,0.0,0.0,N,,,,,For profit - Corporation,99.0,86.0,GORDON LANE HEALTHCARE LLC,,,GORDON LANE CARE CENTER,,,,,,0,1,1,0,0,1,1,0
gold_main_v2,control,control_v2,555797,GORDON LANE CARE CENTER,CA,2017,0,,,,,,,,,,,65.50890092165899,4.0,18.610099078341015,4.0,1,,,,,,,2016.0,2023.0,control_weighted_pseudocohort,5.0,1,0,1,1,1,0,0,0,1.0,1.0,11.0,3.0,9.0,274.0,96.3623993558776,11050.53,95695.33,0.4205288978276965,3.634399462151549,4.42713,4.0,4.0,4.0,5.0,5.0,38.667,1.0,5.0,,0.0,0.0,0.0,0.0,N,,,,,For profit - Corporation,99.0,94.0,GORDON LANE HEALTHCARE LLC,,,GORDON LANE CARE CENTER,,,,,2017-12-01,1,1,1,0,1,1,1,0
gold_main_v2,control,control_v2,555797,GORDON LANE CARE CENTER,CA,2018,0,,,,,,,,,,,65.50890092165899,4.0,18.610099078341015,4.0,1,,,,,,,2016.0,2023.0,control_weighted_pseudocohort,5.0,1,0,1,1,1,0,0,0,1.0,1.0,11.0,3.0,9.0,274.0,92.86409017713366,10823.37,99140.0,0.4253187224319434,3.8974983924981217,,,1.0,,,,39.200,1.0,4.0,,0.0,0.0,0.0,0.0,N,,,,,For profit - Corporation,99.0,92.6,GORDON LANE HEALTHCARE LLC,,,GORDON LANE CARE CENTER,,,,,2018-12-01,1,0,0,0,1,0,0,0
gold_main_v2,control,control_v2,555797,GORDON LANE CARE CENTER,CA,2019,0,,,,,,,,,,,65.50890092165899,4.0,18.610099078341015,4.0,1,,,,,,,2016.0,2023.0,control_weighted_pseudocohort,5.0,1,0,1,1,1,0,0,0,1.0,1.0,11.0,3.0,9.0,365.0,95.18201677549504,15310.29,126362.78,0.4411470158575952,3.642493609641903,3.68008,,2.0,,,,99.333,1.0,3.0,,0.0,0.0,0.0,0.0,N,,,,,For profit - Corporation,99.0,95.6,GORDON LANE HEALTHCARE LLC,,,GORDON LANE CARE CENTER,,,,,2019-11-01,1,1,0,0,1,1,0,0
gold_main_v2,control,control_v2,555797,GORDON LANE CARE CENTER,CA,2020,0,,,,,,,,,,,65.50890092165899,4.0,18.610099078341015,4.0,1,,,,,,,2016.0,2023.0,control_weighted_pseudocohort,5.0,1,0,1,1,1,0,0,0,1.0,1.0,11.0,3.0,9.0,275.0,85.93386685777989,13913.34,98986.02,0.5934777997729831,4.204612855354725,4.21582,3.0,3.0,2.0,3.0,5.0,102.667,1.0,0.0,,0.0,0.0,0.0,0.0,N,,,,,For profit - Corporation,99.0,88.7,GORDON LANE HEALTHCARE LLC,,,GORDON LANE CARE CENTER,,,,,2020-11-01,1,1,1,0,1,1,1,0
gold_main_v2,control,control_v2,555797,GORDON LANE CARE CENTER,CA,2021,0,,,,,,,,,,,65.50890092165899,4.0,18.610099078341015,4.0,1,,,,,,,2016.0,2023.0,control_weighted_pseudocohort,5.0,1,0,1,1,1,0,0,0,1.0,1.0,11.0,3.0,9.0,365.0,92.1824182460052,18176.15,139280.54,0.5400336241421475,4.1406769435886135,4.27916,3.0,3.0,2.0,3.0,5.0,108.000,0.0,4.0,1.0,0.0,0.0,0.0,0.0,N,,,,,For profit - Corporation,99.0,95.3,GORDON LANE HEALTHCARE LLC,,,GORDON LANE CARE CENTER,,,,,2021-11-01,1,1,1,0,1,1,1,0
gold_main_v2,control,control_v2,555797,GORDON LANE CARE CENTER,CA,2022,0,,,,,,,,,,,65.50890092165899,4.0,18.610099078341015,4.0,1,False,False,False,False,False,False,2016.0,2023.0,control_weighted_pseudocohort,5.0,1,0,1,1,1,1,0,1,1.0,1.0,11.0,3.0,9.0,365.0,93.92066810001592,13355.87,137084.49,0.3907428429640499,4.0018109843384355,4.01945,2.0,,2.0,3.0,5.0,94.000,0.0,6.0,1.0,0.0,0.0,0.0,0.0,N,,,,,For profit - Limited Liability company,99.0,95.5,GORDON LANE HEALTHCARE LLC,,,GORDON LANE CARE CENTER,,,,,2022-11-01,1,1,1,0,1,1,1,0
gold_main_v2,control,control_v2,555797,GORDON LANE CARE CENTER,CA,2023,0,,,,,,,,,,,65.50890092165899,4.0,18.610099078341015,4.0,1,False,False,False,False,False,False,2016.0,2023.0,control_weighted_pseudocohort,5.0,1,1,1,1,1,1,0,1,1.0,1.0,11.0,3.0,9.0,365.0,93.86121197642936,11098.88,136615.59,0.3241396346683636,3.989862715253163,4.00086,2.0,,2.0,3.0,5.0,118.667,1.0,14.0,1.0,0.0,0.0,0.0,0.0,N,94.0,61.0,19.0,0.648936170212766,For profit - Limited Liability company,99.0,94.7,GORDON LANE HEALTHCARE LLC,THOMAS CHAMBERS & DAVID JOHNSON,518.0,GORDON LANE CARE CENTER,CA,,,,2023-11-01,1,1,1,1,1,1,1,1
gold_main_v2,control,control_v2,555797,GORDON LANE CARE CENTER,CA,2024,0,,,,,,,,,,,65.50890092165899,4.0,18.610099078341015,4.0,1,False,False,False,False,False,False,2016.0,2023.0,control_weighted_pseudocohort,5.0,1,1,1,1,1,1,0,1,1.0,1.0,11.0,3.0,9.0,366.0,90.59254061156236,11540.42,138534.28,0.3486195035968836,4.182092283150568,4.31582,2.0,,2.0,2.0,4.0,132.667,4.0,15.0,,0.0,0.0,0.0,0.0,N,94.0,61.0,19.0,0.648936170212766,For profit - Limited Liability company,99.0,87.7,GORDON LANE HEALTHCARE LLC,THOMAS CHAMBERS & DAVID JOHNSON,518.0,GORDON LANE CARE CENTER,CA,,,,2024-11-01,1,1,1,1,1,1,1,1
gold_main_v2,control,control_v2,555797,GORDON LANE CARE CENTER,CA,2025,0,,,,,,,,,,,65.50890092165899,4.0,18.610099078341015,4.0,1,False,True,False,False,False,False,2016.0,2023.0,control_weighted_pseudocohort,5.0,1,1,1,1,1,1,0,1,1.0,1.0,11.0,3.0,9.0,273.0,93.49481959264568,8181.01,107390.22,0.3206047855529799,4.209316560816995,4.22804,2.0,,2.0,2.0,4.0,146.000,13.0,72.0,,0.0,0.0,0.0,0.0,N,94.66666666666669,58.666666666666664,24.0,0.6201241134751773,For profit - Limited Liability company,99.0,92.7,GORDON LANE HEALTHCARE LLC,DAVID & FRANK JOHNSON,811.0,GORDON LANE CARE CENTER,CA,,,,2025-11-01,1,1,1,1,1,1,1,1
gold_main_v2,control,control_v2,555797,GORDON LANE CARE CENTER,CA,2026,0,,,,,,,,,,,65.50890092165899,4.0,18.610099078341015,4.0,1,False,True,False,False,False,False,2016.0,2023.0,control_weighted_pseudocohort,5.0,1,0,0,1,1,1,0,1,1.0,1.0,11.0,3.0,9.0,,,,,,,4.20944,3.0,,2.0,2.0,4.0,138.000,,,,0.0,0.0,0.0,0.0,N,,,,,For profit - Limited Liability company,99.0,93.4,GORDON LANE HEALTHCARE LLC,DAVID & FRANK JOHNSON,811.0,GORDON LANE CARE CENTER,CA,,,,2026-03-01,0,1,1,0,0,1,1,0
gold_main_v2,control,control_v2,555908,SOUTH PASADENA CARE CENTER,CA,2018,0,,,,,,,,,,,,,,,0,,,,,,,,,,,0,0,1,1,1,0,0,0,1.0,1.0,9.0,3.0,8.0,184.0,70.21195652173913,7265.639999999999,67264.93,1.1393436877534564,9.848628864085915,,,,,,,.,0.0,0.0,,0.0,0.0,0.0,0.0,N,,,,,For profit - Corporation,156.0,,"SOUTH PASADENA CARE CENTER, LLC",,,SOUTH PASADENA CARE CENTER,,,,,2018-12-01,1,0,0,0,0,0,0,0
gold_main_v2,control,control_v2,555908,SOUTH PASADENA CARE CENTER,CA,2019,0,,,,,,,,,,,,,,,0,,,,,,,,,,,0,0,1,1,1,0,0,0,1.0,1.0,9.0,3.0,8.0,365.0,117.41923541434412,16555.19,179171.64,0.3933953421189704,4.191281119051808,4.32062,,3.0,,,,33.600,0.0,2.0,,0.0,0.0,0.0,0.0,N,,,,,For profit - Limited Liability company,156.0,107.9,"SOUTH PASADENA CARE CENTER, LLC",,,SOUTH PASADENA CARE CENTER,,,,,2019-11-01,1,1,0,0,0,0,0,0
gold_main_v2,control,control_v2,555908,SOUTH PASADENA CARE CENTER,CA,2020,0,,,,,,,,,,,,,,,0,,,,,,,,,,,0,0,1,1,1,0,0,0,1.0,1.0,9.0,3.0,8.0,366.0,116.89790372670808,13908.19,165405.22,0.3244097914855713,3.849684154870944,3.91205,3.0,2.0,3.0,4.0,5.0,56.000,0.0,3.0,,0.0,0.0,0.0,0.0,N,,,,,For profit - Limited Liability company,156.0,109.3,"SOUTH PASADENA CARE CENTER, LLC",,,SOUTH PASADENA CARE CENTER,,,,,2020-11-01,1,1,1,0,0,0,0,0
gold_main_v2,control,control_v2,555908,SOUTH PASADENA CARE CENTER,CA,2021,0,,,,,,,,,,,,,,,0,,,,,,,,,,,0,0,1,1,1,0,0,0,1.0,1.0,9.0,3.0,8.0,365.0,125.81335337367946,14889.89,183871.38,0.3241549524110146,4.0084617827438676,3.91925,3.0,2.0,3.0,4.0,5.0,74.000,1.0,7.0,0.0,0.0,0.0,0.0,0.0,N,,,,,For profit - Limited Liability company,156.0,124.7,"SOUTH PASADENA CARE CENTER, LLC",,,SOUTH PASADENA CARE CENTER,,,,,2021-11-01,1,1,1,0,0,0,0,0
gold_main_v2,control,control_v2,555908,SOUTH PASADENA CARE CENTER,CA,2022,0,,,,,,,,,,,,,,,0,False,False,False,False,False,False,,,,,0,0,1,1,1,1,0,1,1.0,1.0,9.0,3.0,8.0,365.0,116.22571667462972,14373.73,173606.47,0.3389609794808515,4.093380295068336,4.16687,4.0,,3.0,4.0,5.0,80.000,1.0,7.0,0.0,0.0,0.0,0.0,0.0,N,,,,,For profit - Limited Liability company,156.0,116.3,"SOUTH PASADENA CARE CENTER, LLC",,,SOUTH PASADENA CARE CENTER,,,,,2022-11-01,1,1,1,0,0,0,0,0
gold_main_v2,control,control_v2,555908,SOUTH PASADENA CARE CENTER,CA,2023,0,,,,,,,,,,,,,,,0,False,False,False,False,False,False,,,,,0,1,1,1,1,1,0,1,1.0,1.0,9.0,3.0,8.0,365.0,132.22260710304187,15664.88,189862.36,0.323575311786284,3.928130346615084,3.83681,3.0,,3.0,4.0,5.0,90.000,0.0,12.0,1.0,6.0,33766.65,0.0,6.0,N,131.0,102.0,27.0,0.7786259541984732,For profit - Limited Liability company,156.0,136.3,"SOUTH PASADENA CARE CENTER, LLC",,,SOUTH PASADENA CARE CENTER,CA,,,,2023-11-01,1,1,1,1,0,0,0,0
gold_main_v2,control,control_v2,555908,SOUTH PASADENA CARE CENTER,CA,2024,0,,,,,,,,,,,,,,,0,False,False,False,False,False,False,,,,,0,1,1,1,1,1,0,1,1.0,1.0,9.0,3.0,8.0,366.0,140.3921106067845,16456.28,202496.44,0.3204342042846078,3.942839233549461,3.91225,1.0,,3.0,3.0,5.0,99.333,0.0,9.0,1.0,6.0,32199.92,0.0,6.0,N,135.5,91.5,39.5,0.6785986913849509,For profit - Limited Liability company,156.0,138.2,"SOUTH PASADENA CARE CENTER, LLC",,,SOUTH PASADENA CARE CENTER,CA,,,,2024-11-01,1,1,1,1,0,0,0,0
gold_main_v2,control,control_v2,555908,SOUTH PASADENA CARE CENTER,CA,2025,0,,,,,,,,,,,,,,,0,False,True,False,False,False,False,,,,,0,1,1,1,1,1,0,1,1.0,1.0,9.0,3.0,8.0,273.0,149.11080674558937,12862.59,160095.77,0.3173397114949076,3.934050769719222,3.8926,2.0,,2.0,2.0,3.0,139.000,2.0,33.0,1.0,6.0,32200.0,0.0,6.0,N,143.33333333333334,85.0,53.0,0.5923809523809523,For profit - Limited Liability company,156.0,151.6,"SOUTH PASADENA CARE CENTER, LLC",,,SOUTH PASADENA CARE CENTER,CA,,,,2025-11-01,1,1,1,1,0,0,0,0
gold_main_v2,control,control_v2,555908,SOUTH PASADENA CARE CENTER,CA,2026,0,,,,,,,,,,,,,,,0,False,True,False,False,False,False,,,,,0,0,0,1,1,1,0,1,1.0,1.0,9.0,3.0,8.0,,,,,,,3.93901,2.0,,2.0,2.0,3.0,144.000,,,,4.0,11190.0,0.0,4.0,N,,,,,For profit - Limited Liability company,156.0,152.3,"SOUTH PASADENA CARE CENTER, LLC",,,SOUTH PASADENA CARE CENTER,CA,,,,2026-03-01,0,1,1,0,0,0,0,0
gold_main_v2,control,control_v2,675001,VALLEY VIEW HEALTHCARE CENTER,TX,2016,0,,,,,,,,,,,74.12829723502304,4.0,15.334967741935486,4.0,0,,,,,,,2016.0,2023.0,control_weighted_pseudocohort,5.0,1,0,0,1,1,0,0,0,1.0,1.0,11.0,3.0,9.0,,,,,,,3.32188,1.0,1.0,1.0,2.0,5.0,138.000,0.0,25.0,,0.0,0.0,0.0,0.0,N,,,,,For profit - Corporation,102.0,48.0,Legal Business Name Not Available,,,VALLEY VIEW HEALTHCARE CENTER,,,,,,0,1,1,0,0,1,1,0
gold_main_v2,control,control_v2,675001,EASTLAND NURSING & REHABILITATION,TX,2017,0,,,,,,,,,,,74.12829723502304,4.0,15.334967741935486,4.0,0,,,,,,,2016.0,2023.0,control_weighted_pseudocohort,5.0,1,0,1,1,1,0,0,0,1.0,1.0,11.0,3.0,9.0,275.0,47.949474438604874,3912.25,41815.05,0.2926109913276872,3.1793000471630712,3.606,2.0,2.0,2.0,2.0,2.0,87.333,0.0,13.0,,1.0,1138.0,0.0,1.0,N,,,,,For profit - Corporation,102.0,50.0,EASTLAND MEMORIAL HOSPITAL DISTRICT,,,EASTLAND NURSING & REHABILITATION,,,,,2017-12-01,1,1,1,0,1,1,1,0
gold_main_v2,control,control_v2,675001,EASTLAND NURSING & REHABILITATION,TX,2018,0,,,,,,,,,,,74.12829723502304,4.0,15.334967741935486,4.0,0,,,,,,,2016.0,2023.0,control_weighted_pseudocohort,5.0,1,0,1,1,1,0,0,0,1.0,1.0,11.0,3.0,9.0,365.0,48.55867508095769,6730.75,56521.4,0.3798766911118958,3.188394364481093,3.11216,,2.0,,,,73.600,1.0,15.0,,1.0,13808.0,1.0,2.0,N,,,,,For profit - Corporation,102.0,47.7,EASTLAND MEMORIAL HOSPITAL DISTRICT,,,EASTLAND NURSING & REHABILITATION,,,,,2018-12-01,1,1,0,0,1,1,0,0
gold_main_v2,control,control_v2,675001,EASTLAND NURSING & REHABILITATION,TX,2019,0,,,,,,,,,,,74.12829723502304,4.0,15.334967741935486,4.0,0,,,,,,,2016.0,2023.0,control_weighted_pseudocohort,5.0,1,0,1,1,1,0,0,0,1.0,1.0,11.0,3.0,9.0,365.0,51.1326259489303,6804.1,60642.93,0.363546219287846,3.253397675614564,3.47312,,1.0,,,,75.333,1.0,2.0,,1.0,13808.0,1.0,2.0,N,,,,,For profit - Corporation,102.0,50.4,EASTLAND MEMORIAL HOSPITAL DISTRICT,,,EASTLAND NURSING & REHABILITATION,,,,,2019-11-01,1,1,0,0,1,1,0,0
gold_main_v2,control,control_v2,675001,EASTLAND NURSING & REHABILITATION,TX,2020,0,,,,,,,,,,,74.12829723502304,4.0,15.334967741935486,4.0,0,,,,,,,2016.0,2023.0,control_weighted_pseudocohort,5.0,1,0,1,1,1,0,0,0,1.0,1.0,11.0,3.0,9.0,366.0,46.2997491638796,7999.75,52672.5,0.4734523946389296,3.1102790424390943,3.162,2.0,2.0,3.0,3.0,4.0,57.333,1.0,2.0,,1.0,13808.0,1.0,2.0,N,,,,,For profit - Corporation,102.0,45.9,EASTLAND MEMORIAL HOSPITAL DISTRICT,,,EASTLAND NURSING & REHABILITATION,,,,,2020-11-01,1,1,1,0,1,1,1,0
gold_main_v2,control,control_v2,675001,EASTLAND NURSING & REHABILITATION,TX,2021,0,,,,,,,,,,,74.12829723502304,4.0,15.334967741935486,4.0,0,,,,,,,2016.0,2023.0,control_weighted_pseudocohort,5.0,1,0,1,1,1,0,0,0,1.0,1.0,11.0,3.0,9.0,365.0,55.61630633858895,5834.0,64629.14,0.291933710654668,3.176707790125664,3.00352,1.0,1.0,3.0,2.0,4.0,47.333,1.0,8.0,1.0,1.0,13807.64,0.0,1.0,N,,,,,For profit - Corporation,102.0,49.9,EASTLAND MEMORIAL HOSPITAL DISTRICT,,,EASTLAND NURSING & REHABILITATION,,,,,2021-11-01,1,1,1,0,1,1,1,0
gold_main_v2,control,control_v2,675001,THE WOODLANDS,TX,2022,0,,,,,,,,,,,74.12829723502304,4.0,15.334967741935486,4.0,0,False,False,False,False,False,False,2016.0,2023.0,control_weighted_pseudocohort,5.0,1,0,1,1,1,1,0,1,1.0,1.0,11.0,3.0,9.0,365.0,55.61275879917184,5800.0,84607.74,0.284792942588077,4.188644707521773,4.36943,1.0,,1.0,1.0,3.0,132.000,2.0,10.0,2.0,1.0,6500.0,0.0,1.0,N,,,,,For profit - Corporation,53.0,58.4,EASTLAND MEMORIAL HOSPITAL DISTRICT,,,THE WOODLANDS,,,,,2022-11-01,1,1,1,0,1,1,1,0
gold_main_v2,control,control_v2,675001,THE WOODLANDS,TX,2023,0,,,,,,,,,,,74.12829723502304,4.0,15.334967741935486,4.0,0,False,False,False,False,False,False,2016.0,2023.0,control_weighted_pseudocohort,5.0,1,1,1,1,1,1,0,1,1.0,1.0,11.0,3.0,9.0,365.0,62.63099485056007,6280.09,79592.08,0.2773013501383198,3.468903316557787,2.99779,1.0,,1.0,1.0,4.0,132.667,3.0,18.0,5.0,1.0,7262.13,0.0,1.0,N,56.0,34.0,16.0,0.6071428571428571,For profit - Corporation,76.0,58.5,EASTLAND MEMORIAL HOSPITAL DISTRICT,TRINITY HEALTHCARE,526.0,THE WOODLANDS,TX,,,,2023-11-01,1,1,1,1,1,1,1,1
gold_main_v2,control,control_v2,675001,THE WOODLANDS,TX,2024,0,,,,,,,,,,,74.12829723502304,4.0,15.334967741935486,4.0,0,False,False,False,False,False,False,2016.0,2023.0,control_weighted_pseudocohort,5.0,1,1,1,1,1,1,0,1,1.0,1.0,11.0,3.0,9.0,366.0,65.60466435738175,6767.0,92443.04,0.2860313924816952,3.857142731173352,3.88799,3.0,,2.0,2.0,3.0,114.000,4.0,21.0,4.0,1.0,7262.13,1.0,2.0,N,58.0,40.5,11.0,0.6952380952380952,For profit - Corporation,76.0,60.4,EASTLAND MEMORIAL HOSPITAL DISTRICT,TRINITY HEALTHCARE,526.0,THE WOODLANDS,TX,,,,2024-11-01,1,1,1,1,1,1,1,1
gold_main_v2,control,control_v2,675001,THE WOODLANDS,TX,2025,0,,,,,,,,,,,74.12829723502304,4.0,15.334967741935486,4.0,0,False,True,False,False,False,False,2016.0,2023.0,control_weighted_pseudocohort,5.0,1,1,1,1,1,1,0,1,1.0,1.0,11.0,3.0,9.0,273.0,68.76038558864646,5597.5,66742.55,0.3025885892642182,3.5624580036784814,3.46605,1.0,,1.0,2.0,5.0,346.500,20.0,57.0,3.0,1.0,129580.0,1.0,2.0,N,60.0,47.0,6.0,0.7833333333333333,For profit - Limited Liability company,76.0,70.0,EASTLAND MEMORIAL HOSPITAL DISTRICT,AVIR HEALTH GROUP,719.0,THE WOODLANDS,TX,,,,2025-11-01,1,1,1,1,1,1,1,1
gold_main_v2,control,control_v2,675001,Avir at Woodlands,TX,2026,0,,,,,,,,,,,74.12829723502304,4.0,15.334967741935486,4.0,0,False,True,False,False,False,False,2016.0,2023.0,control_weighted_pseudocohort,5.0,1,0,0,1,1,1,0,1,1.0,1.0,11.0,3.0,9.0,,,,,,,3.62244,2.0,,1.0,1.0,4.0,346.500,,,3.0,1.0,85613.0,1.0,2.0,N,,,,,For profit - Limited Liability company,76.0,64.8,EASTLAND MEMORIAL HOSPITAL DISTRICT,AVIR HEALTH GROUP,719.0,Avir at Woodlands,TX,,,,2026-03-01,0,1,1,0,0,1,1,0
gold_main_v2,control,control_v2,675067,GAINESVILLE CONVALESCENT CENTER,TX,2016,0,,,,,,,,,,,67.83385483870968,4.0,7.320612135176652,4.0,0,,,,,,,2016.0,2023.0,control_weighted_pseudocohort,5.0,1,0,0,1,1,0,0,0,1.0,1.0,11.0,3.0,9.0,,,,,,,4.74272,2.0,1.0,5.0,5.0,4.0,1.333,0.0,0.0,,0.0,0.0,0.0,0.0,N,,,,,For profit - Corporation,112.0,55.0,"GAINESVILLE I ENTERPRISES, LLC",,,GAINESVILLE CONVALESCENT CENTER,,,,,,0,1,1,0,0,1,1,0
gold_main_v2,control,control_v2,675067,GAINESVILLE CONVALESCENT CENTER,TX,2017,0,,,,,,,,,,,67.83385483870968,4.0,7.320612135176652,4.0,0,,,,,,,2016.0,2023.0,control_weighted_pseudocohort,5.0,1,0,1,1,1,0,0,0,1.0,1.0,11.0,3.0,9.0,365.0,52.29370520783564,3631.68,62927.49,0.1915206353973871,3.3069987976170987,3.75358,3.0,2.0,4.0,5.0,5.0,42.000,1.0,2.0,,0.0,0.0,0.0,0.0,N,,,,,For profit - Corporation,112.0,56.0,"GAINESVILLE I ENTERPRISES, LLC",,,GAINESVILLE CONVALESCENT CENTER,,,,,2017-12-01,1,1,1,0,1,1,1,0
gold_main_v2,control,control_v2,675067,GAINESVILLE CONVALESCENT CENTER,TX,2018,0,,,,,,,,,,,67.83385483870968,4.0,7.320612135176652,4.0,0,,,,,,,2016.0,2023.0,control_weighted_pseudocohort,5.0,1,0,1,1,1,0,0,0,1.0,1.0,11.0,3.0,9.0,365.0,43.7683110367893,4092.95,56304.52,0.2563902485515366,3.529667381477422,3.43469,,2.0,,,,50.400,2.0,2.0,,0.0,0.0,0.0,0.0,Y,,,,,For profit - Corporation,112.0,43.5,COUNTY OF THROCKMORTON,,,GAINESVILLE CONVALESCENT CENTER,,,,,2018-12-01,1,1,0,0,1,1,0,0
gold_main_v2,control,control_v2,675067,GAINESVILLE CONVALESCENT CENTER,TX,2019,0,,,,,,,,,,,67.83385483870968,4.0,7.320612135176652,4.0,0,,,,,,,2016.0,2023.0,control_weighted_pseudocohort,5.0,1,0,1,1,1,0,0,0,1.0,1.0,11.0,3.0,9.0,365.0,40.16708804480544,6040.139999999999,55353.56,0.4148139199214108,3.7992458845220143,3.99835,,2.0,,,,25.333,2.0,4.0,,0.0,0.0,0.0,0.0,N,,,,,Government - County,112.0,39.0,COUNTY OF THROCKMORTON,,,GAINESVILLE CONVALESCENT CENTER,,,,,2019-11-01,1,1,0,0,1,1,0,0
gold_main_v2,control,control_v2,675067,GAINESVILLE CONVALESCENT CENTER,TX,2020,0,,,,,,,,,,,67.83385483870968,4.0,7.320612135176652,4.0,0,,,,,,,2016.0,2023.0,control_weighted_pseudocohort,5.0,1,0,1,1,1,0,0,0,1.0,1.0,11.0,3.0,9.0,275.0,43.06808408982322,4010.88,37156.3,0.3384048034876801,3.1450538290165952,3.183,2.0,2.0,5.0,5.0,4.0,16.000,1.0,2.0,,0.0,0.0,0.0,0.0,N,,,,,Government - Hospital district,112.0,41.8,COUNTY OF THROCKMORTON,,,GAINESVILLE CONVALESCENT CENTER,,,,,2020-11-01,1,1,1,0,1,1,1,0
gold_main_v2,control,control_v2,675067,GAINESVILLE CONVALESCENT CENTER,TX,2021,0,,,,,,,,,,,67.83385483870968,4.0,7.320612135176652,4.0,0,,,,,,,2016.0,2023.0,control_weighted_pseudocohort,5.0,1,0,1,1,1,0,0,0,1.0,1.0,11.0,3.0,9.0,181.0,15.304334554334554,1583.37,13735.63,0.8641284596218876,5.652209068853886,5.83682,4.0,3.0,4.0,4.0,4.0,20.000,0.0,1.0,2.0,5.0,9567.7,0.0,5.0,N,,,,,Government - Hospital district,112.0,12.0,COUNTY OF THROCKMORTON,,,GAINESVILLE CONVALESCENT CENTER,,,,,2021-11-01,1,1,1,0,1,1,1,0
gold_main_v2,control,control_v2,675067,GAINESVILLE CONVALESCENT CENTER,TX,2022,0,,,,,,,,,,,67.83385483870968,4.0,7.320612135176652,4.0,0,False,False,False,False,False,False,2016.0,2023.0,control_weighted_pseudocohort,5.0,1,0,1,1,1,1,0,1,1.0,1.0,11.0,3.0,9.0,275.0,38.06505813027552,2481.27,30329.29,1.1138243327836632,5.662539762381335,7.77874,5.0,,3.0,4.0,,34.667,1.0,5.0,2.0,5.0,9567.7,0.0,5.0,N,,,,,Government - County,112.0,2.8,COUNTY OF THROCKMORTON,,,GAINESVILLE CONVALESCENT CENTER,,,,,2022-11-01,1,1,1,0,1,1,1,0
gold_main_v2,control,control_v2,675067,GAINESVILLE CONVALESCENT CENTER,TX,2023,0,,,,,,,,,,,67.83385483870968,4.0,7.320612135176652,4.0,0,False,False,False,False,False,False,2016.0,2023.0,control_weighted_pseudocohort,5.0,1,1,1,1,1,1,0,1,1.0,1.0,11.0,3.0,9.0,365.0,53.81187224611138,3159.25,51438.7,0.1615580768931968,2.602130979469211,2.47774,1.0,,2.0,1.0,3.0,85.333,1.0,12.0,4.0,2.0,6625.0,0.0,2.0,N,49.0,38.0,5.0,0.7755102040816326,Government - Hospital district,112.0,48.8,COUNTY OF THROCKMORTON,,,GAINESVILLE CONVALESCENT CENTER,TX,,,,2023-11-01,1,1,1,1,1,1,1,1
gold_main_v2,control,control_v2,675067,GAINESVILLE CONVALESCENT CENTER,TX,2024,0,,,,,,,,,,,67.83385483870968,4.0,7.320612135176652,4.0,0,False,False,False,False,False,False,2016.0,2023.0,control_weighted_pseudocohort,5.0,1,1,1,1,1,1,0,1,1.0,1.0,11.0,3.0,9.0,366.0,49.95908982322026,2088.39,50588.68,0.1150322220908258,2.7789800513340825,3.10077,1.0,,1.0,1.0,3.0,218.500,6.0,16.0,4.0,1.0,69840.0,0.0,1.0,N,49.0,37.25,4.75,0.7602040816326531,Government - Hospital district,112.0,49.1,COUNTY OF THROCKMORTON,,,GAINESVILLE CONVALESCENT CENTER,TX,,,,2024-11-01,1,1,1,1,1,1,1,1
gold_main_v2,control,control_v2,675067,Gainesville Convalescent Center,TX,2025,0,,,,,,,,,,,67.83385483870968,4.0,7.320612135176652,4.0,0,False,True,False,False,False,False,2016.0,2023.0,control_weighted_pseudocohort,5.0,1,1,1,1,1,1,0,1,1.0,1.0,11.0,3.0,9.0,273.0,49.628257330431246,3103.2799999999997,40424.36,0.2310014456556849,2.9934298627064955,3.00548,1.0,,1.0,2.0,5.0,281.750,29.0,62.0,4.0,2.0,127532.0,0.0,2.0,N,49.0,35.0,4.0,0.7142857142857143,For profit - Corporation,112.0,50.1,COUNTY OF THROCKMORTON,AVIR HEALTH GROUP,719.0,Gainesville Convalescent Center,TX,,,,2025-11-01,1,1,1,1,1,1,1,1
gold_main_v2,control,control_v2,675067,Gainesville Convalescent Center,TX,2026,0,,,,,,,,,,,67.83385483870968,4.0,7.320612135176652,4.0,0,False,True,False,False,False,False,2016.0,2023.0,control_weighted_pseudocohort,5.0,1,0,0,1,1,1,0,1,1.0,1.0,11.0,3.0,9.0,,,,,,,2.73728,1.0,,1.0,2.0,5.0,251.750,,,2.0,2.0,127532.0,0.0,2.0,N,,,,,Government - Hospital district,112.0,51.6,COUNTY OF THROCKMORTON,AVIR HEALTH GROUP,719.0,Gainesville Convalescent Center,TX,,,,2026-03-01,0,1,1,0,0,1,1,0
gold_main_v2,control,control_v2,675124,TEXAN NURSING & REHAB,TX,2016,0,,,,,,,,,,,66.24391013824885,4.0,10.052092165898618,4.0,0,,,,,,,2016.0,2023.0,control_weighted_pseudocohort,5.0,1,0,0,1,1,0,0,0,1.0,1.0,11.0,3.0,9.0,,,,,,,3.40345,1.0,1.0,2.0,1.0,3.0,74.667,0.0,0.0,,0.0,0.0,0.0,0.0,Y,,,,,For profit - Partnership,80.0,58.0,Legal Business Name Not Available,,,TEXAN NURSING & REHAB,,,,,,0,1,1,0,0,1,1,0
gold_main_v2,control,control_v2,675124,TEXAN NURSING & REHAB OF GONZALES,TX,2017,0,,,,,,,,,,,66.24391013824885,4.0,10.052092165898618,4.0,0,,,,,,,2016.0,2023.0,control_weighted_pseudocohort,5.0,1,0,1,1,1,0,0,0,1.0,1.0,11.0,3.0,9.0,275.0,59.76998725911769,3141.0,45586.75,0.1910232050763814,2.7756112606592005,3.20087,1.0,1.0,2.0,1.0,2.0,96.667,1.0,4.0,,1.0,65387.0,0.0,1.0,N,,,,,For profit - Corporation,80.0,58.0,GONZALES HEALTHCARE SYSTEMS,,,TEXAN NURSING & REHAB OF GONZALES,,,,,2017-12-01,1,1,1,0,1,1,1,0
gold_main_v2,control,control_v2,675124,TEXAN NURSING & REHAB OF GONZALES,TX,2018,0,,,,,,,,,,,66.24391013824885,4.0,10.052092165898618,4.0,0,,,,,,,2016.0,2023.0,control_weighted_pseudocohort,5.0,1,0,1,1,1,0,0,0,1.0,1.0,11.0,3.0,9.0,365.0,55.62634907363169,3376.5,59461.62,0.1657521506190789,2.93077632365681,3.09147,,1.0,,,,98.400,1.0,4.0,,1.0,65387.0,0.0,1.0,N,,,,,For profit - Corporation,80.0,54.3,GONZALES HEALTHCARE SYSTEMS,,,TEXAN NURSING & REHAB OF GONZALES,,,,,2018-12-01,1,1,0,0,1,1,0,0
gold_main_v2,control,control_v2,675124,TEXAN NURSING & REHAB OF GONZALES,TX,2019,0,,,,,,,,,,,66.24391013824885,4.0,10.052092165898618,4.0,0,,,,,,,2016.0,2023.0,control_weighted_pseudocohort,5.0,1,0,1,1,1,0,0,0,1.0,1.0,11.0,3.0,9.0,365.0,54.23495115995116,4307.25,56567.75,0.2179628874039019,2.8599340925732326,2.87853,,1.0,,,,100.667,1.0,2.0,,2.0,77770.0,0.0,2.0,N,,,,,For profit - Corporation,80.0,54.4,GONZALES HEALTHCARE SYSTEMS,,,TEXAN NURSING & REHAB OF GONZALES,,,,,2019-11-01,1,1,0,0,1,1,0,0
gold_main_v2,control,control_v2,675124,TEXAN NURSING & REHAB OF GONZALES,TX,2020,0,,,,,,,,,,,66.24391013824885,4.0,10.052092165898618,4.0,0,,,,,,,2016.0,2023.0,control_weighted_pseudocohort,5.0,1,0,1,1,1,0,0,0,1.0,1.0,11.0,3.0,9.0,366.0,55.12918060200669,3249.0,58324.5,0.1606829334983346,2.8915325474634157,2.81125,1.0,1.0,1.0,1.0,4.0,128.000,0.0,2.0,,1.0,12383.0,0.0,1.0,N,,,,,For profit - Corporation,80.0,55.4,GONZALES HEALTHCARE SYSTEMS,,,TEXAN NURSING & REHAB OF GONZALES,,,,,2020-11-01,1,1,1,0,1,1,1,0
gold_main_v2,control,control_v2,675124,TEXAN NURSING & REHAB OF GONZALES,TX,2021,0,,,,,,,,,,,66.24391013824885,4.0,10.052092165898618,4.0,0,,,,,,,2016.0,2023.0,control_weighted_pseudocohort,5.0,1,0,1,1,1,0,0,0,1.0,1.0,11.0,3.0,9.0,365.0,49.57285528481181,3909.75,52903.75,0.216684951533693,2.9458147858871895,3.14932,1.0,1.0,1.0,2.0,5.0,109.333,0.0,3.0,3.0,2.0,15633.43,0.0,2.0,N,,,,,For profit - Corporation,80.0,46.0,GONZALES HEALTHCARE SYSTEMS,,,TEXAN NURSING & REHAB OF GONZALES,,,,,2021-11-01,1,1,1,0,1,1,1,0
gold_main_v2,control,control_v2,675124,TEXAN NURSING & REHAB OF GONZALES,TX,2022,0,,,,,,,,,,,66.24391013824885,4.0,10.052092165898618,4.0,0,False,False,False,False,False,False,2016.0,2023.0,control_weighted_pseudocohort,5.0,1,0,1,1,1,1,0,1,1.0,1.0,11.0,3.0,9.0,365.0,47.446058953124165,3191.0,45267.25,0.1841610616822526,2.619041492550644,2.4244,1.0,,2.0,2.0,5.0,84.667,0.0,1.0,4.0,3.0,28000.0,0.0,3.0,N,,,,,For profit - Corporation,80.0,49.5,GONZALES HEALTHCARE SYSTEMS,,,TEXAN NURSING & REHAB OF GONZALES,,,,,2022-11-01,1,1,1,0,1,1,1,0
gold_main_v2,control,control_v2,675124,TEXAN NURSING & REHAB OF GONZALES,TX,2023,0,,,,,,,,,,,66.24391013824885,4.0,10.052092165898618,4.0,0,False,False,False,False,False,False,2016.0,2023.0,control_weighted_pseudocohort,5.0,1,1,1,1,1,1,0,1,1.0,1.0,11.0,3.0,9.0,365.0,44.25598887827149,2862.1800000000003,41557.18,0.1783401702996986,2.582408151065303,2.41283,1.0,,2.0,2.0,5.0,63.333,0.0,0.0,2.0,3.0,28000.0,0.0,3.0,N,45.0,34.0,5.0,0.7555555555555555,For profit - Corporation,80.0,43.6,GONZALES HEALTHCARE SYSTEMS,,,TEXAN NURSING & REHAB OF GONZALES,TX,,,,2023-11-01,1,1,1,1,1,1,1,1
gold_main_v2,control,control_v2,675124,TEXAN NURSING & REHAB OF GONZALES,TX,2024,0,,,,,,,,,,,66.24391013824885,4.0,10.052092165898618,4.0,0,False,False,False,False,False,False,2016.0,2023.0,control_weighted_pseudocohort,5.0,1,1,1,1,1,1,0,1,1.0,1.0,11.0,3.0,9.0,366.0,41.71189679885332,3433.68,44784.17,0.2263008616232756,2.9339815114020436,3.06276,1.0,,2.0,2.0,5.0,67.333,0.0,2.0,1.0,2.0,24750.0,0.0,2.0,N,39.75,33.25,5.0,0.8402046783625732,For profit - Limited Liability company,80.0,42.8,GONZALES HEALTHCARE SYSTEMS,,,TEXAN NURSING & REHAB OF GONZALES,TX,,,,2024-11-01,1,1,1,1,1,1,1,1
gold_main_v2,control,control_v2,675124,AVIR AT GONZALES,TX,2025,0,,,,,,,,,,,66.24391013824885,4.0,10.052092165898618,4.0,0,False,True,False,False,False,False,2016.0,2023.0,control_weighted_pseudocohort,5.0,1,1,1,1,1,1,0,1,1.0,1.0,11.0,3.0,9.0,273.0,40.55204119551946,3018.33,30479.8,0.2694435829430305,2.7671290644491946,2.69975,1.0,,3.0,3.0,5.0,82.000,9.0,6.0,0.0,0.0,0.0,0.0,0.0,N,37.666666666666664,31.333333333333332,4.666666666666667,0.8311996206733049,For profit - Corporation,80.0,39.3,GONZALES HEALTHCARE SYSTEMS,AVIR HEALTH GROUP,719.0,AVIR AT GONZALES,TX,,,,2025-11-01,1,1,1,1,1,1,1,1
gold_main_v2,control,control_v2,675124,AVIR AT GONZALES,TX,2026,0,,,,,,,,,,,66.24391013824885,4.0,10.052092165898618,4.0,0,False,True,False,False,False,False,2016.0,2023.0,control_weighted_pseudocohort,5.0,1,0,0,1,1,1,0,1,1.0,1.0,11.0,3.0,9.0,,,,,,,2.68848,1.0,,2.0,1.0,4.0,97.000,,,,0.0,0.0,0.0,0.0,N,,,,,For profit - Corporation,80.0,39.3,GONZALES HEALTHCARE SYSTEMS,AVIR HEALTH GROUP,719.0,AVIR AT GONZALES,TX,,,,2026-03-01,0,1,1,0,0,1,1,0
gold_main_v2,control,control_v2,675259,CISCO NURSING & REHABILITATION,TX,2016,0,,,,,,,,,,,71.20330184331797,4.0,12.142688940092166,4.0,0,,,,,,,2016.0,2023.0,control_weighted_pseudocohort,5.0,1,0,0,1,1,0,0,0,1.0,1.0,11.0,3.0,9.0,,,,,,,3.43334,1.0,1.0,2.0,1.0,1.0,102.667,3.0,1.0,,0.0,0.0,0.0,0.0,Y,,,,,Government - Hospital dist,84.0,36.0,EASTLAND MEMORIAL HOSPITAL DISTRICT,,,CISCO NURSING & REHABILITATION,,,,,,0,1,1,0,0,1,1,0
gold_main_v2,control,control_v2,675259,CISCO NURSING & REHABILITATION,TX,2017,0,,,,,,,,,,,71.20330184331797,4.0,12.142688940092166,4.0,0,,,,,,,2016.0,2023.0,control_weighted_pseudocohort,5.0,1,0,1,1,1,0,0,0,1.0,1.0,11.0,3.0,9.0,275.0,51.61486701704093,4130.0,42311.35,0.2917283177974136,2.989836071535521,2.86482,1.0,2.0,2.0,1.0,3.0,124.333,0.0,3.0,,1.0,15471.0,0.0,1.0,N,,,,,For profit - Corporation,84.0,54.0,EASTLAND MEMORIAL HOSPITAL DISTRICT,,,CISCO NURSING & REHABILITATION,,,,,2017-12-01,1,1,1,0,1,1,1,0
gold_main_v2,control,control_v2,675259,CISCO NURSING & REHABILITATION,TX,2018,0,,,,,,,,,,,71.20330184331797,4.0,12.142688940092166,4.0,0,,,,,,,2016.0,2023.0,control_weighted_pseudocohort,5.0,1,0,1,1,1,0,0,0,1.0,1.0,11.0,3.0,9.0,365.0,45.81885650581303,3460.75,54793.04,0.2094839950279254,3.279608365258385,3.25887,,1.0,,,,125.200,0.0,7.0,,2.0,89300.0,1.0,3.0,N,,,,,For profit - Corporation,84.0,46.5,EASTLAND MEMORIAL HOSPITAL DISTRICT,,,CISCO NURSING & REHABILITATION,,,,,2018-12-01,1,1,0,0,1,1,0,0
gold_main_v2,control,control_v2,675259,CISCO NURSING & REHABILITATION,TX,2019,0,,,,,,,,,,,71.20330184331797,4.0,12.142688940092166,4.0,0,,,,,,,2016.0,2023.0,control_weighted_pseudocohort,5.0,1,0,1,1,1,0,0,0,1.0,1.0,11.0,3.0,9.0,365.0,42.66187423687424,6205.6,51034.91,0.3954100982941301,3.2830852222564753,3.23686,,2.0,,,,111.000,0.0,6.0,,2.0,84102.0,1.0,3.0,N,,,,,For profit - Corporation,80.0,44.7,EASTLAND MEMORIAL HOSPITAL DISTRICT,,,CISCO NURSING & REHABILITATION,,,,,2019-11-01,1,1,0,0,1,1,0,0
gold_main_v2,control,control_v2,675259,CISCO NURSING & REHABILITATION,TX,2020,0,,,,,,,,,,,71.20330184331797,4.0,12.142688940092166,4.0,0,,,,,,,2016.0,2023.0,control_weighted_pseudocohort,5.0,1,0,1,1,1,0,0,0,1.0,1.0,11.0,3.0,9.0,366.0,36.84110726230291,4960.25,46163.75,0.3789837696304747,3.4335532247750717,3.47656,,,2.0,2.0,2.0,76.333,0.0,4.0,,2.0,84102.0,1.0,3.0,N,,,,,Government - Hospital district,80.0,35.3,EASTLAND MEMORIAL HOSPITAL DISTRICT,,,CISCO NURSING & REHABILITATION,,,,,2020-11-01,1,1,1,0,1,1,1,0
gold_main_v2,control,control_v2,675259,CISCO NURSING & REHABILITATION,TX,2021,0,,,,,,,,,,,71.20330184331797,4.0,12.142688940092166,4.0,0,,,,,,,2016.0,2023.0,control_weighted_pseudocohort,5.0,1,0,1,1,1,0,0,0,1.0,1.0,11.0,3.0,9.0,365.0,40.640741625524235,6309.0,41116.93,0.4204135006158772,2.789678517132331,2.77285,2.0,2.0,4.0,4.0,3.0,25.333,0.0,0.0,0.0,2.0,84102.2,0.0,2.0,N,,,,,Government - Hospital district,80.0,40.6,EASTLAND MEMORIAL HOSPITAL DISTRICT,,,CISCO NURSING & REHABILITATION,,,,,2021-11-01,1,1,1,0,1,1,1,0
gold_main_v2,control,control_v2,675259,CISCO NURSING & REHABILITATION,TX,2022,0,,,,,,,,,,,71.20330184331797,4.0,12.142688940092166,4.0,0,False,False,False,False,False,False,2016.0,2023.0,control_weighted_pseudocohort,5.0,1,0,1,1,1,1,0,1,1.0,1.0,11.0,3.0,9.0,365.0,43.24713396506875,6703.75,38875.26,0.4241412821934806,2.4588636499843157,2.63848,1.0,,2.0,1.0,3.0,34.000,2.0,5.0,2.0,1.0,11300.0,0.0,1.0,N,,,,,Government - Hospital district,80.0,43.9,EASTLAND MEMORIAL HOSPITAL DISTRICT,,,CISCO NURSING & REHABILITATION,,,,,2022-11-01,1,1,1,0,1,1,1,0
gold_main_v2,control,control_v2,675259,CISCO NURSING & REHABILITATION,TX,2023,0,,,,,,,,,,,71.20330184331797,4.0,12.142688940092166,4.0,0,False,False,False,False,False,False,2016.0,2023.0,control_weighted_pseudocohort,5.0,1,1,1,1,1,1,0,1,1.0,1.0,11.0,3.0,9.0,275.0,37.002906513776075,1279.75,23155.75,0.1318315751661355,2.2990147753751216,2.43392,1.0,,3.0,3.0,5.0,44.000,2.0,5.0,2.0,1.0,11300.0,0.0,1.0,N,35.0,24.0,5.0,0.6857142857142857,For profit - Limited Liability company,80.0,33.8,EASTLAND MEMORIAL HOSPITAL DISTRICT,TRINITY HEALTHCARE,526.0,CISCO NURSING & REHABILITATION,TX,,,,2023-11-01,1,1,1,1,1,1,1,1
gold_main_v2,control,control_v2,675259,CISCO NURSING & REHABILITATION,TX,2024,0,,,,,,,,,,,71.20330184331797,4.0,12.142688940092166,4.0,0,False,False,False,False,False,False,2016.0,2023.0,control_weighted_pseudocohort,5.0,1,1,1,1,1,1,0,1,1.0,1.0,11.0,3.0,9.0,366.0,38.53962613473483,3929.5,42137.5,0.2803490601919117,3.000717349795794,3.22359,1.0,,3.0,3.0,5.0,59.333,2.0,7.0,2.0,0.0,0.0,0.0,0.0,N,57.5,40.0,14.5,0.6928571428571428,For profit - Limited Liability company,80.0,35.2,EASTLAND MEMORIAL HOSPITAL DISTRICT,TRINITY HEALTHCARE,526.0,CISCO NURSING & REHABILITATION,TX,,,,2024-11-01,1,1,1,1,1,1,1,1
gold_main_v2,control,control_v2,675259,Avir at Cisco,TX,2025,0,,,,,,,,,,,71.20330184331797,4.0,12.142688940092166,4.0,0,False,True,False,False,False,False,2016.0,2023.0,control_weighted_pseudocohort,5.0,1,1,1,1,1,1,0,1,1.0,1.0,11.0,3.0,9.0,273.0,36.01474845605281,5213.57,32131.47,0.5327901536195591,3.2753391540794152,3.40768,3.0,,5.0,5.0,4.0,22.000,5.0,15.0,0.0,0.0,0.0,0.0,0.0,N,80.0,56.0,24.0,0.6999999999999998,For profit - Limited Liability company,80.0,35.6,EASTLAND MEMORIAL HOSPITAL DISTRICT,AVIR HEALTH GROUP,719.0,Avir at Cisco,TX,,,,2025-11-01,1,1,1,1,1,1,1,1
gold_main_v2,control,control_v2,675259,Avir at Cisco,TX,2026,0,,,,,,,,,,,71.20330184331797,4.0,12.142688940092166,4.0,0,False,True,False,False,False,False,2016.0,2023.0,control_weighted_pseudocohort,5.0,1,0,0,1,1,1,0,1,1.0,1.0,11.0,3.0,9.0,,,,,,,3.37615,3.0,,5.0,5.0,4.0,20.000,,,0.0,0.0,0.0,0.0,0.0,N,,,,,For profit - Limited Liability company,80.0,34.7,EASTLAND MEMORIAL HOSPITAL DISTRICT,AVIR HEALTH GROUP,719.0,Avir at Cisco,TX,,,,2026-03-01,0,1,1,0,0,1,1,0
gold_main_v2,control,control_v2,675398,GREEN ACRES OF CENTER,TX,2016,0,,,,,,,,,,,72.42788709677419,4.0,8.36120737327189,4.0,0,,,,,,,2016.0,2023.0,control_weighted_pseudocohort,5.0,1,0,0,1,1,0,0,0,1.0,1.0,11.0,3.0,9.0,,,,,,,3.79911,3.0,2.0,2.0,3.0,5.0,93.333,0.0,4.0,,0.0,0.0,0.0,0.0,N,,,,,For profit - Corporation,92.0,56.0,"NEXION HEALTH AT CENTER, INC.",,,GREEN ACRES OF CENTER,,,,,,0,1,1,0,0,1,1,0
gold_main_v2,control,control_v2,675398,FOCUSED CARE OF CENTER,TX,2017,0,,,,,,,,,,,72.42788709677419,4.0,8.36120737327189,4.0,0,,,,,,,2016.0,2023.0,control_weighted_pseudocohort,5.0,1,0,1,1,1,0,0,0,1.0,1.0,11.0,3.0,9.0,275.0,47.91252587991718,2600.22,46612.5,0.1971657509723191,3.5421955289067544,4.16043,2.0,1.0,1.0,1.0,2.0,152.500,1.0,3.0,,0.0,0.0,1.0,1.0,Y,,,,,For profit - Corporation,96.0,48.0,"FPACP TIMPSON, LLC",,,FOCUSED CARE OF CENTER,,,,,2017-12-01,1,1,1,0,1,1,1,0
gold_main_v2,control,control_v2,675398,FOCUSED CARE OF CENTER,TX,2018,0,,,,,,,,,,,72.42788709677419,4.0,8.36120737327189,4.0,0,,,,,,,2016.0,2023.0,control_weighted_pseudocohort,5.0,1,0,1,1,1,0,0,0,1.0,1.0,11.0,3.0,9.0,365.0,53.122676779741994,6139.0,67781.56,0.3179470479971101,3.509811216513976,3.55813,,2.0,,,,191.000,3.0,6.0,,1.0,12084.0,1.0,2.0,N,,,,,For profit - Corporation,96.0,52.9,"FPACP TIMPSON, LLC",,,FOCUSED CARE OF CENTER,,,,,2018-12-01,1,1,0,0,1,1,0,0
gold_main_v2,control,control_v2,675398,FOCUSED CARE OF CENTER,TX,2019,0,,,,,,,,,,,72.42788709677419,4.0,8.36120737327189,4.0,0,,,,,,,2016.0,2023.0,control_weighted_pseudocohort,5.0,1,0,1,1,1,0,0,0,1.0,1.0,11.0,3.0,9.0,365.0,52.45598954185911,4540.42,61811.25,0.2383216014710761,3.2380074846178655,3.20025,,1.0,,,,223.833,3.0,6.0,,2.0,28229.0,1.0,3.0,N,,,,,For profit - Corporation,96.0,50.6,"FPACP TIMPSON, LLC",,,FOCUSED CARE OF CENTER,,,,,2019-11-01,1,1,0,0,1,1,0,0
gold_main_v2,control,control_v2,675398,FOCUSED CARE OF CENTER,TX,2020,0,,,,,,,,,,,72.42788709677419,4.0,8.36120737327189,4.0,0,,,,,,,2016.0,2023.0,control_weighted_pseudocohort,5.0,1,0,1,1,1,0,0,0,1.0,1.0,11.0,3.0,9.0,366.0,46.47718585762064,3867.16,59443.19,0.2307727880323463,3.5067863555922862,3.66066,,,1.0,1.0,2.0,208.333,3.0,4.0,,1.0,16145.0,0.0,1.0,N,,,,,For profit - Corporation,96.0,48.5,"FPACP TIMPSON, LLC",,,FOCUSED CARE OF CENTER,,,,,2020-11-01,1,1,1,0,1,1,1,0
gold_main_v2,control,control_v2,675398,FOCUSED CARE OF CENTER,TX,2021,0,,,,,,,,,,,72.42788709677419,4.0,8.36120737327189,4.0,0,,,,,,,2016.0,2023.0,control_weighted_pseudocohort,5.0,1,0,1,1,1,0,0,0,1.0,1.0,11.0,3.0,9.0,365.0,46.59172838031534,5851.75,55782.95,0.3419000124035622,3.2916920062169854,3.47479,2.0,2.0,2.0,2.0,2.0,94.833,1.0,1.0,0.0,2.0,63074.7,0.0,2.0,N,,,,,For profit - Partnership,45.0,45.0,"FPACP TIMPSON, LLC",,,FOCUSED CARE OF CENTER,,,,,2021-11-01,1,1,1,0,1,1,1,0
gold_main_v2,control,control_v2,675398,FOCUSED CARE OF CENTER,TX,2022,0,,,,,,,,,,,72.42788709677419,4.0,8.36120737327189,4.0,0,False,False,False,False,False,True,2016.0,2023.0,control_weighted_pseudocohort,5.0,1,0,1,1,1,1,0,1,1.0,1.0,11.0,3.0,9.0,365.0,50.09193143812709,4137.32,50372.93,0.2269423510543537,2.8207063451648704,3.42913,1.0,,2.0,1.0,4.0,73.000,3.0,9.0,0.0,2.0,50180.0,0.0,2.0,N,,,,,For profit - Corporation,92.0,47.2,"FPACP TIMPSON, LLC",,,FOCUSED CARE OF CENTER,,,,,2022-11-01,1,1,1,0,1,1,1,0
gold_main_v2,control,control_v2,675398,FOCUSED CARE OF CENTER,TX,2023,0,,,,,,,,,,,72.42788709677419,4.0,8.36120737327189,4.0,0,False,False,False,False,False,True,2016.0,2023.0,control_weighted_pseudocohort,5.0,1,1,1,1,1,1,0,1,1.0,1.0,11.0,3.0,9.0,365.0,57.863602219037006,4689.55,69454.78,0.2224058704131019,3.2945539261464014,3.3066,1.0,,3.0,2.0,4.0,45.833,3.0,11.0,0.0,2.0,50180.0,0.0,2.0,N,56.0,43.0,2.0,0.7678571428571429,For profit - Limited Liability company,92.0,59.5,"FPACP TIMPSON, LLC",FOCUSED POST ACUTE CARE PARTNERS,224.0,FOCUSED CARE OF CENTER,TX,,,,2023-11-01,1,1,1,1,1,1,1,1
gold_main_v2,control,control_v2,675398,FOCUSED CARE OF CENTER,TX,2024,0,,,,,,,,,,,72.42788709677419,4.0,8.36120737327189,4.0,0,False,False,False,False,False,True,2016.0,2023.0,control_weighted_pseudocohort,5.0,1,1,1,1,1,1,0,1,1.0,1.0,11.0,3.0,9.0,366.0,65.52424749163879,5118.05,75869.48,0.2140886954505094,3.1724063197529735,3.20739,2.0,,2.0,2.0,3.0,81.667,3.0,13.0,0.0,2.0,16646.5,0.0,2.0,N,66.5,49.0,6.5,0.7383928571428571,For profit - Limited Liability company,92.0,68.2,"FPACP TIMPSON, LLC",FOCUSED POST ACUTE CARE PARTNERS,224.0,FOCUSED CARE OF CENTER,TX,,,,2024-11-01,1,1,1,1,1,1,1,1
gold_main_v2,control,control_v2,675398,FOCUSED CARE OF CENTER,TX,2025,0,,,,,,,,,,,72.42788709677419,4.0,8.36120737327189,4.0,0,False,True,False,False,False,True,2016.0,2023.0,control_weighted_pseudocohort,5.0,1,1,1,1,1,1,0,1,1.0,1.0,11.0,3.0,9.0,273.0,65.45774097078446,3981.78,59875.8,0.2231004280251165,3.3527288621349016,3.28466,2.0,,1.0,2.0,5.0,318.500,10.0,18.0,0.0,2.0,381677.0,0.0,2.0,N,68.33333333333333,51.333333333333336,6.0,0.7523809523809524,For profit - Limited Liability company,92.0,65.7,"FPACP TIMPSON, LLC",FOCUSED POST ACUTE CARE PARTNERS,224.0,FOCUSED CARE OF CENTER,TX,,,,2025-11-01,1,1,1,1,1,1,1,1
gold_main_v2,control,control_v2,675398,FOCUSED CARE OF CENTER,TX,2026,0,,,,,,,,,,,72.42788709677419,4.0,8.36120737327189,4.0,0,False,True,False,False,False,True,2016.0,2023.0,control_weighted_pseudocohort,5.0,1,0,0,1,1,1,0,1,1.0,1.0,11.0,3.0,9.0,,,,,,,3.43805,2.0,,1.0,2.0,5.0,324.500,,,,2.0,256719.0,0.0,2.0,N,,,,,For profit - Limited Liability company,92.0,64.3,"FPACP TIMPSON, LLC",FOCUSED POST ACUTE CARE PARTNERS,224.0,FOCUSED CARE OF CENTER,TX,,,,2026-03-01,0,1,1,0,0,1,1,0
gold_main_v2,control,control_v2,675433,GREEN ACRES OF HUNTSVILLE,TX,2016,0,,,,,,,,,,,78.44908525345622,4.0,6.872875576036867,4.0,0,,,,,,,2016.0,2023.0,control_weighted_pseudocohort,5.0,1,0,0,1,1,0,0,0,1.0,1.0,11.0,3.0,9.0,,,,,,,3.8566,3.0,3.0,1.0,1.0,2.0,193.333,1.0,9.0,,0.0,0.0,0.0,0.0,N,,,,,For profit - Corporation,88.0,53.0,"NEXION HEALTH AT HUNTSVILLE, INC.",,,GREEN ACRES OF HUNTSVILLE,,,,,,0,1,1,0,0,1,1,0
gold_main_v2,control,control_v2,675433,FOCUSED CARE AT HUNTSVILLE,TX,2017,0,,,,,,,,,,,78.44908525345622,4.0,6.872875576036867,4.0,0,,,,,,,2016.0,2023.0,control_weighted_pseudocohort,5.0,1,0,1,1,1,0,0,0,1.0,1.0,11.0,3.0,9.0,275.0,50.465878324573985,2714.38,44873.89,0.1950392279687491,3.253868415319342,3.86786,3.0,2.0,2.0,2.0,4.0,116.667,1.0,3.0,,0.0,0.0,0.0,0.0,Y,,,,,For profit - Corporation,88.0,42.0,FPACP HUNTSVILLE LLC,,,FOCUSED CARE AT HUNTSVILLE,,,,,2017-12-01,1,1,1,0,1,1,1,0
gold_main_v2,control,control_v2,675433,FOCUSED CARE AT HUNTSVILLE,TX,2018,0,,,,,,,,,,,78.44908525345622,4.0,6.872875576036867,4.0,0,,,,,,,2016.0,2023.0,control_weighted_pseudocohort,5.0,1,0,1,1,1,0,0,0,1.0,1.0,11.0,3.0,9.0,274.0,50.86924315619967,3073.4,44157.03,0.2203525387810097,3.193630797036461,,,1.0,,,,99.200,1.0,2.0,,0.0,0.0,0.0,0.0,N,,,,,For profit - Partnership,88.0,,FPACP HUNTSVILLE LLC,,,FOCUSED CARE AT HUNTSVILLE,,,,,2018-12-01,1,0,0,0,1,0,0,0
gold_main_v2,control,control_v2,675433,FOCUSED CARE AT HUNTSVILLE,TX,2019,0,,,,,,,,,,,78.44908525345622,4.0,6.872875576036867,4.0,0,,,,,,,2016.0,2023.0,control_weighted_pseudocohort,5.0,1,0,1,1,1,0,0,0,1.0,1.0,11.0,3.0,9.0,365.0,47.64427191166322,4948.1,54964.619999999995,0.285536526699426,3.172792549986834,3.10815,,1.0,,,,203.333,1.0,2.0,,0.0,0.0,0.0,0.0,N,,,,,For profit - Corporation,88.0,48.7,FPACP HUNTSVILLE LLC,,,FOCUSED CARE AT HUNTSVILLE,,,,,2019-11-01,1,1,0,0,1,1,0,0
gold_main_v2,control,control_v2,675433,FOCUSED CARE AT HUNTSVILLE,TX,2020,0,,,,,,,,,,,78.44908525345622,4.0,6.872875576036867,4.0,0,,,,,,,2016.0,2023.0,control_weighted_pseudocohort,5.0,1,0,1,1,1,0,0,0,1.0,1.0,11.0,3.0,9.0,366.0,56.43322981366459,4339.99,63758.53,0.2107442597198545,3.1088474895864913,2.85699,1.0,1.0,1.0,1.0,3.0,149.667,1.0,2.0,,1.0,44294.0,0.0,1.0,N,,,,,For profit - Corporation,88.0,61.1,FPACP HUNTSVILLE LLC,,,FOCUSED CARE AT HUNTSVILLE,,,,,2020-11-01,1,1,1,0,1,1,1,0
gold_main_v2,control,control_v2,675433,FOCUSED CARE AT HUNTSVILLE,TX,2021,0,,,,,,,,,,,78.44908525345622,4.0,6.872875576036867,4.0,0,,,,,,,2016.0,2023.0,control_weighted_pseudocohort,5.0,1,0,1,1,1,0,0,0,1.0,1.0,11.0,3.0,9.0,365.0,52.14793889685194,3728.3,58554.48,0.1964255261803513,3.0846361133389064,3.22461,1.0,1.0,3.0,2.0,2.0,56.000,0.0,0.0,0.0,0.0,0.0,0.0,0.0,N,,,,,For profit - Corporation,88.0,50.3,FPACP HUNTSVILLE LLC,,,FOCUSED CARE AT HUNTSVILLE,,,,,2021-11-01,1,1,1,0,1,1,1,0
gold_main_v2,control,control_v2,675433,FOCUSED CARE AT HUNTSVILLE,TX,2022,0,,,,,,,,,,,78.44908525345622,4.0,6.872875576036867,4.0,0,False,False,False,False,False,True,2016.0,2023.0,control_weighted_pseudocohort,5.0,1,0,1,1,1,1,0,1,1.0,1.0,11.0,3.0,9.0,365.0,57.745477650368954,4068.07,60582.94,0.1930560739200986,2.89207768595728,2.67961,1.0,,4.0,3.0,4.0,27.333,0.0,1.0,0.0,0.0,0.0,0.0,0.0,N,,,,,For profit - Partnership,88.0,59.8,FPACP HUNTSVILLE LLC,,,FOCUSED CARE AT HUNTSVILLE,,,,,2022-11-01,1,1,1,0,1,1,1,0
gold_main_v2,control,control_v2,675433,FOCUSED CARE AT HUNTSVILLE,TX,2023,0,,,,,,,,,,,78.44908525345622,4.0,6.872875576036867,4.0,0,False,False,False,False,False,True,2016.0,2023.0,control_weighted_pseudocohort,5.0,1,1,1,1,1,1,0,1,1.0,1.0,11.0,3.0,9.0,365.0,59.28850666241971,4860.6900000000005,59729.119999999995,0.2239351019718481,2.770182459308818,2.75686,1.0,,4.0,3.0,3.0,18.667,0.0,1.0,0.0,0.0,0.0,0.0,0.0,N,56.0,41.0,3.0,0.7321428571428571,For profit - Partnership,88.0,61.7,FPACP HUNTSVILLE LLC,FOCUSED POST ACUTE CARE PARTNERS,224.0,FOCUSED CARE AT HUNTSVILLE,TX,,,,2023-11-01,1,1,1,1,1,1,1,1
gold_main_v2,control,control_v2,675433,FOCUSED CARE AT HUNTSVILLE,TX,2024,0,,,,,,,,,,,78.44908525345622,4.0,6.872875576036867,4.0,0,False,False,False,False,False,True,2016.0,2023.0,control_weighted_pseudocohort,5.0,1,1,1,1,1,1,0,1,1.0,1.0,11.0,3.0,9.0,366.0,61.2639751552795,3379.26,56300.43,0.1513497565452137,2.521622752944392,2.67981,1.0,,4.0,3.0,4.0,24.667,0.0,1.0,0.0,0.0,0.0,0.0,0.0,N,56.75,37.25,4.5,0.65671992481203,For profit - Partnership,88.0,58.6,FPACP HUNTSVILLE LLC,FOCUSED POST ACUTE CARE PARTNERS,224.0,FOCUSED CARE AT HUNTSVILLE,TX,,,,2024-11-01,1,1,1,1,1,1,1,1
gold_main_v2,control,control_v2,675433,FOCUSED CARE AT HUNTSVILLE,TX,2025,0,,,,,,,,,,,78.44908525345622,4.0,6.872875576036867,4.0,0,False,True,False,False,False,True,2016.0,2023.0,control_weighted_pseudocohort,5.0,1,1,1,1,1,1,0,1,1.0,1.0,11.0,3.0,9.0,273.0,69.3833651855391,6406.8,46830.54,0.3380099282440794,2.4733197001333216,2.55019,1.0,,4.0,4.0,5.0,44.000,12.0,11.0,0.0,0.0,0.0,0.0,0.0,N,61.666666666666664,50.666666666666664,3.0,0.8146929824561404,For profit - Partnership,88.0,68.2,FPACP HUNTSVILLE LLC,FOCUSED POST ACUTE CARE PARTNERS,224.0,FOCUSED CARE AT HUNTSVILLE,TX,,,,2025-11-01,1,1,1,1,1,1,1,1
gold_main_v2,control,control_v2,675433,FOCUSED CARE AT HUNTSVILLE,TX,2026,0,,,,,,,,,,,78.44908525345622,4.0,6.872875576036867,4.0,0,False,True,False,False,False,True,2016.0,2023.0,control_weighted_pseudocohort,5.0,1,0,0,1,1,1,0,1,1.0,1.0,11.0,3.0,9.0,,,,,,,2.44065,1.0,,4.0,4.0,5.0,47.000,,,,0.0,0.0,0.0,0.0,N,,,,,For profit - Partnership,88.0,70.1,FPACP HUNTSVILLE LLC,FOCUSED POST ACUTE CARE PARTNERS,224.0,FOCUSED CARE AT HUNTSVILLE,TX,,,,2026-03-01,0,1,1,0,0,1,1,0
gold_main_v2,control,control_v2,675641,NESBIT LIVING & RECOVERY CENTER,TX,2016,0,,,,,,,,,,,67.7274792626728,4.0,15.159951612903226,4.0,0,,,,,,,2016.0,2023.0,control_weighted_pseudocohort,5.0,1,0,0,1,1,0,0,0,1.0,1.0,11.0,3.0,9.0,,,,,,,3.17303,2.0,2.0,2.0,2.0,2.0,78.000,3.0,1.0,,0.0,0.0,0.0,0.0,Y,,,,,For profit - Partnership,134.0,89.0,GUADALUPE COUNTY HOSPITAL BOARD,,,NESBIT LIVING & RECOVERY CENTER,,,,,,0,1,1,0,0,1,1,0
gold_main_v2,control,control_v2,675641,NESBIT LIVING & RECOVERY CENTER,TX,2017,0,,,,,,,,,,,67.7274792626728,4.0,15.159951612903226,4.0,0,,,,,,,2016.0,2023.0,control_weighted_pseudocohort,5.0,1,0,1,1,1,0,0,0,1.0,1.0,11.0,3.0,9.0,183.0,85.76080984233158,4633.0,44549.75,0.2970351739398419,2.841615413380141,3.19634,2.0,3.0,3.0,3.0,3.0,58.667,3.0,2.0,,0.0,0.0,0.0,0.0,N,,,,,For profit - Partnership,134.0,82.0,GUADALUPE COUNTY HOSPITAL BOARD,,,NESBIT LIVING & RECOVERY CENTER,,,,,2017-12-01,1,1,1,0,1,1,1,0
gold_main_v2,control,control_v2,675641,NESBIT LIVING & RECOVERY CENTER,TX,2018,0,,,,,,,,,,,67.7274792626728,4.0,15.159951612903226,4.0,0,,,,,,,2016.0,2023.0,control_weighted_pseudocohort,5.0,1,0,1,1,1,0,0,0,1.0,1.0,11.0,3.0,9.0,365.0,80.52049291288422,7989.0,89926.89,0.2721282308925919,3.0654644782903864,3.03726,,1.0,,,,62.400,2.0,1.0,,0.0,0.0,0.0,0.0,N,,,,,For profit - Partnership,134.0,82.3,GUADALUPE COUNTY HOSPITAL BOARD,,,NESBIT LIVING & RECOVERY CENTER,,,,,2018-12-01,1,1,0,0,1,1,0,0
gold_main_v2,control,control_v2,675641,NESBIT LIVING & RECOVERY CENTER,TX,2019,0,,,,,,,,,,,67.7274792626728,4.0,15.159951612903226,4.0,0,,,,,,,2016.0,2023.0,control_weighted_pseudocohort,5.0,1,0,1,1,1,0,0,0,1.0,1.0,11.0,3.0,9.0,365.0,78.17302715400541,5395.0,87754.65,0.1892781300714859,3.07934956541266,2.90074,,1.0,,,,52.667,2.0,0.0,,0.0,0.0,0.0,0.0,N,,,,,For profit - Corporation,134.0,82.3,GUADALUPE COUNTY HOSPITAL BOARD,,,NESBIT LIVING & RECOVERY CENTER,,,,,2019-11-01,1,1,0,0,1,1,0,0
gold_main_v2,control,control_v2,675641,NESBIT LIVING & RECOVERY CENTER,TX,2020,0,,,,,,,,,,,67.7274792626728,4.0,15.159951612903226,4.0,0,,,,,,,2016.0,2023.0,control_weighted_pseudocohort,5.0,1,0,1,1,1,0,0,0,1.0,1.0,11.0,3.0,9.0,366.0,77.77481485905399,6703.0,90235.25,0.2386858278251878,3.176633388448516,3.30603,1.0,1.0,3.0,2.0,4.0,52.667,0.0,0.0,,0.0,0.0,0.0,0.0,N,,,,,For profit - Corporation,134.0,78.7,GUADALUPE COUNTY HOSPITAL BOARD,,,NESBIT LIVING & RECOVERY CENTER,,,,,2020-11-01,1,1,1,0,1,1,1,0
gold_main_v2,control,control_v2,675641,NESBIT LIVING & RECOVERY CENTER,TX,2021,0,,,,,,,,,,,67.7274792626728,4.0,15.159951612903226,4.0,0,,,,,,,2016.0,2023.0,control_weighted_pseudocohort,5.0,1,0,1,1,1,0,0,0,1.0,1.0,11.0,3.0,9.0,365.0,73.90918936136327,7250.0,81046.5,0.2710700800805026,3.013009390795544,3.10771,1.0,1.0,2.0,1.0,4.0,75.667,3.0,6.0,0.0,1.0,10660.0,0.0,1.0,N,,,,,For profit - Corporation,134.0,71.6,GUADALUPE COUNTY HOSPITAL BOARD,,,NESBIT LIVING & RECOVERY CENTER,,,,,2021-11-01,1,1,1,0,1,1,1,0
gold_main_v2,control,control_v2,675641,NESBIT LIVING & RECOVERY CENTER,TX,2022,0,,,,,,,,,,,67.7274792626728,4.0,15.159951612903226,4.0,0,False,False,False,False,False,False,2016.0,2023.0,control_weighted_pseudocohort,5.0,1,0,1,1,1,1,0,1,1.0,1.0,11.0,3.0,9.0,365.0,83.24508679726071,2440.5,62838.17,0.0808566615623165,2.0867353349303843,0.06949,1.0,,2.0,1.0,3.0,78.500,1.0,8.0,6.0,1.0,10660.0,0.0,1.0,N,,,,,For profit - Limited Liability company,134.0,84.7,GUADALUPE COUNTY HOSPITAL BOARD,,,NESBIT LIVING & RECOVERY CENTER,,,,,2022-11-01,1,1,1,0,1,1,1,0
gold_main_v2,control,control_v2,675641,NESBIT LIVING & RECOVERY CENTER,TX,2023,0,,,,,,,,,,,67.7274792626728,4.0,15.159951612903226,4.0,0,False,False,False,False,False,False,2016.0,2023.0,control_weighted_pseudocohort,5.0,1,1,1,1,1,1,0,1,1.0,1.0,11.0,3.0,9.0,365.0,75.6043491532622,1990.0,67992.28,0.0719823218756961,2.461908348612098,1.79285,1.0,,1.0,1.0,3.0,110.000,4.0,3.0,7.0,0.0,0.0,0.0,0.0,N,75.0,35.0,25.0,0.4666666666666667,For profit - Individual,134.0,74.0,GUADALUPE COUNTY HOSPITAL BOARD,TRINITY HEALTHCARE,526.0,NESBIT LIVING & RECOVERY CENTER,TX,,,,2023-11-01,1,1,1,1,1,1,1,1
gold_main_v2,control,control_v2,675641,NESBIT LIVING & RECOVERY CENTER,TX,2024,0,,,,,,,,,,,67.7274792626728,4.0,15.159951612903226,4.0,0,False,False,False,False,False,False,2016.0,2023.0,control_weighted_pseudocohort,5.0,1,1,1,1,1,1,0,1,1.0,1.0,11.0,3.0,9.0,366.0,72.27678571428572,3183.0,74933.78,0.120290277938256,2.832208008385533,2.84044,1.0,,1.0,1.0,3.0,166.167,5.0,4.0,7.0,1.0,13627.25,0.0,1.0,N,75.75,37.25,13.75,0.4916666666666667,For profit - Limited Liability company,134.0,74.5,GUADALUPE COUNTY HOSPITAL BOARD,TRINITY HEALTHCARE,526.0,NESBIT LIVING & RECOVERY CENTER,TX,,,,2024-11-01,1,1,1,1,1,1,1,1
gold_main_v2,control,control_v2,675641,Avir at Seguin,TX,2025,0,,,,,,,,,,,67.7274792626728,4.0,15.159951612903226,4.0,0,False,True,False,False,False,False,2016.0,2023.0,control_weighted_pseudocohort,5.0,1,1,1,1,1,1,0,1,1.0,1.0,11.0,3.0,9.0,273.0,65.73101962449789,1897.5,52265.25,0.1057729578462852,2.9312870787120775,2.72741,1.0,,2.0,1.0,3.0,142.750,53.0,92.0,0.0,1.0,13877.0,0.0,1.0,N,76.0,38.0,10.0,0.5,For profit - Limited Liability company,134.0,67.5,GUADALUPE COUNTY HOSPITAL BOARD,AVIR HEALTH GROUP,719.0,Avir at Seguin,TX,,,,2025-11-01,1,1,1,1,1,1,1,1
gold_main_v2,control,control_v2,675641,Avir at Seguin,TX,2026,0,,,,,,,,,,,67.7274792626728,4.0,15.159951612903226,4.0,0,False,True,False,False,False,False,2016.0,2023.0,control_weighted_pseudocohort,5.0,1,0,0,1,1,1,0,1,1.0,1.0,11.0,3.0,9.0,,,,,,,3.28543,1.0,,2.0,1.0,3.0,92.750,,,0.0,1.0,13877.0,0.0,1.0,N,,,,,For profit - Corporation,134.0,61.6,GUADALUPE COUNTY HOSPITAL BOARD,AVIR HEALTH GROUP,719.0,Avir at Seguin,TX,,,,2026-03-01,0,1,1,0,0,1,1,0
gold_main_v2,control,control_v2,675678,CARECHOICE OF BOERNE,TX,2016,0,,,,,,,,,,,66.31658064516128,4.0,5.924039170506912,4.0,0,,,,,,,2016.0,2023.0,control_weighted_pseudocohort,5.0,1,0,0,1,1,0,0,0,1.0,1.0,11.0,3.0,9.0,,,,,,,3.55817,3.0,3.0,3.0,3.0,2.0,64.000,0.0,0.0,,0.0,0.0,0.0,0.0,Y,,,,,For profit - Corporation,49.0,49.0,UVALDE COUNTY HOSPITAL AUTHORITY,,,CARECHOICE OF BOERNE,,,,,,0,1,1,0,0,1,1,0
gold_main_v2,control,control_v2,675678,CARECHOICE OF BOERNE,TX,2017,0,,,,,,,,,,,66.31658064516128,4.0,5.924039170506912,4.0,0,,,,,,,2016.0,2023.0,control_weighted_pseudocohort,5.0,1,0,1,1,1,0,0,0,1.0,1.0,11.0,3.0,9.0,365.0,55.98029941073419,4902.03,52970.8,0.2396203704303247,2.5944818763227455,3.32685,3.0,3.0,3.0,4.0,5.0,70.667,0.0,0.0,,0.0,0.0,0.0,0.0,N,,,,,For profit - Corporation,74.0,54.0,UVALDE COUNTY HOSPITAL AUTHORITY,,,CARECHOICE OF BOERNE,,,,,2017-12-01,1,1,1,0,1,1,1,0
gold_main_v2,control,control_v2,675678,CARECHOICE OF BOERNE,TX,2018,0,,,,,,,,,,,66.31658064516128,4.0,5.924039170506912,4.0,0,,,,,,,2016.0,2023.0,control_weighted_pseudocohort,5.0,1,0,1,1,1,0,0,0,1.0,1.0,11.0,3.0,9.0,365.0,54.76038647342995,7743.57,50172.91,0.3872157855554249,2.5128126626753433,2.47973,,3.0,,,,68.000,0.0,0.0,,0.0,0.0,0.0,0.0,N,,,,,For profit - Corporation,74.0,54.0,UVALDE COUNTY HOSPITAL AUTHORITY,,,CARECHOICE OF BOERNE,,,,,2018-12-01,1,1,0,0,1,1,0,0
gold_main_v2,control,control_v2,675678,CARECHOICE OF BOERNE,TX,2019,0,,,,,,,,,,,66.31658064516128,4.0,5.924039170506912,4.0,0,,,,,,,2016.0,2023.0,control_weighted_pseudocohort,5.0,1,0,1,1,1,0,0,0,1.0,1.0,11.0,3.0,9.0,365.0,54.467761586239845,7155.93,49454.26,0.3601008613084368,2.4884466690915907,2.39819,,1.0,,,,66.000,0.0,1.0,,0.0,0.0,0.0,0.0,N,,,,,Government - Hospital district,74.0,54.7,UVALDE COUNTY HOSPITAL AUTHORITY,,,CARECHOICE OF BOERNE,,,,,2019-11-01,1,1,0,0,1,1,0,0
gold_main_v2,control,control_v2,675678,CARECHOICE OF BOERNE,TX,2020,0,,,,,,,,,,,66.31658064516128,4.0,5.924039170506912,4.0,0,,,,,,,2016.0,2023.0,control_weighted_pseudocohort,5.0,1,0,1,1,1,0,0,0,1.0,1.0,11.0,3.0,9.0,366.0,53.75137362637363,9525.92,55990.58,0.4855063991239938,2.8477941137758833,2.85435,2.0,2.0,2.0,3.0,5.0,72.000,0.0,1.0,,0.0,0.0,0.0,0.0,N,,,,,Government - Hospital district,74.0,53.8,UVALDE COUNTY HOSPITAL AUTHORITY,,,CARECHOICE OF BOERNE,,,,,2020-11-01,1,1,1,0,1,1,1,0
gold_main_v2,control,control_v2,675678,CARE CHOICE OF BOERNE,TX,2021,0,,,,,,,,,,,66.31658064516128,4.0,5.924039170506912,4.0,0,,,,,,,2016.0,2023.0,control_weighted_pseudocohort,5.0,1,0,1,1,1,0,0,0,1.0,1.0,11.0,3.0,9.0,365.0,54.15367760259065,10435.38,57978.68,0.5299406505529907,2.9382811168873646,2.93243,2.0,2.0,3.0,4.0,5.0,55.333,1.0,0.0,2.0,1.0,9750.0,0.0,1.0,N,,,,,Government - Hospital district,74.0,53.2,UVALDE COUNTY HOSPITAL AUTHORITY,,,CARE CHOICE OF BOERNE,,,,,2021-11-01,1,1,1,0,1,1,1,0
gold_main_v2,control,control_v2,675678,CARE CHOICE OF BOERNE,TX,2022,0,,,,,,,,,,,66.31658064516128,4.0,5.924039170506912,4.0,0,False,False,False,False,False,False,2016.0,2023.0,control_weighted_pseudocohort,5.0,1,0,1,1,1,1,0,1,1.0,1.0,11.0,3.0,9.0,365.0,53.112223283962415,9449.86,55346.53,0.4886743744880086,2.858545414325759,2.797,2.0,,3.0,4.0,5.0,38.667,1.0,0.0,2.0,1.0,9750.0,0.0,1.0,N,,,,,For profit - Partnership,74.0,54.2,UVALDE COUNTY HOSPITAL AUTHORITY,,,CARE CHOICE OF BOERNE,,,,,2022-11-01,1,1,1,0,1,1,1,0
gold_main_v2,control,control_v2,675678,CARE CHOICE OF BOERNE,TX,2023,0,,,,,,,,,,,66.31658064516128,4.0,5.924039170506912,4.0,0,False,False,False,False,False,False,2016.0,2023.0,control_weighted_pseudocohort,5.0,1,1,1,1,1,1,0,1,1.0,1.0,11.0,3.0,9.0,365.0,51.227953628497104,9447.27,51489.85,0.5080144980764876,2.757235164824041,2.70951,2.0,,3.0,4.0,5.0,42.000,0.0,0.0,1.0,1.0,9750.0,0.0,1.0,N,49.0,33.0,3.0,0.673469387755102,For profit - Partnership,74.0,52.2,UVALDE COUNTY HOSPITAL AUTHORITY,CHARLESTON HEALTHCARE GROUP,137.0,CARE CHOICE OF BOERNE,TX,,,,2023-11-01,1,1,1,1,1,1,1,1
gold_main_v2,control,control_v2,675678,CARE CHOICE OF BOERNE,TX,2024,0,,,,,,,,,,,66.31658064516128,4.0,5.924039170506912,4.0,0,False,False,False,False,False,False,2016.0,2023.0,control_weighted_pseudocohort,5.0,1,1,1,1,1,1,0,1,1.0,1.0,11.0,3.0,9.0,366.0,49.80515408504539,10441.65,48811.95,0.5726467039793064,2.683343659135062,2.68984,3.0,,4.0,5.0,5.0,35.333,1.0,0.0,0.0,0.0,0.0,0.0,0.0,N,48.5,30.5,8.25,0.6274424663482414,For profit - Corporation,74.0,51.7,UVALDE COUNTY HOSPITAL AUTHORITY,CHARLESTON HEALTHCARE GROUP,137.0,CARE CHOICE OF BOERNE,TX,,,,2024-11-01,1,1,1,1,1,1,1,1
gold_main_v2,control,control_v2,675678,CARE CHOICE OF BOERNE,TX,2025,0,,,,,,,,,,,66.31658064516128,4.0,5.924039170506912,4.0,0,False,True,False,True,False,True,2016.0,2023.0,control_weighted_pseudocohort,5.0,1,1,1,1,1,1,0,1,1.0,1.0,11.0,3.0,9.0,273.0,46.36628001628002,4305.29,39260.62,0.3393625916203207,3.1076748921064983,3.27079,2.0,,2.0,3.0,5.0,65.000,46.0,20.0,0.0,2.0,33937.0,0.0,2.0,N,47.0,23.0,24.0,0.4893617021276595,For profit - Limited Liability company,74.0,46.6,UVALDE COUNTY HOSPITAL AUTHORITY,CHARLESTON HEALTHCARE GROUP,137.0,CARE CHOICE OF BOERNE,TX,,,,2025-11-01,1,1,1,1,1,1,1,1
gold_main_v2,control,control_v2,675678,CARE CHOICE OF BOERNE,TX,2026,0,,,,,,,,,,,66.31658064516128,4.0,5.924039170506912,4.0,0,False,True,False,True,False,True,2016.0,2023.0,control_weighted_pseudocohort,5.0,1,0,0,1,1,1,0,1,1.0,1.0,11.0,3.0,9.0,,,,,,,3.04069,2.0,,3.0,4.0,5.0,54.000,,,,2.0,33937.0,0.0,2.0,N,,,,,For profit - Limited Liability company,74.0,45.3,UVALDE COUNTY HOSPITAL AUTHORITY,CHARLESTON HEALTHCARE GROUP,137.0,CARE CHOICE OF BOERNE,TX,,,,2026-03-01,0,1,1,0,0,1,1,0
gold_main_v2,control,control_v2,675910,DESERT GARDENS NURSING AND REHABILITATION CENTER,TX,2016,0,,,,,,,,,,,76.47602764976959,4.0,6.350900921658987,4.0,0,,,,,,,2016.0,2023.0,control_weighted_pseudocohort,5.0,1,0,0,1,1,0,0,0,1.0,1.0,11.0,3.0,9.0,,,,,,,3.18275,1.0,2.0,1.0,1.0,4.0,320.000,1.0,16.0,,1.0,92496.0,1.0,2.0,N,,,,,For profit - Corporation,106.0,87.0,PINNACLE HEALTH FACILITIES XXXIV LP,,,DESERT GARDENS NURSING AND REHABILITATION CENTER,,,,,,0,1,1,0,0,1,1,0
gold_main_v2,control,control_v2,675910,HOGAN PARK NURSING & REHABILITATION,TX,2017,0,,,,,,,,,,,76.47602764976959,4.0,6.350900921658987,4.0,0,,,,,,,2016.0,2023.0,control_weighted_pseudocohort,5.0,1,0,1,1,1,0,0,0,1.0,1.0,11.0,3.0,9.0,183.0,71.84316770186335,3239.17,42411.64,0.2468841087358685,3.2208505413576516,3.68701,1.0,1.0,1.0,2.0,5.0,488.500,4.0,18.0,,3.0,249222.0,2.0,5.0,Y,,,,,For profit - Corporation,106.0,77.0,MIDLAND COUNTY HOSPITAL DISTRICT,,,HOGAN PARK NURSING & REHABILITATION,,,,,2017-12-01,1,1,1,0,1,1,1,0
gold_main_v2,control,control_v2,675910,HOGAN PARK NURSING & REHABILITATION,TX,2018,0,,,,,,,,,,,76.47602764976959,4.0,6.350900921658987,4.0,0,,,,,,,2016.0,2023.0,control_weighted_pseudocohort,5.0,1,0,1,1,1,0,0,0,1.0,1.0,11.0,3.0,9.0,365.0,75.6759077878643,7705.29,84949.14,0.2783283406874448,3.0738529056713864,3.08813,,1.0,,,,420.600,3.0,8.0,,3.0,217475.0,1.0,4.0,N,,,,,For profit - Corporation,106.0,75.9,MIDLAND COUNTY HOSPITAL DISTRICT,,,HOGAN PARK NURSING & REHABILITATION,,,,,2018-12-01,1,1,0,0,1,1,0,0
gold_main_v2,control,control_v2,675910,HOGAN PARK NURSING & REHABILITATION,TX,2019,0,,,,,,,,,,,76.47602764976959,4.0,6.350900921658987,4.0,0,,,,,,,2016.0,2023.0,control_weighted_pseudocohort,5.0,1,0,1,1,1,0,0,0,1.0,1.0,11.0,3.0,9.0,365.0,73.84857726814249,5818.9400000000005,82141.37,0.215211175456152,3.0592942580217457,3.37279,,1.0,,,,260.833,2.0,7.0,,2.0,202827.0,1.0,3.0,N,,,,,For profit - Corporation,106.0,70.1,MIDLAND COUNTY HOSPITAL DISTRICT,,,HOGAN PARK NURSING & REHABILITATION,,,,,2019-11-01,1,1,0,0,1,1,0,0
gold_main_v2,control,control_v2,675910,HOGAN PARK NURSING & REHABILITATION,TX,2020,0,,,,,,,,,,,76.47602764976959,4.0,6.350900921658987,4.0,0,,,,,,,2016.0,2023.0,control_weighted_pseudocohort,5.0,1,0,1,1,1,0,0,0,1.0,1.0,11.0,3.0,9.0,366.0,77.1086956521739,11056.83,86424.76,0.3912358293032708,3.071751472853041,3.20056,1.0,1.0,1.0,1.0,3.0,186.000,0.0,4.0,,0.0,0.0,0.0,0.0,N,,,,,For profit - Corporation,106.0,74.6,MIDLAND COUNTY HOSPITAL DISTRICT,,,HOGAN PARK NURSING & REHABILITATION,,,,,2020-11-01,1,1,1,0,1,1,1,0
gold_main_v2,control,control_v2,675910,FOCUSED CARE AT HOGAN PARK,TX,2021,0,,,,,,,,,,,76.47602764976959,4.0,6.350900921658987,4.0,0,,,,,,,2016.0,2023.0,control_weighted_pseudocohort,5.0,1,0,1,1,1,0,0,0,1.0,1.0,11.0,3.0,9.0,365.0,60.73628629824282,10195.990000000002,76157.78,0.4657506153014784,3.4346663481255786,3.50063,2.0,2.0,2.0,2.0,2.0,81.333,0.0,3.0,4.0,3.0,97127.49,0.0,3.0,N,,,,,For profit - Corporation,106.0,62.2,MIDLAND COUNTY HOSPITAL DISTRICT,,,FOCUSED CARE AT HOGAN PARK,,,,,2021-11-01,1,1,1,0,1,1,1,0
gold_main_v2,control,control_v2,675910,FOCUSED CARE AT HOGAN PARK,TX,2022,0,,,,,,,,,,,76.47602764976959,4.0,6.350900921658987,4.0,0,False,False,False,False,False,True,2016.0,2023.0,control_weighted_pseudocohort,5.0,1,0,1,1,1,1,0,1,1.0,1.0,11.0,3.0,9.0,365.0,51.67286457503849,7800.81,62934.23,0.4154296668197199,3.351386904545171,3.16496,1.0,,1.0,1.0,2.0,92.000,2.0,6.0,4.0,3.0,40063.11,0.0,3.0,N,,,,,For profit - Corporation,106.0,51.7,MIDLAND COUNTY HOSPITAL DISTRICT,,,FOCUSED CARE AT HOGAN PARK,,,,,2022-11-01,1,1,1,0,1,1,1,0
gold_main_v2,control,control_v2,675910,FOCUSED CARE AT HOGAN PARK,TX,2023,0,,,,,,,,,,,76.47602764976959,4.0,6.350900921658987,4.0,0,False,False,False,False,False,True,2016.0,2023.0,control_weighted_pseudocohort,5.0,1,1,1,1,1,1,0,1,1.0,1.0,11.0,3.0,9.0,365.0,53.73947085523172,5420.33,61140.85,0.2728876403404296,3.1283786739953303,2.95373,1.0,,1.0,1.0,4.0,123.500,3.0,6.0,1.0,4.0,43805.38,0.0,4.0,N,55.0,35.0,2.0,0.6363636363636364,For profit - Corporation,106.0,48.7,MIDLAND COUNTY HOSPITAL DISTRICT,FOCUSED POST ACUTE CARE PARTNERS,224.0,FOCUSED CARE AT HOGAN PARK,TX,,,,2023-11-01,1,1,1,1,1,1,1,1
gold_main_v2,control,control_v2,675910,FOCUSED CARE AT HOGAN PARK,TX,2024,0,,,,,,,,,,,76.47602764976959,4.0,6.350900921658987,4.0,0,False,False,False,False,False,True,2016.0,2023.0,control_weighted_pseudocohort,5.0,1,1,1,1,1,1,0,1,1.0,1.0,11.0,3.0,9.0,366.0,65.0346094123268,6972.83,58866.46,0.2950565406722319,2.5023456361645633,2.3574,1.0,,1.0,1.0,3.0,149.667,6.0,8.0,0.0,2.0,15367.02,0.0,2.0,N,55.0,35.0,2.0,0.6363636363636364,For profit - Corporation,106.0,68.4,MIDLAND COUNTY HOSPITAL DISTRICT,FOCUSED POST ACUTE CARE PARTNERS,224.0,FOCUSED CARE AT HOGAN PARK,TX,,,,2024-11-01,1,1,1,1,1,1,1,1
gold_main_v2,control,control_v2,675910,FOCUSED CARE AT HOGAN PARK,TX,2025,0,,,,,,,,,,,76.47602764976959,4.0,6.350900921658987,4.0,0,False,True,False,False,False,True,2016.0,2023.0,control_weighted_pseudocohort,5.0,1,1,1,1,1,1,0,1,1.0,1.0,11.0,3.0,9.0,273.0,70.86707278229018,10143.93,49056.83,0.5251223797177432,2.536226039651168,2.16216,1.0,,2.0,1.0,3.0,97.750,21.0,64.0,,1.0,10239.0,0.0,1.0,N,71.0,60.0,1.0,0.8450704225352114,Government - Hospital district,106.0,71.9,MIDLAND COUNTY HOSPITAL DISTRICT,FOCUSED POST ACUTE CARE PARTNERS,224.0,FOCUSED CARE AT HOGAN PARK,TX,,,,2025-11-01,1,1,1,1,1,1,1,1
gold_main_v2,control,control_v2,675910,FOCUSED CARE AT HOGAN PARK,TX,2026,0,,,,,,,,,,,76.47602764976959,4.0,6.350900921658987,4.0,0,False,True,False,False,False,True,2016.0,2023.0,control_weighted_pseudocohort,5.0,1,0,0,1,1,1,0,1,1.0,1.0,11.0,3.0,9.0,,,,,,,2.93382,1.0,,3.0,2.0,4.0,88.000,,,,0.0,0.0,0.0,0.0,N,,,,,Government - Hospital district,106.0,71.0,MIDLAND COUNTY HOSPITAL DISTRICT,FOCUSED POST ACUTE CARE PARTNERS,224.0,FOCUSED CARE AT HOGAN PARK,TX,,,,2026-03-01,0,1,1,0,0,1,1,0
gold_main_v2,control,control_v2,675927,CRANE NURSING & REHABILITATION CENTER,TX,2016,0,,,,,,,,,,,63.39074884792626,4.0,6.447599078341014,4.0,0,,,,,,,2016.0,2023.0,control_weighted_pseudocohort,5.0,1,0,0,1,1,0,0,0,1.0,1.0,11.0,3.0,9.0,,,,,,,2.97777,2.0,2.0,1.0,2.0,5.0,144.000,0.0,20.0,,1.0,1300.0,1.0,2.0,N,,,,,For profit - Corporation,110.0,72.0,MCCULLOCH COUNTY HOSPITAL DISTRICT,,,CRANE NURSING & REHABILITATION CENTER,,,,,,0,1,1,0,0,1,1,0
gold_main_v2,control,control_v2,675927,CRANE NURSING & REHABILITATION CENTER,TX,2017,0,,,,,,,,,,,63.39074884792626,4.0,6.447599078341014,4.0,0,,,,,,,2016.0,2023.0,control_weighted_pseudocohort,5.0,1,0,1,1,1,0,0,0,1.0,1.0,11.0,3.0,9.0,183.0,73.93884376493072,3164.01,36081.48,0.233658990064273,2.6685824721366953,2.90833,1.0,1.0,1.0,1.0,1.0,208.500,0.0,12.0,,1.0,1300.0,0.0,1.0,N,,,,,For profit - Corporation,110.0,72.0,MCCULLOCH COUNTY HOSPITAL DISTRICT,,,CRANE NURSING & REHABILITATION CENTER,,,,,2017-12-01,1,1,1,0,1,1,1,0
gold_main_v2,control,control_v2,675927,CRANE NURSING & REHABILITATION CENTER,TX,2018,0,,,,,,,,,,,63.39074884792626,4.0,6.447599078341014,4.0,0,,,,,,,2016.0,2023.0,control_weighted_pseudocohort,5.0,1,0,1,1,1,0,0,0,1.0,1.0,11.0,3.0,9.0,365.0,74.42746920953442,5808.68,59794.71000000001,0.2155857646978686,2.204180425955335,2.01353,,1.0,,,,219.000,0.0,6.0,,1.0,100488.0,0.0,1.0,N,,,,,For profit - Corporation,110.0,74.2,MCCULLOCH COUNTY HOSPITAL DISTRICT,,,CRANE NURSING & REHABILITATION CENTER,,,,,2018-12-01,1,1,0,0,1,1,0,0
gold_main_v2,control,control_v2,675927,CRANE NURSING & REHABILITATION CENTER,TX,2019,0,,,,,,,,,,,63.39074884792626,4.0,6.447599078341014,4.0,0,,,,,,,2016.0,2023.0,control_weighted_pseudocohort,5.0,1,0,1,1,1,0,0,0,1.0,1.0,11.0,3.0,9.0,365.0,74.12167210808515,4882.92,56831.95,0.1811622541481482,2.103465575681432,1.96056,,1.0,,,,182.333,0.0,13.0,,1.0,100488.0,0.0,1.0,N,,,,,For profit - Corporation,110.0,75.2,MCCULLOCH COUNTY HOSPITAL DISTRICT,,,CRANE NURSING & REHABILITATION CENTER,,,,,2019-11-01,1,1,0,0,1,1,0,0
gold_main_v2,control,control_v2,675927,CRANE NURSING & REHABILITATION CENTER,TX,2020,0,,,,,,,,,,,63.39074884792626,4.0,6.447599078341014,4.0,0,,,,,,,2016.0,2023.0,control_weighted_pseudocohort,5.0,1,0,1,1,1,0,0,0,1.0,1.0,11.0,3.0,9.0,366.0,68.90121834687052,6388.5599999999995,75741.09,0.2511114333796485,3.0328835300421386,2.49525,1.0,1.0,1.0,1.0,1.0,125.500,0.0,13.0,,0.0,0.0,0.0,0.0,N,,,,,For profit - Corporation,110.0,75.1,MCCULLOCH COUNTY HOSPITAL DISTRICT,,,CRANE NURSING & REHABILITATION CENTER,,,,,2020-11-01,1,1,1,0,1,1,1,0
gold_main_v2,control,control_v2,675927,CRANE NURSING & REHABILITATION CENTER,TX,2021,0,,,,,,,,,,,63.39074884792626,4.0,6.447599078341014,4.0,0,,,,,,,2016.0,2023.0,control_weighted_pseudocohort,5.0,1,0,1,1,1,0,0,0,1.0,1.0,11.0,3.0,9.0,365.0,60.92828807665765,5698.63,76394.45999999999,0.2599901275336502,3.453785441180478,3.63276,1.0,1.0,1.0,1.0,2.0,121.500,11.0,15.0,0.0,1.0,3867.5,0.0,1.0,N,,,,,For profit - Corporation,110.0,59.1,MCCULLOCH COUNTY HOSPITAL DISTRICT,,,CRANE NURSING & REHABILITATION CENTER,,,,,2021-11-01,1,1,1,0,1,1,1,0
gold_main_v2,control,control_v2,675927,FOCUSED CARE AT CRANE,TX,2022,0,,,,,,,,,,,63.39074884792626,4.0,6.447599078341014,4.0,0,False,False,False,False,False,True,2016.0,2023.0,control_weighted_pseudocohort,5.0,1,0,1,1,1,1,0,1,1.0,1.0,11.0,3.0,9.0,365.0,71.00426819557254,5716.54,73447.03,0.2200086849332239,2.8483795498986897,2.98296,1.0,,2.0,2.0,5.0,57.333,14.0,3.0,0.0,3.0,18617.5,0.0,3.0,N,,,,,For profit - Corporation,110.0,68.6,MCCULLOCH COUNTY HOSPITAL DISTRICT,,,FOCUSED CARE AT CRANE,,,,,2022-11-01,1,1,1,0,1,1,1,0
gold_main_v2,control,control_v2,675927,FOCUSED CARE AT CRANE,TX,2023,0,,,,,,,,,,,63.39074884792626,4.0,6.447599078341014,4.0,0,False,False,False,False,False,True,2016.0,2023.0,control_weighted_pseudocohort,5.0,1,1,1,1,1,1,0,1,1.0,1.0,11.0,3.0,9.0,365.0,71.37808236449541,6916.91,69580.3,0.26464351955509,2.670283670786078,2.61849,1.0,,2.0,1.0,1.0,78.000,3.0,4.0,0.0,4.0,33617.5,0.0,4.0,N,74.0,55.0,1.0,0.7432432432432432,For profit - Corporation,110.0,75.9,MCCULLOCH COUNTY HOSPITAL DISTRICT,FOCUSED POST ACUTE CARE PARTNERS,224.0,FOCUSED CARE AT CRANE,TX,,,,2023-11-01,1,1,1,1,1,1,1,1
gold_main_v2,control,control_v2,675927,FOCUSED CARE AT CRANE,TX,2024,0,,,,,,,,,,,63.39074884792626,4.0,6.447599078341014,4.0,0,False,False,False,False,False,True,2016.0,2023.0,control_weighted_pseudocohort,5.0,1,1,1,1,1,1,0,1,1.0,1.0,11.0,3.0,9.0,366.0,66.45371476349737,6603.650000000001,71169.55,0.2699045735483433,2.926815419311006,2.97263,1.0,,1.0,1.0,2.0,149.833,0.0,3.0,0.0,4.0,92304.86,1.0,5.0,N,71.0,55.0,2.5,0.775096525096525,For profit - Partnership,110.0,68.1,MCCULLOCH COUNTY HOSPITAL DISTRICT,FOCUSED POST ACUTE CARE PARTNERS,224.0,FOCUSED CARE AT CRANE,TX,,,,2024-11-01,1,1,1,1,1,1,1,1
gold_main_v2,control,control_v2,675927,FOCUSED CARE AT CRANE,TX,2025,0,,,,,,,,,,,63.39074884792626,4.0,6.447599078341014,4.0,0,False,True,False,False,False,True,2016.0,2023.0,control_weighted_pseudocohort,5.0,1,1,1,1,1,1,0,1,1.0,1.0,11.0,3.0,9.0,273.0,65.83833501442197,4817.59,56245.7,0.2681089901489162,3.1279447703044827,3.23569,2.0,,2.0,2.0,4.0,94.250,9.0,18.0,0.0,2.0,57787.0,1.0,3.0,N,67.66666666666667,54.333333333333336,2.3333333333333335,0.8042328042328042,For profit - Corporation,110.0,63.8,MCCULLOCH COUNTY HOSPITAL DISTRICT,FOCUSED POST ACUTE CARE PARTNERS,224.0,FOCUSED CARE AT CRANE,TX,,,,2025-11-01,1,1,1,1,1,1,1,1
gold_main_v2,control,control_v2,675927,FOCUSED CARE AT CRANE,TX,2026,0,,,,,,,,,,,63.39074884792626,4.0,6.447599078341014,4.0,0,False,True,False,False,False,True,2016.0,2023.0,control_weighted_pseudocohort,5.0,1,0,0,1,1,1,0,1,1.0,1.0,11.0,3.0,9.0,,,,,,,3.21069,2.0,,3.0,4.0,5.0,89.250,,,,1.0,42357.0,1.0,2.0,N,,,,,For profit - Corporation,110.0,68.4,MCCULLOCH COUNTY HOSPITAL DISTRICT,FOCUSED POST ACUTE CARE PARTNERS,224.0,FOCUSED CARE AT CRANE,TX,,,,2026-03-01,0,1,1,0,0,1,1,0
gold_main_v2,control,control_v2,675931,CEDAR HILLS GERIATRIC CENTER,TX,2016,0,,,,,,,,,,,68.63460599078341,4.0,18.138764976958527,4.0,1,,,,,,,2016.0,2023.0,control_weighted_pseudocohort,5.0,1,0,0,1,1,0,0,0,1.0,1.0,11.0,3.0,9.0,,,,,,,2.39877,1.0,1.0,2.0,1.0,1.0,104.667,2.0,3.0,,0.0,0.0,0.0,0.0,N,,,,,For profit - Partnership,86.0,81.0,UVALDE COUNTY HOSPITAL AUTHORITY,,,CEDAR HILLS GERIATRIC CENTER,,,,,,0,1,1,0,0,1,1,0
gold_main_v2,control,control_v2,675931,CEDAR HILLS GERIATRIC CENTER,TX,2017,0,,,,,,,,,,,68.63460599078341,4.0,18.138764976958527,4.0,1,,,,,,,2016.0,2023.0,control_weighted_pseudocohort,5.0,1,0,1,1,1,0,0,0,1.0,1.0,11.0,3.0,9.0,184.0,83.60326086956522,1357.1,34806.0,0.0885431507866046,2.2637475142069614,2.17619,1.0,2.0,2.0,1.0,2.0,82.667,0.0,1.0,,0.0,0.0,0.0,0.0,N,,,,,For profit - Partnership,86.0,84.0,UVALDE COUNTY HOSPITAL AUTHORITY,,,CEDAR HILLS GERIATRIC CENTER,,,,,2017-12-01,1,1,1,0,1,1,1,0
gold_main_v2,control,control_v2,675931,CEDAR HILLS GERIATRIC CENTER,TX,2018,0,,,,,,,,,,,68.63460599078341,4.0,18.138764976958527,4.0,1,,,,,,,2016.0,2023.0,control_weighted_pseudocohort,5.0,1,0,1,1,1,0,0,0,1.0,1.0,11.0,3.0,9.0,365.0,82.87592305037957,3535.6099999999997,72305.11,0.1170648572296196,2.3907748501320776,2.48309,,1.0,,,,84.000,0.0,1.0,,0.0,0.0,0.0,0.0,N,,,,,For profit - Partnership,86.0,82.4,UVALDE COUNTY HOSPITAL AUTHORITY,,,CEDAR HILLS GERIATRIC CENTER,,,,,2018-12-01,1,1,0,0,1,1,0,0
gold_main_v2,control,control_v2,675931,CEDAR HILLS GERIATRIC CENTER,TX,2019,0,,,,,,,,,,,68.63460599078341,4.0,18.138764976958527,4.0,1,,,,,,,2016.0,2023.0,control_weighted_pseudocohort,5.0,1,0,1,1,1,0,0,0,1.0,1.0,11.0,3.0,9.0,365.0,79.95419321017147,5319.63,71368.29000000001,0.1823326068319167,2.448853221547293,2.36568,,1.0,,,,97.333,3.0,7.0,,0.0,0.0,0.0,0.0,N,,,,,For profit - Limited Liability company,86.0,82.1,UVALDE COUNTY HOSPITAL AUTHORITY,,,CEDAR HILLS GERIATRIC CENTER,,,,,2019-11-01,1,1,0,0,1,1,0,0
gold_main_v2,control,control_v2,675931,CEDAR HILLS GERIATRIC CENTER,TX,2020,0,,,,,,,,,,,68.63460599078341,4.0,18.138764976958527,4.0,1,,,,,,,2016.0,2023.0,control_weighted_pseudocohort,5.0,1,0,1,1,1,0,0,0,1.0,1.0,11.0,3.0,9.0,366.0,72.94042642140468,7561.47,78088.88,0.2948967398762591,2.9557298744049074,2.92655,1.0,1.0,1.0,1.0,2.0,134.667,7.0,19.0,,0.0,0.0,0.0,0.0,N,,,,,For profit - Limited Liability company,86.0,81.6,UVALDE COUNTY HOSPITAL AUTHORITY,,,CEDAR HILLS GERIATRIC CENTER,,,,,2020-11-01,1,1,1,0,1,1,1,0
gold_main_v2,control,control_v2,675931,CEDAR HILLS GERIATRIC CENTER,TX,2021,0,,,,,,,,,,,68.63460599078341,4.0,18.138764976958527,4.0,1,,,,,,,2016.0,2023.0,control_weighted_pseudocohort,5.0,1,0,1,1,1,0,0,0,1.0,1.0,11.0,3.0,9.0,365.0,76.47463635398418,5230.28,73257.62,0.187040946924974,2.621180769370395,2.39857,1.0,1.0,1.0,1.0,2.0,145.333,13.0,18.0,8.0,5.0,56210.05,2.0,7.0,N,,,,,For profit - Partnership,86.0,77.0,UVALDE COUNTY HOSPITAL AUTHORITY,,,CEDAR HILLS GERIATRIC CENTER,,,,,2021-11-01,1,1,1,0,1,1,1,0
gold_main_v2,control,control_v2,675931,CEDAR HILLS GERIATRIC CENTER,TX,2022,0,,,,,,,,,,,68.63460599078341,4.0,18.138764976958527,4.0,1,False,False,False,False,False,False,2016.0,2023.0,control_weighted_pseudocohort,5.0,1,0,1,1,1,1,0,1,1.0,1.0,11.0,3.0,9.0,365.0,73.2006994213516,4127.76,73765.42,0.1533730131611948,2.7836645003780003,2.89476,1.0,,1.0,1.0,2.0,138.167,16.0,19.0,8.0,7.0,413782.05,3.0,10.0,N,,,,,For profit - Limited Liability company,86.0,77.8,UVALDE COUNTY HOSPITAL AUTHORITY,,,CEDAR HILLS GERIATRIC CENTER,,,,,2022-11-01,1,1,1,0,1,1,1,0
gold_main_v2,control,control_v2,675931,CEDAR HILLS GERIATRIC CENTER,TX,2023,0,,,,,,,,,,,68.63460599078341,4.0,18.138764976958527,4.0,1,False,False,False,False,False,False,2016.0,2023.0,control_weighted_pseudocohort,5.0,1,1,1,1,1,1,0,1,1.0,1.0,11.0,3.0,9.0,365.0,77.97123414025589,5386.26,75718.47,0.18848666661556,2.662568108944179,2.73771,1.0,,2.0,1.0,3.0,97.000,7.0,5.0,8.0,4.0,374015.29,2.0,6.0,N,78.0,68.0,3.0,0.8717948717948718,For profit - Limited Liability company,86.0,78.7,UVALDE COUNTY HOSPITAL AUTHORITY,,,CEDAR HILLS GERIATRIC CENTER,TX,,,,2023-11-01,1,1,1,1,1,1,1,1
gold_main_v2,control,control_v2,675931,CEDAR HILLS GERIATRIC CENTER,TX,2024,0,,,,,,,,,,,68.63460599078341,4.0,18.138764976958527,4.0,1,False,False,False,False,False,False,2016.0,2023.0,control_weighted_pseudocohort,5.0,1,1,1,1,1,1,0,1,1.0,1.0,11.0,3.0,9.0,366.0,73.9138198757764,2795.29,77133.23999999999,0.1032107558239091,2.852038564808089,2.87871,1.0,,2.0,1.0,1.0,116.500,8.0,6.0,1.0,4.0,464734.13,1.0,5.0,N,73.5,61.25,1.5,0.8325320512820513,Government - County,86.0,73.1,UVALDE COUNTY HOSPITAL AUTHORITY,UVALDE COUNTY HOSPITAL AUTHORITY,679.0,CEDAR HILLS GERIATRIC CENTER,TX,,,,2024-11-01,1,1,1,1,1,1,1,1
gold_main_v2,control,control_v2,675931,Avir at Camp Wood,TX,2025,0,,,,,,,,,,,68.63460599078341,4.0,18.138764976958527,4.0,1,False,True,False,False,False,False,2016.0,2023.0,control_weighted_pseudocohort,5.0,1,1,1,1,1,1,0,1,1.0,1.0,11.0,3.0,9.0,273.0,78.85533524446568,3871.41,66586.05,0.179165604267331,3.0847808629607303,2.78227,1.0,,3.0,1.0,1.0,88.000,16.0,22.0,1.0,2.0,86254.0,0.0,2.0,N,74.33333333333333,65.66666666666667,0.6666666666666666,0.8796296296296297,For profit - Corporation,86.0,79.5,UVALDE COUNTY HOSPITAL AUTHORITY,AVIR HEALTH GROUP,719.0,Avir at Camp Wood,TX,,,,2025-11-01,1,1,1,1,1,1,1,1
gold_main_v2,control,control_v2,675931,Avir at Camp Wood,TX,2026,0,,,,,,,,,,,68.63460599078341,4.0,18.138764976958527,4.0,1,False,True,False,False,False,False,2016.0,2023.0,control_weighted_pseudocohort,5.0,1,0,0,1,1,1,0,1,1.0,1.0,11.0,3.0,9.0,,,,,,,3.83792,2.0,,3.0,3.0,2.0,90.000,,,1.0,2.0,86254.0,0.0,2.0,N,,,,,For profit - Corporation,86.0,79.3,UVALDE COUNTY HOSPITAL AUTHORITY,AVIR HEALTH GROUP,719.0,Avir at Camp Wood,TX,,,,2026-03-01,0,1,1,0,0,1,1,0
gold_main_v2,control,control_v2,675985,ROCKWOOD MANOR,TX,2016,0,,,,,,,,,,,85.96311981566821,4.0,4.282776497695853,4.0,0,,,,,,,2016.0,2023.0,control_weighted_pseudocohort,5.0,1,0,0,1,1,0,0,0,1.0,1.0,11.0,3.0,9.0,,,,,,,3.12299,3.0,2.0,2.0,2.0,2.0,128.000,0.0,5.0,,0.0,0.0,1.0,1.0,N,,,,,For profit - Corporation,112.0,87.0,"D & D INVESTMENTS, INC.",,,ROCKWOOD MANOR,,,,,,0,1,1,0,0,1,1,0
gold_main_v2,control,control_v2,675985,ROCKWOOD MANOR,TX,2017,0,,,,,,,,,,,85.96311981566821,4.0,4.282776497695853,4.0,0,,,,,,,2016.0,2023.0,control_weighted_pseudocohort,5.0,1,0,1,1,1,0,0,0,1.0,1.0,11.0,3.0,9.0,92.0,85.33695652173913,1772.51,23650.14,0.2249930937729931,3.014141544828424,3.01782,1.0,1.0,1.0,1.0,2.0,517.333,2.0,18.0,,2.0,67184.0,2.0,4.0,Y,,,,,For profit - Corporation,112.0,87.0,MIDLAND COUNTY HOSPITAL DISTRICT,,,ROCKWOOD MANOR,,,,,2017-12-01,1,1,1,0,1,1,1,0
gold_main_v2,control,control_v2,675985,ROCKWOOD MANOR,TX,2018,0,,,,,,,,,,,85.96311981566821,4.0,4.282776497695853,4.0,0,,,,,,,2016.0,2023.0,control_weighted_pseudocohort,5.0,1,0,1,1,1,0,0,0,1.0,1.0,11.0,3.0,9.0,365.0,85.03164981154112,9375.06,93192.36,0.3027401753367574,3.0107735661196,2.80346,,1.0,,,,608.000,2.0,16.0,,2.0,67184.0,1.0,3.0,N,,,,,For profit - Corporation,112.0,86.8,MIDLAND COUNTY HOSPITAL DISTRICT,,,ROCKWOOD MANOR,,,,,2018-12-01,1,1,0,0,1,1,0,0
gold_main_v2,control,control_v2,675985,FOCUSED CARE AT MIDLAND,TX,2019,0,,,,,,,,,,,85.96311981566821,4.0,4.282776497695853,4.0,0,,,,,,,2016.0,2023.0,control_weighted_pseudocohort,5.0,1,0,1,1,1,0,0,0,1.0,1.0,11.0,3.0,9.0,365.0,85.09307148165844,11224.72,86733.15,0.3629467680054646,2.799236736310487,2.88177,,1.0,,,,197.000,1.0,6.0,,1.0,33784.0,0.0,1.0,N,,,,,For profit - Corporation,112.0,85.5,MIDLAND COUNTY HOSPITAL DISTRICT,,,FOCUSED CARE AT MIDLAND,,,,,2019-11-01,1,1,0,0,1,1,0,0
gold_main_v2,control,control_v2,675985,FOCUSED CARE AT MIDLAND,TX,2020,0,,,,,,,,,,,85.96311981566821,4.0,4.282776497695853,4.0,0,,,,,,,2016.0,2023.0,control_weighted_pseudocohort,5.0,1,0,1,1,1,0,0,0,1.0,1.0,11.0,3.0,9.0,366.0,82.59931915910177,10471.15,97630.91,0.3476049093861964,3.229662843469323,3.39596,2.0,1.0,1.0,2.0,5.0,173.000,1.0,4.0,,1.0,7157.0,0.0,1.0,N,,,,,For profit - Corporation,112.0,86.1,MIDLAND COUNTY HOSPITAL DISTRICT,,,FOCUSED CARE AT MIDLAND,,,,,2020-11-01,1,1,1,0,1,1,1,0
gold_main_v2,control,control_v2,675985,FOCUSED CARE AT MIDLAND,TX,2021,0,,,,,,,,,,,85.96311981566821,4.0,4.282776497695853,4.0,0,,,,,,,2016.0,2023.0,control_weighted_pseudocohort,5.0,1,0,1,1,1,0,0,0,1.0,1.0,11.0,3.0,9.0,365.0,72.15068548601158,10131.02,90942.62,0.3854983854299363,3.4544307817608173,3.4994,2.0,2.0,1.0,1.0,3.0,129.333,2.0,4.0,1.0,2.0,151756.5,0.0,2.0,N,,,,,For profit - Corporation,112.0,71.3,MIDLAND COUNTY HOSPITAL DISTRICT,,,FOCUSED CARE AT MIDLAND,,,,,2021-11-01,1,1,1,0,1,1,1,0
gold_main_v2,control,control_v2,675985,FOCUSED CARE AT MIDLAND,TX,2022,0,,,,,,,,,,,85.96311981566821,4.0,4.282776497695853,4.0,0,False,False,False,False,False,True,2016.0,2023.0,control_weighted_pseudocohort,5.0,1,0,1,1,1,1,0,1,1.0,1.0,11.0,3.0,9.0,365.0,78.19294938153634,9632.08,92309.74,0.3393106072952486,3.2530596568194854,3.33675,2.0,,2.0,3.0,5.0,87.667,1.0,2.0,1.0,1.0,144600.0,0.0,1.0,N,,,,,For profit - Corporation,112.0,74.5,MIDLAND COUNTY HOSPITAL DISTRICT,,,FOCUSED CARE AT MIDLAND,,,,,2022-11-01,1,1,1,0,1,1,1,0
gold_main_v2,control,control_v2,675985,FOCUSED CARE AT MIDLAND,TX,2023,0,,,,,,,,,,,85.96311981566821,4.0,4.282776497695853,4.0,0,False,False,False,False,False,True,2016.0,2023.0,control_weighted_pseudocohort,5.0,1,1,1,1,1,1,0,1,1.0,1.0,11.0,3.0,9.0,365.0,85.37457729468599,11188.23,95734.18,0.3591384495360578,3.073479274791815,3.06395,1.0,,1.0,1.0,2.0,100.667,0.0,3.0,1.0,0.0,0.0,0.0,0.0,N,86.0,68.0,3.0,0.7906976744186046,For profit - Corporation,106.0,86.0,MIDLAND COUNTY HOSPITAL DISTRICT,FOCUSED POST ACUTE CARE PARTNERS,224.0,FOCUSED CARE AT MIDLAND,TX,,,,2023-11-01,1,1,1,1,1,1,1,1
gold_main_v2,control,control_v2,675985,FOCUSED CARE AT MIDLAND,TX,2024,0,,,,,,,,,,,85.96311981566821,4.0,4.282776497695853,4.0,0,False,False,False,False,False,True,2016.0,2023.0,control_weighted_pseudocohort,5.0,1,1,1,1,1,1,0,1,1.0,1.0,11.0,3.0,9.0,366.0,86.28272814142379,13081.31,88079.28,0.4162982905833094,2.7885872371095104,2.7232,2.0,,2.0,2.0,2.0,110.667,0.0,9.0,0.0,0.0,0.0,0.0,0.0,N,83.75,62.0,2.25,0.7398430933034463,For profit - Corporation,106.0,85.0,MIDLAND COUNTY HOSPITAL DISTRICT,FOCUSED POST ACUTE CARE PARTNERS,224.0,FOCUSED CARE AT MIDLAND,TX,,,,2024-11-01,1,1,1,1,1,1,1,1
gold_main_v2,control,control_v2,675985,Focused Care at Midland,TX,2025,0,,,,,,,,,,,85.96311981566821,4.0,4.282776497695853,4.0,0,False,True,False,False,False,True,2016.0,2023.0,control_weighted_pseudocohort,5.0,1,1,1,1,1,1,0,1,1.0,1.0,11.0,3.0,9.0,273.0,82.21172957477306,6761.360000000001,64947.45999999999,0.3030923688174154,2.903391096923977,2.89419,2.0,,2.0,3.0,5.0,145.250,15.0,64.0,0.0,1.0,14020.0,0.0,1.0,N,81.66666666666667,63.0,2.6666666666666665,0.7730669513497026,For profit - Corporation,106.0,81.6,MIDLAND COUNTY HOSPITAL DISTRICT,FOCUSED POST ACUTE CARE PARTNERS,224.0,Focused Care at Midland,TX,,,,2025-11-01,1,1,1,1,1,1,1,1
gold_main_v2,control,control_v2,675985,Focused Care at Midland,TX,2026,0,,,,,,,,,,,85.96311981566821,4.0,4.282776497695853,4.0,0,False,True,False,False,False,True,2016.0,2023.0,control_weighted_pseudocohort,5.0,1,0,0,1,1,1,0,1,1.0,1.0,11.0,3.0,9.0,,,,,,,3.3173,3.0,,2.0,2.0,4.0,145.250,,,0.0,1.0,9113.0,0.0,1.0,N,,,,,For profit - Corporation,106.0,79.1,MIDLAND COUNTY HOSPITAL DISTRICT,FOCUSED POST ACUTE CARE PARTNERS,224.0,Focused Care at Midland,TX,,,,2026-03-01,0,1,1,0,0,1,1,0
gold_main_v2,control,control_v2,676101,KINDRED TRANSITIONAL CARE AND REHABILITATION-RIDGM,TX,2016,0,,,,,,,,,,,55.297,4.0,17.926414746543777,4.0,1,,,,,,,2016.0,2023.0,control_weighted_pseudocohort,5.0,1,0,0,1,1,0,0,0,1.0,1.0,11.0,3.0,9.0,,,,,,,4.06752,4.0,4.0,1.0,2.0,3.0,316.000,10.0,13.0,,2.0,239948.0,1.0,3.0,N,,,,,For profit - Corporation,155.0,117.0,DECATUR HOSPITAL AUTHORITY,,,KINDRED TRANSITIONAL CARE AND REHABILITATION-RIDGM,,,,,,0,1,1,0,0,1,1,0
gold_main_v2,control,control_v2,676101,KINDRED TRANSITIONAL CARE AND REHABILITATION-RIDGM,TX,2017,0,,,,,,,,,,,55.297,4.0,17.926414746543777,4.0,1,,,,,,,2016.0,2023.0,control_weighted_pseudocohort,5.0,1,0,1,1,1,0,0,0,1.0,1.0,11.0,3.0,9.0,365.0,110.68959760046717,9485.04,135576.79,0.2282422267569465,3.3585914383926454,3.4192,1.0,2.0,4.0,3.0,3.0,32.000,3.0,5.0,,0.0,0.0,0.0,0.0,N,,,,,For profit - Corporation,155.0,112.0,DECATUR HOSPITAL AUTHORITY,,,KINDRED TRANSITIONAL CARE AND REHABILITATION-RIDGM,,,,,2017-12-01,1,1,1,0,1,1,1,0
gold_main_v2,control,control_v2,676101,KINDRED TRANSITIONAL CARE AND REHABILITATION-RIDGM,TX,2018,0,,,,,,,,,,,55.297,4.0,17.926414746543777,4.0,1,,,,,,,2016.0,2023.0,control_weighted_pseudocohort,5.0,1,0,1,1,1,0,0,0,1.0,1.0,11.0,3.0,9.0,365.0,100.24831846897064,9021.31,118264.17,0.2390761899639142,3.244700027495902,3.34906,,1.0,,,,36.800,1.0,1.0,,0.0,0.0,1.0,1.0,N,,,,,For profit - Corporation,155.0,92.7,DECATUR HOSPITAL AUTHORITY,,,KINDRED TRANSITIONAL CARE AND REHABILITATION-RIDGM,,,,,2018-12-01,1,1,0,0,1,1,0,0
gold_main_v2,control,control_v2,676101,KINDRED TRANSITIONAL CARE AND REHABILITATION-RIDGM,TX,2019,0,,,,,,,,,,,55.297,4.0,17.926414746543777,4.0,1,,,,,,,2016.0,2023.0,control_weighted_pseudocohort,5.0,1,0,1,1,1,0,0,0,1.0,1.0,11.0,3.0,9.0,365.0,110.71792615596964,17519.47,122192.21,0.4346756817462812,3.028980860329882,3.30676,,3.0,,,,40.000,1.0,1.0,,1.0,6500.0,1.0,2.0,N,,,,,For profit - Corporation,155.0,108.3,DECATUR HOSPITAL AUTHORITY,,,KINDRED TRANSITIONAL CARE AND REHABILITATION-RIDGM,,,,,2019-11-01,1,1,0,0,1,1,0,0
gold_main_v2,control,control_v2,676101,KINDRED TRANSITIONAL CARE AND REHABILITATION-RIDGM,TX,2020,0,,,,,,,,,,,55.297,4.0,17.926414746543777,4.0,1,,,,,,,2016.0,2023.0,control_weighted_pseudocohort,5.0,1,0,1,1,1,0,0,0,1.0,1.0,11.0,3.0,9.0,366.0,95.97930602006689,14470.240000000002,123121.14,0.4118646204580569,3.517884915825701,3.52776,2.0,2.0,4.0,4.0,4.0,40.000,1.0,1.0,,1.0,6500.0,1.0,2.0,N,,,,,For profit - Corporation,155.0,95.5,DECATUR HOSPITAL AUTHORITY,,,KINDRED TRANSITIONAL CARE AND REHABILITATION-RIDGM,,,,,2020-11-01,1,1,1,0,1,1,1,0
gold_main_v2,control,control_v2,676101,KINDRED TRANSITIONAL CARE AND REHABILITATION-RIDGM,TX,2021,0,,,,,,,,,,,55.297,4.0,17.926414746543777,4.0,1,,,,,,,2016.0,2023.0,control_weighted_pseudocohort,5.0,1,0,1,1,1,0,0,0,1.0,1.0,11.0,3.0,9.0,365.0,83.24928597972077,14429.9,113301.11,0.4778604119855599,3.746181189634237,3.81749,3.0,3.0,4.0,4.0,4.0,36.667,0.0,13.0,5.0,4.0,32225.0,0.0,4.0,N,,,,,For profit - Corporation,155.0,80.6,DECATUR HOSPITAL AUTHORITY,,,KINDRED TRANSITIONAL CARE AND REHABILITATION-RIDGM,,,,,2021-11-01,1,1,1,0,1,1,1,0
gold_main_v2,control,control_v2,676101,RIDGMAR MEDICAL LODGE,TX,2022,0,,,,,,,,,,,55.297,4.0,17.926414746543777,4.0,1,False,False,False,False,False,False,2016.0,2023.0,control_weighted_pseudocohort,5.0,1,0,1,1,1,1,0,1,1.0,1.0,11.0,3.0,9.0,365.0,87.02336027499071,9527.71,96397.64,0.2995736089055483,3.055054831972826,3.21227,1.0,,2.0,1.0,4.0,55.333,2.0,20.0,8.0,3.0,20475.0,1.0,4.0,N,,,,,For profit - Corporation,155.0,81.3,DECATUR HOSPITAL AUTHORITY,,,RIDGMAR MEDICAL LODGE,,,,,2022-11-01,1,1,1,0,1,1,1,0
gold_main_v2,control,control_v2,676101,RIDGMAR MEDICAL LODGE,TX,2023,0,,,,,,,,,,,55.297,4.0,17.926414746543777,4.0,1,False,False,False,False,False,False,2016.0,2023.0,control_weighted_pseudocohort,5.0,1,1,1,1,1,1,0,1,1.0,1.0,11.0,3.0,9.0,365.0,83.21897462440941,8048.360000000001,94075.93,0.2626654856744862,3.1073482226276936,3.26694,1.0,,3.0,3.0,5.0,42.667,2.0,20.0,7.0,3.0,20475.0,1.0,4.0,N,95.0,52.0,7.0,0.5473684210526316,For profit - Corporation,155.0,73.6,DECATUR HOSPITAL AUTHORITY,PRIORITY MANAGEMENT,425.0,RIDGMAR MEDICAL LODGE,TX,,,,2023-11-01,1,1,1,1,1,1,1,1
gold_main_v2,control,control_v2,676101,RIDGMAR MEDICAL LODGE,TX,2024,0,,,,,,,,,,,55.297,4.0,17.926414746543777,4.0,1,False,False,False,False,False,False,2016.0,2023.0,control_weighted_pseudocohort,5.0,1,1,1,1,1,1,0,1,1.0,1.0,11.0,3.0,9.0,366.0,97.49104156712852,13553.86,112281.66,0.3795542571038615,3.147760868590044,3.16683,1.0,,2.0,1.0,4.0,103.833,2.0,10.0,3.0,1.0,8398.0,0.0,1.0,N,97.5,51.25,6.5,0.5271929824561403,For profit - Corporation,155.0,95.4,DECATUR HOSPITAL AUTHORITY,PRIORITY MANAGEMENT,425.0,RIDGMAR MEDICAL LODGE,TX,,,,2024-11-01,1,1,1,1,1,1,1,1
gold_main_v2,control,control_v2,676101,RIDGMAR MEDICAL LODGE,TX,2025,0,,,,,,,,,,,55.297,4.0,17.926414746543777,4.0,1,False,True,False,False,False,False,2016.0,2023.0,control_weighted_pseudocohort,5.0,1,1,1,1,1,1,0,1,1.0,1.0,11.0,3.0,9.0,273.0,92.18147971191448,8611.869999999999,79383.52,0.3420740504551349,3.1550661633985704,3.20416,1.0,,1.0,1.0,4.0,236.000,14.0,86.0,0.0,3.0,35177.0,1.0,4.0,N,105.0,49.0,5.0,0.4666666666666666,For profit - Corporation,155.0,93.0,DECATUR HOSPITAL AUTHORITY,PRIORITY MANAGEMENT,425.0,RIDGMAR MEDICAL LODGE,TX,,,,2025-11-01,1,1,1,1,1,1,1,1
gold_main_v2,control,control_v2,676101,Ridgmar Medical Lodge,TX,2026,0,,,,,,,,,,,55.297,4.0,17.926414746543777,4.0,1,False,True,False,False,False,False,2016.0,2023.0,control_weighted_pseudocohort,5.0,1,0,0,1,1,1,0,1,1.0,1.0,11.0,3.0,9.0,,,,,,,3.10486,1.0,,2.0,1.0,4.0,173.750,,,0.0,3.0,29598.0,1.0,4.0,N,,,,,For profit - Corporation,155.0,90.5,DECATUR HOSPITAL AUTHORITY,PRIORITY MANAGEMENT,425.0,Ridgmar Medical Lodge,TX,,,,2026-03-01,0,1,1,0,0,1,1,0
gold_main_v2,control,control_v2,676104,KINDRED TRANSITIONAL CARE AND REHABILITATION-GRAPE,TX,2016,0,,,,,,,,,,,54.400294930875575,4.0,16.786138248847926,4.0,0,,,,,,,2016.0,2023.0,control_weighted_pseudocohort,5.0,1,0,0,1,1,0,0,0,1.0,1.0,11.0,3.0,9.0,,,,,,,4.36154,4.0,4.0,4.0,4.0,3.0,37.500,0.0,0.0,,4.0,6500.0,1.0,5.0,N,,,,,For profit - Corporation,91.0,91.0,DECATUR HOSPITAL AUTHORITY,,,KINDRED TRANSITIONAL CARE AND REHABILITATION-GRAPE,,,,,,0,1,1,0,0,1,1,0
gold_main_v2,control,control_v2,676104,KINDRED TRANSITIONAL CARE AND REHABILITATION-GRAPE,TX,2017,0,,,,,,,,,,,54.400294930875575,4.0,16.786138248847926,4.0,0,,,,,,,2016.0,2023.0,control_weighted_pseudocohort,5.0,1,0,1,1,1,0,0,0,1.0,1.0,11.0,3.0,9.0,365.0,91.49327586664543,20778.16,117428.7,0.616923714925041,3.5170657869972137,3.67295,3.0,3.0,5.0,5.0,4.0,5.333,0.0,0.0,,0.0,0.0,0.0,0.0,N,,,,,For profit - Corporation,132.0,98.0,DECATUR HOSPITAL AUTHORITY,,,KINDRED TRANSITIONAL CARE AND REHABILITATION-GRAPE,,,,,2017-12-01,1,1,1,0,1,1,1,0
gold_main_v2,control,control_v2,676104,KINDRED TRANSITIONAL CARE AND REHABILITATION-GRAPE,TX,2018,0,,,,,,,,,,,54.400294930875575,4.0,16.786138248847926,4.0,0,,,,,,,2016.0,2023.0,control_weighted_pseudocohort,5.0,1,0,1,1,1,0,0,0,1.0,1.0,11.0,3.0,9.0,365.0,82.36366525986091,7463.42,99874.0,0.2484216623342026,3.3281886687615145,3.30306,,1.0,,,,16.000,0.0,0.0,,0.0,0.0,0.0,0.0,N,,,,,For profit - Partnership,132.0,77.4,DECATUR HOSPITAL AUTHORITY,,,KINDRED TRANSITIONAL CARE AND REHABILITATION-GRAPE,,,,,2018-12-01,1,1,0,0,1,1,0,0
gold_main_v2,control,control_v2,676104,KINDRED TRANSITIONAL CARE AND REHABILITATION-GRAPE,TX,2019,0,,,,,,,,,,,54.400294930875575,4.0,16.786138248847926,4.0,0,,,,,,,2016.0,2023.0,control_weighted_pseudocohort,5.0,1,0,1,1,1,0,0,0,1.0,1.0,11.0,3.0,9.0,365.0,93.23242289111856,6991.2,110357.05,0.2083693855292935,3.273019336162984,3.43085,,1.0,,,,27.333,4.0,0.0,,0.0,0.0,0.0,0.0,N,,,,,Government - Hospital district,132.0,88.2,DECATUR HOSPITAL AUTHORITY,,,KINDRED TRANSITIONAL CARE AND REHABILITATION-GRAPE,,,,,2019-11-01,1,1,0,0,1,1,0,0
gold_main_v2,control,control_v2,676104,KINDRED TRANSITIONAL CARE AND REHABILITATION-GRAPE,TX,2020,0,,,,,,,,,,,54.400294930875575,4.0,16.786138248847926,4.0,0,,,,,,,2016.0,2023.0,control_weighted_pseudocohort,5.0,1,0,1,1,1,0,0,0,1.0,1.0,11.0,3.0,9.0,366.0,86.08179049211658,6822.620000000001,103906.57,0.2222799594269444,3.3123749257253596,3.23962,,,4.0,5.0,5.0,27.333,4.0,0.0,,0.0,0.0,0.0,0.0,N,,,,,Government - Hospital district,132.0,88.0,DECATUR HOSPITAL AUTHORITY,,,KINDRED TRANSITIONAL CARE AND REHABILITATION-GRAPE,,,,,2020-11-01,1,1,1,0,1,1,1,0
gold_main_v2,control,control_v2,676104,KINDRED TRANSITIONAL CARE AND REHABILITATION-GRAPE,TX,2021,0,,,,,,,,,,,54.400294930875575,4.0,16.786138248847926,4.0,0,,,,,,,2016.0,2023.0,control_weighted_pseudocohort,5.0,1,0,1,1,1,0,0,0,1.0,1.0,11.0,3.0,9.0,365.0,89.01303418803418,10160.84,106247.85,0.3085212189897868,3.292935608287407,3.42904,1.0,1.0,4.0,4.0,5.0,28.000,4.0,3.0,3.0,2.0,1625.0,0.0,2.0,N,,,,,Government - Hospital district,132.0,81.3,DECATUR HOSPITAL AUTHORITY,,,KINDRED TRANSITIONAL CARE AND REHABILITATION-GRAPE,,,,,2021-11-01,1,1,1,0,1,1,1,0
gold_main_v2,control,control_v2,676104,GRAPEVINE MEDICAL LODGE,TX,2022,0,,,,,,,,,,,54.400294930875575,4.0,16.786138248847926,4.0,0,False,False,False,False,False,False,2016.0,2023.0,control_weighted_pseudocohort,5.0,1,0,1,1,1,1,0,1,1.0,1.0,11.0,3.0,9.0,365.0,92.27162565695174,13005.2,98413.37,0.3889091070376948,2.924386251006116,3.23927,1.0,,4.0,3.0,4.0,23.333,0.0,3.0,3.0,2.0,1625.0,0.0,2.0,N,,,,,Government - Hospital district,132.0,94.8,DECATUR HOSPITAL AUTHORITY,,,GRAPEVINE MEDICAL LODGE,,,,,2022-11-01,1,1,1,0,1,1,1,0
gold_main_v2,control,control_v2,676104,GRAPEVINE MEDICAL LODGE,TX,2023,0,,,,,,,,,,,54.400294930875575,4.0,16.786138248847926,4.0,0,False,False,False,False,False,False,2016.0,2023.0,control_weighted_pseudocohort,5.0,1,1,1,1,1,1,0,1,1.0,1.0,11.0,3.0,9.0,365.0,88.05934397727876,16591.18,108213.64,0.5159516374519073,3.3692547674287545,3.38729,2.0,,4.0,5.0,5.0,16.000,0.0,0.0,3.0,0.0,0.0,0.0,0.0,N,87.0,49.0,19.0,0.5632183908045977,For profit - Individual,132.0,87.5,DECATUR HOSPITAL AUTHORITY,PRIORITY MANAGEMENT,425.0,GRAPEVINE MEDICAL LODGE,TX,,,,2023-11-01,1,1,1,1,1,1,1,1
gold_main_v2,control,control_v2,676104,GRAPEVINE MEDICAL LODGE,TX,2024,0,,,,,,,,,,,54.400294930875575,4.0,16.786138248847926,4.0,0,False,False,False,False,False,False,2016.0,2023.0,control_weighted_pseudocohort,5.0,1,1,1,1,1,1,0,1,1.0,1.0,11.0,3.0,9.0,366.0,89.89214046822742,14526.88,106816.04,0.4418369844238808,3.25166719505561,3.20667,2.0,,5.0,5.0,5.0,14.000,0.0,0.0,0.0,0.0,0.0,0.0,0.0,N,87.0,47.25,16.75,0.5431034482758621,For profit - Individual,132.0,89.1,DECATUR HOSPITAL AUTHORITY,PRIORITY MANAGEMENT,425.0,GRAPEVINE MEDICAL LODGE,TX,,,,2024-11-01,1,1,1,1,1,1,1,1
gold_main_v2,control,control_v2,676104,GRAPEVINE MEDICAL LODGE,TX,2025,0,,,,,,,,,,,54.400294930875575,4.0,16.786138248847926,4.0,0,False,True,False,False,False,False,2016.0,2023.0,control_weighted_pseudocohort,5.0,1,1,1,1,1,1,0,1,1.0,1.0,11.0,3.0,9.0,273.0,93.05115641202596,8926.96,81217.92,0.3515205434632314,3.1996993705382164,3.20851,1.0,,4.0,4.0,5.0,30.000,0.0,0.0,0.0,0.0,0.0,0.0,0.0,N,90.33333333333331,38.0,10.666666666666666,0.4217891054472764,Government - Hospital district,132.0,93.3,DECATUR HOSPITAL AUTHORITY,PRIORITY MANAGEMENT,425.0,GRAPEVINE MEDICAL LODGE,TX,,,,2025-11-01,1,1,1,1,1,1,1,1
gold_main_v2,control,control_v2,676104,GRAPEVINE MEDICAL LODGE,TX,2026,0,,,,,,,,,,,54.400294930875575,4.0,16.786138248847926,4.0,0,False,True,False,False,False,False,2016.0,2023.0,control_weighted_pseudocohort,5.0,1,0,0,1,1,1,0,1,1.0,1.0,11.0,3.0,9.0,,,,,,,3.12696,2.0,,4.0,5.0,5.0,30.000,,,0.0,0.0,0.0,0.0,0.0,N,,,,,Government - Hospital district,132.0,94.0,DECATUR HOSPITAL AUTHORITY,PRIORITY MANAGEMENT,425.0,GRAPEVINE MEDICAL LODGE,TX,,,,2026-03-01,0,1,1,0,0,1,1,0
gold_main_v2,control,control_v2,676143,KINDRED TRANSITIONAL CARE AND REHABILITATION-MANSF,TX,2016,0,,,,,,,,,,,46.02652304147466,4.0,18.88070967741935,4.0,1,,,,,,,2016.0,2023.0,control_weighted_pseudocohort,5.0,1,0,0,1,1,0,0,0,1.0,1.0,11.0,3.0,9.0,,,,,,,3.96684,2.0,2.0,3.0,2.0,1.0,64.000,1.0,2.0,,0.0,0.0,0.0,0.0,N,,,,,For profit - Corporation,118.0,101.0,DECATUR HOSPITAL AUTHORITY,,,KINDRED TRANSITIONAL CARE AND REHABILITATION-MANSF,,,,,,0,1,1,0,0,1,1,0
gold_main_v2,control,control_v2,676143,KINDRED TRANSITIONAL CARE AND REHABILITATION-MANSF,TX,2017,0,,,,,,,,,,,46.02652304147466,4.0,18.88070967741935,4.0,1,,,,,,,2016.0,2023.0,control_weighted_pseudocohort,5.0,1,0,1,1,1,0,0,0,1.0,1.0,11.0,3.0,9.0,365.0,95.05018115942028,15392.91,116372.7,0.4468912247986099,3.363536260192345,3.84824,3.0,3.0,5.0,5.0,3.0,16.000,1.0,0.0,,0.0,0.0,0.0,0.0,N,,,,,For profit - Corporation,118.0,85.0,DECATUR HOSPITAL AUTHORITY,,,KINDRED TRANSITIONAL CARE AND REHABILITATION-MANSF,,,,,2017-12-01,1,1,1,0,1,1,1,0
gold_main_v2,control,control_v2,676143,KINDRED TRANSITIONAL CARE AND REHABILITATION-MANSF,TX,2018,0,,,,,,,,,,,46.02652304147466,4.0,18.88070967741935,4.0,1,,,,,,,2016.0,2023.0,control_weighted_pseudocohort,5.0,1,0,1,1,1,0,0,0,1.0,1.0,11.0,3.0,9.0,365.0,95.38697178425438,9629.73,115682.85,0.2755968125622373,3.3260054395390357,3.30968,,1.0,,,,19.200,1.0,4.0,,0.0,0.0,0.0,0.0,N,,,,,For profit - Corporation,118.0,92.5,DECATUR HOSPITAL AUTHORITY,,,KINDRED TRANSITIONAL CARE AND REHABILITATION-MANSF,,,,,2018-12-01,1,1,0,0,1,1,0,0
gold_main_v2,control,control_v2,676143,KINDRED TRANSITIONAL CARE AND REHABILITATION-MANSF,TX,2019,0,,,,,,,,,,,46.02652304147466,4.0,18.88070967741935,4.0,1,,,,,,,2016.0,2023.0,control_weighted_pseudocohort,5.0,1,0,1,1,1,0,0,0,1.0,1.0,11.0,3.0,9.0,365.0,94.10765116525984,12191.54,116117.25,0.3552902787957008,3.387045012026608,3.35863,,2.0,,,,78.333,2.0,6.0,,2.0,157851.0,0.0,2.0,N,,,,,For profit - Corporation,118.0,95.6,DECATUR HOSPITAL AUTHORITY,,,KINDRED TRANSITIONAL CARE AND REHABILITATION-MANSF,,,,,2019-11-01,1,1,0,0,1,1,0,0
gold_main_v2,control,control_v2,676143,KINDRED TRANSITIONAL CARE AND REHABILITATION-MANSF,TX,2020,0,,,,,,,,,,,46.02652304147466,4.0,18.88070967741935,4.0,1,,,,,,,2016.0,2023.0,control_weighted_pseudocohort,5.0,1,0,1,1,1,0,0,0,1.0,1.0,11.0,3.0,9.0,366.0,86.90268155757286,10276.66,108477.16,0.32381381185912,3.4182023567628157,3.51918,1.0,1.0,2.0,1.0,3.0,72.333,2.0,5.0,,2.0,157851.0,0.0,2.0,N,,,,,For profit - Corporation,118.0,79.9,DECATUR HOSPITAL AUTHORITY,,,KINDRED TRANSITIONAL CARE AND REHABILITATION-MANSF,,,,,2020-11-01,1,1,1,0,1,1,1,0
gold_main_v2,control,control_v2,676143,KINDRED TRANSITIONAL CARE AND REHABILITATION-MANSF,TX,2021,0,,,,,,,,,,,46.02652304147466,4.0,18.88070967741935,4.0,1,,,,,,,2016.0,2023.0,control_weighted_pseudocohort,5.0,1,0,1,1,1,0,0,0,1.0,1.0,11.0,3.0,9.0,365.0,94.16177005361789,14302.07,103939.64,0.4196197504533561,3.0337397173234857,3.1544,2.0,2.0,4.0,4.0,4.0,32.000,1.0,8.0,4.0,3.0,158501.34,0.0,3.0,N,,,,,For profit - Corporation,118.0,87.2,DECATUR HOSPITAL AUTHORITY,,,KINDRED TRANSITIONAL CARE AND REHABILITATION-MANSF,,,,,2021-11-01,1,1,1,0,1,1,1,0
gold_main_v2,control,control_v2,676143,MANSFIELD MEDICAL LODGE,TX,2022,0,,,,,,,,,,,46.02652304147466,4.0,18.88070967741935,4.0,1,False,False,False,False,False,False,2016.0,2023.0,control_weighted_pseudocohort,5.0,1,0,1,1,1,1,0,1,1.0,1.0,11.0,3.0,9.0,365.0,90.87590845145192,12232.19,90346.39,0.3689441216763766,2.7253519281605816,2.92789,1.0,,1.0,1.0,2.0,193.833,1.0,7.0,6.0,5.0,67756.25,1.0,6.0,N,,,,,For profit - Limited Liability company,118.0,85.9,DECATUR HOSPITAL AUTHORITY,,,MANSFIELD MEDICAL LODGE,,,,,2022-11-01,1,1,1,0,1,1,1,0
gold_main_v2,control,control_v2,676143,MANSFIELD MEDICAL LODGE,TX,2023,0,,,,,,,,,,,46.02652304147466,4.0,18.88070967741935,4.0,1,False,False,False,False,False,False,2016.0,2023.0,control_weighted_pseudocohort,5.0,1,1,1,1,1,1,0,1,1.0,1.0,11.0,3.0,9.0,365.0,99.04263218665392,10391.57,111203.52,0.2911198969294855,3.075518023150984,3.26966,1.0,,1.0,1.0,3.0,138.333,2.0,2.0,6.0,4.0,67106.25,1.0,5.0,N,92.0,43.0,26.0,0.4673913043478261,For profit - Limited Liability company,118.0,94.0,DECATUR HOSPITAL AUTHORITY,PRIORITY MANAGEMENT,425.0,MANSFIELD MEDICAL LODGE,TX,,,,2023-11-01,1,1,1,1,1,1,1,1
gold_main_v2,control,control_v2,676143,MANSFIELD MEDICAL LODGE,TX,2024,0,,,,,,,,,,,46.02652304147466,4.0,18.88070967741935,4.0,1,False,False,False,False,False,False,2016.0,2023.0,control_weighted_pseudocohort,5.0,1,1,1,1,1,1,0,1,1.0,1.0,11.0,3.0,9.0,366.0,89.570980649785,11611.15,107151.87,0.3544502120941253,3.2733348758785605,3.32827,1.0,,2.0,1.0,4.0,77.500,1.0,1.0,3.0,3.0,51723.75,0.0,3.0,N,91.0,46.0,20.5,0.5059178743961352,For profit - Limited Liability company,118.0,88.5,DECATUR HOSPITAL AUTHORITY,PRIORITY MANAGEMENT,425.0,MANSFIELD MEDICAL LODGE,TX,,,,2024-11-01,1,1,1,1,1,1,1,1
gold_main_v2,control,control_v2,676143,MANSFIELD MEDICAL LODGE,TX,2025,0,,,,,,,,,,,46.02652304147466,4.0,18.88070967741935,4.0,1,False,True,False,False,False,False,2016.0,2023.0,control_weighted_pseudocohort,5.0,1,1,1,1,1,1,0,1,1.0,1.0,11.0,3.0,9.0,273.0,90.623268921095,14226.66,78585.09,0.5753589548702446,3.1825298574859304,3.03238,1.0,,4.0,3.0,3.0,34.000,5.0,12.0,1.0,1.0,6032.0,0.0,1.0,N,90.0,49.0,15.0,0.5444444444444444,For profit - Limited Liability company,118.0,94.0,DECATUR HOSPITAL AUTHORITY,PRIORITY MANAGEMENT,425.0,MANSFIELD MEDICAL LODGE,TX,,,,2025-11-01,1,1,1,1,1,1,1,1
gold_main_v2,control,control_v2,676143,MANSFIELD MEDICAL LODGE,TX,2026,0,,,,,,,,,,,46.02652304147466,4.0,18.88070967741935,4.0,1,False,True,False,False,False,False,2016.0,2023.0,control_weighted_pseudocohort,5.0,1,0,0,1,1,1,0,1,1.0,1.0,11.0,3.0,9.0,,,,,,,3.2453,2.0,,4.0,4.0,4.0,29.000,,,0.0,1.0,6032.0,0.0,1.0,N,,,,,For profit - Limited Liability company,118.0,89.9,DECATUR HOSPITAL AUTHORITY,PRIORITY MANAGEMENT,425.0,MANSFIELD MEDICAL LODGE,TX,,,,2026-03-01,0,1,1,0,0,1,1,0
gold_main_v2,control,control_v2,676293,MONARCH PAVILION REHABILITATION SUITES,TX,2016,0,,,,,,,,,,,83.86729032258064,4.0,7.261509216589863,4.0,0,,,,,,,2016.0,2023.0,control_weighted_pseudocohort,5.0,1,0,0,1,1,0,0,0,1.0,1.0,11.0,3.0,9.0,,,,,,,3.05513,1.0,1.0,1.0,1.0,3.0,242.333,6.0,8.0,,1.0,11635.0,0.0,1.0,N,,,,,For profit - Corporation,78.0,78.0,THI OF SOUTH CAROLINA AT HILLTOP LLC,,,MONARCH PAVILION REHABILITATION SUITES,,,,,,0,1,1,0,0,1,1,0
gold_main_v2,control,control_v2,676293,MONARCH PAVILION REHABILITATION SUITES,TX,2017,0,,,,,,,,,,,83.86729032258064,4.0,7.261509216589863,4.0,0,,,,,,,2016.0,2023.0,control_weighted_pseudocohort,5.0,1,0,1,1,1,0,0,0,1.0,1.0,11.0,3.0,9.0,365.0,64.64416772840686,5196.91,72451.8,0.2215865925888319,3.0750396515291483,3.00298,1.0,1.0,1.0,1.0,2.0,185.500,6.0,5.0,,2.0,36725.0,1.0,3.0,Y,,,,,For profit - Corporation,150.0,67.0,DALLAS COUNTY HOSPITAL DISTRICT,,,MONARCH PAVILION REHABILITATION SUITES,,,,,2017-12-01,1,1,1,0,1,1,1,0
gold_main_v2,control,control_v2,676293,MONARCH PAVILION REHABILITATION SUITES,TX,2018,0,,,,,,,,,,,83.86729032258064,4.0,7.261509216589863,4.0,0,,,,,,,2016.0,2023.0,control_weighted_pseudocohort,5.0,1,0,1,1,1,0,0,0,1.0,1.0,11.0,3.0,9.0,365.0,59.82287187450231,7089.57,67519.72,0.3270653388351805,3.1015628742457446,3.10385,,3.0,,,,51.200,2.0,3.0,,0.0,0.0,0.0,0.0,N,,,,,For profit - Partnership,150.0,57.5,DALLAS COUNTY HOSPITAL DISTRICT,,,MONARCH PAVILION REHABILITATION SUITES,,,,,2018-12-01,1,1,0,0,1,1,0,0
gold_main_v2,control,control_v2,676293,MONARCH PAVILION REHABILITATION SUITES,TX,2019,0,,,,,,,,,,,83.86729032258064,4.0,7.261509216589863,4.0,0,,,,,,,2016.0,2023.0,control_weighted_pseudocohort,5.0,1,0,1,1,1,0,0,0,1.0,1.0,11.0,3.0,9.0,365.0,73.16307002176568,11867.48,85034.45000000001,0.4486166189109579,3.187150206183147,3.24634,,2.0,,,,55.333,0.0,2.0,,0.0,0.0,0.0,0.0,N,,,,,For profit - Partnership,150.0,73.1,DALLAS COUNTY HOSPITAL DISTRICT,,,MONARCH PAVILION REHABILITATION SUITES,,,,,2019-11-01,1,1,0,0,1,1,0,0
gold_main_v2,control,control_v2,676293,MONARCH PAVILION REHABILITATION SUITES,TX,2020,0,,,,,,,,,,,83.86729032258064,4.0,7.261509216589863,4.0,0,,,,,,,2016.0,2023.0,control_weighted_pseudocohort,5.0,1,0,1,1,1,0,0,0,1.0,1.0,11.0,3.0,9.0,366.0,63.41477544194936,6888.1,73476.3,0.3259652290521155,3.267277960238456,2.81533,1.0,1.0,3.0,3.0,5.0,54.000,2.0,1.0,,0.0,0.0,0.0,0.0,N,,,,,For profit - Corporation,150.0,67.1,DALLAS COUNTY HOSPITAL DISTRICT,,,MONARCH PAVILION REHABILITATION SUITES,,,,,2020-11-01,1,1,1,0,1,1,1,0
gold_main_v2,control,control_v2,676293,MONARCH PAVILION REHABILITATION SUITES,TX,2021,0,,,,,,,,,,,83.86729032258064,4.0,7.261509216589863,4.0,0,,,,,,,2016.0,2023.0,control_weighted_pseudocohort,5.0,1,0,1,1,1,0,0,0,1.0,1.0,11.0,3.0,9.0,344.0,56.95673918090483,10213.01,62827.78,0.5399367803288977,3.2195463693419395,3.32919,3.0,3.0,1.0,1.0,4.0,159.167,5.0,12.0,7.0,4.0,60645.37,1.0,5.0,N,,,,,For profit - Limited Liability company,150.0,59.1,DALLAS COUNTY HOSPITAL DISTRICT,,,MONARCH PAVILION REHABILITATION SUITES,,,,,2021-11-01,1,1,1,0,1,1,1,0
gold_main_v2,control,control_v2,676293,MONARCH PAVILION REHABILITATION SUITES,TX,2022,0,,,,,,,,,,,83.86729032258064,4.0,7.261509216589863,4.0,0,False,False,False,False,False,False,2016.0,2023.0,control_weighted_pseudocohort,5.0,1,0,1,1,1,1,0,1,1.0,1.0,11.0,3.0,9.0,365.0,48.88742899612465,4718.47,58926.74,0.2666354911207368,3.3256839936654723,3.61319,1.0,,1.0,2.0,5.0,112.667,6.0,15.0,9.0,4.0,63582.09,1.0,5.0,N,,,,,For profit - Limited Liability company,150.0,45.4,DALLAS COUNTY HOSPITAL DISTRICT,,,MONARCH PAVILION REHABILITATION SUITES,,,,,2022-11-01,1,1,1,0,1,1,1,0
gold_main_v2,control,control_v2,676293,MONARCH PAVILION REHABILITATION SUITES,TX,2023,0,,,,,,,,,,,83.86729032258064,4.0,7.261509216589863,4.0,0,False,False,False,False,False,False,2016.0,2023.0,control_weighted_pseudocohort,5.0,1,1,1,1,1,1,0,1,1.0,1.0,11.0,3.0,9.0,365.0,88.96620812762117,9081.99,81320.11,0.2736420368523157,2.522786454811314,2.45532,1.0,,2.0,1.0,3.0,76.167,6.0,13.0,6.0,3.0,49861.72,2.0,5.0,N,96.0,73.0,6.0,0.7604166666666666,For profit - Limited Liability company,150.0,86.2,DALLAS COUNTY HOSPITAL DISTRICT,FUNDAMENTAL HEALTHCARE,231.0,MONARCH PAVILION REHABILITATION SUITES,TX,,,,2023-11-01,1,1,1,1,1,1,1,1
gold_main_v2,control,control_v2,676293,FOREST PARK NURSING & REHABILITATION,TX,2024,0,,,,,,,,,,,83.86729032258064,4.0,7.261509216589863,4.0,0,False,False,False,False,False,False,2016.0,2023.0,control_weighted_pseudocohort,5.0,1,1,1,1,1,1,0,1,1.0,1.0,11.0,3.0,9.0,366.0,108.40662326803633,14788.58,109562.06,0.3741927268747528,2.7621687825631662,2.75728,1.0,,1.0,1.0,4.0,316.167,7.0,24.0,1.0,2.0,120012.75,2.0,4.0,N,96.0,73.0,6.0,0.7604166666666666,For profit - Corporation,150.0,114.1,DALLAS COUNTY HOSPITAL DISTRICT,FUNDAMENTAL HEALTHCARE,231.0,FOREST PARK NURSING & REHABILITATION,TX,,,,2024-11-01,1,1,1,1,1,1,1,1
gold_main_v2,control,control_v2,676293,FOREST PARK NURSING & REHABILITATION,TX,2025,0,,,,,,,,,,,83.86729032258064,4.0,7.261509216589863,4.0,0,False,True,False,False,False,False,2016.0,2023.0,control_weighted_pseudocohort,5.0,1,1,1,1,1,1,0,1,1.0,1.0,11.0,3.0,9.0,273.0,115.53821822300084,7824.74,88817.12,0.2493387888320834,2.82368386524096,2.95377,1.0,,1.0,2.0,5.0,286.500,42.0,238.0,0.0,3.0,180884.0,1.0,4.0,N,101.0,77.0,6.0,0.7623762376237625,Government - Hospital district,150.0,112.7,DALLAS COUNTY HOSPITAL DISTRICT,OPCO SKILLED MANAGEMENT,773.0,FOREST PARK NURSING & REHABILITATION,TX,,,,2025-11-01,1,1,1,1,1,1,1,1
gold_main_v2,control,control_v2,676293,FOREST PARK NURSING & REHABILITATION,TX,2026,0,,,,,,,,,,,83.86729032258064,4.0,7.261509216589863,4.0,0,False,True,False,False,False,False,2016.0,2023.0,control_weighted_pseudocohort,5.0,1,0,0,1,1,1,0,1,1.0,1.0,11.0,3.0,9.0,,,,,,,2.63786,1.0,,1.0,1.0,4.0,330.000,,,0.0,4.0,193656.0,1.0,5.0,N,,,,,Government - Hospital district,150.0,123.0,DALLAS COUNTY HOSPITAL DISTRICT,OPCO SKILLED MANAGEMENT,773.0,FOREST PARK NURSING & REHABILITATION,TX,,,,2026-03-01,0,1,1,0,0,1,1,0
gold_main_v2,control,control_v2,676315,THE HILLCREST OF NORTH DALLAS,TX,2016,0,,,,,,,,,,,78.25820967741936,4.0,8.029073732718894,4.0,0,,,,,,,2016.0,2023.0,control_weighted_pseudocohort,5.0,1,0,0,1,1,0,0,0,1.0,1.0,11.0,3.0,9.0,,,,,,,4.10135,3.0,3.0,4.0,4.0,4.0,24.667,0.0,0.0,,0.0,0.0,0.0,0.0,N,,,,,For profit - Corporation,120.0,74.0,"BROWNSVILLE LONG TERM CARE, LLC",,,THE HILLCREST OF NORTH DALLAS,,,,,,0,1,1,0,0,1,1,0
gold_main_v2,control,control_v2,676315,THE HILLCREST OF NORTH DALLAS,TX,2017,0,,,,,,,,,,,78.25820967741936,4.0,8.029073732718894,4.0,0,,,,,,,2016.0,2023.0,control_weighted_pseudocohort,5.0,1,0,1,1,1,0,0,0,1.0,1.0,11.0,3.0,9.0,365.0,81.0739999734565,10127.69,100231.88,0.3427857926690585,3.3924070249347498,4.10743,2.0,2.0,3.0,3.0,2.0,69.333,2.0,3.0,,1.0,80145.0,0.0,1.0,Y,,,,,For profit - Corporation,120.0,74.0,DALLAS COUNTY HOSPITAL DISTRICT,,,THE HILLCREST OF NORTH DALLAS,,,,,2017-12-01,1,1,1,0,1,1,1,0
gold_main_v2,control,control_v2,676315,THE HILLCREST OF NORTH DALLAS,TX,2018,0,,,,,,,,,,,78.25820967741936,4.0,8.029073732718894,4.0,0,,,,,,,2016.0,2023.0,control_weighted_pseudocohort,5.0,1,0,1,1,1,0,0,0,1.0,1.0,11.0,3.0,9.0,365.0,76.65708247066942,10809.12,93841.13,0.3869374945396201,3.357894379161486,3.43021,,2.0,,,,62.400,2.0,3.0,,0.0,0.0,0.0,0.0,N,,,,,For profit - Corporation,120.0,74.4,DALLAS COUNTY HOSPITAL DISTRICT,,,THE HILLCREST OF NORTH DALLAS,,,,,2018-12-01,1,1,0,0,1,1,0,0
gold_main_v2,control,control_v2,676315,THE HILLCREST OF NORTH DALLAS,TX,2019,0,,,,,,,,,,,78.25820967741936,4.0,8.029073732718894,4.0,0,,,,,,,2016.0,2023.0,control_weighted_pseudocohort,5.0,1,0,1,1,1,0,0,0,1.0,1.0,11.0,3.0,9.0,365.0,84.28895060253755,11864.64,97719.8,0.3875892840600273,3.1796397171829325,3.17014,,1.0,,,,123.667,3.0,4.0,,1.0,13905.0,0.0,1.0,N,,,,,Government - Hospital district,120.0,86.0,DALLAS COUNTY HOSPITAL DISTRICT,,,THE HILLCREST OF NORTH DALLAS,,,,,2019-11-01,1,1,0,0,1,1,0,0
gold_main_v2,control,control_v2,676315,THE HILLCREST OF NORTH DALLAS,TX,2020,0,,,,,,,,,,,78.25820967741936,4.0,8.029073732718894,4.0,0,,,,,,,2016.0,2023.0,control_weighted_pseudocohort,5.0,1,0,1,1,1,0,0,0,1.0,1.0,11.0,3.0,9.0,366.0,77.47885809842332,13638.8,88559.19,0.4945930314952975,3.1210722709483267,3.06801,2.0,2.0,1.0,1.0,1.0,117.000,3.0,1.0,,1.0,13905.0,0.0,1.0,N,,,,,Government - Hospital district,120.0,84.0,DALLAS COUNTY HOSPITAL DISTRICT,,,THE HILLCREST OF NORTH DALLAS,,,,,2020-11-01,1,1,1,0,1,1,1,0
gold_main_v2,control,control_v2,676315,THE HILLCREST OF NORTH DALLAS,TX,2021,0,,,,,,,,,,,78.25820967741936,4.0,8.029073732718894,4.0,0,,,,,,,2016.0,2023.0,control_weighted_pseudocohort,5.0,1,0,1,1,1,0,0,0,1.0,1.0,11.0,3.0,9.0,344.0,72.46506558862652,13670.56,78587.05,0.5512718818674656,3.1580842232967727,3.29284,3.0,3.0,1.0,1.0,3.0,171.000,2.0,4.0,10.0,6.0,82584.45,1.0,7.0,N,,,,,Government - Hospital district,120.0,71.4,DALLAS COUNTY HOSPITAL DISTRICT,,,THE HILLCREST OF NORTH DALLAS,,,,,2021-11-01,1,1,1,0,1,1,1,0
gold_main_v2,control,control_v2,676315,THE HILLCREST OF NORTH DALLAS,TX,2022,0,,,,,,,,,,,78.25820967741936,4.0,8.029073732718894,4.0,0,False,False,False,False,False,False,2016.0,2023.0,control_weighted_pseudocohort,5.0,1,0,1,1,1,1,0,1,1.0,1.0,11.0,3.0,9.0,365.0,83.58700098210967,9214.6,97360.67,0.301489802023788,3.191123670134136,3.20819,1.0,,1.0,1.0,3.0,117.833,0.0,2.0,12.0,6.0,73179.0,1.0,7.0,N,,,,,For profit - Limited Liability company,120.0,85.5,DALLAS COUNTY HOSPITAL DISTRICT,,,THE HILLCREST OF NORTH DALLAS,,,,,2022-11-01,1,1,1,0,1,1,1,0
gold_main_v2,control,control_v2,676315,THE HILLCREST OF NORTH DALLAS,TX,2023,0,,,,,,,,,,,78.25820967741936,4.0,8.029073732718894,4.0,0,False,False,False,False,False,False,2016.0,2023.0,control_weighted_pseudocohort,5.0,1,1,1,1,1,1,0,1,1.0,1.0,11.0,3.0,9.0,365.0,97.22157920581832,12033.09,109165.83,0.338079119659328,3.079125617548144,3.19904,1.0,,3.0,2.0,2.0,46.667,0.0,0.0,8.0,6.0,45875.0,0.0,6.0,N,94.0,79.0,4.0,0.8404255319148937,For profit - Partnership,120.0,94.3,DALLAS COUNTY HOSPITAL DISTRICT,FUNDAMENTAL HEALTHCARE,231.0,THE HILLCREST OF NORTH DALLAS,TX,,,,2023-11-01,1,1,1,1,1,1,1,1
gold_main_v2,control,control_v2,676315,THE HILLCREST OF NORTH DALLAS,TX,2024,0,,,,,,,,,,,78.25820967741936,4.0,8.029073732718894,4.0,0,False,False,False,False,False,False,2016.0,2023.0,control_weighted_pseudocohort,5.0,1,1,1,1,1,1,0,1,1.0,1.0,11.0,3.0,9.0,366.0,101.44681677018632,14925.85,118345.3,0.4045354997185515,3.188473378133493,3.21973,2.0,,1.0,1.0,4.0,348.333,4.0,6.0,4.0,4.0,339789.87,1.0,5.0,N,99.25,89.5,7.0,0.9007004423846641,For profit - Partnership,120.0,100.8,DALLAS COUNTY HOSPITAL DISTRICT,FUNDAMENTAL HEALTHCARE,231.0,THE HILLCREST OF NORTH DALLAS,TX,,,,2024-11-01,1,1,1,1,1,1,1,1
gold_main_v2,control,control_v2,676315,THE HILLCREST OF NORTH DALLAS,TX,2025,0,,,,,,,,,,,78.25820967741936,4.0,8.029073732718894,4.0,0,False,True,False,False,False,False,2016.0,2023.0,control_weighted_pseudocohort,5.0,1,1,1,1,1,1,0,1,1.0,1.0,11.0,3.0,9.0,273.0,106.34034258816868,11619.92,87242.85,0.4000544003833124,3.018535460119303,3.01282,1.0,,1.0,2.0,5.0,238.500,43.0,131.0,2.0,4.0,236449.0,1.0,5.0,N,104.0,84.66666666666667,9.333333333333334,0.8199219921992199,For profit - Partnership,120.0,107.9,DALLAS COUNTY HOSPITAL DISTRICT,OPCO SKILLED MANAGEMENT,773.0,THE HILLCREST OF NORTH DALLAS,TX,,,,2025-11-01,1,1,1,1,1,1,1,1
gold_main_v2,control,control_v2,676315,THE HILLCREST OF NORTH DALLAS,TX,2026,0,,,,,,,,,,,78.25820967741936,4.0,8.029073732718894,4.0,0,False,True,False,False,False,False,2016.0,2023.0,control_weighted_pseudocohort,5.0,1,0,0,1,1,1,0,1,1.0,1.0,11.0,3.0,9.0,,,,,,,2.88207,1.0,,1.0,1.0,4.0,235.500,,,0.0,4.0,236449.0,1.0,5.0,N,,,,,For profit - Corporation,120.0,110.6,DALLAS COUNTY HOSPITAL DISTRICT,OPCO SKILLED MANAGEMENT,773.0,THE HILLCREST OF NORTH DALLAS,TX,,,,2026-03-01,0,1,1,0,0,1,1,0
