ccn_str,facility_name,state,sample_role,provider_chain_name_latest,owner_name_raw_primary,owner_identification_method,owner_cluster,public_parent_name,public_entity_type,public_reit_status,public_source_label,public_source_url,public_source_note,verification_confidence,reit_years_in_panel,takeover_date_best,takeover_date_best_source,owner_takeover_date_estimated,change_in_ownership_date_if_observed,prior_owner_name_if_observed,prior_owner_candidates_pre_reit_snapshot,current_owner_visible_in_pre_reit_snapshot,ownership_change_signal,owner_aliases_raw,parent_owner_name,owner_source_type,owner_source_label,owner_source_url,owner_source_note,first_reit_year_in_panel,last_reit_year_in_panel,consecutive_reit_run_start,consecutive_reit_run_end,consecutive_reit_run_length,first_reit_snapshot_date,last_reit_snapshot_date,owner_takeover_date_source,change_in_ownership_type,prior_owner_source,all_buyer_chow_dates,all_buyer_chow_seller_names,pre_reit_snapshot_date,pre_reit_snapshot_owner_entities,cluster_size
385239,AVAMERE REHABILITATION OF COOS BAY,OR,control,AVAMERE,"ARI OPERATIONS, LLC",same_snapshot_owner_fallback,"ARI OPERATIONS, LLC",Avamere,operator_company,no,Avamere official site,https://www.avamere.com/about/,Avamere describes itself as a post-acute and senior living care operator; mapping to ARI Operations comes from the local CMS owner records and Avamere-branded facilities.,medium,2025|2026,2006-01-06,CMS owner association date,2006-01-06,,,ARISO LLC|AVAMERE GROUP LLC,True,same_owner_already_visible_pre_reit,"ARI OPERATIONS, LLC","ARI OPERATIONS, LLC",cms_raw_owner_file_only,CMS SNF All Owners raw ownership file,,No additional official web source attached in this pass; owner name carried directly from the CMS raw ownership snapshot.,2025,2026,2025,2026,2,2025-09-01,2026-03-02,CMS SNF_All_Owners association date,,,,,2025-08-01,"KARL RICKARD MILLER|KARL RICKARD MILLER CHAIRMAN|ARI OPERATIONS, LLC|GRETCHEN STAUFFER ADMINISTRATOR|ARISO LLC|RICHARD A DILLON|RICHARD A DILLON PRESIDENT|RONALD A ODERMOTT CFO|AVAMERE GROUP LLC",4
385132,AVAMERE REHABILITATION OF KING CITY,OR,control,AVAMERE,"ARI OPERATIONS, LLC",same_snapshot_owner_fallback,"ARI OPERATIONS, LLC",Avamere,operator_company,no,Avamere official site,https://www.avamere.com/about/,Avamere describes itself as a post-acute and senior living care operator; mapping to ARI Operations comes from the local CMS owner records and Avamere-branded facilities.,medium,2025|2026,2006-01-06,CMS owner association date,2006-01-06,,,ARISO LLC|AVAMERE GROUP LLC,True,same_owner_already_visible_pre_reit,"ARI OPERATIONS, LLC","ARI OPERATIONS, LLC",cms_raw_owner_file_only,CMS SNF All Owners raw ownership file,,No additional official web source attached in this pass; owner name carried directly from the CMS raw ownership snapshot.,2025,2026,2025,2026,2,2025-10-01,2026-03-02,CMS SNF_All_Owners association date,,,,,2025-09-01,"KARL RICKARD MILLER|ARI OPERATIONS, LLC|ANDREW SIMPSON CFO|ARISO LLC|DAVID P LARSON MD;|JONATHAN HILLMAN AD;|AVAMERE GROUP LLC|MARY KOFSTAD COO",4
505264,AVAMERE AT PACIFIC RIDGE,WA,control,AVAMERE,"ARI OPERATIONS, LLC",same_snapshot_owner_fallback,"ARI OPERATIONS, LLC",Avamere,operator_company,no,Avamere official site,https://www.avamere.com/about/,Avamere describes itself as a post-acute and senior living care operator; mapping to ARI Operations comes from the local CMS owner records and Avamere-branded facilities.,medium,2025|2026,2006-01-06,CMS owner association date,2006-01-06,,,ARISO LLC|AVAMERE GROUP LLC,True,same_owner_already_visible_pre_reit,"ARI OPERATIONS, LLC","ARI OPERATIONS, LLC",cms_raw_owner_file_only,CMS SNF All Owners raw ownership file,,No additional official web source attached in this pass; owner name carried directly from the CMS raw ownership snapshot.,2025,2026,2025,2026,2,2025-12-02,2026-03-02,CMS SNF_All_Owners association date,,,,,2025-11-06,"KARL RICKARD MILLER|KARL RICKARD MILLER CEO|ARI OPERATIONS, LLC|ANDREW SIMPSON CFO|ARISO LLC|JOSHUA B KRETCHMAR MD;|AVAMERE GROUP LLC|MARY KOFSTAD COO|CHRISTINE MILLER ADMINISTRATOR",4
505488,Richmond Beach Rehab,WA,control,AVAMERE,"ARI OPERATIONS, LLC",same_snapshot_owner_fallback,"ARI OPERATIONS, LLC",Avamere,operator_company,no,Avamere official site,https://www.avamere.com/about/,Avamere describes itself as a post-acute and senior living care operator; mapping to ARI Operations comes from the local CMS owner records and Avamere-branded facilities.,medium,2025|2026,2006-01-01,CMS owner association date,2006-01-01,,,ARISO LLC|AVAMERE HEALTH SERVICES LLC|AVAMERE GROUP LLC,True,same_owner_already_visible_pre_reit,"ARI OPERATIONS, LLC","ARI OPERATIONS, LLC",cms_raw_owner_file_only,CMS SNF All Owners raw ownership file,,No additional official web source attached in this pass; owner name carried directly from the CMS raw ownership snapshot.,2025,2026,2025,2026,2,2025-11-06,2026-03-02,CMS SNF_All_Owners association date,,,,,2025-10-01,"KARL RICKARD MILLER|ARI OPERATIONS, LLC|ANDREW SIMPSON CFO|ARISO LLC|AVAMERE HEALTH SERVICES LLC|DIANNE MANGIO AD;|RICHARD A DILLON|RONALD A ODERMOTT|AVAMERE GROUP LLC|MARY KOFSTAD COO|ARASH MIRZAIE AMIRABADI MD;",4
155243,MAJESTIC CARE OF LAFAYETTE,IN,control,MAJESTIC CARE,DEM FAMILY TRUST I,named_reit_owner_row,DEM FAMILY TRUST I,DEM FAMILY TRUST I,private_trust_or_individual_vehicle,no,CMS owner entity name,,Owner entity is a private trust rather than a REIT.,low,2025|2026,2025-06-18,CMS owner association date,2025-06-18,,,MAJESTIC CARE OF LAFAYETTE LLC|JACKSON COUNTY SCHNECK MEMORIAL HOSPITAL,False,different_named_entities_in_pre_reit_snapshot,DEM FAMILY TRUST I,DEM FAMILY TRUST I,cms_raw_owner_file_only,CMS SNF All Owners raw ownership file,,No additional official web source attached in this pass; owner name carried directly from the CMS raw ownership snapshot.,2025,2026,2025,2026,2,2025-08-01,2026-03-02,CMS SNF_All_Owners association date,,,,,2025-07-01,JACK L MCCORY BOARD MEMBER|RICK L SMITH VICE CHAIRMAN|ANDREW B MARKEL BOARD MEMBER|COURTNEY B KLEBER BOARD MEMBER|DEBORAH A MANN VICE PRESIDENT FINANCE CFO/TREAS|MATTHEW K REEDY BOARD MEMBER|TERRENCE L GILLILAND BOARD MEMBER|SUSAN D BEVERS BOARD MEMBER|ERIC D FISH PRESIDENT/CEO|MAJESTIC CARE OF LAFAYETTE LLC|BRANDON J HARPE BOARD MEMBER|JACKSON COUNTY SCHNECK MEMORIAL HOSPITAL|ROBERT D GILLASPY BOARD MEMBER|DEAN RAMSEY ADMINISTRATOR,1
675433,FOCUSED CARE AT HUNTSVILLE,TX,control,FOCUSED POST ACUTE CARE PARTNERS,FOCUSED POST ACUTE CARE PARTNERS LLC,same_snapshot_owner_fallback,FOCUSED POST ACUTE CARE PARTNERS LLC,Focused Post Acute Care Partners,operator_company,no,Focused Post Acute Care Partners official site,https://fpacp.com/focused-post-acute-care-partners-acquisitions-launch-unique-business-model-bringing-improved-long-term-care-to-outlying-secondary-and-tertiary-markets/,"Focused said it acquired operations of skilled nursing facilities in Texas, which supports an operator rather than REIT role.",medium,2025|2026,2016-12-20,CMS owner association date,2016-12-20,,,"FOCUSED POST ACUTE CARE PARTNERS MANAGEMENT, LLC|TRINEESHA JOHNSON LICENSED NURSING FACILITY ADMINI",True,same_owner_already_visible_pre_reit,FOCUSED POST ACUTE CARE PARTNERS LLC,FOCUSED POST ACUTE CARE PARTNERS LLC,cms_raw_owner_file_only,CMS SNF All Owners raw ownership file,,No additional official web source attached in this pass; owner name carried directly from the CMS raw ownership snapshot.,2025,2026,2025,2026,2,2025-11-06,2026-03-02,CMS SNF_All_Owners association date,,,,,2025-10-01,"FOCUSED POST ACUTE CARE PARTNERS MANAGEMENT, LLC|MARK S MCKENZIE|MARK S MCKENZIE PRESIDENT|MARK S MCKENZIE PRINCIPAL OF CONTRACTED MANAGEMN|SHAWN L CONLEY|SHAWN L CONLEY CHIEF FINANCIAL OFFICER|SHAWN L CONLEY CHIEF FINANCIAL OFFICER OF FOCUS|LORETTA STRUBBE|LORETTA STRUBBE CHIEF ADMINISTRATIVE OFFICER|LORETTA STRUBBE CHIEF FINANCIAL OFFICER OF FOCUS|TRINEESHA JOHNSON LICENSED NURSING FACILITY ADMINI|FOCUSED POST ACUTE CARE PARTNERS LLC",2
675398,FOCUSED CARE OF CENTER,TX,control,FOCUSED POST ACUTE CARE PARTNERS,FOCUSED POST ACUTE CARE PARTNERS LLC,same_snapshot_owner_fallback,FOCUSED POST ACUTE CARE PARTNERS LLC,Focused Post Acute Care Partners,operator_company,no,Focused Post Acute Care Partners official site,https://fpacp.com/focused-post-acute-care-partners-acquisitions-launch-unique-business-model-bringing-improved-long-term-care-to-outlying-secondary-and-tertiary-markets/,"Focused said it acquired operations of skilled nursing facilities in Texas, which supports an operator rather than REIT role.",medium,2025|2026,2016-12-20,CMS owner association date,2016-12-20,,,"FOCUSED POST ACUTE CARE PARTNERS MANAGEMENT, LLC|BONNIE J SANDERS LICENSED NURSING FACILITY ADMINI",True,same_owner_already_visible_pre_reit,FOCUSED POST ACUTE CARE PARTNERS LLC,FOCUSED POST ACUTE CARE PARTNERS LLC,cms_raw_owner_file_only,CMS SNF All Owners raw ownership file,,No additional official web source attached in this pass; owner name carried directly from the CMS raw ownership snapshot.,2025,2026,2025,2026,2,2025-08-01,2026-03-02,CMS SNF_All_Owners association date,,,,,2025-07-01,"FOCUSED POST ACUTE CARE PARTNERS MANAGEMENT, LLC|MARK S MCKENZIE|MARK S MCKENZIE PRESIDENT|MARK S MCKENZIE PRINCIPAL OF CONTRACTED MANAGEM|MARK S MCKENZIE PRINCIPAL OF CONTRACTED MANAGEMN|BONNIE J SANDERS LICENSED NURSING FACILITY ADMINI|SHAWN L CONLEY|SHAWN L CONLEY CHIEF FINANCIAL OFFICER|SHAWN L CONLEY CHIEF FINANCIAL OFFICER OF FOCUS|LORETTA STRUBBE CHIEF OPERATING OFFICER|FOCUSED POST ACUTE CARE PARTNERS LLC",2
675927,FOCUSED CARE AT CRANE,TX,control,FOCUSED POST ACUTE CARE PARTNERS,FPACP CRANE LLC,same_snapshot_owner_fallback,FPACP CRANE LLC,Focused Post Acute Care Partners,operator_company,no,Focused Post Acute Care Partners official site,https://fpacp.com/focused-post-acute-care-partners-acquisitions-launch-unique-business-model-bringing-improved-long-term-care-to-outlying-secondary-and-tertiary-markets/,"Focused said it acquired operations of skilled nursing facilities in Texas, which supports an operator rather than REIT role.",medium,2025|2026,2017-11-01,CMS owner association date,2017-11-01,,,FOCUSED POST ACUTE CARE PARTNERS II LLC|MCCULLOCH COUNTY HOSPITAL DISTRICT,True,same_owner_already_visible_pre_reit,FPACP CRANE LLC,FPACP CRANE LLC,cms_raw_owner_file_only,CMS SNF All Owners raw ownership file,,No additional official web source attached in this pass; owner name carried directly from the CMS raw ownership snapshot.,2025,2026,2025,2026,2,2025-11-06,2026-03-02,CMS SNF_All_Owners association date,,,,,2025-10-01,FPACP CRANE LLC|FOCUSED POST ACUTE CARE PARTNERS II LLC|MARK S MCKENZIE PRINCIPAL OF CONTRACTED MANAGEME|SHAWN L CONLEY PRINCIPAL OF CONTRACTED MANAGEME|MCCULLOCH COUNTY HOSPITAL DISTRICT|LORETTA STRUBBE PRINCIPAL OF CONTRACTED MANAGEME|TIMOTHY S JONES CEO,1
675910,FOCUSED CARE AT HOGAN PARK,TX,control,FOCUSED POST ACUTE CARE PARTNERS,FPACP HOGAN PARK LLC,same_snapshot_owner_fallback,FPACP HOGAN PARK LLC,Focused Post Acute Care Partners,operator_company,no,Focused Post Acute Care Partners official site,https://fpacp.com/focused-post-acute-care-partners-acquisitions-launch-unique-business-model-bringing-improved-long-term-care-to-outlying-secondary-and-tertiary-markets/,"Focused said it acquired operations of skilled nursing facilities in Texas, which supports an operator rather than REIT role.",medium,2025|2026,2017-11-01,CMS owner association date,2017-11-01,,,FOCUSED POST ACUTE CARE PARTNERS II LLC|MIDLAND COUNTY HOSPITAL DISTRICT,True,same_owner_already_visible_pre_reit,FPACP HOGAN PARK LLC,FPACP HOGAN PARK LLC,cms_raw_owner_file_only,CMS SNF All Owners raw ownership file,,No additional official web source attached in this pass; owner name carried directly from the CMS raw ownership snapshot.,2025,2026,2025,2026,2,2025-10-01,2026-03-02,CMS SNF_All_Owners association date,,,,,2025-09-01,FPACP HOGAN PARK LLC|CARI CHAPLIN BOARD MEMBER|ANTONIO MIRAMONTES BOARD MEMBER|FOCUSED POST ACUTE CARE PARTNERS II LLC|MARK S MCKENZIE AUTHORIZED OFFICIAL|MARK S MCKENZIE MANAGER AND AUTHORIZED OFFICIAL|MARK S MCKENZIE CEO OF FOCUSED POST ACUTE PARTNE|DAVID GRIMES BOARD MEMBER|PAUL R MEYERS CEO AND AUTHORIZED OFFICIAL|SHAWN L CONLEY CFO OF CONTRACTED MANAGEMENT COM|DWAINE TOMLIN BOARD MEMBER|JEFFREY BEARD BOARD PRESIDENT|MIDLAND COUNTY HOSPITAL DISTRICT|LORETTA STRUBBE COO OF CONTRACTED MANAGEMENT COM|TRACIE GREENE BOARD MEMBER,1
165338,Northgate Care Center,IA,treated,LEGACY HEALTHCARE,GPN FAMILY TRUST U/A/D 04/28/08,named_reit_owner_row,GPN FAMILY TRUST U/A/D 04/28/08,GPN FAMILY TRUST U/A/D 04/28/08,private_trust_or_individual_vehicle,no,CMS owner entity name,,Owner entity is a private trust rather than a REIT.,low,2025|2026,2024-08-15,CMS CHOW event,2024-08-15,2024-08-15,ABCM CORPORATION,ABCM CORPORATION,False,chow_confirmed,GPN FAMILY TRUST U/A/D 04/28/08,GPN FAMILY TRUST U/A/D 04/28/08,cms_raw_owner_file_only,CMS SNF All Owners raw ownership file,,No additional official web source attached in this pass; owner name carried directly from the CMS raw ownership snapshot.,2025,2026,2025,2026,2,2025-04-01,2026-03-02,CMS SNF_All_Owners association date,CHANGE OF OWNERSHIP,CMS SNF_CHOW seller record,2024-08-15,ABCM CORPORATION / NORTHGATE CARE CENTER,2025-02-28,RICHARD ALBERT ALLBEE CHAIRMAN & CEO|RICHARD ALBERT ALLBEE CEO|RICHARD ALBERT ALLBEE CHAIRMAN OF THE BOARD|TIMOTHY C. ROBERTS CHIEF FINANCIAL OFFICER|TIMOTHY C. ROBERTS|LOU ANN WIKAN ADMINISTRATOR|KATHY J MEYER-ALLBEE DIRECTOR|KATHY J MEYER-ALLBEE|TODD R ALLBEE DIRECTOR|TODD R ALLBEE|ALEXA L MAYNER CHIEF OPERATING OFFICER|ALEXA L MAYNER|ABCM CORPORATION,1
155378,SIGNATURE HEALTHCARE AT PARKWOOD,IN,control,SIGNATURE HEALTHCARE,JACKSON COUNTY SCHNECK MEMORIAL HOSPITAL,same_snapshot_owner_fallback,JACKSON COUNTY SCHNECK MEMORIAL HOSPITAL,Schneck Medical Center,hospital_system,no,Schneck official site,https://www.schneckmed.org/about-us,Schneck is a regional hospital and health system.,high,2025|2026,2013-05-01,CMS owner association date,2013-05-01,,,"LP LEBANON MANAGEMENT, LLC",True,same_owner_already_visible_pre_reit,JACKSON COUNTY SCHNECK MEMORIAL HOSPITAL,JACKSON COUNTY SCHNECK MEMORIAL HOSPITAL,cms_raw_owner_file_only,CMS SNF All Owners raw ownership file,,No additional official web source attached in this pass; owner name carried directly from the CMS raw ownership snapshot.,2025,2026,2025,2026,2,2025-10-01,2026-03-02,CMS SNF_All_Owners association date,,,,,2025-09-01,"JACK L MCCORY BOARD MEMBER|RICK L SMITH VICE CHARIMAN|ANDREW B MARKEL BOARD MEMBER|COURTNEY B KLEBER BOARD MEMBER|CHRISTOPHER PETER ADMINISTRATOR|DEBORAH A MANN VP FINANCE/CFO|LP LEBANON MANAGEMENT, LLC|MATTHEW K REEDY BOARD MEMBER|TERRENCE L GILLILAND BOARD MEMBER|SUSAN D BEVERS BOARD MEMBER|ERIC D FISH PRESIDENT/CEO|BRANDON J HARPE BOARD MEMBER|JACKSON COUNTY SCHNECK MEMORIAL HOSPITAL|ROBERT D GILLASPY BOARD MEMBER",2
155474,SIGNATURE HEALTHCARE OF BREMEN,IN,control,SIGNATURE HEALTHCARE,JACKSON COUNTY SCHNECK MEMORIAL HOSPITAL,same_snapshot_owner_fallback,JACKSON COUNTY SCHNECK MEMORIAL HOSPITAL,Schneck Medical Center,hospital_system,no,Schneck official site,https://www.schneckmed.org/about-us,Schneck is a regional hospital and health system.,high,2025|2026,2014-05-01,CMS owner association date,2014-05-01,,,"LP BREMEN MANAGEMENT, LLC",True,same_owner_already_visible_pre_reit,JACKSON COUNTY SCHNECK MEMORIAL HOSPITAL,JACKSON COUNTY SCHNECK MEMORIAL HOSPITAL,cms_raw_owner_file_only,CMS SNF All Owners raw ownership file,,No additional official web source attached in this pass; owner name carried directly from the CMS raw ownership snapshot.,2025,2026,2025,2026,2,2025-11-06,2026-03-02,CMS SNF_All_Owners association date,,,,,2025-10-01,"JACK L MCCORY VICE PRESIDENT|RICK L SMITH CHAIRMAN|ANDREW B MARKEL BOARD MEMBER|COURTNEY B KLEBER BOARD MEMBER|CHARLES SYER ADMINISTRATOR|DEBORAH A MANN VP FISCAL SVCS AND CFO/TREASURER|DEBORAH A MANN VP FINANACE AND CFO/TREASURER|LP BREMEN MANAGEMENT, LLC|MATTHEW K REEDY BOARD MEMBER|TERRENCE L GILLILAND BOARD MEMBER|SUSAN D BEVERS BOARD MEMBER|ERIC D FISH PRESIDENT/CEO|BRANDON J HARPE BOARD MEMBER|JACKSON COUNTY SCHNECK MEMORIAL HOSPITAL|ROBERT D GILLASPY BOARD MEMBER",2
145796,BALMORAL HOME,IL,control,,JOSEPH A MERMELSTEIN TRUST DTD 7/15/99,same_snapshot_owner_fallback,JOSEPH A MERMELSTEIN TRUST DTD 7/15/99,JOSEPH A MERMELSTEIN TRUST DTD 7/15/99,private_trust_or_individual_vehicle,no,CMS owner entity name,,Owner entity is a private trust rather than a REIT.,low,2025|2026,2018-06-18,CMS owner association date,2018-06-18,,,TEN CHICAGO LLC|JOSEPH MERMELSTEIN FAMILY TRUST,False,different_named_entities_in_pre_reit_snapshot,JOSEPH A MERMELSTEIN TRUST DTD 7/15/99,JOSEPH A MERMELSTEIN TRUST DTD 7/15/99,cms_raw_owner_file_only,CMS SNF All Owners raw ownership file,,No additional official web source attached in this pass; owner name carried directly from the CMS raw ownership snapshot.,2025,2026,2025,2026,2,2025-11-06,2026-03-02,CMS SNF_All_Owners association date,,,,,2025-10-01,TEN CHICAGO LLC|JOSEPH MERMELSTEIN FAMILY TRUST|YONATHAN M STERN ADMINISTRATOR|YONATHAN M STERN ADMNISTRATOR,1
675985,Focused Care at Midland,TX,control,FOCUSED POST ACUTE CARE PARTNERS,MIDLAND COUNTY HOSPITAL DISTRICT,same_snapshot_owner_fallback,MIDLAND COUNTY HOSPITAL DISTRICT,MIDLAND COUNTY HOSPITAL DISTRICT,hospital_system,no,CMS owner entity name,,Owner entity is a hospital or hospital-related organization.,low,2025|2026,2017-04-01,CMS owner association date,2017-04-01,,,FOCUSED POST ACUTE CARE PARTNERS II LLC|MARK S MCKENZIE FACILITY ADMINISTRATOR|MARK S MCKENZIE CEO OF FOCUSED POST ACUTE CARE P|SHAWN L CONLEY CFO OF MANAGEMENT COMPANY AND IT|LORETTA STRUBBE COO OF MANAGEMENT COMPANY AND IT,True,same_owner_already_visible_pre_reit,MIDLAND COUNTY HOSPITAL DISTRICT,MIDLAND COUNTY HOSPITAL DISTRICT,cms_raw_owner_file_only,CMS SNF All Owners raw ownership file,,No additional official web source attached in this pass; owner name carried directly from the CMS raw ownership snapshot.,2025,2026,2025,2026,2,2025-10-01,2026-03-02,CMS SNF_All_Owners association date,,,,,2025-09-01,CARI CHAPLIN BOARD MEMBER|ANTONIO MIRAMONTES BOARD MEMBER|FOCUSED POST ACUTE CARE PARTNERS II LLC|FPACP MIDLAND|MARK S MCKENZIE AUTHORIZED OFFICIAL|MARK S MCKENZIE FACILITY ADMINISTRATOR|MARK S MCKENZIE MANAGER AND AUTHORIZED REPRESENT|MARK S MCKENZIE CEO OF FOCUSED POST ACUTE CARE P|DAVID GRIMES BOARD MEMBER|PAUL R MEYERS CHIEF EXECUTIVE OFFICER AND AUTH|SHAWN L CONLEY CFO OF CONTRACTED MANAGEMENT COM|SHAWN L CONLEY CFO OF MANAGEMENT COMPANY AND IT|DWAINE TOMLIN BOARD MEMBER|JEFFREY BEARD BOARD PRESIDENT|MIDLAND COUNTY HOSPITAL DISTRICT|LORETTA STRUBBE COO OF CONTRACTED MANAGEMENT COM|LORETTA STRUBBE COO OF MANAGEMENT COMPANY AND IT|TRACIE GREENE BOARD MEMBER,1
015120,"NHC HEALTHCARE, ANNISTON",AL,control,NATIONAL HEALTHCARE CORPORATION,NHC-OP LP,same_snapshot_owner_fallback,NHC-OP LP,National HealthCare Corporation,operator_company,no,National HealthCare Corporation annual report,https://nhccare.com/wp-content/uploads/2025/07/Annual-Report-for-Website.pdf,NHC's annual report describes the company as an operator of skilled nursing and senior health care facilities.,medium,2025|2026,2002-01-01,CMS owner association date,2002-01-01,,,NATIONAL HEALTH CORPORATION|NATIONAL HEALTHCARE CORPORATION,True,same_owner_already_visible_pre_reit,NHC-OP LP,NHC-OP LP,cms_raw_owner_file_only,CMS SNF All Owners raw ownership file,,No additional official web source attached in this pass; owner name carried directly from the CMS raw ownership snapshot.,2025,2026,2025,2026,2,2025-10-01,2026-03-02,CMS SNF_All_Owners association date,,,,,2025-09-01,ROBERT M USSERY|CHARLES BIDWELL|NATIONAL HEALTH CORPORATION|KEELY STALLINGS|NHC-OP LP|NATIONAL HEALTHCARE CORPORATION,23
015128,"NHC HEALTHCARE, MOULTON",AL,control,NATIONAL HEALTHCARE CORPORATION,NHC-OP LP,same_snapshot_owner_fallback,NHC-OP LP,National HealthCare Corporation,operator_company,no,National HealthCare Corporation annual report,https://nhccare.com/wp-content/uploads/2025/07/Annual-Report-for-Website.pdf,NHC's annual report describes the company as an operator of skilled nursing and senior health care facilities.,medium,2025|2026,2001-01-01,CMS owner association date,2001-01-01,,,NATIONAL HEALTH CORPORATION|NATIONAL HEALTHCARE CORPORATION,True,same_owner_already_visible_pre_reit,NHC-OP LP,NHC-OP LP,cms_raw_owner_file_only,CMS SNF All Owners raw ownership file,,No additional official web source attached in this pass; owner name carried directly from the CMS raw ownership snapshot.,2025,2026,2025,2026,2,2025-09-01,2026-03-02,CMS SNF_All_Owners association date,,,,,2025-08-01,ROBERT M USSERY|NATIONAL HEALTH CORPORATION|KAITLIN BAILEY|DERYL JOHNSON|NHC-OP LP|NATIONAL HEALTHCARE CORPORATION,23
185093,"NHC Healthcare, Glasgow",KY,control,NATIONAL HEALTHCARE CORPORATION,NHC-OP LP,same_snapshot_owner_fallback,NHC-OP LP,National HealthCare Corporation,operator_company,no,National HealthCare Corporation annual report,https://nhccare.com/wp-content/uploads/2025/07/Annual-Report-for-Website.pdf,NHC's annual report describes the company as an operator of skilled nursing and senior health care facilities.,medium,2025|2026,2000-06-01,CMS owner association date,2000-06-01,,,NATIONAL HEALTH CORPORATION|NATIONAL HEALTHCARE CORPORATION,True,same_owner_already_visible_pre_reit,NHC-OP LP,NHC-OP LP,cms_raw_owner_file_only,CMS SNF All Owners raw ownership file,,No additional official web source attached in this pass; owner name carried directly from the CMS raw ownership snapshot.,2025,2026,2025,2026,2,2025-08-01,2026-03-02,CMS SNF_All_Owners association date,,,,,2025-07-01,TIMOTHY SHELLY|NATIONAL HEALTH CORPORATION|DENISE BILLINGSLEY|NHC-OP LP|NATIONAL HEALTHCARE CORPORATION,23
265158,"NHC HEALTHCARE, DESLOGE",MO,control,NATIONAL HEALTHCARE CORPORATION,NHC-OP LP,same_snapshot_owner_fallback,NHC-OP LP,National HealthCare Corporation,operator_company,no,National HealthCare Corporation annual report,https://nhccare.com/wp-content/uploads/2025/07/Annual-Report-for-Website.pdf,NHC's annual report describes the company as an operator of skilled nursing and senior health care facilities.,medium,2025|2026,2000-02-01,CMS owner association date,2000-02-01,,,NATIONAL HEALTH CORPORATION|NATIONAL HEALTHCARE CORPORATION,True,same_owner_already_visible_pre_reit,NHC-OP LP,NHC-OP LP,cms_raw_owner_file_only,CMS SNF All Owners raw ownership file,,No additional official web source attached in this pass; owner name carried directly from the CMS raw ownership snapshot.,2025,2026,2025,2026,2,2025-09-01,2026-03-02,CMS SNF_All_Owners association date,,,,,2025-08-01,ROBERT M USSERY|ZACHARY ANDERSON|NATIONAL HEALTH CORPORATION|MELVIN RECTOR|NHC-OP LP|NATIONAL HEALTHCARE CORPORATION,23
265175,"NHC HEALTHCARE, JOPLIN",MO,control,NATIONAL HEALTHCARE CORPORATION,NHC-OP LP,same_snapshot_owner_fallback,NHC-OP LP,National HealthCare Corporation,operator_company,no,National HealthCare Corporation annual report,https://nhccare.com/wp-content/uploads/2025/07/Annual-Report-for-Website.pdf,NHC's annual report describes the company as an operator of skilled nursing and senior health care facilities.,medium,2025|2026,2000-02-01,CMS owner association date,2000-02-01,,,NATIONAL HEALTH CORPORATION|NATIONAL HEALTHCARE CORPORATION,True,same_owner_already_visible_pre_reit,NHC-OP LP,NHC-OP LP,cms_raw_owner_file_only,CMS SNF All Owners raw ownership file,,No additional official web source attached in this pass; owner name carried directly from the CMS raw ownership snapshot.,2025,2026,2025,2026,2,2025-09-01,2026-03-02,CMS SNF_All_Owners association date,,,,,2025-08-01,ROBERT M USSERY|NATIONAL HEALTH CORPORATION|MELVIN RECTOR|STEPHEN BURISH|NHC-OP LP|NATIONAL HEALTHCARE CORPORATION,23
265168,"NHC HEALTHCARE, KENNETT",MO,control,NATIONAL HEALTHCARE CORPORATION,NHC-OP LP,same_snapshot_owner_fallback,NHC-OP LP,National HealthCare Corporation,operator_company,no,National HealthCare Corporation annual report,https://nhccare.com/wp-content/uploads/2025/07/Annual-Report-for-Website.pdf,NHC's annual report describes the company as an operator of skilled nursing and senior health care facilities.,medium,2025|2026,1982-05-01,CMS owner association date,1982-05-01,,,NATIONAL HEALTH CORPORATION|NATIONAL HEALTHCARE CORPORATION,True,same_owner_already_visible_pre_reit,NHC-OP LP,NHC-OP LP,cms_raw_owner_file_only,CMS SNF All Owners raw ownership file,,No additional official web source attached in this pass; owner name carried directly from the CMS raw ownership snapshot.,2025,2026,2025,2026,2,2025-09-01,2026-03-02,CMS SNF_All_Owners association date,,,,,2025-08-01,ROBERT M USSERY|NATIONAL HEALTH CORPORATION|MELVIN RECTOR|JESSICA BADER|NHC-OP LP|NATIONAL HEALTHCARE CORPORATION,23
265318,"NHC HEALTHCARE, MARYLAND HEIGHTS",MO,control,NATIONAL HEALTHCARE CORPORATION,NHC-OP LP,same_snapshot_owner_fallback,NHC-OP LP,National HealthCare Corporation,operator_company,no,National HealthCare Corporation annual report,https://nhccare.com/wp-content/uploads/2025/07/Annual-Report-for-Website.pdf,NHC's annual report describes the company as an operator of skilled nursing and senior health care facilities.,medium,2025|2026,2000-02-01,CMS owner association date,2000-02-01,,,NATIONAL HEALTH CORPORATION|NATIONAL HEALTHCARE CORPORATION,True,same_owner_already_visible_pre_reit,NHC-OP LP,NHC-OP LP,cms_raw_owner_file_only,CMS SNF All Owners raw ownership file,,No additional official web source attached in this pass; owner name carried directly from the CMS raw ownership snapshot.,2025,2026,2025,2026,2,2025-12-02,2026-03-02,CMS SNF_All_Owners association date,,,,,2025-11-06,ROBERT M USSERY|NATIONAL HEALTH CORPORATION|MELVIN RECTOR|SUSAN TAYLOR|NHC-OP LP|NATIONAL HEALTHCARE CORPORATION,23
425052,NHC HealthCare - Anderson,SC,control,NATIONAL HEALTHCARE CORPORATION,NHC-OP LP,same_snapshot_owner_fallback,NHC-OP LP,National HealthCare Corporation,operator_company,no,National HealthCare Corporation annual report,https://nhccare.com/wp-content/uploads/2025/07/Annual-Report-for-Website.pdf,NHC's annual report describes the company as an operator of skilled nursing and senior health care facilities.,medium,2025|2026,2000-07-01,CMS owner association date,2000-07-01,,,NATIONAL HEALTH CORPORATION|NATIONAL HEALTHCARE CORPORATION,True,same_owner_already_visible_pre_reit,NHC-OP LP,NHC-OP LP,cms_raw_owner_file_only,CMS SNF All Owners raw ownership file,,No additional official web source attached in this pass; owner name carried directly from the CMS raw ownership snapshot.,2025,2026,2025,2026,2,2025-09-01,2026-03-02,CMS SNF_All_Owners association date,,,,,2025-08-01,HEATH HILL|ROBERT M USSERY|NATIONAL HEALTH CORPORATION|BRADLEY MOORHOUSE|NHC-OP LP|NATIONAL HEALTHCARE CORPORATION,23
425054,NHC Healthcare - Laurens,SC,control,NATIONAL HEALTHCARE CORPORATION,NHC-OP LP,same_snapshot_owner_fallback,NHC-OP LP,National HealthCare Corporation,operator_company,no,National HealthCare Corporation annual report,https://nhccare.com/wp-content/uploads/2025/07/Annual-Report-for-Website.pdf,NHC's annual report describes the company as an operator of skilled nursing and senior health care facilities.,medium,2025|2026,2000-07-01,CMS owner association date,2000-07-01,,,NATIONAL HEALTH CORPORATION|NATIONAL HEALTHCARE CORPORATION,True,same_owner_already_visible_pre_reit,NHC-OP LP,NHC-OP LP,cms_raw_owner_file_only,CMS SNF All Owners raw ownership file,,No additional official web source attached in this pass; owner name carried directly from the CMS raw ownership snapshot.,2025,2026,2025,2026,2,2025-09-01,2026-03-02,CMS SNF_All_Owners association date,,,,,2025-08-01,RICKIE SHEARER ADMINISTRATOR|ROBERT M USSERY|NATIONAL HEALTH CORPORATION|BRADLEY MOORHOUSE|NHC-OP LP|NATIONAL HEALTHCARE CORPORATION,23
445013,"NHC HEALTHCARE, CHATTANOOGA",TN,control,NATIONAL HEALTHCARE CORPORATION,NHC-OP LP,same_snapshot_owner_fallback,NHC-OP LP,National HealthCare Corporation,operator_company,no,National HealthCare Corporation annual report,https://nhccare.com/wp-content/uploads/2025/07/Annual-Report-for-Website.pdf,NHC's annual report describes the company as an operator of skilled nursing and senior health care facilities.,medium,2025|2026,2000-07-01,CMS owner association date,2000-07-01,,,NATIONAL HEALTH CORPORATION|NATIONAL HEALTHCARE CORPORATION,True,same_owner_already_visible_pre_reit,NHC-OP LP,NHC-OP LP,cms_raw_owner_file_only,CMS SNF All Owners raw ownership file,,No additional official web source attached in this pass; owner name carried directly from the CMS raw ownership snapshot.,2025,2026,2025,2026,2,2025-07-01,2026-03-02,CMS SNF_All_Owners association date,,,,,2025-06-02,ROBERT M USSERY|NATIONAL HEALTH CORPORATION|GREGORY BIDWELL|ANTHONY J RAFFA|NHC-OP LP|NATIONAL HEALTHCARE CORPORATION,23
445004,"NHC HEALTHCARE, DICKSON",TN,control,NATIONAL HEALTHCARE CORPORATION,NHC-OP LP,same_snapshot_owner_fallback,NHC-OP LP,National HealthCare Corporation,operator_company,no,National HealthCare Corporation annual report,https://nhccare.com/wp-content/uploads/2025/07/Annual-Report-for-Website.pdf,NHC's annual report describes the company as an operator of skilled nursing and senior health care facilities.,medium,2025|2026,2000-07-01,CMS owner association date,2000-07-01,,,NATIONAL HEALTH CORPORATION|NATIONAL HEALTHCARE CORPORATION,True,same_owner_already_visible_pre_reit,NHC-OP LP,NHC-OP LP,cms_raw_owner_file_only,CMS SNF All Owners raw ownership file,,No additional official web source attached in this pass; owner name carried directly from the CMS raw ownership snapshot.,2025,2026,2025,2026,2,2025-07-01,2026-03-02,CMS SNF_All_Owners association date,,,,,2025-06-02,ROBERT M USSERY|CHARLES BIDWELL|NATIONAL HEALTH CORPORATION|NHC-OP LP|NATIONAL HEALTHCARE CORPORATION|BRANDON VINCENT,23
445127,"NHC HEALTHCARE, FRANKLIN",TN,control,NATIONAL HEALTHCARE CORPORATION,NHC-OP LP,same_snapshot_owner_fallback,NHC-OP LP,National HealthCare Corporation,operator_company,no,National HealthCare Corporation annual report,https://nhccare.com/wp-content/uploads/2025/07/Annual-Report-for-Website.pdf,NHC's annual report describes the company as an operator of skilled nursing and senior health care facilities.,medium,2025|2026,2000-07-01,CMS owner association date,2000-07-01,,,NATIONAL HEALTH CORPORATION|NATIONAL HEALTHCARE CORPORATION,True,same_owner_already_visible_pre_reit,NHC-OP LP,NHC-OP LP,cms_raw_owner_file_only,CMS SNF All Owners raw ownership file,,No additional official web source attached in this pass; owner name carried directly from the CMS raw ownership snapshot.,2025,2026,2025,2026,2,2025-08-01,2026-03-02,CMS SNF_All_Owners association date,,,,,2025-07-01,TIMOTHY SHELLY|ROBERT M USSERY|NATIONAL HEALTH CORPORATION|STEPHEN FLATT|NHC-OP LP|NATIONAL HEALTHCARE CORPORATION|CHELSEY F NORRIS,23
445191,"NHC HEALTHCARE, HENDERSONVILLE",TN,control,NATIONAL HEALTHCARE CORPORATION,NHC-OP LP,same_snapshot_owner_fallback,NHC-OP LP,National HealthCare Corporation,operator_company,no,National HealthCare Corporation annual report,https://nhccare.com/wp-content/uploads/2025/07/Annual-Report-for-Website.pdf,NHC's annual report describes the company as an operator of skilled nursing and senior health care facilities.,medium,2025|2026,2000-07-01,CMS owner association date,2000-07-01,,,TIMOTHY SHELLY MANAGER OF LLC|NATIONAL HEALTH CORPORATION|NATIONAL HEALTHCARE CORPORATION,True,same_owner_already_visible_pre_reit,NHC-OP LP,NHC-OP LP,cms_raw_owner_file_only,CMS SNF All Owners raw ownership file,,No additional official web source attached in this pass; owner name carried directly from the CMS raw ownership snapshot.,2025,2026,2025,2026,2,2025-08-01,2026-03-02,CMS SNF_All_Owners association date,,,,,2025-07-01,TIMOTHY SHELLY MANAGER OF LLC|ROBERT M USSERY|NATIONAL HEALTH CORPORATION|DAILEY HILL|NHC-OP LP|NATIONAL HEALTHCARE CORPORATION,23
445024,"NHC HEALTHCARE, JOHNSON CITY",TN,control,NATIONAL HEALTHCARE CORPORATION,NHC-OP LP,same_snapshot_owner_fallback,NHC-OP LP,National HealthCare Corporation,operator_company,no,National HealthCare Corporation annual report,https://nhccare.com/wp-content/uploads/2025/07/Annual-Report-for-Website.pdf,NHC's annual report describes the company as an operator of skilled nursing and senior health care facilities.,medium,2025|2026,2000-07-01,CMS owner association date,2000-07-01,,,NATIONAL HEALTH CORPORATION|HOWARD NASON JR. MANAGER OF LLC|NATIONAL HEALTHCARE CORPORATION,True,same_owner_already_visible_pre_reit,NHC-OP LP,NHC-OP LP,cms_raw_owner_file_only,CMS SNF All Owners raw ownership file,,No additional official web source attached in this pass; owner name carried directly from the CMS raw ownership snapshot.,2025,2026,2025,2026,2,2025-09-01,2026-03-02,CMS SNF_All_Owners association date,,,,,2025-08-01,ROBERT M USSERY|NATIONAL HEALTH CORPORATION|TYLER WILLIAMS ADMINISTRATOR|HOWARD NASON JR. MANAGER OF LLC|NHC-OP LP|NATIONAL HEALTHCARE CORPORATION,23
445094,"NHC HEALTHCARE, LEWISBURG",TN,control,NATIONAL HEALTHCARE CORPORATION,NHC-OP LP,same_snapshot_owner_fallback,NHC-OP LP,National HealthCare Corporation,operator_company,no,National HealthCare Corporation annual report,https://nhccare.com/wp-content/uploads/2025/07/Annual-Report-for-Website.pdf,NHC's annual report describes the company as an operator of skilled nursing and senior health care facilities.,medium,2025|2026,2000-07-01,CMS owner association date,2000-07-01,,,NATIONAL HEALTH CORPORATION|NATIONAL HEALTHCARE CORPORATION,True,same_owner_already_visible_pre_reit,NHC-OP LP,NHC-OP LP,cms_raw_owner_file_only,CMS SNF All Owners raw ownership file,,No additional official web source attached in this pass; owner name carried directly from the CMS raw ownership snapshot.,2025,2026,2025,2026,2,2025-10-01,2026-03-02,CMS SNF_All_Owners association date,,,,,2025-09-01,ROBERT M USSERY|CHARLES BIDWELL|NATIONAL HEALTH CORPORATION|DERRICK SCOTT|NHC-OP LP|NATIONAL HEALTHCARE CORPORATION,23
445076,"NHC HEALTHCARE, MCMINNVILLE",TN,control,NATIONAL HEALTHCARE CORPORATION,NHC-OP LP,same_snapshot_owner_fallback,NHC-OP LP,National HealthCare Corporation,operator_company,no,National HealthCare Corporation annual report,https://nhccare.com/wp-content/uploads/2025/07/Annual-Report-for-Website.pdf,NHC's annual report describes the company as an operator of skilled nursing and senior health care facilities.,medium,2025|2026,2000-07-01,CMS owner association date,2000-07-01,,,NATIONAL HEALTH CORPORATION|NATIONAL HEALTHCARE CORPORATION,True,same_owner_already_visible_pre_reit,NHC-OP LP,NHC-OP LP,cms_raw_owner_file_only,CMS SNF All Owners raw ownership file,,No additional official web source attached in this pass; owner name carried directly from the CMS raw ownership snapshot.,2025,2026,2025,2026,2,2025-07-01,2026-03-02,CMS SNF_All_Owners association date,,,,,2025-06-02,BENJAMIN J. HOLLAND ADMINISTRATOR|ROBERT M USSERY PRESIDENT OF CHAIN HOME OFFICE|NATIONAL HEALTH CORPORATION|GREGORY BIDWELL|NHC-OP LP|NATIONAL HEALTHCARE CORPORATION,23
445069,"NHC HEALTHCARE, MILAN",TN,control,NATIONAL HEALTHCARE CORPORATION,NHC-OP LP,same_snapshot_owner_fallback,NHC-OP LP,National HealthCare Corporation,operator_company,no,National HealthCare Corporation annual report,https://nhccare.com/wp-content/uploads/2025/07/Annual-Report-for-Website.pdf,NHC's annual report describes the company as an operator of skilled nursing and senior health care facilities.,medium,2025|2026,2000-07-01,CMS owner association date,2000-07-01,,,NATIONAL HEALTH CORPORATION|NATIONAL HEALTHCARE CORPORATION,True,same_owner_already_visible_pre_reit,NHC-OP LP,NHC-OP LP,cms_raw_owner_file_only,CMS SNF All Owners raw ownership file,,No additional official web source attached in this pass; owner name carried directly from the CMS raw ownership snapshot.,2025,2026,2025,2026,2,2025-12-02,2026-03-02,CMS SNF_All_Owners association date,,,,,2025-11-06,ROBERT M USSERY|PATRICK MCHALE|CHARLES BIDWELL|NATIONAL HEALTH CORPORATION|NHC-OP LP|NATIONAL HEALTHCARE CORPORATION,23
445101,"NHC HEALTHCARE, PULASKI",TN,control,NATIONAL HEALTHCARE CORPORATION,NHC-OP LP,same_snapshot_owner_fallback,NHC-OP LP,National HealthCare Corporation,operator_company,no,National HealthCare Corporation annual report,https://nhccare.com/wp-content/uploads/2025/07/Annual-Report-for-Website.pdf,NHC's annual report describes the company as an operator of skilled nursing and senior health care facilities.,medium,2025|2026,2000-07-01,CMS owner association date,2000-07-01,,,NATIONAL HEALTH CORPORATION|NATIONAL HEALTHCARE CORPORATION,True,same_owner_already_visible_pre_reit,NHC-OP LP,NHC-OP LP,cms_raw_owner_file_only,CMS SNF All Owners raw ownership file,,No additional official web source attached in this pass; owner name carried directly from the CMS raw ownership snapshot.,2025,2026,2025,2026,2,2025-09-01,2026-03-02,CMS SNF_All_Owners association date,,,,,2025-08-01,ROBERT M USSERY|CHARLES BIDWELL|NATIONAL HEALTH CORPORATION|DOUGLAS WONG|NHC-OP LP|NATIONAL HEALTHCARE CORPORATION,23
445117,"NHC HEALTHCARE, SCOTT",TN,control,NATIONAL HEALTHCARE CORPORATION,NHC-OP LP,same_snapshot_owner_fallback,NHC-OP LP,National HealthCare Corporation,operator_company,no,National HealthCare Corporation annual report,https://nhccare.com/wp-content/uploads/2025/07/Annual-Report-for-Website.pdf,NHC's annual report describes the company as an operator of skilled nursing and senior health care facilities.,medium,2025|2026,2000-07-01,CMS owner association date,2000-07-01,,,NATIONAL HEALTH CORPORATION|NATIONAL HEALTHCARE CORPORATION,True,same_owner_already_visible_pre_reit,NHC-OP LP,NHC-OP LP,cms_raw_owner_file_only,CMS SNF All Owners raw ownership file,,No additional official web source attached in this pass; owner name carried directly from the CMS raw ownership snapshot.,2025,2026,2025,2026,2,2025-12-02,2026-03-02,CMS SNF_All_Owners association date,,,,,2025-11-06,ROBERT M USSERY|NATIONAL HEALTH CORPORATION|JASON JONES ADMINISTRATOR|DERYL JOHNSON|NHC-OP LP|NATIONAL HEALTHCARE CORPORATION,23
445126,"NHC HEALTHCARE, SEQUATCHIE",TN,control,NATIONAL HEALTHCARE CORPORATION,NHC-OP LP,same_snapshot_owner_fallback,NHC-OP LP,National HealthCare Corporation,operator_company,no,National HealthCare Corporation annual report,https://nhccare.com/wp-content/uploads/2025/07/Annual-Report-for-Website.pdf,NHC's annual report describes the company as an operator of skilled nursing and senior health care facilities.,medium,2025|2026,2000-07-01,CMS owner association date,2000-07-01,,,NATIONAL HEALTH CORPORATION|NATIONAL HEALTHCARE CORPORATION,True,same_owner_already_visible_pre_reit,NHC-OP LP,NHC-OP LP,cms_raw_owner_file_only,CMS SNF All Owners raw ownership file,,No additional official web source attached in this pass; owner name carried directly from the CMS raw ownership snapshot.,2025,2026,2025,2026,2,2025-08-01,2026-03-02,CMS SNF_All_Owners association date,,,,,2025-07-01,ROBERT M USSERY|NATIONAL HEALTH CORPORATION|GREGORY BIDWELL|RANDY REYNOLDS|NHC-OP LP|NATIONAL HEALTHCARE CORPORATION,23
445116,"NHC HEALTHCARE, SMITHVILLE",TN,control,NATIONAL HEALTHCARE CORPORATION,NHC-OP LP,same_snapshot_owner_fallback,NHC-OP LP,National HealthCare Corporation,operator_company,no,National HealthCare Corporation annual report,https://nhccare.com/wp-content/uploads/2025/07/Annual-Report-for-Website.pdf,NHC's annual report describes the company as an operator of skilled nursing and senior health care facilities.,medium,2025|2026,2000-07-01,CMS owner association date,2000-07-01,,,NATIONAL HEALTH CORPORATION|NATIONAL HEALTHCARE CORPORATION,True,same_owner_already_visible_pre_reit,NHC-OP LP,NHC-OP LP,cms_raw_owner_file_only,CMS SNF All Owners raw ownership file,,No additional official web source attached in this pass; owner name carried directly from the CMS raw ownership snapshot.,2025,2026,2025,2026,2,2025-07-01,2026-03-02,CMS SNF_All_Owners association date,,,,,2025-06-02,ROBERT M USSERY|NATIONAL HEALTH CORPORATION|GREGORY BIDWELL|RYAN VADEN|NHC-OP LP|NATIONAL HEALTHCARE CORPORATION,23
445119,"NHC HEALTHCARE, SOMERVILLE",TN,control,NATIONAL HEALTHCARE CORPORATION,NHC-OP LP,same_snapshot_owner_fallback,NHC-OP LP,National HealthCare Corporation,operator_company,no,National HealthCare Corporation annual report,https://nhccare.com/wp-content/uploads/2025/07/Annual-Report-for-Website.pdf,NHC's annual report describes the company as an operator of skilled nursing and senior health care facilities.,medium,2025|2026,2000-07-01,CMS owner association date,2000-07-01,,,NATIONAL HEALTH CORPORATION|NATIONAL HEALTHCARE CORPORATION,True,same_owner_already_visible_pre_reit,NHC-OP LP,NHC-OP LP,cms_raw_owner_file_only,CMS SNF All Owners raw ownership file,,No additional official web source attached in this pass; owner name carried directly from the CMS raw ownership snapshot.,2025,2026,2025,2026,2,2025-10-01,2026-03-02,CMS SNF_All_Owners association date,,,,,2025-09-01,ROBERT M USSERY|CHARLES BIDWELL|NATIONAL HEALTH CORPORATION|JANET HUNT|NHC-OP LP|NATIONAL HEALTHCARE CORPORATION,23
445130,"NHC HEALTHCARE, SPARTA",TN,control,NATIONAL HEALTHCARE CORPORATION,NHC-OP LP,same_snapshot_owner_fallback,NHC-OP LP,National HealthCare Corporation,operator_company,no,National HealthCare Corporation annual report,https://nhccare.com/wp-content/uploads/2025/07/Annual-Report-for-Website.pdf,NHC's annual report describes the company as an operator of skilled nursing and senior health care facilities.,medium,2025|2026,2000-07-01,CMS owner association date,2000-07-01,,,NATIONAL HEALTH CORPORATION|NATIONAL HEALTHCARE CORPORATION,True,same_owner_already_visible_pre_reit,NHC-OP LP,NHC-OP LP,cms_raw_owner_file_only,CMS SNF All Owners raw ownership file,,No additional official web source attached in this pass; owner name carried directly from the CMS raw ownership snapshot.,2025,2026,2025,2026,2,2025-07-01,2026-03-02,CMS SNF_All_Owners association date,,,,,2025-06-02,ROBERT M USSERY|NATIONAL HEALTH CORPORATION|GREGORY BIDWELL|BRENNAN PEARSON|NHC-OP LP|NATIONAL HEALTHCARE CORPORATION,23
115718,MARSH'S EDGE,GA,control,SENIOR LIVING COMMUNITIES,SENIOR LIVING COMMUITIES LLC,same_snapshot_owner_fallback,SENIOR LIVING COMMUITIES LLC,"Senior Living Communities, LLC",operator_company,no,Senior Living Communities official FAQs,https://senior-living-communities.com/about/faqs/,Senior Living Communities describes itself as a company that owns and operates senior living communities.,medium,2025|2026,2008-05-25,CMS owner association date,2008-05-25,,,,True,same_owner_already_visible_pre_reit,SENIOR LIVING COMMUITIES LLC,SENIOR LIVING COMMUITIES LLC,cms_raw_owner_file_only,CMS SNF All Owners raw ownership file,,No additional official web source attached in this pass; owner name carried directly from the CMS raw ownership snapshot.,2025,2026,2025,2026,2,2025-04-01,2026-03-02,CMS SNF_All_Owners association date,,,,,2025-02-28,BRENDA THOMPSON|DONALD THOMPSON|DONALD THOMPSON CEO|DAVID JACKSON|SENIOR LIVING COMMUITIES LLC|CHRIS THORPE EXECUTIVE DIRECTOR|DENISE NEZBETH,2
425392,Linville Court At The Cascades Verdae,SC,control,SENIOR LIVING COMMUNITIES,SENIOR LIVING COMMUITIES LLC,same_snapshot_owner_fallback,SENIOR LIVING COMMUITIES LLC,"Senior Living Communities, LLC",operator_company,no,Senior Living Communities official FAQs,https://senior-living-communities.com/about/faqs/,Senior Living Communities describes itself as a company that owns and operates senior living communities.,medium,2025|2026,2010-03-31,CMS owner association date,2010-03-31,,,BANYAN GREENVILLE LLC,True,same_owner_already_visible_pre_reit,SENIOR LIVING COMMUITIES LLC,SENIOR LIVING COMMUITIES LLC,cms_raw_owner_file_only,CMS SNF All Owners raw ownership file,,No additional official web source attached in this pass; owner name carried directly from the CMS raw ownership snapshot.,2025,2026,2025,2026,2,2025-12-02,2026-03-02,CMS SNF_All_Owners association date,,,,,2025-11-06,BANYAN GREENVILLE LLC|BRENDA THOMPSON|DONALD THOMPSON|DAVID JACKSON|SENIOR LIVING COMMUITIES LLC,2
365077,MONTEREY CARE CENTER,OH,control,OPTALIS HEALTH & REHABILITATION,SPTMISC PROPERTIES TRUST,named_reit_owner_row,SPTMISC PROPERTIES TRUST,SPTMISC PROPERTIES TRUST,private_trust_or_individual_vehicle,no,CMS owner entity name,,Owner entity is a private trust rather than a REIT.,low,2025|2026,2022-06-01,CMS owner association date,2022-06-01,,,"JOHN C DUNN VP OF OPERATIONS, COO|MACINTOSH MANAGEMENT COMPANY LLC|ASHLEE SIZEMORE DIRECTOR OF NURSING|AHTRUM INC",False,different_named_entities_in_pre_reit_snapshot,SPTMISC PROPERTIES TRUST,SPTMISC PROPERTIES TRUST,cms_raw_owner_file_only,CMS SNF All Owners raw ownership file,,No additional official web source attached in this pass; owner name carried directly from the CMS raw ownership snapshot.,2025,2026,2025,2026,2,2025-09-01,2026-03-02,CMS SNF_All_Owners association date,,,,,2025-08-01,"JOHN C DUNN VP OF OPERATIONS, COO|JOHN C DUNN|ABEL QUINTERO LNHA|MAURA MILLER|MAURA MILLER CEO|MAURA MILLER PRESIDENT, CEO|CURT ANDERSON PRESIDENT AND CFO|CURT ANDERSON|MACINTOSH MANAGEMENT COMPANY LLC|ASHLEE SIZEMORE DIRECTOR OF NURSING|AHTRUM INC",1
455936,FOCUSED CARE AT LAMESA,TX,control,FOCUSED POST ACUTE CARE PARTNERS,STRATFORD HOSPITAL DISTRICT,same_snapshot_owner_fallback,STRATFORD HOSPITAL DISTRICT,STRATFORD HOSPITAL DISTRICT,hospital_system,no,CMS owner entity name,,Owner entity is a hospital or hospital-related organization.,low,2025|2026,2016-11-27,CMS owner association date,2016-11-27,,,FOCUSED POST ACUTE CARE PARTNERS II LLC|SHAWN L CONLEY CFO OF MNGT COMPANY|LORETTA STRUBBE COO OF CONT MNGMT COMPANY|FPACP LAMESA LLC,True,same_owner_already_visible_pre_reit,STRATFORD HOSPITAL DISTRICT,STRATFORD HOSPITAL DISTRICT,cms_raw_owner_file_only,CMS SNF All Owners raw ownership file,,No additional official web source attached in this pass; owner name carried directly from the CMS raw ownership snapshot.,2025,2026,2025,2026,2,2025-06-02,2026-03-02,CMS SNF_All_Owners association date,,,,,2025-05-01,WALTER SPURLOCK|STRATFORD HOSPITAL DISTRICT|EDDIE C METCALF BOARD VICE PRESIDENT|FOCUSED POST ACUTE CARE PARTNERS II LLC|MARK S MCKENZIE AUTHORIZED REPRESENTATIVE|MARK S MCKENZIE CEO OF MNGT COM AND ITS COR PARE|JANET M REINART BOARD SECRETARY|SHAWN L CONLEY CFO OF CONT MANAGEMENT COM|SHAWN L CONLEY CFO OF MNGT COMPANY|RICHARD L CHUMLEY BOARD PRESIDENT|LORETTA STRUBBE COO OF CONT MNGMT COMPANY|LORETTA STRUBBE COO OF CONT MNGMT COMP AND ITS C|FPACP LAMESA LLC|CURTIS SCOTT JOHNSON INTERIM CEO|CURTIS SCOTT JOHNSON DISTRICT ADMINISTRATOR|MARSHA L WRIGHT BOARD MEMBER|LAURA DAVIS CEO,1
065435,"AHC OF LAKEWOOD, LLC",CO,control,ADVANCED HEALTH CARE,"THE BRYAN MILLER UTAH DYNASTY TRUST DATED APRIL 22, 2014",named_reit_owner_row,"THE BRYAN MILLER UTAH DYNASTY TRUST DATED APRIL 22, 2014","THE BRYAN MILLER UTAH DYNASTY TRUST DATED APRIL 22, 2014",private_trust_or_individual_vehicle,no,CMS owner entity name,,Owner entity is a private trust rather than a REIT.,low,2025|2026,2024-01-01,CMS owner association date,2024-01-01,,,"ADVANCED HEALTH CARE - LARRY H MILLER CORPORATION|NEW AHC HOLDINGS, LLC|THE G&H MILLER UTAH TRUST DATED FEBRUARY 26, 2019|THE GAIL MILLER GST TRUST|THE KAREN GAIL MILLER IRREVOCABLE TRUST FOR THE BENEFIT OF KAREN R. WI|THE MILLER UTAH TRUST, DATED AUGUST 22, 2019|THE RNC OPPORTUNITY TRUST",True,same_owner_already_visible_pre_reit,"THE BRYAN MILLER UTAH DYNASTY TRUST DATED APRIL 22, 2014","THE BRYAN MILLER UTAH DYNASTY TRUST DATED APRIL 22, 2014",cms_raw_owner_file_only,CMS SNF All Owners raw ownership file,,No additional official web source attached in this pass; owner name carried directly from the CMS raw ownership snapshot.,2025,2026,2025,2026,2,2025-07-01,2026-03-02,CMS SNF_All_Owners association date,,,,,2025-06-02,"KAREN GAIL MILLER IRREV TR FBO ZANE MILLER|MAURICIO WAINTRUB MEDICAL DIRECTOR|ADVANCED HEALTH CARE - LARRY H MILLER CORPORATION|NEW AHC HOLDINGS, LLC|THE BRYAN MILLER UTAH DYNASTY TRUST DATED APRIL 22, 2014|THE G&H MILLER UTAH TRUST DATED FEBRUARY 26, 2019|THE GAIL MILLER GST TRUST|THE KAREN GAIL MILLER IRREVOCABLE TRUST FOR THE BENEFIT OF KAREN R. WI|THE MILLER UTAH TRUST, DATED AUGUST 22, 2019|DEBORAH BARNES AD;|THE RNC OPPORTUNITY TRUST|NATHAN C OXNAM PRESIDENT",1
295096,ADVANCED HEALTH CARE OF RENO,NV,control,ADVANCED HEALTH CARE,"THE G&H MILLER UTAH TRUST DATED FEBRUARY 26, 2019",named_reit_owner_row,"THE G&H MILLER UTAH TRUST DATED FEBRUARY 26, 2019","THE G&H MILLER UTAH TRUST DATED FEBRUARY 26, 2019",private_trust_or_individual_vehicle,no,CMS owner entity name,,Owner entity is a private trust rather than a REIT.,low,2025|2026,2024-01-01,CMS owner association date,2024-01-01,,,"ADVANCED HEALTH CARE - LARRY H MILLER CORPORATION|NEW AHC HOLDINGS, LLC|THE BRYAN MILLER UTAH DYNASTY TRUST DATED APRIL 22, 2014|THE GAIL MILLER GST TRUST|THE KAREN GAIL MILLER IRREVOCABLE TRUST FOR THE BENEFIT OF KAREN R. WI|THE MILLER UTAH TRUST, DATED AUGUST 22, 2019|THE RNC OPPORTUNITY TRUST",True,same_owner_already_visible_pre_reit,"THE G&H MILLER UTAH TRUST DATED FEBRUARY 26, 2019","THE G&H MILLER UTAH TRUST DATED FEBRUARY 26, 2019",cms_raw_owner_file_only,CMS SNF All Owners raw ownership file,,No additional official web source attached in this pass; owner name carried directly from the CMS raw ownership snapshot.,2025,2026,2025,2026,2,2025-07-01,2026-03-02,CMS SNF_All_Owners association date,,,,,2025-06-02,"KAREN GAIL MILLER IRREV TR FBO ZANE MILLER|ADVANCED HEALTH CARE - LARRY H MILLER CORPORATION|NEW AHC HOLDINGS, LLC|THE BRYAN MILLER UTAH DYNASTY TRUST DATED APRIL 22, 2014|MARY M MAUL MD;|THE G&H MILLER UTAH TRUST DATED FEBRUARY 26, 2019|JOHNNY C HUNT ADMINISTRATOR|THE GAIL MILLER GST TRUST|THE KAREN GAIL MILLER IRREVOCABLE TRUST FOR THE BENEFIT OF KAREN R. WI|THE MILLER UTAH TRUST, DATED AUGUST 22, 2019|THE RNC OPPORTUNITY TRUST|NATHAN C OXNAM PRESIDENT",1
075195,PARKWAY PAVILION HEALTH AND REHABILITATION CENTER,CT,control,,WACHUSETT VENTURES LLC,same_snapshot_owner_fallback,WACHUSETT VENTURES LLC,"Wachusett Ventures, LLC",operator_company,no,New England Healthcare Systems leadership page,https://nehs.care/steven-vera/,The Wachusett Ventures leadership bio describes day-to-day operational management of skilled nursing facilities.,medium,2025|2026,2016-02-29,CMS owner association date,2016-02-29,,,WAKEFIELD CAPITAL LLC,True,same_owner_already_visible_pre_reit,WACHUSETT VENTURES LLC,WACHUSETT VENTURES LLC,cms_raw_owner_file_only,CMS SNF All Owners raw ownership file,,No additional official web source attached in this pass; owner name carried directly from the CMS raw ownership snapshot.,2025,2026,2025,2026,2,2025-11-06,2026-03-02,CMS SNF_All_Owners association date,,,,,2025-10-01,WACHUSETT VENTURES LLC|WAKEFIELD CAPITAL LLC|JOSEPH LOPATOSKY DIRECTOR OF FINANCE|JOEL E KIRCHICK|RAYMOND A DENNEHY|RAYMOND A DENNEHY SECRETARY|MARISA F JONES EXECUTIVE DIRECTOR|STEVEN L VERA|STEVEN L VERA CHIEF EXECUTIVE OFFICER,1
425412,Retreat at Wellmore of Lexington,SC,control,,WELLMORE LLC,same_snapshot_owner_fallback,WELLMORE LLC,"Senior Living Communities, LLC",operator_company,no,Senior Living Communities official FAQs,https://senior-living-communities.com/about/faqs/,Senior Living Communities describes itself as a company that owns and operates senior living communities.,medium,2025|2026,2015-01-21,CMS owner association date,2015-01-21,,,,False,no_prior_snapshot_org_entity_available,WELLMORE LLC,WELLMORE LLC,cms_raw_owner_file_only,CMS SNF All Owners raw ownership file,,No additional official web source attached in this pass; owner name carried directly from the CMS raw ownership snapshot.,2025,2026,2025,2026,2,2025-12-02,2026-03-02,CMS SNF_All_Owners association date,,,,,2025-11-06,DONALD THOMPSON|DONALD THOMPSON MANAGER,1
385268,GATEWAY CARE AND RETIREMENT,OR,control,SAPPHIRE HEALTH SERVICES,ALTEA MEDICAL OREGON LLC,same_snapshot_owner_fallback,ALTEA MEDICAL OREGON LLC,ALTEA MEDICAL OREGON LLC,private_real_estate_or_operating_entity,unclear,CMS owner entity name,,"Private entity visible in CMS ownership data, but I did not find enough public evidence in this pass to classify it confidently as REIT or non-REIT.",low,2025|2026,2024-01-01,CMS owner association date,2024-01-01,,,,False,no_prior_snapshot_org_entity_available,ALTEA MEDICAL OREGON LLC,ALTEA MEDICAL OREGON LLC,cms_raw_owner_file_only,CMS SNF All Owners raw ownership file,,No additional official web source attached in this pass; owner name carried directly from the CMS raw ownership snapshot.,2025,2026,2025,2026,2,2025-12-02,2026-03-02,CMS SNF_All_Owners association date,,,,,2025-11-06,ANDY L BECKER|KEVIN RICKER MEMBER|SARAH TIJERINA ADMINISTRATOR,1
395798,TRANSITIONS HEALTHCARE GETTYSBURG,PA,control,TRANSITIONS HEALTHCARE,BIGLERVILLE ROAD LLC,named_reit_owner_row,BIGLERVILLE ROAD LLC,BIGLERVILLE ROAD LLC,private_real_estate_or_operating_entity,unclear,CMS owner entity name,,"Private entity visible in CMS ownership data, but I did not find enough public evidence in this pass to classify it confidently as REIT or non-REIT.",low,2025|2026,2011-08-09,CMS owner association date,2011-08-09,,,"AVIV HEALTHCARE PROPERTIES OPERATING PARTNERSHIP I LP|OHI HEALTHCARE PROPERTIES HOLDCO, INC|OHI HEALTHCARE PROPERTIES LIMITED PARTNERSHIP|OMEGA HEALTHCARE INVESTORS INC|VICKIE KILMER NURSING HOME ADMINISTRATOR|AVIV OP LIMITED PARTNER LLC|AVIV FINANCING II LLC|TRANSITIONS HEALTHCARE LLC",True,same_owner_already_visible_pre_reit,BIGLERVILLE ROAD LLC,BIGLERVILLE ROAD LLC,cms_raw_owner_file_only,CMS SNF All Owners raw ownership file,,No additional official web source attached in this pass; owner name carried directly from the CMS raw ownership snapshot.,2025,2026,2025,2026,2,2025-09-01,2026-03-02,CMS SNF_All_Owners association date,,,,,2025-08-01,"AVIV HEALTHCARE PROPERTIES OPERATING PARTNERSHIP I LP|MATTHEW R MAURANO|OHI HEALTHCARE PROPERTIES HOLDCO, INC|MARC J FELDMAN|OHI HEALTHCARE PROPERTIES LIMITED PARTNERSHIP|OMEGA HEALTHCARE INVESTORS INC|VICKIE KILMER NURSING HOME ADMINISTRATOR|BIGLERVILLE ROAD LLC|KEVIN V WILLIAMS|AVIV OP LIMITED PARTNER LLC|AVIV FINANCING II LLC|TRANSITIONS HEALTHCARE LLC",1
056466,SIERRA VIEW CARE CENTER,CA,control,DAVID & FRANK JOHNSON,CASA/SIERRA CALIFORNIA ASSOCIATES LP,named_reit_owner_row,CASA/SIERRA CALIFORNIA ASSOCIATES LP,CASA/SIERRA CALIFORNIA ASSOCIATES LP,private_real_estate_or_operating_entity,unclear,CMS owner entity name,,"Private entity visible in CMS ownership data, but I did not find enough public evidence in this pass to classify it confidently as REIT or non-REIT.",low,2025|2026,2025-02-11,CMS owner association date,2025-02-11,,,SIERRA VIEW CARE HOLDINGS LLC|WILLIAM C PRESNELL MANAGING MEMBER OF THE LLC|WHITNEY KWOK NURSING HOME ADMINSTRATOR|FRANK A JOHNSON MANAGING MEMBER OF LLC|IRVING H BAUMAN MANAGING MEMBER OF LLC,False,different_named_entities_in_pre_reit_snapshot,CASA/SIERRA CALIFORNIA ASSOCIATES LP,CASA/SIERRA CALIFORNIA ASSOCIATES LP,cms_raw_owner_file_only,CMS SNF All Owners raw ownership file,,No additional official web source attached in this pass; owner name carried directly from the CMS raw ownership snapshot.,2025,2026,2025,2026,2,2025-08-01,2026-03-02,CMS SNF_All_Owners association date,,,,,2025-07-01,SUN MAR MANAGEMENT SERVICES|SIERRA VIEW CARE HOLDINGS LLC|WILLIAM C PRESNELL MANAGING MEMBER OF THE LLC|DAVID A JOHNSON|WHITNEY KWOK NURSING HOME ADMINSTRATOR|FRANK A JOHNSON|FRANK A JOHNSON CEO/CHAIRMAN OF THE BOARD|FRANK A JOHNSON MANAGING MEMBER OF LLC|ELI MARMUR|THOMAS M CHAMBERS|ADRIAN DEHGHANMANESH CFO|IRVING H BAUMAN|IRVING H BAUMAN MANAGING MEMBER OF LLC,1
675678,CARE CHOICE OF BOERNE,TX,control,CHARLESTON HEALTHCARE GROUP,CHARLESTON PROPERTIES OF BOERNE LLC,named_reit_owner_row,CHARLESTON PROPERTIES OF BOERNE LLC,CHARLESTON PROPERTIES OF BOERNE LLC,private_real_estate_or_operating_entity,unclear,CMS owner entity name,,"Private entity visible in CMS ownership data, but I did not find enough public evidence in this pass to classify it confidently as REIT or non-REIT.",low,2025|2026,2024-06-12,CMS owner association date,2024-06-12,,,CHARLESTON BOERNE OPERATIONS LLC|KAREN E KERSH FACILITY ADMINISTRATOR|UVALDE COUNTY HOSPITAL AUTHORITY,False,different_named_entities_in_pre_reit_snapshot,CHARLESTON PROPERTIES OF BOERNE LLC,CHARLESTON PROPERTIES OF BOERNE LLC,cms_raw_owner_file_only,CMS SNF All Owners raw ownership file,,No additional official web source attached in this pass; owner name carried directly from the CMS raw ownership snapshot.,2025,2026,2025,2026,2,2025-09-01,2026-03-02,CMS SNF_All_Owners association date,,,,,2025-08-01,THOMAS J NORDWICK CHIEF EXECUTIVE OFFICER|KENDALL A BROUSSARD MANAGER|RAUL E ZAMORA BOARD MEMBER|CHARLESTON BOERNE OPERATIONS LLC|KAREN E KERSH FACILITY ADMINISTRATOR|MONICA E GUTIERREZ BOARD MEMBER|GAJANAN V GAITONDE BOARD MEMBER|KELLY A FAGLIE BOARD MEMBER|ADAM APOLINAR CHIEF OPERATING OFFICER|WILLIAM A KESSLER BOARD MEMBER|HECTOR E GONZALES BOARD MEMBER|UVALDE COUNTY HOSPITAL AUTHORITY|BENJAMIN G ELLIOTT BOARD MEMBER|TERRI CONTRERAS CHIEF FINANCIAL OFFICER,1
105622,DEERFIELD BEACH HEALTH AND REHABILITATION CENTER,FL,control,FLORIDA INSTITUTE FOR LONG-TERM CARE,CHR POMPANO BEACH BROWARD LLC,named_reit_owner_row,CHR POMPANO BEACH BROWARD LLC,CHR POMPANO BEACH BROWARD LLC,private_real_estate_or_operating_entity,unclear,CMS owner entity name,,"Private entity visible in CMS ownership data, but I did not find enough public evidence in this pass to classify it confidently as REIT or non-REIT.",low,2025|2026,2003-07-01,CMS owner association date,2003-07-01,,,"FLORIDA INSTITUTE FOR LONG TERM CARE LLC|REITA FACEY DIRECTOR OF NURSING|FI-BROWARD NURSING, LLC|ERNANDE FORTUNE CHERUBIN NURSING HOME ADMINISTRATOR",False,different_named_entities_in_pre_reit_snapshot,CHR POMPANO BEACH BROWARD LLC,CHR POMPANO BEACH BROWARD LLC,cms_raw_owner_file_only,CMS SNF All Owners raw ownership file,,No additional official web source attached in this pass; owner name carried directly from the CMS raw ownership snapshot.,2025,2026,2025,2026,2,2025-06-02,2026-03-02,CMS SNF_All_Owners association date,,,,,2025-05-01,"JAMES P MULLARKEY BOARD MEMBER|HOWARD JAFFE OFFICER|PENNY RICHMOND BOARD MEMBER|FLORIDA INSTITUTE FOR LONG TERM CARE LLC|KATHY KATZ-HALL BOARD MEMBER|REITA FACEY DIRECTOR OF NURSING|FI-BROWARD NURSING, LLC|ERNANDE FORTUNE CHERUBIN NURSING HOME ADMINISTRATOR",1
676293,FOREST PARK NURSING & REHABILITATION,TX,control,OPCO SKILLED MANAGEMENT,"DALLAS TWO PROPERTY, LLC",named_reit_owner_row,"DALLAS TWO PROPERTY, LLC","DALLAS TWO PROPERTY, LLC",private_real_estate_or_operating_entity,unclear,CMS owner entity name,,"Private entity visible in CMS ownership data, but I did not find enough public evidence in this pass to classify it confidently as REIT or non-REIT.",low,2025|2026,2022-10-31,CMS owner association date,2022-10-31,,,SHANNAN DAWN BRADLEY VICE PRESIDENT OF CARE MANAGEMENT|FOREST PARK NURSING & REHABILITATION LLC|DALLAS COUNTY HOSPITAL DISTRICT,False,different_named_entities_in_pre_reit_snapshot,"DALLAS TWO PROPERTY, LLC","DALLAS TWO PROPERTY, LLC",cms_raw_owner_file_only,CMS SNF All Owners raw ownership file,,No additional official web source attached in this pass; owner name carried directly from the CMS raw ownership snapshot.,2025,2026,2025,2026,2,2025-09-01,2026-03-02,CMS SNF_All_Owners association date,,,,,2025-08-01,FREDERICK P CERISE CEO|SHANNAN DAWN BRADLEY VICE PRESIDENT OF CARE MANAGEMENT|EDMUNDO CASTANEDA EXECUTIVE VP & COO|FOREST PARK NURSING & REHABILITATION LLC|DALLAS COUNTY HOSPITAL DISTRICT|DAVID GARETZ CFO OF MANAGER|JANE ERICKSON ADMINISTRATOR,2
676315,THE HILLCREST OF NORTH DALLAS,TX,control,OPCO SKILLED MANAGEMENT,"DALLAS TWO PROPERTY, LLC",named_reit_owner_row,"DALLAS TWO PROPERTY, LLC","DALLAS TWO PROPERTY, LLC",private_real_estate_or_operating_entity,unclear,CMS owner entity name,,"Private entity visible in CMS ownership data, but I did not find enough public evidence in this pass to classify it confidently as REIT or non-REIT.",low,2025|2026,2022-10-31,CMS owner association date,2022-10-31,,,SHANNAN DAWN BRADLEY VICE PRESIDENT OF CARE MANAGEMENT|DALLAS COUNTY HOSPITAL DISTRICT|HILLCREST OF NORTH DALLAS LLC,False,different_named_entities_in_pre_reit_snapshot,"DALLAS TWO PROPERTY, LLC","DALLAS TWO PROPERTY, LLC",cms_raw_owner_file_only,CMS SNF All Owners raw ownership file,,No additional official web source attached in this pass; owner name carried directly from the CMS raw ownership snapshot.,2025,2026,2025,2026,2,2025-09-01,2026-03-02,CMS SNF_All_Owners association date,,,,,2025-08-01,FREDERICK P CERISE CEO|SHANNAN DAWN BRADLEY VICE PRESIDENT OF CARE MANAGEMENT|EDMUNDO CASTANEDA EXECUTIVE VP & COO|JAMES B CULP ADMINISTRATOR|DALLAS COUNTY HOSPITAL DISTRICT|HILLCREST OF NORTH DALLAS LLC|DAVID GARETZ CFO OF MANAGER,2
106152,DESTINATION HEALTH AND REHABILITATION CENTER,FL,control,,DESTIN SENIOR INVESTMENTS I LLC,same_snapshot_owner_fallback,DESTIN SENIOR INVESTMENTS I LLC,DESTIN SENIOR INVESTMENTS I LLC,private_real_estate_or_operating_entity,unclear,CMS owner entity name,,"Private entity visible in CMS ownership data, but I did not find enough public evidence in this pass to classify it confidently as REIT or non-REIT.",low,2025|2026,2022-12-20,CMS owner association date,2022-12-20,,,DESTIN SENIOR INVESTMENTS II LLC|COASTAL CARE PROPERTIES LLC|OKALOOSA SENIOR INVESTMENTS LLC,True,same_owner_already_visible_pre_reit,DESTIN SENIOR INVESTMENTS I LLC,DESTIN SENIOR INVESTMENTS I LLC,cms_raw_owner_file_only,CMS SNF All Owners raw ownership file,,No additional official web source attached in this pass; owner name carried directly from the CMS raw ownership snapshot.,2025,2026,2025,2026,2,2025-11-06,2026-03-02,CMS SNF_All_Owners association date,,,,,2025-10-01,GEOFFERY FRASER|DESTIN SENIOR INVESTMENTS I LLC|DESTIN SENIOR INVESTMENTS II LLC|COASTAL CARE PROPERTIES LLC|OKALOOSA SENIOR INVESTMENTS LLC,1
345258,Kannapolis Health and Rehabilitation,NC,control,CONSULATE HEALTH CARE/INDEPENDENCE LIVING CENTERS/NSPIRE HEALTHCARE/RAYDIANT HEALTH CARE,FC ENCORE KANNAPOLIS LLC,named_reit_owner_row,FC ENCORE KANNAPOLIS LLC,FC ENCORE KANNAPOLIS LLC,private_real_estate_or_operating_entity,unclear,CMS owner entity name,,"Private entity visible in CMS ownership data, but I did not find enough public evidence in this pass to classify it confidently as REIT or non-REIT.",low,2025|2026,2025-05-01,CMS owner association date,2025-05-01,,,LV INVESTMENT LLC|LAVIE CARE CENTERS LLC|CENTENNIAL HEALTHCARE HOLDING CO LLC|FC INVESTORS XXI LLC|CONSULATE MANAGEMENT COMPANY III LLC|LV OPERATIONS II LLC|LV OPERATIONS I LLC|CENTENNIAL HEALTHCARE PROPERTIES LLC|LAVIE HOLDCO LLC|TIMOTHY H LEHNER LLC MANAGER,False,different_named_entities_in_pre_reit_snapshot,FC ENCORE KANNAPOLIS LLC,FC ENCORE KANNAPOLIS LLC,cms_raw_owner_file_only,CMS SNF All Owners raw ownership file,,No additional official web source attached in this pass; owner name carried directly from the CMS raw ownership snapshot.,2025,2026,2025,2026,2,2025-11-06,2026-03-02,CMS SNF_All_Owners association date,,,,,2025-10-01,LV INVESTMENT LLC|LAVIE CARE CENTERS LLC|CENTENNIAL HEALTHCARE HOLDING CO LLC|SANDEEP B PATEL MEDICAL DIRECTOR|FC INVESTORS XXI LLC|CONSULATE MANAGEMENT COMPANY III LLC|LV OPERATIONS II LLC|LV OPERATIONS I LLC|KEN SPELLER AD;|CENTENNIAL HEALTHCARE PROPERTIES LLC|LAVIE HOLDCO LLC|TIMOTHY H LEHNER LLC MANAGER|TIMOTHY H LEHNER,1
255260,HILLTOP MANOR HEALTH AND REHABILITATION CENTER,MS,control,CONSULATE HEALTH CARE/INDEPENDENCE LIVING CENTERS/NSPIRE HEALTHCARE/RAYDIANT HEALTH CARE,FC ENCORE UNION LLC,named_reit_owner_row,FC ENCORE UNION LLC,FC ENCORE UNION LLC,private_real_estate_or_operating_entity,unclear,CMS owner entity name,,"Private entity visible in CMS ownership data, but I did not find enough public evidence in this pass to classify it confidently as REIT or non-REIT.",low,2025|2026,2025-05-01,CMS owner association date,2025-05-01,,,LV INVESTMENT LLC|LAVIE CARE CENTERS LLC|CENTENNIAL HEALTHCARE HOLDING CO LLC|FC INVESTORS XXI LLC|CONSULATE MANAGEMENT COMPANY III LLC|LV OPERATIONS II LLC|LV OPERATIONS I LLC|CENTENNIAL HEALTHCARE PROPERTIES LLC|LAVIE HOLDCO LLC|TIMOTHY H LEHNER LLC MANAGER,False,different_named_entities_in_pre_reit_snapshot,FC ENCORE UNION LLC,FC ENCORE UNION LLC,cms_raw_owner_file_only,CMS SNF All Owners raw ownership file,,No additional official web source attached in this pass; owner name carried directly from the CMS raw ownership snapshot.,2025,2026,2025,2026,2,2025-11-06,2026-03-02,CMS SNF_All_Owners association date,,,,,2025-10-01,LV INVESTMENT LLC|LAVIE CARE CENTERS LLC|CENTENNIAL HEALTHCARE HOLDING CO LLC|FC INVESTORS XXI LLC|CONSULATE MANAGEMENT COMPANY III LLC|ALEX S SMITH EXECUTIVE DIRECTOR (NHA)|JOHN THOMAS MANAGER|JOHN THOMAS|LV OPERATIONS II LLC|LV OPERATIONS I LLC|CENTENNIAL HEALTHCARE PROPERTIES LLC|LAVIE HOLDCO LLC|TIMOTHY H LEHNER LLC MANAGER|TIMOTHY H LEHNER,1
555797,GORDON LANE CARE CENTER,CA,control,DAVID & FRANK JOHNSON,"FULLERTON CALIFORNIA, LP",named_reit_owner_row,"FULLERTON CALIFORNIA, LP","FULLERTON CALIFORNIA, LP",private_real_estate_or_operating_entity,unclear,CMS owner entity name,,"Private entity visible in CMS ownership data, but I did not find enough public evidence in this pass to classify it confidently as REIT or non-REIT.",low,2025|2026,2025-02-11,CMS owner association date,2025-02-11,,,SADAF ROODBAEI NURSING HOME ADMINISTRATOR|GORDON LANE HEALTHCARE LLC,False,different_named_entities_in_pre_reit_snapshot,"FULLERTON CALIFORNIA, LP","FULLERTON CALIFORNIA, LP",cms_raw_owner_file_only,CMS SNF All Owners raw ownership file,,No additional official web source attached in this pass; owner name carried directly from the CMS raw ownership snapshot.,2025,2026,2025,2026,2,2025-12-02,2026-03-02,CMS SNF_All_Owners association date,,,,,2025-11-06,SUN MAR MANAGEMENT SERVICES|SADAF ROODBAEI NURSING HOME ADMINISTRATOR|DAVID A JOHNSON|FRANK A JOHNSON|ELI MARMUR|ADRIAN DEHGHANMANESH CFO|GORDON LANE HEALTHCARE LLC,1
366129,GILLETTE NURSING HOME,OH,control,,GILLETTE ASSOCIATES LIMITED PARTNERSHIP,named_reit_owner_row,GILLETTE ASSOCIATES LIMITED PARTNERSHIP,GILLETTE ASSOCIATES LIMITED PARTNERSHIP,private_real_estate_or_operating_entity,unclear,CMS owner entity name,,"Private entity visible in CMS ownership data, but I did not find enough public evidence in this pass to classify it confidently as REIT or non-REIT.",low,2025|2026,1990-01-01,CMS owner association date,1990-01-01,,,HOUSING AND HEALTHCARE FINANCE LLC,False,different_named_entities_in_pre_reit_snapshot,GILLETTE ASSOCIATES LIMITED PARTNERSHIP,GILLETTE ASSOCIATES LIMITED PARTNERSHIP,cms_raw_owner_file_only,CMS SNF All Owners raw ownership file,,No additional official web source attached in this pass; owner name carried directly from the CMS raw ownership snapshot.,2025,2026,2025,2026,2,2025-06-02,2026-03-02,CMS SNF_All_Owners association date,,,,,2025-05-01,"HOUSING AND HEALTHCARE FINANCE LLC|DOUGLAS STEIN|DOUGLAS STEIN VICE PRESIDENT & SECRETARY|DOUGLAS STEIN BOARD MEMBER|TODD STEIN|TODD STEIN PRESIDENT, TREASURER, ADMINISTRA|TODD STEIN BOARD MEMBER|TODD STEIN ADMINISTRATOR|KAPIL KWATRA MD;",1
055989,HERITAGE MANOR,CA,control,DAVID & FRANK JOHNSON,HERITAGE MONTEREY ASSOCIATES LP,named_reit_owner_row,HERITAGE MONTEREY ASSOCIATES LP,HERITAGE MONTEREY ASSOCIATES LP,private_real_estate_or_operating_entity,unclear,CMS owner entity name,,"Private entity visible in CMS ownership data, but I did not find enough public evidence in this pass to classify it confidently as REIT or non-REIT.",low,2025|2026,2025-02-11,CMS owner association date,2025-02-11,,,,False,no_prior_snapshot_org_entity_available,HERITAGE MONTEREY ASSOCIATES LP,HERITAGE MONTEREY ASSOCIATES LP,cms_raw_owner_file_only,CMS SNF All Owners raw ownership file,,No additional official web source attached in this pass; owner name carried directly from the CMS raw ownership snapshot.,2025,2026,2025,2026,2,2025-08-01,2026-03-02,CMS SNF_All_Owners association date,,,,,2025-07-01,WILLIAM C PRESNELL CFO|FRANK A JOHNSON|ELI MARMUR|ELI MARMUR CHAIRMAN OF THE BOARD|IRVING H BAUMAN|IRVING H BAUMAN PRESIDENT,1
365828,HARVARD GARDENS REHABILITATION & CARE CENTER,OH,control,,HGRCC HOLDINGS LLC,named_reit_owner_row,HGRCC HOLDINGS LLC,HGRCC HOLDINGS LLC,private_real_estate_or_operating_entity,unclear,CMS owner entity name,,"Private entity visible in CMS ownership data, but I did not find enough public evidence in this pass to classify it confidently as REIT or non-REIT.",low,2025|2026,2024-04-19,CMS owner association date,2024-04-19,,,,True,same_owner_already_visible_pre_reit,HGRCC HOLDINGS LLC,HGRCC HOLDINGS LLC,cms_raw_owner_file_only,CMS SNF All Owners raw ownership file,,No additional official web source attached in this pass; owner name carried directly from the CMS raw ownership snapshot.,2025,2026,2025,2026,2,2025-05-01,2026-03-02,CMS SNF_All_Owners association date,,,,,2025-04-01,SUSAN EIDILSZ-STERN|SAM STERN|HGRCC HOLDINGS LLC|TENISHIA TASHAWN CUNNINGHAM AD;,1
345309,Liberty Commons Nursing and Rehabilitation Center,NC,control,LIBERTY SENIOR LIVING,"LIBERTY LONG TERM CARE, LLC",same_snapshot_owner_fallback,"LIBERTY LONG TERM CARE, LLC","LIBERTY LONG TERM CARE, LLC",private_real_estate_or_operating_entity,unclear,CMS owner entity name,,"Private entity visible in CMS ownership data, but I did not find enough public evidence in this pass to classify it confidently as REIT or non-REIT.",low,2025|2026,2005-07-01,CMS owner association date,2005-07-01,,,"LIBERTY HEALTHCARE MANAGEMENT, INC|LIBERTY COMMONS NURSING AND REHABILITATION CENTER OF HALIFAX COUNTY, L",True,same_owner_already_visible_pre_reit,"LIBERTY LONG TERM CARE, LLC","LIBERTY LONG TERM CARE, LLC",cms_raw_owner_file_only,CMS SNF All Owners raw ownership file,,No additional official web source attached in this pass; owner name carried directly from the CMS raw ownership snapshot.,2025,2026,2025,2026,2,2025-10-01,2026-03-02,CMS SNF_All_Owners association date,,,,,2025-09-01,"EVELYN MAY ADMINISTRATOR|LIBERTY HEALTHCARE MANAGEMENT, INC|LIBERTY COMMONS NURSING AND REHABILITATION CENTER OF HALIFAX COUNTY, L|JEFFREY S. WILSON|JOHN ALBERT MCNEILL|LIBERTY LONG TERM CARE, LLC|PENNY T. PURIFOY|ROBERT B MILLER|RONALD BENJAMIN MCNEILL",1
155808,WELLBROOKE OF WESTFIELD,IN,control,TRILOGY HEALTH SERVICES,MS WESTFIELD LP,named_reit_owner_row,MS WESTFIELD LP,MS WESTFIELD LP,private_real_estate_or_operating_entity,unclear,CMS owner entity name,,"Private entity visible in CMS ownership data, but I did not find enough public evidence in this pass to classify it confidently as REIT or non-REIT.",low,2025|2026,2015-12-01,CMS owner association date,2015-12-01,,,"HANCOCK REGIONAL HOSPITAL|TRILOGY MANAGEMENT SERVICES, LLC",False,different_named_entities_in_pre_reit_snapshot,MS WESTFIELD LP,MS WESTFIELD LP,cms_raw_owner_file_only,CMS SNF All Owners raw ownership file,,No additional official web source attached in this pass; owner name carried directly from the CMS raw ownership snapshot.,2025,2026,2025,2026,2,2025-10-01,2026-03-02,CMS SNF_All_Owners association date,,,,,2025-09-01,"ROY L WILSON BOARD MEMBER|TIMOTHY G CLARK BOARD MEMBER|HANCOCK REGIONAL HOSPITAL|ROGER S PIOTROWICZ ADMINISTRATOR|STEVEN V LONG PRESIDENT/CEO|TRILOGY MANAGEMENT SERVICES, LLC|JOSHUA DAUGHERTY VICE CHAIR|DEAN R FELKER BOARD MEMBER|MARIA F BOND SECRETARY|JAMES W MILLER BOARD MEMBER|SARA M JOYNER BOARD MEMBER",1
455804,NORTHGATE HEALTH AND REHABILITATION CENTER,TX,control,SUMMIT LTC,NORTHGATE REALTY VENTURES LLC,named_reit_owner_row,NORTHGATE REALTY VENTURES LLC,NORTHGATE REALTY VENTURES LLC,private_real_estate_or_operating_entity,unclear,CMS owner entity name,,"Private entity visible in CMS ownership data, but I did not find enough public evidence in this pass to classify it confidently as REIT or non-REIT.",low,2025|2026,2018-12-06,CMS owner association date,2018-12-06,,,SSC SAN ANTONIO NORTHGATE OPERATING COMPANY LLC|UVALDE COUNTY HOSPITAL AUTHORITY,False,different_named_entities_in_pre_reit_snapshot,NORTHGATE REALTY VENTURES LLC,NORTHGATE REALTY VENTURES LLC,cms_raw_owner_file_only,CMS SNF All Owners raw ownership file,,No additional official web source attached in this pass; owner name carried directly from the CMS raw ownership snapshot.,2025,2026,2025,2026,2,2025-10-01,2026-03-02,CMS SNF_All_Owners association date,,,,,2025-09-01,THOMAS J NORDWICK SENIOR EXEC - LTC|RAUL E ZAMORA BOARD MEMBER|SSC SAN ANTONIO NORTHGATE OPERATING COMPANY LLC|MONICA E GUTIERREZ BOARD MEMBER|GAJANAN V GAITONDE BOARD MEMBER|KELLY A FAGLIE BOARD MEMBER|ADAM APOLINAR CHIEF EXECUTIVE OFFICER|WILLIAM A KESSLER BOARD MEMBER|HECTOR E GONZALES BOARD MEMBER|UVALDE COUNTY HOSPITAL AUTHORITY|BENJAMIN G ELLIOTT BOARD MEMBER|TERRI CONTRERAS CHIEF FINANCIAL OFFICER,1
395300,PERRY HEALTH & REHAB CENTER,PA,control,COMMUNICARE HEALTH,"OMG MSTR LSCO, LLC",same_snapshot_owner_fallback,"OMG MSTR LSCO, LLC","OMG MSTR LSCO, LLC",private_real_estate_or_operating_entity,unclear,CMS owner entity name,,"Private entity visible in CMS ownership data, but I did not find enough public evidence in this pass to classify it confidently as REIT or non-REIT.",low,2025|2026,2005-06-28,CMS owner association date,2005-06-28,,,"RONALD S WILHEIM 2012 SPOUSAL TRUST|I. ROSEDALE IRREVOCABLE TRUST|C.R. STOLTZ IRREVOCABLE TRUST|WILHEIM FAMILY INVESTMENT COMPANY|RRW, LLC|HEALTH CARE HOLDINGS, LLC|C.R. STOLTZ, LLC|THE STEPHEN L. ROSEDALE 2012 SPOUSAL TRUST|ROSEDALE FAMILY INVESTMENT COMPANY, INC|S.L. ROSEDALE IRREVOCABLE TRUST|HEALTH CARE FACILITY MANAGEMENT, LLC|R.S. WILHEIM IRREVOCABLE TRUST",True,same_owner_already_visible_pre_reit,"OMG MSTR LSCO, LLC","OMG MSTR LSCO, LLC",cms_raw_owner_file_only,CMS SNF All Owners raw ownership file,,No additional official web source attached in this pass; owner name carried directly from the CMS raw ownership snapshot.,2025,2026,2025,2026,2,2025-10-01,2026-03-02,CMS SNF_All_Owners association date,,,,,2025-09-01,"RONALD S WILHEIM 2012 SPOUSAL TRUST|I. ROSEDALE IRREVOCABLE TRUST|C.R. STOLTZ IRREVOCABLE TRUST|WILHEIM FAMILY INVESTMENT COMPANY|RRW, LLC|HEALTH CARE HOLDINGS, LLC|C.R. STOLTZ, LLC|TERRI PRIZER|THE STEPHEN L. ROSEDALE 2012 SPOUSAL TRUST|ROSEDALE FAMILY INVESTMENT COMPANY, INC|OMG MSTR LSCO, LLC|RICHARD ODENTHAL COO|RICHARD ODENTHAL CHAIN HOIME OFFICE ADMINISTRATOR|S.L. ROSEDALE IRREVOCABLE TRUST|HEALTH CARE FACILITY MANAGEMENT, LLC|R.S. WILHEIM IRREVOCABLE TRUST|SUSAN TREAT-MACK|CHARLES STOLTZ CFO",1
055282,POMONA VISTA CARE CENTER,CA,control,DAVID & FRANK JOHNSON,POMONA VISTA LP,named_reit_owner_row,POMONA VISTA LP,POMONA VISTA LP,private_real_estate_or_operating_entity,unclear,CMS owner entity name,,"Private entity visible in CMS ownership data, but I did not find enough public evidence in this pass to classify it confidently as REIT or non-REIT.",low,2025|2026,2025-02-11,CMS owner association date,2025-02-11,,,MJB PARTNERS LLC|WILLIAM C PRESNELL MANAGER OF THE LLC|ALESSANDRA HOVEY NURSING HOME ADMINISTRATOR|FRANK A JOHNSON MANAGING MEMBER OF LLC|IRVING H BAUMAN MANAGING MEMBER OF LLC,False,different_named_entities_in_pre_reit_snapshot,POMONA VISTA LP,POMONA VISTA LP,cms_raw_owner_file_only,CMS SNF All Owners raw ownership file,,No additional official web source attached in this pass; owner name carried directly from the CMS raw ownership snapshot.,2025,2026,2025,2026,2,2025-11-06,2026-03-02,CMS SNF_All_Owners association date,,,,,2025-10-01,SUN MAR MANAGEMENT SERVICES|MJB PARTNERS LLC|WILLIAM C PRESNELL MANAGER OF THE LLC|ALESSANDRA HOVEY NURSING HOME ADMINISTRATOR|DAVID A JOHNSON|FRANK A JOHNSON|FRANK A JOHNSON CEO/CHAIRMAN OF THE BOARD|FRANK A JOHNSON MANAGING MEMBER OF LLC|ELI MARMUR|THOMAS M CHAMBERS|ADRIAN DEHGHANMANESH|IRVING H BAUMAN|IRVING H BAUMAN MANAGING MEMBER OF LLC|NATHAN URE COO,1
215231,CLINTON HEALTHCARE CENTER,MD,control,COMMUNICARE HEALTH,"PV REALTY-CLINTON, LLC",named_reit_owner_row,"PV REALTY-CLINTON, LLC","PV REALTY-CLINTON, LLC",private_real_estate_or_operating_entity,unclear,CMS owner entity name,,"Private entity visible in CMS ownership data, but I did not find enough public evidence in this pass to classify it confidently as REIT or non-REIT.",low,2025|2026,2016-01-01,CMS owner association date,2016-01-01,,,"RONALD S WILHEIM 2012 SPOUSAL TRUST|I. ROSEDALE IRREVOCABLE TRUST|C.R. STOLTZ FAMILY INVESTMENT COMPANY INC|C.R. STOLTZ IRREVOCABLE TRUST|WILHEIM FAMILY INVESTMENT COMPANY|RRW, LLC|WO HOLDINGS LLC|HEALTH CARE HOLDINGS, LLC|I. ROSEDALE FAMILY INVESTMENT COMPANY INC|ROSEDALE FAMILY INVESTMENT COMPANY, INC|S.L. ROSEDALE IRREVOCABLE TRUST|HEALTH CARE FACILITY MANAGEMENT, LLC|R.S. WILHEIM IRREVOCABLE TRUST",False,different_named_entities_in_pre_reit_snapshot,"PV REALTY-CLINTON, LLC","PV REALTY-CLINTON, LLC",cms_raw_owner_file_only,CMS SNF All Owners raw ownership file,,No additional official web source attached in this pass; owner name carried directly from the CMS raw ownership snapshot.,2025,2026,2025,2026,2,2025-08-01,2026-03-02,CMS SNF_All_Owners association date,,,,,2025-07-01,"RONALD S WILHEIM 2012 SPOUSAL TRUST|WILBER GALEAS ADMINISTRATOR|I. ROSEDALE IRREVOCABLE TRUST|C.R. STOLTZ FAMILY INVESTMENT COMPANY INC|C.R. STOLTZ IRREVOCABLE TRUST|WILHEIM FAMILY INVESTMENT COMPANY|RRW, LLC|WO HOLDINGS LLC|HEALTH CARE HOLDINGS, LLC|I. ROSEDALE FAMILY INVESTMENT COMPANY INC|ROSEDALE FAMILY INVESTMENT COMPANY, INC|RICHARD ODENTHAL COO|S.L. ROSEDALE IRREVOCABLE TRUST|HEALTH CARE FACILITY MANAGEMENT, LLC|R.S. WILHEIM IRREVOCABLE TRUST|CHARLES STOLTZ CFO",1
315010,ELMORA HILLS HEALTH & REHABILITATION CENTER,NJ,control,OCEAN HEALTHCARE,SOFFER FAMILY ASSOCIATES LLC,named_reit_owner_row,SOFFER FAMILY ASSOCIATES LLC,SOFFER FAMILY ASSOCIATES LLC,private_real_estate_or_operating_entity,unclear,CMS owner entity name,,"Private entity visible in CMS ownership data, but I did not find enough public evidence in this pass to classify it confidently as REIT or non-REIT.",low,2025|2026,2006-09-01,CMS owner association date,2006-09-01,,,,True,same_owner_already_visible_pre_reit,SOFFER FAMILY ASSOCIATES LLC,SOFFER FAMILY ASSOCIATES LLC,cms_raw_owner_file_only,CMS SNF All Owners raw ownership file,,No additional official web source attached in this pass; owner name carried directly from the CMS raw ownership snapshot.,2025,2026,2025,2026,2,2025-08-01,2026-03-02,CMS SNF_All_Owners association date,,,,,2025-07-01,YEHUDA GOLDBERG AD;|MICHAEL BERMAN|DEBORAH F FEIGENBAUM|AVRAHAM R FEIGENBAUM|AVROHOM Y MAIEROVITS|SOFFER FAMILY ASSOCIATES LLC|JOSEPH MEISELS,1
555908,SOUTH PASADENA CARE CENTER,CA,control,,"SOUTH PASADENA CARE CENTER, LLC",same_snapshot_owner_fallback,"SOUTH PASADENA CARE CENTER, LLC","SOUTH PASADENA CARE CENTER, LLC",private_real_estate_or_operating_entity,unclear,CMS owner entity name,,"Private entity visible in CMS ownership data, but I did not find enough public evidence in this pass to classify it confidently as REIT or non-REIT.",low,2025|2026,2015-07-20,CMS owner association date,2015-07-20,,,ANTHONY G PADAMA ADMINISTRATOR OF FACILITY,True,same_owner_already_visible_pre_reit,"SOUTH PASADENA CARE CENTER, LLC","SOUTH PASADENA CARE CENTER, LLC",cms_raw_owner_file_only,CMS SNF All Owners raw ownership file,,No additional official web source attached in this pass; owner name carried directly from the CMS raw ownership snapshot.,2025,2026,2025,2026,2,2025-05-01,2026-03-02,CMS SNF_All_Owners association date,,,,,2025-04-01,"ANTHONY G PADAMA ADMINISTRATOR OF FACILITY|SOUTH PASADENA CARE CENTER, LLC|ELLIOT ZEMEL|YEHUDA SCHMUKLER",1
225326,"RESERVOIR CENTER FOR HEALTH & REHABILITATION, THE",MA,control,NATIONAL HEALTH CARE ASSOCIATES,"VK HEALTH FACILITIES, LLC",same_snapshot_owner_fallback,"VK HEALTH FACILITIES, LLC","VK HEALTH FACILITIES, LLC",private_real_estate_or_operating_entity,unclear,CMS owner entity name,,"Private entity visible in CMS ownership data, but I did not find enough public evidence in this pass to classify it confidently as REIT or non-REIT.",low,2025|2026,2013-01-15,CMS owner association date,2013-01-15,,,"MARVIN OSTREICHER 2012 FAMILY TRUST|SUSAN OSTREICHER 2012 FAMILY TRUST|MSO ASSOCIATES, LLC",True,same_owner_already_visible_pre_reit,"VK HEALTH FACILITIES, LLC","VK HEALTH FACILITIES, LLC",cms_raw_owner_file_only,CMS SNF All Owners raw ownership file,,No additional official web source attached in this pass; owner name carried directly from the CMS raw ownership snapshot.,2025,2026,2025,2026,2,2025-10-01,2026-03-02,CMS SNF_All_Owners association date,,,,,2025-09-01,"MARVIN J. OSTREICHER|MARVIN OSTREICHER 2012 FAMILY TRUST|VENTAS NHV FUND|SUSAN OSTREICHER 2012 FAMILY TRUST|VK HEALTH FACILITIES, LLC|KALMAN Y SCHOOR|ROBERT GLUCK|BARRY BOKOW VICE PRESIDENT|JONAH JAY LOBELL|LADAN AZARM ADMINISTRATOR|MERIDIAN CAPITAL FOUNDATION|SUSAN OSTREICHER|MIRIAM DAVID|MSO ASSOCIATES, LLC|ALBERT DAVID|MOSHE SHAYA-MOGRABY|ABRAHAM WEINSTOCK",1
515162,MCDOWELL HEALTHCARE CENTER,WV,control,COMMUNICARE HEALTH,"WV AMFM OP CO., LLC",same_snapshot_owner_fallback,"WV AMFM OP CO., LLC","WV AMFM OP CO., LLC",private_real_estate_or_operating_entity,unclear,CMS owner entity name,,"Private entity visible in CMS ownership data, but I did not find enough public evidence in this pass to classify it confidently as REIT or non-REIT.",low,2025|2026,2023-04-14,CMS owner association date,2023-04-14,,,"RONALD S WILHEIM 2012 SPOUSAL TRUST|I. ROSEDALE IRREVOCABLE TRUST|C.R. STOLTZ FAMILY INVESTMENT COMPANY INC|C.R. STOLTZ IRREVOCABLE TRUST|WILHEIM FAMILY INVESTMENT COMPANY, INC.|RRW, LLC|HEALT CARE HOLDINGS, LLC|I. ROSEDALE FAMILY INVESTMENT COMPANY INC|ROSEDALE FAMILY INVESTMENT COMPANY, INC|S.L. ROSEDALE IRREVOCABLE TRUST|HEALTH CARE FACILITY MANAGEMENT, LLC|R.S. WILHEIM IRREVOCABLE TRUST",True,same_owner_already_visible_pre_reit,"WV AMFM OP CO., LLC","WV AMFM OP CO., LLC",cms_raw_owner_file_only,CMS SNF All Owners raw ownership file,,No additional official web source attached in this pass; owner name carried directly from the CMS raw ownership snapshot.,2025,2026,2025,2026,2,2025-12-02,2026-03-02,CMS SNF_All_Owners association date,,,,,2025-11-06,"RONALD S WILHEIM 2012 SPOUSAL TRUST|WV AMFM OP CO., LLC|I. ROSEDALE IRREVOCABLE TRUST|C.R. STOLTZ FAMILY INVESTMENT COMPANY INC|C.R. STOLTZ IRREVOCABLE TRUST|WILHEIM FAMILY INVESTMENT COMPANY, INC.|RRW, LLC|HEALT CARE HOLDINGS, LLC|DONNA GROVES DIRECTOR OF OPERATIONAL FINANCE|I. ROSEDALE FAMILY INVESTMENT COMPANY INC|ROSEDALE FAMILY INVESTMENT COMPANY, INC|MICHELLE BISHOP ADMINISTRATOR|RICHARD ODENTHAL COO|S.L. ROSEDALE IRREVOCABLE TRUST|HEALTH CARE FACILITY MANAGEMENT, LLC|R.S. WILHEIM IRREVOCABLE TRUST|CHARLES STOLTZ TREASURER",1
155816,ARLINGTON PLACE HEALTH CAMPUS,IN,control,TRILOGY HEALTH SERVICES,AMERICAN HEALTHCARE REIT INC,named_reit_owner_row,American Healthcare REIT / Trilogy,"American Healthcare REIT, Inc.",public_healthcare_reit,yes,American Healthcare REIT investor relations,https://ir.americanhealthcarereit.com/news/news-details/2024/American-Healthcare-REIT-Acquires-Remaining-Minority-Membership-Interest-in-Trilogy-REIT-Holdings-Becomes-Sole-Owner-of-Trilogy-REIT-Holdings/default.aspx,American Healthcare REIT said in September 2024 that it became the sole owner of Trilogy REIT Holdings.,high,2025|2026,2015-12-01,CMS owner association date,2015-12-01,,,TRILOGY MANAGEMENT SERVICES LLC|WITHAM MEMORIAL HOSPITAL,False,different_named_entities_in_pre_reit_snapshot,AMERICAN HEALTHCARE REIT INC|TRILOGY REAL ESTATE INVESTMENT TRUST,"American Healthcare REIT, Inc.",official_company_ir,American Healthcare REIT investor relations,https://ir.americanhealthcarereit.com/news/news-details/2024/American-Healthcare-REIT-Acquires-Remaining-Minority-Membership-Interest-in-Trilogy-REIT-Holdings-Becomes-Sole-Owner-of-Trilogy-REIT-Holdings/default.aspx,American Healthcare REIT said in September 2024 that it became the sole owner of Trilogy REIT Holdings.,2025,2026,2025,2026,2,2025-12-02,2026-03-02,CMS SNF_All_Owners association date,,,,,2025-11-06,"KELLY BRAVERMAN CEO, PRESIDENT|STEPHEN J BARDOCZI VICE PRESIDENT|TRILOGY MANAGEMENT SERVICES LLC|WITHAM MEMORIAL HOSPITAL|DANIEL E SELLERS CFO|MICHAEL JASON HORNBECKER BOARD TRUSTEE|ANDREA CASTETTER BOARD TRUSTEE|CLAUDE A HAWKINS BOARD TRUSTEE|JOHN W BRAND BOARD TRUSTEE|BRETT BAYSTON BOARD TRUSTEE",38
155735,ASHFORD PLACE HEALTH CAMPUS,IN,control,TRILOGY HEALTH SERVICES,TRILOGY REAL ESTATE INVESTMENT TRUST,named_reit_owner_row,American Healthcare REIT / Trilogy,"American Healthcare REIT, Inc.",public_healthcare_reit,yes,American Healthcare REIT investor relations,https://ir.americanhealthcarereit.com/news/news-details/2024/American-Healthcare-REIT-Acquires-Remaining-Minority-Membership-Interest-in-Trilogy-REIT-Holdings-Becomes-Sole-Owner-of-Trilogy-REIT-Holdings/default.aspx,American Healthcare REIT said in September 2024 that it became the sole owner of Trilogy REIT Holdings.,high,2025|2026,2015-12-01,CMS owner association date,2015-12-01,,,"HANCOCK REGIONAL HOSPITAL|TRILOGY HEALTHCARE OPERATIONS OF SHELBYVILLE, LLC",False,different_named_entities_in_pre_reit_snapshot,"AMERICAN HEALTHCARE REIT, INC.|TRILOGY REAL ESTATE INVESTMENT TRUST|AMERICAN HEALTHCARE REIT INC","American Healthcare REIT, Inc.",official_company_ir,American Healthcare REIT investor relations,https://ir.americanhealthcarereit.com/news/news-details/2024/American-Healthcare-REIT-Acquires-Remaining-Minority-Membership-Interest-in-Trilogy-REIT-Holdings-Becomes-Sole-Owner-of-Trilogy-REIT-Holdings/default.aspx,American Healthcare REIT said in September 2024 that it became the sole owner of Trilogy REIT Holdings.,2025,2026,2025,2026,2,2025-09-01,2026-03-02,CMS SNF_All_Owners association date,,,,,2025-08-01,"ROY L WILSON BOARD MEMBER|TIMOTHY G CLARK BOARD MEMBER|HANCOCK REGIONAL HOSPITAL|ZACHARY SIMPSON ADMINISTRATOR|STEVEN V LONG PRESIDENT/CEO|TRILOGY HEALTHCARE OPERATIONS OF SHELBYVILLE, LLC|JOSHUA DAUGHERTY VICE CHAIR|DEAN R FELKER BOARD MEMBER|MARIA F BOND SECRETARY|JAMES W MILLER BOARD MEMBER|SARA M JOYNER BOARD MEMBER",38
155797,ASPEN PLACE HEALTH CAMPUS,IN,control,TRILOGY HEALTH SERVICES,AMERICAN HEALTHCARE REIT INC,named_reit_owner_row,American Healthcare REIT / Trilogy,"American Healthcare REIT, Inc.",public_healthcare_reit,yes,American Healthcare REIT investor relations,https://ir.americanhealthcarereit.com/news/news-details/2024/American-Healthcare-REIT-Acquires-Remaining-Minority-Membership-Interest-in-Trilogy-REIT-Holdings-Becomes-Sole-Owner-of-Trilogy-REIT-Holdings/default.aspx,American Healthcare REIT said in September 2024 that it became the sole owner of Trilogy REIT Holdings.,high,2025|2026,2015-12-01,CMS owner association date,2015-12-01,,,"HENRY COUNTY MEMORIAL HOSPITAL|TRILOGY HEALTHCARE OF GREENSBURG, LLC",False,different_named_entities_in_pre_reit_snapshot,AMERICAN HEALTHCARE REIT INC|TRILOGY REAL ESTATE INVESTMENT TRUST,"American Healthcare REIT, Inc.",official_company_ir,American Healthcare REIT investor relations,https://ir.americanhealthcarereit.com/news/news-details/2024/American-Healthcare-REIT-Acquires-Remaining-Minority-Membership-Interest-in-Trilogy-REIT-Holdings-Becomes-Sole-Owner-of-Trilogy-REIT-Holdings/default.aspx,American Healthcare REIT said in September 2024 that it became the sole owner of Trilogy REIT Holdings.,2025,2026,2025,2026,2,2025-10-01,2026-03-02,CMS SNF_All_Owners association date,,,,,2025-09-01,"JOHN D PIDGEON CHAIRMAN|MARION E SHORE BOARD MEMBER|BRENDA BANNON ADMINISTRATOR|HENRY COUNTY MEMORIAL HOSPITAL|DEBORAH WARE BOARD MEMBER|PAUL F JANSSEN PRESIDENT/CEO|TRILOGY HEALTHCARE OF GREENSBURG, LLC|SHELDON L DYNES BOARD MEMBER",38
155795,AVALON SPRINGS HEALTH CAMPUS,IN,control,TRILOGY HEALTH SERVICES,TRILOGY REAL ESTATE INVESTMENT TRUST,named_reit_owner_row,American Healthcare REIT / Trilogy,"American Healthcare REIT, Inc.",public_healthcare_reit,yes,American Healthcare REIT investor relations,https://ir.americanhealthcarereit.com/news/news-details/2024/American-Healthcare-REIT-Acquires-Remaining-Minority-Membership-Interest-in-Trilogy-REIT-Holdings-Becomes-Sole-Owner-of-Trilogy-REIT-Holdings/default.aspx,American Healthcare REIT said in September 2024 that it became the sole owner of Trilogy REIT Holdings.,high,2025|2026,2015-12-01,CMS owner association date,2015-12-01,,,"TRILOGY HEALTHCARE OF PORTER, LLC|HANCOCK REGIONAL HOSPITAL",False,different_named_entities_in_pre_reit_snapshot,"AMERICAN HEALTHCARE REIT, INC.|TRILOGY REAL ESTATE INVESTMENT TRUST|AMERICAN HEALTHCARE REIT INC","American Healthcare REIT, Inc.",official_company_ir,American Healthcare REIT investor relations,https://ir.americanhealthcarereit.com/news/news-details/2024/American-Healthcare-REIT-Acquires-Remaining-Minority-Membership-Interest-in-Trilogy-REIT-Holdings-Becomes-Sole-Owner-of-Trilogy-REIT-Holdings/default.aspx,American Healthcare REIT said in September 2024 that it became the sole owner of Trilogy REIT Holdings.,2025,2026,2025,2026,2,2025-09-01,2026-03-02,CMS SNF_All_Owners association date,,,,,2025-08-01,"ROY L WILSON SECRETARY|TRILOGY HEALTHCARE OF PORTER, LLC|TIMOTHY G CLARK BOARD MEMBER|CRYSTAL WRAY ADMINISTRATOR|HANCOCK REGIONAL HOSPITAL|STEVEN V LONG CEO/PRESIDENT|JOSHUA DAUGHERTY VICE CHAIR|DEAN R FELKER BOARD MEMBER|MARIA F BOND SECRETARY|JAMES W MILLER CHAIRPERSON|SARA M JOYNER BOARD MEMBER",38
155791,BLAIR RIDGE HEALTH CAMPUS,IN,control,TRILOGY HEALTH SERVICES,AMERICAN HEALTHCARE REIT INC,named_reit_owner_row,American Healthcare REIT / Trilogy,"American Healthcare REIT, Inc.",public_healthcare_reit,yes,American Healthcare REIT investor relations,https://ir.americanhealthcarereit.com/news/news-details/2024/American-Healthcare-REIT-Acquires-Remaining-Minority-Membership-Interest-in-Trilogy-REIT-Holdings-Becomes-Sole-Owner-of-Trilogy-REIT-Holdings/default.aspx,American Healthcare REIT said in September 2024 that it became the sole owner of Trilogy REIT Holdings.,high,2025|2026,2015-12-01,CMS owner association date,2015-12-01,,,TRILOGY MANAGEMENT SERVICES LLC|WITHAM MEMORIAL HOSPITAL,False,different_named_entities_in_pre_reit_snapshot,AMERICAN HEALTHCARE REIT INC|TRILOGY REAL ESTATE INVESTMENT TRUST,"American Healthcare REIT, Inc.",official_company_ir,American Healthcare REIT investor relations,https://ir.americanhealthcarereit.com/news/news-details/2024/American-Healthcare-REIT-Acquires-Remaining-Minority-Membership-Interest-in-Trilogy-REIT-Holdings-Becomes-Sole-Owner-of-Trilogy-REIT-Holdings/default.aspx,American Healthcare REIT said in September 2024 that it became the sole owner of Trilogy REIT Holdings.,2025,2026,2025,2026,2,2025-11-06,2026-03-02,CMS SNF_All_Owners association date,,,,,2025-10-01,"KELLY BRAVERMAN CEO, PRESIDENT|STEPHEN J BARDOCZI VICE PRESIDENT|TRILOGY MANAGEMENT SERVICES LLC|WITHAM MEMORIAL HOSPITAL|DANIEL E SELLERS CFO|MICHAEL JASON HORNBECKER CFO|ANDREA CASTETTER BOARD TRUSTEE|CLAUDE A HAWKINS BOARD TRUSTEE|JOHN W BRAND BOARD TRUSTEE|TAMARA TINSLEY EXECUTIVE DIRECTOR|BRETT BAYSTON BOARD TRUSTEE",38
155822,CEDAR CREEK HEALTH CAMPUS,IN,control,TRILOGY HEALTH SERVICES,AMERICAN HEALTHCARE REIT INC,named_reit_owner_row,American Healthcare REIT / Trilogy,"American Healthcare REIT, Inc.",public_healthcare_reit,yes,American Healthcare REIT investor relations,https://ir.americanhealthcarereit.com/news/news-details/2024/American-Healthcare-REIT-Acquires-Remaining-Minority-Membership-Interest-in-Trilogy-REIT-Holdings-Becomes-Sole-Owner-of-Trilogy-REIT-Holdings/default.aspx,American Healthcare REIT said in September 2024 that it became the sole owner of Trilogy REIT Holdings.,high,2025|2026,2015-12-01,CMS owner association date,2015-12-01,,,HANCOCK REGIONAL HOSPITAL|TRILOGY HEALTHCARE OF LOWELL LLC,False,different_named_entities_in_pre_reit_snapshot,AMERICAN HEALTHCARE REIT INC|TRILOGY REAL ESTATE INVESTMENT TRUST,"American Healthcare REIT, Inc.",official_company_ir,American Healthcare REIT investor relations,https://ir.americanhealthcarereit.com/news/news-details/2024/American-Healthcare-REIT-Acquires-Remaining-Minority-Membership-Interest-in-Trilogy-REIT-Holdings-Becomes-Sole-Owner-of-Trilogy-REIT-Holdings/default.aspx,American Healthcare REIT said in September 2024 that it became the sole owner of Trilogy REIT Holdings.,2025,2026,2025,2026,2,2025-11-06,2026-03-02,CMS SNF_All_Owners association date,,,,,2025-10-01,ROY L WILSON SECRETARY|TIMOTHY G CLARK BOARD MEMBER|HANCOCK REGIONAL HOSPITAL|STEVEN V LONG CEO/PRESIDENT|TRILOGY HEALTHCARE OF LOWELL LLC|LEIGH ANN BARNEY ADMINISTRATOR|JOSHUA DAUGHERTY VICE CHAIR|DEAN R FELKER BOARD MEMBER|MARIA F BOND SECRETARY|JAMES W MILLER CHAIRPERSON|SARA M JOYNER CHAIR,38
155815,CLEARVISTA LAKE HEALTH CAMPUS,IN,control,TRILOGY HEALTH SERVICES,AMERICAN HEALTHCARE REIT INC,named_reit_owner_row,American Healthcare REIT / Trilogy,"American Healthcare REIT, Inc.",public_healthcare_reit,yes,American Healthcare REIT investor relations,https://ir.americanhealthcarereit.com/news/news-details/2024/American-Healthcare-REIT-Acquires-Remaining-Minority-Membership-Interest-in-Trilogy-REIT-Holdings-Becomes-Sole-Owner-of-Trilogy-REIT-Holdings/default.aspx,American Healthcare REIT said in September 2024 that it became the sole owner of Trilogy REIT Holdings.,high,2025|2026,2015-12-01,CMS owner association date,2015-12-01,,,RHS PARTNERS OF CASTLETON LLC|WITHAM MEMORIAL HOSPITAL,False,different_named_entities_in_pre_reit_snapshot,AMERICAN HEALTHCARE REIT INC|TRILOGY REAL ESTATE INVESTMENT TRUST,"American Healthcare REIT, Inc.",official_company_ir,American Healthcare REIT investor relations,https://ir.americanhealthcarereit.com/news/news-details/2024/American-Healthcare-REIT-Acquires-Remaining-Minority-Membership-Interest-in-Trilogy-REIT-Holdings-Becomes-Sole-Owner-of-Trilogy-REIT-Holdings/default.aspx,American Healthcare REIT said in September 2024 that it became the sole owner of Trilogy REIT Holdings.,2025,2026,2025,2026,2,2025-12-02,2026-03-02,CMS SNF_All_Owners association date,,,,,2025-11-06,"JACK JONES BOARD TRUSTEE|KELLY BRAVERMAN CEO, PRESIDENT|STEPHEN J BARDOCZI VICE PRESIDENT|RHS PARTNERS OF CASTLETON LLC|WITHAM MEMORIAL HOSPITAL|GEORGE POGAS CFO, SR. VICE PRESIDENT|KEVIN ALBRECHT|ANDREA CASTETTER BOARD TRUSTEE|CLAUDE A HAWKINS BOARD TRUSTEE|JOHN W BRAND BOARD TRUSTEE|BRETT BAYSTON BOARD TRUSTEE",38
155772,COBBLESTONE CROSSINGS HEALTH CAMPUS,IN,control,TRILOGY HEALTH SERVICES,TRILOGY REAL ESTATE INVESTMENT TRUST,named_reit_owner_row,American Healthcare REIT / Trilogy,"American Healthcare REIT, Inc.",public_healthcare_reit,yes,American Healthcare REIT investor relations,https://ir.americanhealthcarereit.com/news/news-details/2024/American-Healthcare-REIT-Acquires-Remaining-Minority-Membership-Interest-in-Trilogy-REIT-Holdings-Becomes-Sole-Owner-of-Trilogy-REIT-Holdings/default.aspx,American Healthcare REIT said in September 2024 that it became the sole owner of Trilogy REIT Holdings.,high,2025|2026,2015-12-01,CMS owner association date,2015-12-01,,,PUTNAM COUNTY HOSPITAL|TRILOGY HEALTHCARE OF VIGO LLC,False,different_named_entities_in_pre_reit_snapshot,AMERICAN HEALTHCARE REIT INC|TRILOGY REAL ESTATE INVESTMENT TRUST,"American Healthcare REIT, Inc.",official_company_ir,American Healthcare REIT investor relations,https://ir.americanhealthcarereit.com/news/news-details/2024/American-Healthcare-REIT-Acquires-Remaining-Minority-Membership-Interest-in-Trilogy-REIT-Holdings-Becomes-Sole-Owner-of-Trilogy-REIT-Holdings/default.aspx,American Healthcare REIT said in September 2024 that it became the sole owner of Trilogy REIT Holdings.,2025,2026,2025,2026,2,2025-11-06,2026-03-02,CMS SNF_All_Owners association date,,,,,2025-10-01,MATTHEW L HEADLEY BOARD MEMBER|PUTNAM COUNTY HOSPITAL|NICOLE GRIFFITH ADMINISTRATOR|NICOLE GRIFFITH EXECUTIVE DIRECTOR|DENNIS D O'HAIR BOARD MEMBER|TRILOGY HEALTHCARE OF VIGO LLC|KEITH P LANDRY SECRETARY/TREASURER|ARNOLD D BRAY PRESIDENT|JANICE M FRY BOARD MEMBER|ROBERT N MANN VICE PRESIDENT|DENNIS A WEATHERFORD CEO|KATRINA ANN LEWIS BOARD MEMBER,38
155712,COVERED BRIDGE HEALTH CAMPUS,IN,control,TRILOGY HEALTH SERVICES,AMERICAN HEALTHCARE REIT INC,named_reit_owner_row,American Healthcare REIT / Trilogy,"American Healthcare REIT, Inc.",public_healthcare_reit,yes,American Healthcare REIT investor relations,https://ir.americanhealthcarereit.com/news/news-details/2024/American-Healthcare-REIT-Acquires-Remaining-Minority-Membership-Interest-in-Trilogy-REIT-Holdings-Becomes-Sole-Owner-of-Trilogy-REIT-Holdings/default.aspx,American Healthcare REIT said in September 2024 that it became the sole owner of Trilogy REIT Holdings.,high,2025|2026,2018-10-01,CMS owner association date,2018-10-01,,,"TRILOGY HEALTHCARE OF SEYMOUR, LLC|JACKSON COUNTY SCHNECK MEMORIAL HOSPITAL",False,different_named_entities_in_pre_reit_snapshot,AMERICAN HEALTHCARE REIT INC,"American Healthcare REIT, Inc.",official_company_ir,American Healthcare REIT investor relations,https://ir.americanhealthcarereit.com/news/news-details/2024/American-Healthcare-REIT-Acquires-Remaining-Minority-Membership-Interest-in-Trilogy-REIT-Holdings-Becomes-Sole-Owner-of-Trilogy-REIT-Holdings/default.aspx,American Healthcare REIT said in September 2024 that it became the sole owner of Trilogy REIT Holdings.,2025,2026,2025,2026,2,2025-12-02,2026-03-02,CMS SNF_All_Owners association date,,,,,2025-11-06,"TRILOGY HEALTHCARE OF SEYMOUR, LLC|JACK L MCCORY BOARD MEMBER|RICK L SMITH CHAIRMAN|ANDREW B MARKEL BOARD MEMBER|COURTNEY B KLEBER BOARD MEMBER|ANGELA M SHORT ADMINISTRATOR|DEBORAH A MANN CFO|MATTHEW K REEDY BOARD MEMBER|TERRENCE L GILLILAND BOARD MEMBER|SUSAN D BEVERS BOARD MEMBER|ERIC D FISH PRESIDENT/CEO|BRANDON J HARPE BOARD MEMBER|JACKSON COUNTY SCHNECK MEMORIAL HOSPITAL|ROBERT D GILLASPY BOARD MEMBER",38
155777,CREASY SPRINGS HEALTH CAMPUS,IN,control,TRILOGY HEALTH SERVICES,TRILOGY REAL ESTATE INVESTMENT TRUST,named_reit_owner_row,American Healthcare REIT / Trilogy,"American Healthcare REIT, Inc.",public_healthcare_reit,yes,American Healthcare REIT investor relations,https://ir.americanhealthcarereit.com/news/news-details/2024/American-Healthcare-REIT-Acquires-Remaining-Minority-Membership-Interest-in-Trilogy-REIT-Holdings-Becomes-Sole-Owner-of-Trilogy-REIT-Holdings/default.aspx,American Healthcare REIT said in September 2024 that it became the sole owner of Trilogy REIT Holdings.,high,2025|2026,2015-12-01,CMS owner association date,2015-12-01,,,TRILOGY HEALTHCARE OF LAFAYETTE LLC|HANCOCK REGIONAL HOSPITAL,False,different_named_entities_in_pre_reit_snapshot,"AMERICAN HEALTHCARE REIT, INC.|TRILOGY REAL ESTATE INVESTMENT TRUST|AMERICAN HEALTHCARE REIT INC","American Healthcare REIT, Inc.",official_company_ir,American Healthcare REIT investor relations,https://ir.americanhealthcarereit.com/news/news-details/2024/American-Healthcare-REIT-Acquires-Remaining-Minority-Membership-Interest-in-Trilogy-REIT-Holdings-Becomes-Sole-Owner-of-Trilogy-REIT-Holdings/default.aspx,American Healthcare REIT said in September 2024 that it became the sole owner of Trilogy REIT Holdings.,2025,2026,2025,2026,2,2025-08-01,2026-03-02,CMS SNF_All_Owners association date,,,,,2025-07-01,TRILOGY HEALTHCARE OF LAFAYETTE LLC|ROY L WILSON SECRETARY|TIMOTHY G CLARK BOARD MEMBER|HANCOCK REGIONAL HOSPITAL|STEVEN V LONG CEO/PRESIDENT|JUSTIN RIFE ADMINISTRATOR|JOSHUA DAUGHERTY VICE CHAIR|DEAN R FELKER BOARD MEMBER|MARIA F BOND SECRETARY|JAMES W MILLER CHAIRPERSON|SARA M JOYNER CHAIR,38
155775,CUMBERLAND POINTE HEALTH CAMPUS,IN,control,TRILOGY HEALTH SERVICES,AMERICAN HEALTHCARE REIT INC,named_reit_owner_row,American Healthcare REIT / Trilogy,"American Healthcare REIT, Inc.",public_healthcare_reit,yes,American Healthcare REIT investor relations,https://ir.americanhealthcarereit.com/news/news-details/2024/American-Healthcare-REIT-Acquires-Remaining-Minority-Membership-Interest-in-Trilogy-REIT-Holdings-Becomes-Sole-Owner-of-Trilogy-REIT-Holdings/default.aspx,American Healthcare REIT said in September 2024 that it became the sole owner of Trilogy REIT Holdings.,high,2025|2026,2015-12-01,CMS owner association date,2015-12-01,,,TRILOGY MANAGEMENT SERVICES LLC|WITHAM MEMORIAL HOSPITAL,False,different_named_entities_in_pre_reit_snapshot,AMERICAN HEALTHCARE REIT INC|TRILOGY REAL ESTATE INVESTMENT TRUST,"American Healthcare REIT, Inc.",official_company_ir,American Healthcare REIT investor relations,https://ir.americanhealthcarereit.com/news/news-details/2024/American-Healthcare-REIT-Acquires-Remaining-Minority-Membership-Interest-in-Trilogy-REIT-Holdings-Becomes-Sole-Owner-of-Trilogy-REIT-Holdings/default.aspx,American Healthcare REIT said in September 2024 that it became the sole owner of Trilogy REIT Holdings.,2025,2026,2025,2026,2,2025-12-02,2026-03-02,CMS SNF_All_Owners association date,,,,,2025-11-06,"KELLY BRAVERMAN CEO, PRESIDENT|CAROL WARD AD;|STEPHEN J BARDOCZI|TRILOGY MANAGEMENT SERVICES LLC|WITHAM MEMORIAL HOSPITAL|DANIEL E SELLERS CFO|MICHAEL JASON HORNBECKER BOARD TRUSTEE|ANDREA CASTETTER BOARD TRUSTEE|CLAUDE A HAWKINS BOARD TRUSTEE|JOHN W BRAND BOARD TRUSTEE|BRETT BAYSTON BOARD TRUSTEE",38
155762,FOREST PARK HEALTH CAMPUS,IN,control,TRILOGY HEALTH SERVICES,TRILOGY REAL ESTATE INVESTMENT TRUST,named_reit_owner_row,American Healthcare REIT / Trilogy,"American Healthcare REIT, Inc.",public_healthcare_reit,yes,American Healthcare REIT investor relations,https://ir.americanhealthcarereit.com/news/news-details/2024/American-Healthcare-REIT-Acquires-Remaining-Minority-Membership-Interest-in-Trilogy-REIT-Holdings-Becomes-Sole-Owner-of-Trilogy-REIT-Holdings/default.aspx,American Healthcare REIT said in September 2024 that it became the sole owner of Trilogy REIT Holdings.,high,2025|2026,2015-12-01,CMS owner association date,2015-12-01,,,HENRY COUNTY MEMORIAL HOSPITAL|TRILOGY HEALTHCARE OPERATIONS OF RICHMOND LLC,False,different_named_entities_in_pre_reit_snapshot,"AMERICAN HEALTHCARE REIT, INC.|TRILOGY REAL ESTATE INVESTMENT TRUST|AMERICAN HEALTHCARE REIT INC","American Healthcare REIT, Inc.",official_company_ir,American Healthcare REIT investor relations,https://ir.americanhealthcarereit.com/news/news-details/2024/American-Healthcare-REIT-Acquires-Remaining-Minority-Membership-Interest-in-Trilogy-REIT-Holdings-Becomes-Sole-Owner-of-Trilogy-REIT-Holdings/default.aspx,American Healthcare REIT said in September 2024 that it became the sole owner of Trilogy REIT Holdings.,2025,2026,2025,2026,2,2025-09-01,2026-03-02,CMS SNF_All_Owners association date,,,,,2025-08-01,JOHN D PIDGEON BOARD MEMBER|ROBIN HUSTON ADMINISTRATOR|MARION E SHORE BOARD MEMBER|HENRY COUNTY MEMORIAL HOSPITAL|DEBORAH WARE BOARD MEMBER|PAUL F JANSSEN PRESIDENT/CEO|TRILOGY HEALTHCARE OPERATIONS OF RICHMOND LLC|SHELDON L DYNES BOARD MEMBER,38
155830,HARRISON'S CROSSING HEALTH CAMPUS,IN,control,TRILOGY HEALTH SERVICES,AMERICAN HEALTHCARE REIT INC,named_reit_owner_row,American Healthcare REIT / Trilogy,"American Healthcare REIT, Inc.",public_healthcare_reit,yes,American Healthcare REIT investor relations,https://ir.americanhealthcarereit.com/news/news-details/2024/American-Healthcare-REIT-Acquires-Remaining-Minority-Membership-Interest-in-Trilogy-REIT-Holdings-Becomes-Sole-Owner-of-Trilogy-REIT-Holdings/default.aspx,American Healthcare REIT said in September 2024 that it became the sole owner of Trilogy REIT Holdings.,high,2025|2026,2015-12-01,CMS owner association date,2015-12-01,,,PUTNAM COUNTY HOSPITAL|RHS PARTNERS OF TERRE HAUTE LLC,False,different_named_entities_in_pre_reit_snapshot,AMERICAN HEALTHCARE REIT INC|TRILOGY REAL ESTATE INVESTMENT TRUST,"American Healthcare REIT, Inc.",official_company_ir,American Healthcare REIT investor relations,https://ir.americanhealthcarereit.com/news/news-details/2024/American-Healthcare-REIT-Acquires-Remaining-Minority-Membership-Interest-in-Trilogy-REIT-Holdings-Becomes-Sole-Owner-of-Trilogy-REIT-Holdings/default.aspx,American Healthcare REIT said in September 2024 that it became the sole owner of Trilogy REIT Holdings.,2025,2026,2025,2026,2,2025-10-01,2026-03-02,CMS SNF_All_Owners association date,,,,,2025-09-01,MATTHEW L HEADLEY BOARD MEMBER|PUTNAM COUNTY HOSPITAL|DENNIS D O'HAIR BOARD MEMBER|KEITH P LANDRY SECRETARY/TREASURER|ARNOLD D BRAY PRESIDENT|RHS PARTNERS OF TERRE HAUTE LLC|JANICE M FRY BOARD MEMBER|ROBERT N MANN VICE PRESIDENT|DENNIS A WEATHERFORD PRESIDENT/CEO|SEAN C MEDSKER ADMINISTRATOR|KATRINA ANN LEWIS BOARD MEMBER,38
155818,HEARTHSTONE HEALTH CAMPUS,IN,control,TRILOGY HEALTH SERVICES,AMERICAN HEALTHCARE REIT INC,named_reit_owner_row,American Healthcare REIT / Trilogy,"American Healthcare REIT, Inc.",public_healthcare_reit,yes,American Healthcare REIT investor relations,https://ir.americanhealthcarereit.com/news/news-details/2024/American-Healthcare-REIT-Acquires-Remaining-Minority-Membership-Interest-in-Trilogy-REIT-Holdings-Becomes-Sole-Owner-of-Trilogy-REIT-Holdings/default.aspx,American Healthcare REIT said in September 2024 that it became the sole owner of Trilogy REIT Holdings.,high,2025|2026,2015-12-01,CMS owner association date,2015-12-01,,,DAVIESS COUNTY HOSPITAL,False,different_named_entities_in_pre_reit_snapshot,AMERICAN HEALTHCARE REIT INC|TRILOGY REAL ESTATE INVESTMENT TRUST,"American Healthcare REIT, Inc.",official_company_ir,American Healthcare REIT investor relations,https://ir.americanhealthcarereit.com/news/news-details/2024/American-Healthcare-REIT-Acquires-Remaining-Minority-Membership-Interest-in-Trilogy-REIT-Holdings-Becomes-Sole-Owner-of-Trilogy-REIT-Holdings/default.aspx,American Healthcare REIT said in September 2024 that it became the sole owner of Trilogy REIT Holdings.,2025,2026,2025,2026,2,2025-11-06,2026-03-02,CMS SNF_All_Owners association date,,,,,2025-10-01,DAVIESS COUNTY HOSPITAL|RANDALL RUSSELL CFO|TRACY CONROY CEO|DERON STEINER BOARD CHAIR|SARA KELLEY ADMINISTRATOR|KATHY M CORBIN CONTRACTED DIRECTOR OF LICENSURE,38
155680,HOMEWOOD HEALTH CAMPUS,IN,control,TRILOGY HEALTH SERVICES,AMERICAN HEALTHCARE REIT INC,named_reit_owner_row,American Healthcare REIT / Trilogy,"American Healthcare REIT, Inc.",public_healthcare_reit,yes,American Healthcare REIT investor relations,https://ir.americanhealthcarereit.com/news/news-details/2024/American-Healthcare-REIT-Acquires-Remaining-Minority-Membership-Interest-in-Trilogy-REIT-Holdings-Becomes-Sole-Owner-of-Trilogy-REIT-Holdings/default.aspx,American Healthcare REIT said in September 2024 that it became the sole owner of Trilogy REIT Holdings.,high,2025|2026,2015-12-01,CMS owner association date,2015-12-01,,,"WITHAM MEMORIAL HOSPITAL|TRILOGY HEALTHCARE OF LEBANON, LLC",False,different_named_entities_in_pre_reit_snapshot,AMERICAN HEALTHCARE REIT INC|TRILOGY REAL ESTATE INVESTMENT TRUST,"American Healthcare REIT, Inc.",official_company_ir,American Healthcare REIT investor relations,https://ir.americanhealthcarereit.com/news/news-details/2024/American-Healthcare-REIT-Acquires-Remaining-Minority-Membership-Interest-in-Trilogy-REIT-Holdings-Becomes-Sole-Owner-of-Trilogy-REIT-Holdings/default.aspx,American Healthcare REIT said in September 2024 that it became the sole owner of Trilogy REIT Holdings.,2025,2026,2025,2026,2,2025-12-02,2026-03-02,CMS SNF_All_Owners association date,,,,,2025-11-06,"KELLY BRAVERMAN CEO, PRESIDENT|STEPHEN J BARDOCZI VICE PRESIDENT|WITHAM MEMORIAL HOSPITAL|GEORGE POGAS CFO, SENIOR VP|MICHAEL JASON HORNBECKER BOARD TRUSTEE|ANDREA CASTETTER BOARD TRUSTEE|TRILOGY HEALTHCARE OF LEBANON, LLC|CLAUDE A HAWKINS BOARD TRUSTEE|JOHN W BRAND BOARD TRUSTEE|BRETT BAYSTON BOARD TRUSTEE",38
155736,MILL POND HEALTH CAMPUS,IN,control,TRILOGY HEALTH SERVICES,TRILOGY REAL ESTATE INVESTMENT TRUST,named_reit_owner_row,American Healthcare REIT / Trilogy,"American Healthcare REIT, Inc.",public_healthcare_reit,yes,American Healthcare REIT investor relations,https://ir.americanhealthcarereit.com/news/news-details/2024/American-Healthcare-REIT-Acquires-Remaining-Minority-Membership-Interest-in-Trilogy-REIT-Holdings-Becomes-Sole-Owner-of-Trilogy-REIT-Holdings/default.aspx,American Healthcare REIT said in September 2024 that it became the sole owner of Trilogy REIT Holdings.,high,2025|2026,2015-12-01,CMS owner association date,2015-12-01,,,"PUTNAM COUNTY HOSPITAL|TRILOGY HEALTHCARE OPERATIONS OF GREENCASTLE, LLC",False,different_named_entities_in_pre_reit_snapshot,"AMERICAN HEALTHCARE REIT, INC.|TRILOGY REAL ESTATE INVESTMENT TRUST|AMERICAN HEALTHCARE REIT INC","American Healthcare REIT, Inc.",official_company_ir,American Healthcare REIT investor relations,https://ir.americanhealthcarereit.com/news/news-details/2024/American-Healthcare-REIT-Acquires-Remaining-Minority-Membership-Interest-in-Trilogy-REIT-Holdings-Becomes-Sole-Owner-of-Trilogy-REIT-Holdings/default.aspx,American Healthcare REIT said in September 2024 that it became the sole owner of Trilogy REIT Holdings.,2025,2026,2025,2026,2,2025-09-01,2026-03-02,CMS SNF_All_Owners association date,,,,,2025-08-01,"MAURICE WOOLFOLK ADMINISTRATOR|MATTHEW L HEADLEY BOARD MEMBER|PUTNAM COUNTY HOSPITAL|DENNIS D O'HAIR BOARD MEMBER|TRILOGY HEALTHCARE OPERATIONS OF GREENCASTLE, LLC|KEITH P LANDRY SECRETARY/TREASURER|ARNOLD D BRAY PRESIDENT|JANICE M FRY BOARD MEMBER|ROBERT N MANN VICE PRESIDENT|DENNIS A WEATHERFORD PRESIDENT/CEO|KATRINA ANN LEWIS BOARD MEMBER",38
155495,PADDOCK SPRINGS,IN,control,TRILOGY HEALTH SERVICES,TRILOGY REAL ESTATE INVESTMENT TRUST,named_reit_owner_row,American Healthcare REIT / Trilogy,"American Healthcare REIT, Inc.",public_healthcare_reit,yes,American Healthcare REIT investor relations,https://ir.americanhealthcarereit.com/news/news-details/2024/American-Healthcare-REIT-Acquires-Remaining-Minority-Membership-Interest-in-Trilogy-REIT-Holdings-Becomes-Sole-Owner-of-Trilogy-REIT-Holdings/default.aspx,American Healthcare REIT said in September 2024 that it became the sole owner of Trilogy REIT Holdings.,high,2025|2026,2015-12-01,CMS owner association date,2015-12-01,,,"HANCOCK REGIONAL HOSPITAL|TRILOGY HEALTHCARE OF MILFORD, LLC",False,different_named_entities_in_pre_reit_snapshot,"AMERICAN HEALTHCARE REIT, INC.|TRILOGY REAL ESTATE INVESTMENT TRUST|AMERICAN HEALTHCARE REIT INC","American Healthcare REIT, Inc.",official_company_ir,American Healthcare REIT investor relations,https://ir.americanhealthcarereit.com/news/news-details/2024/American-Healthcare-REIT-Acquires-Remaining-Minority-Membership-Interest-in-Trilogy-REIT-Holdings-Becomes-Sole-Owner-of-Trilogy-REIT-Holdings/default.aspx,American Healthcare REIT said in September 2024 that it became the sole owner of Trilogy REIT Holdings.,2025,2026,2025,2026,2,2025-09-01,2026-03-02,CMS SNF_All_Owners association date,,,,,2025-08-01,"ROY L WILSON BOARD MEMBER|TIMOTHY G CLARK BOARD MEMBER|HANCOCK REGIONAL HOSPITAL|TRILOGY HEALTHCARE OF MILFORD, LLC|STEVEN V LONG PRESIDENT/CEO|HUMBERTO NUNEZ ADMINISTRATOR|JOSHUA DAUGHERTY VICE CHAIR|DEAN R FELKER BOARD MEMBER|MARIA F BOND SECRETARY|JAMES W MILLER BOARD MEMBER|SARA M JOYNER BOARD MEMBER",38
155779,PRAIRIE LAKES HEALTH CAMPUS,IN,control,TRILOGY HEALTH SERVICES,TRILOGY REAL ESTATE INVESTMENT TRUST,named_reit_owner_row,American Healthcare REIT / Trilogy,"American Healthcare REIT, Inc.",public_healthcare_reit,yes,American Healthcare REIT investor relations,https://ir.americanhealthcarereit.com/news/news-details/2024/American-Healthcare-REIT-Acquires-Remaining-Minority-Membership-Interest-in-Trilogy-REIT-Holdings-Becomes-Sole-Owner-of-Trilogy-REIT-Holdings/default.aspx,American Healthcare REIT said in September 2024 that it became the sole owner of Trilogy REIT Holdings.,high,2025|2026,2015-12-01,CMS owner association date,2015-12-01,,,HANCOCK REGIONAL HOSPITAL|TRILOGY HEALTHCARE OF HAMILTON II LLC,False,different_named_entities_in_pre_reit_snapshot,"AMERICAN HEALTHCARE REIT, INC.|TRILOGY REAL ESTATE INVESTMENT TRUST|AMERICAN HEALTHCARE REIT INC","American Healthcare REIT, Inc.",official_company_ir,American Healthcare REIT investor relations,https://ir.americanhealthcarereit.com/news/news-details/2024/American-Healthcare-REIT-Acquires-Remaining-Minority-Membership-Interest-in-Trilogy-REIT-Holdings-Becomes-Sole-Owner-of-Trilogy-REIT-Holdings/default.aspx,American Healthcare REIT said in September 2024 that it became the sole owner of Trilogy REIT Holdings.,2025,2026,2025,2026,2,2025-09-01,2026-03-02,CMS SNF_All_Owners association date,,,,,2025-08-01,ROY L WILSON SECRETARY|TIMOTHY G CLARK BOARD MEMBER|HANCOCK REGIONAL HOSPITAL|STEVEN V LONG CEO/PRESIDENT|STACY MEVZEK ADMINISTRATOR|TRILOGY HEALTHCARE OF HAMILTON II LLC|JOSHUA DAUGHERTY VICE CHAIR|DEAN R FELKER BOARD MEMBER|MARIA F BOND SECRETARY|JAMES W MILLER CHAIRPERSON|SARA M JOYNER BOARD MEMBER,38
155829,"SPRINGS AT LAFAYETTE, THE",IN,control,TRILOGY HEALTH SERVICES,AMERICAN HEALTHCARE REIT INC,named_reit_owner_row,American Healthcare REIT / Trilogy,"American Healthcare REIT, Inc.",public_healthcare_reit,yes,American Healthcare REIT investor relations,https://ir.americanhealthcarereit.com/news/news-details/2024/American-Healthcare-REIT-Acquires-Remaining-Minority-Membership-Interest-in-Trilogy-REIT-Holdings-Becomes-Sole-Owner-of-Trilogy-REIT-Holdings/default.aspx,American Healthcare REIT said in September 2024 that it became the sole owner of Trilogy REIT Holdings.,high,2025|2026,2015-12-01,CMS owner association date,2015-12-01,,,WITHAM MEMORIAL HOSPITAL|RHS PARTNERS OF LAFAYETTE LLC,False,different_named_entities_in_pre_reit_snapshot,AMERICAN HEALTHCARE REIT INC|TRILOGY REAL ESTATE INVESTMENT TRUST,"American Healthcare REIT, Inc.",official_company_ir,American Healthcare REIT investor relations,https://ir.americanhealthcarereit.com/news/news-details/2024/American-Healthcare-REIT-Acquires-Remaining-Minority-Membership-Interest-in-Trilogy-REIT-Holdings-Becomes-Sole-Owner-of-Trilogy-REIT-Holdings/default.aspx,American Healthcare REIT said in September 2024 that it became the sole owner of Trilogy REIT Holdings.,2025,2026,2025,2026,2,2025-12-02,2026-03-02,CMS SNF_All_Owners association date,,,,,2025-11-06,"JACK JONES|KELLY BRAVERMAN CEO, PRESIDENT|STEPHEN J BARDOCZI|WITHAM MEMORIAL HOSPITAL|GEORGE POGAS|RHS PARTNERS OF LAFAYETTE LLC|ANDREA CASTETTER BOARD TRUSTEE|CLAUDE A HAWKINS|JOHN W BRAND|JAMES DAUGHERTY|BRETT BAYSTON BOARD TRUSTEE",38
155727,STONEBRIDGE HEALTH CAMPUS,IN,control,TRILOGY HEALTH SERVICES,TRILOGY REAL ESTATE INVESTMENT TRUST,named_reit_owner_row,American Healthcare REIT / Trilogy,"American Healthcare REIT, Inc.",public_healthcare_reit,yes,American Healthcare REIT investor relations,https://ir.americanhealthcarereit.com/news/news-details/2024/American-Healthcare-REIT-Acquires-Remaining-Minority-Membership-Interest-in-Trilogy-REIT-Holdings-Becomes-Sole-Owner-of-Trilogy-REIT-Holdings/default.aspx,American Healthcare REIT said in September 2024 that it became the sole owner of Trilogy REIT Holdings.,high,2025|2026,2015-12-01,CMS owner association date,2015-12-01,,,"JACKSON COUNTY SCHNECK MEMORIAL HOSPITAL|TRILOGY HEALTHCARE OF STONEBRIDGE, LLC",False,different_named_entities_in_pre_reit_snapshot,"AMERICAN HEALTHCARE REIT, INC.|TRILOGY REAL ESTATE INVESTMENT TRUST|AMERICAN HEALTHCARE REIT INC","American Healthcare REIT, Inc.",official_company_ir,American Healthcare REIT investor relations,https://ir.americanhealthcarereit.com/news/news-details/2024/American-Healthcare-REIT-Acquires-Remaining-Minority-Membership-Interest-in-Trilogy-REIT-Holdings-Becomes-Sole-Owner-of-Trilogy-REIT-Holdings/default.aspx,American Healthcare REIT said in September 2024 that it became the sole owner of Trilogy REIT Holdings.,2025,2026,2025,2026,2,2025-09-01,2026-03-02,CMS SNF_All_Owners association date,,,,,2025-08-01,"JACK L MCCORY BOARD MEMBER|RICK L SMITH CHAIRMAN|ANDREW B MARKEL BOARD MEMBER|COURTNEY B KLEBER BOARD MEMBER|DAWN BLACK ADMINISTRATOR|DEBORAH A MANN VP FINANCE/CFO|MATTHEW K REEDY BOARD MEMBER|TERRENCE L GILLILAND BOARD MEMBER|SUSAN D BEVERS BOARD MEMBER|ERIC D FISH PRESIDENT/CEO|BRANDON J HARPE BOARD MEMBER|JACKSON COUNTY SCHNECK MEMORIAL HOSPITAL|ROBERT D GILLASPY BOARD MEMBER|TRILOGY HEALTHCARE OF STONEBRIDGE, LLC",38
155838,STONECROFT HEALTH CAMPUS,IN,control,TRILOGY HEALTH SERVICES,AMERICAN HEALTHCARE REIT INC,named_reit_owner_row,American Healthcare REIT / Trilogy,"American Healthcare REIT, Inc.",public_healthcare_reit,yes,American Healthcare REIT investor relations,https://ir.americanhealthcarereit.com/news/news-details/2024/American-Healthcare-REIT-Acquires-Remaining-Minority-Membership-Interest-in-Trilogy-REIT-Holdings-Becomes-Sole-Owner-of-Trilogy-REIT-Holdings/default.aspx,American Healthcare REIT said in September 2024 that it became the sole owner of Trilogy REIT Holdings.,high,2025|2026,2015-12-01,CMS owner association date,2015-12-01,,,DAVIESS COUNTY HOSPITAL,False,different_named_entities_in_pre_reit_snapshot,AMERICAN HEALTHCARE REIT INC|TRILOGY REAL ESTATE INVESTMENT TRUST,"American Healthcare REIT, Inc.",official_company_ir,American Healthcare REIT investor relations,https://ir.americanhealthcarereit.com/news/news-details/2024/American-Healthcare-REIT-Acquires-Remaining-Minority-Membership-Interest-in-Trilogy-REIT-Holdings-Becomes-Sole-Owner-of-Trilogy-REIT-Holdings/default.aspx,American Healthcare REIT said in September 2024 that it became the sole owner of Trilogy REIT Holdings.,2025,2026,2025,2026,2,2025-11-06,2026-03-02,CMS SNF_All_Owners association date,,,,,2025-10-01,DAVIESS COUNTY HOSPITAL|RANDALL RUSSELL CFO|TRACY CONROY CEO|GRIFFIN BILSKIE ADMINISTRATOR|DERON STEINER BOARD CHAIR|KATHY M CORBIN CONTRACTED DIRCTOR OF LICENSURE,38
155837,"VILLAGES AT OAK RIDGE, THE",IN,control,TRILOGY HEALTH SERVICES,AMERICAN HEALTHCARE REIT INC,named_reit_owner_row,American Healthcare REIT / Trilogy,"American Healthcare REIT, Inc.",public_healthcare_reit,yes,American Healthcare REIT investor relations,https://ir.americanhealthcarereit.com/news/news-details/2024/American-Healthcare-REIT-Acquires-Remaining-Minority-Membership-Interest-in-Trilogy-REIT-Holdings-Becomes-Sole-Owner-of-Trilogy-REIT-Holdings/default.aspx,American Healthcare REIT said in September 2024 that it became the sole owner of Trilogy REIT Holdings.,high,2025|2026,2018-10-01,CMS owner association date,2018-10-01,,,DAVIESS COUNTY HOSPITAL,False,different_named_entities_in_pre_reit_snapshot,AMERICAN HEALTHCARE REIT INC,"American Healthcare REIT, Inc.",official_company_ir,American Healthcare REIT investor relations,https://ir.americanhealthcarereit.com/news/news-details/2024/American-Healthcare-REIT-Acquires-Remaining-Minority-Membership-Interest-in-Trilogy-REIT-Holdings-Becomes-Sole-Owner-of-Trilogy-REIT-Holdings/default.aspx,American Healthcare REIT said in September 2024 that it became the sole owner of Trilogy REIT Holdings.,2025,2026,2025,2026,2,2025-11-06,2026-03-02,CMS SNF_All_Owners association date,,,,,2025-10-01,TONIA L DAVIS ADMINIATRATOR|DAVIESS COUNTY HOSPITAL|AMANDA RODEWALD CFO|RANDALL RUSSELL CFO|TRACY CONROY CEO|DERON STEINER BOARD CHAIR|KATHY M CORBIN CONTRACTED DIRECTOR OF LICENSURE,38
155811,WELLBROOKE OF AVON,IN,control,TRILOGY HEALTH SERVICES,AMERICAN HEALTHCARE REIT INC,named_reit_owner_row,American Healthcare REIT / Trilogy,"American Healthcare REIT, Inc.",public_healthcare_reit,yes,American Healthcare REIT investor relations,https://ir.americanhealthcarereit.com/news/news-details/2024/American-Healthcare-REIT-Acquires-Remaining-Minority-Membership-Interest-in-Trilogy-REIT-Holdings-Becomes-Sole-Owner-of-Trilogy-REIT-Holdings/default.aspx,American Healthcare REIT said in September 2024 that it became the sole owner of Trilogy REIT Holdings.,high,2025|2026,2015-12-01,CMS owner association date,2015-12-01,,,PUTNAM COUNTY HOSPITAL|LCS AVON LLC,False,different_named_entities_in_pre_reit_snapshot,AMERICAN HEALTHCARE REIT INC|TRILOGY REAL ESTATE INVESTMENT TRUST,"American Healthcare REIT, Inc.",official_company_ir,American Healthcare REIT investor relations,https://ir.americanhealthcarereit.com/news/news-details/2024/American-Healthcare-REIT-Acquires-Remaining-Minority-Membership-Interest-in-Trilogy-REIT-Holdings-Becomes-Sole-Owner-of-Trilogy-REIT-Holdings/default.aspx,American Healthcare REIT said in September 2024 that it became the sole owner of Trilogy REIT Holdings.,2025,2026,2025,2026,2,2025-11-06,2026-03-02,CMS SNF_All_Owners association date,,,,,2025-10-01,MATTHEW L HEADLEY BOARD MEMBER|PUTNAM COUNTY HOSPITAL|DENNIS D O'HAIR BOARD MEMBER|KEITH P LANDRY SECRETARY/TREASURER|ARNOLD D BRAY PRESIDENT|LCS AVON LLC|JANICE M FRY BOARD MEMBER|ROBERT N MANN VICE PRESIDENT|DENNIS A WEATHERFORD PRESIDENT/CEO|KATRINA ANN LEWIS BOARD MEMBER|SHAWN DENT ADMINISTRATOR,38
155833,WELLBROOKE OF CARMEL,IN,control,TRILOGY HEALTH SERVICES,AMERICAN HEALTHCARE REIT INC,named_reit_owner_row,American Healthcare REIT / Trilogy,"American Healthcare REIT, Inc.",public_healthcare_reit,yes,American Healthcare REIT investor relations,https://ir.americanhealthcarereit.com/news/news-details/2024/American-Healthcare-REIT-Acquires-Remaining-Minority-Membership-Interest-in-Trilogy-REIT-Holdings-Becomes-Sole-Owner-of-Trilogy-REIT-Holdings/default.aspx,American Healthcare REIT said in September 2024 that it became the sole owner of Trilogy REIT Holdings.,high,2025|2026,2015-12-01,CMS owner association date,2015-12-01,,,TRILOGY MANAGEMENT SERVICES LLC|WITHAM MEMORIAL HOSPITAL,False,different_named_entities_in_pre_reit_snapshot,AMERICAN HEALTHCARE REIT INC|TRILOGY REAL ESTATE INVESTMENT TRUST,"American Healthcare REIT, Inc.",official_company_ir,American Healthcare REIT investor relations,https://ir.americanhealthcarereit.com/news/news-details/2024/American-Healthcare-REIT-Acquires-Remaining-Minority-Membership-Interest-in-Trilogy-REIT-Holdings-Becomes-Sole-Owner-of-Trilogy-REIT-Holdings/default.aspx,American Healthcare REIT said in September 2024 that it became the sole owner of Trilogy REIT Holdings.,2025,2026,2025,2026,2,2025-12-02,2026-03-02,CMS SNF_All_Owners association date,,,,,2025-11-06,"KELLY BRAVERMAN CEO, PRESIDENT|STEPHEN J BARDOCZI VICE PRESIDENT|TRILOGY MANAGEMENT SERVICES LLC|WITHAM MEMORIAL HOSPITAL|GEORGE POGAS CFO, SR. VICE PRESIDENT|MICHAEL JASON HORNBECKER BOARD TRUSTEE|ANDREA CASTETTER BOARD TRUSTEE|CLAUDE A HAWKINS BOARD TRUSTEE|JOHN W BRAND BOARD TRUSTEE|BRETT BAYSTON BOARD TRUSTEE",38
155812,WELLBROOKE OF CRAWFORDSVILLE,IN,control,TRILOGY HEALTH SERVICES,AMERICAN HEALTHCARE REIT INC,named_reit_owner_row,American Healthcare REIT / Trilogy,"American Healthcare REIT, Inc.",public_healthcare_reit,yes,American Healthcare REIT investor relations,https://ir.americanhealthcarereit.com/news/news-details/2024/American-Healthcare-REIT-Acquires-Remaining-Minority-Membership-Interest-in-Trilogy-REIT-Holdings-Becomes-Sole-Owner-of-Trilogy-REIT-Holdings/default.aspx,American Healthcare REIT said in September 2024 that it became the sole owner of Trilogy REIT Holdings.,high,2025|2026,2018-10-01,CMS owner association date,2018-10-01,,,PUTNAM COUNTY HOSPITAL|LCS CRAWFORDSVILLE LLC,False,different_named_entities_in_pre_reit_snapshot,AMERICAN HEALTHCARE REIT INC,"American Healthcare REIT, Inc.",official_company_ir,American Healthcare REIT investor relations,https://ir.americanhealthcarereit.com/news/news-details/2024/American-Healthcare-REIT-Acquires-Remaining-Minority-Membership-Interest-in-Trilogy-REIT-Holdings-Becomes-Sole-Owner-of-Trilogy-REIT-Holdings/default.aspx,American Healthcare REIT said in September 2024 that it became the sole owner of Trilogy REIT Holdings.,2025,2026,2025,2026,2,2025-10-01,2026-03-02,CMS SNF_All_Owners association date,,,,,2025-09-01,MATTHEW L HEADLEY BOARD MEMBER|PUTNAM COUNTY HOSPITAL|DENNIS D O'HAIR BOARD MEMBER|KEITH P LANDRY SECRETARY/TREASURER|ARNOLD D BRAY PRESIDENT|JANICE M FRY BOARD MEMBER|ROBERT N MANN VICE PRESIDENT|DENNIS A WEATHERFORD PRESIDENT/CEO|TERRA HOLLER ADMINISTRATOR|KATRINA ANN LEWIS BOARD MEMBER|LCS CRAWFORDSVILLE LLC,38
155819,WELLBROOKE OF KOKOMO,IN,control,TRILOGY HEALTH SERVICES,AMERICAN HEALTHCARE REIT INC,named_reit_owner_row,American Healthcare REIT / Trilogy,"American Healthcare REIT, Inc.",public_healthcare_reit,yes,American Healthcare REIT investor relations,https://ir.americanhealthcarereit.com/news/news-details/2024/American-Healthcare-REIT-Acquires-Remaining-Minority-Membership-Interest-in-Trilogy-REIT-Holdings-Becomes-Sole-Owner-of-Trilogy-REIT-Holdings/default.aspx,American Healthcare REIT said in September 2024 that it became the sole owner of Trilogy REIT Holdings.,high,2025|2026,2015-12-01,CMS owner association date,2015-12-01,,,"TRILOGY MANAGEMENT SERVICES, LLC|WITHAM MEMORIAL HOSPITAL",False,different_named_entities_in_pre_reit_snapshot,AMERICAN HEALTHCARE REIT INC|TRILOGY REAL ESTATE INVESTMENT TRUST,"American Healthcare REIT, Inc.",official_company_ir,American Healthcare REIT investor relations,https://ir.americanhealthcarereit.com/news/news-details/2024/American-Healthcare-REIT-Acquires-Remaining-Minority-Membership-Interest-in-Trilogy-REIT-Holdings-Becomes-Sole-Owner-of-Trilogy-REIT-Holdings/default.aspx,American Healthcare REIT said in September 2024 that it became the sole owner of Trilogy REIT Holdings.,2025,2026,2025,2026,2,2025-10-01,2026-03-02,CMS SNF_All_Owners association date,,,,,2025-09-01,"JACK JONES BOARD TRUSTEE|KELLY BRAVERMAN CEO, PRESIDENT|STEPHEN J BARDOCZI|STEPHEN J BARDOCZI VICE PRESIDENT|TRILOGY MANAGEMENT SERVICES, LLC|WITHAM MEMORIAL HOSPITAL|GEORGE POGAS SENIOR VICE PRESIDENT/CFO|ANDREA CASTETTER BOARD TRUSTEE|FRANCES JENKINS ADMINISTRATOR|CLAUDE A HAWKINS BOARD TRUSTEE|JOHN W BRAND BOARD TRUSTEE|BRETT BAYSTON BOARD TRUSTEE",38
155824,WELLBROOKE OF SOUTH BEND,IN,control,TRILOGY HEALTH SERVICES,TRILOGY REAL ESTATE INVESTMENT TRUST,named_reit_owner_row,American Healthcare REIT / Trilogy,"American Healthcare REIT, Inc.",public_healthcare_reit,yes,American Healthcare REIT investor relations,https://ir.americanhealthcarereit.com/news/news-details/2024/American-Healthcare-REIT-Acquires-Remaining-Minority-Membership-Interest-in-Trilogy-REIT-Holdings-Becomes-Sole-Owner-of-Trilogy-REIT-Holdings/default.aspx,American Healthcare REIT said in September 2024 that it became the sole owner of Trilogy REIT Holdings.,high,2025|2026,2015-12-01,CMS owner association date,2015-12-01,,,"HANCOCK REGIONAL HOSPITAL|TRILOGY MANAGEMENT SERVICES, LLC",False,different_named_entities_in_pre_reit_snapshot,"AMERICAN HEALTHCARE REIT, INC.|TRILOGY REAL ESTATE INVESTMENT TRUST|AMERICAN HEALTHCARE REIT INC","American Healthcare REIT, Inc.",official_company_ir,American Healthcare REIT investor relations,https://ir.americanhealthcarereit.com/news/news-details/2024/American-Healthcare-REIT-Acquires-Remaining-Minority-Membership-Interest-in-Trilogy-REIT-Holdings-Becomes-Sole-Owner-of-Trilogy-REIT-Holdings/default.aspx,American Healthcare REIT said in September 2024 that it became the sole owner of Trilogy REIT Holdings.,2025,2026,2025,2026,2,2025-09-01,2026-03-02,CMS SNF_All_Owners association date,,,,,2025-08-01,"ROY L WILSON BOARD MEMBER|TIMOTHY G CLARK BOARD MEMBER|HANCOCK REGIONAL HOSPITAL|STEVEN V LONG PRESIDENT/CEO|RAYNE WISE ADMINISTRATOR|TRILOGY MANAGEMENT SERVICES, LLC|JOSHUA DAUGHERTY VICE CHAIR|DEAN R FELKER BOARD MEMBER|MARIA F BOND SECRETARY|JAMES W MILLER BOARD MEMBER|SARA M JOYNER BOARD MEMBER",38
155806,WELLBROOKE OF WABASH,IN,control,TRILOGY HEALTH SERVICES,AMERICAN HEALTHCARE REIT INC,named_reit_owner_row,American Healthcare REIT / Trilogy,"American Healthcare REIT, Inc.",public_healthcare_reit,yes,American Healthcare REIT investor relations,https://ir.americanhealthcarereit.com/news/news-details/2024/American-Healthcare-REIT-Acquires-Remaining-Minority-Membership-Interest-in-Trilogy-REIT-Holdings-Becomes-Sole-Owner-of-Trilogy-REIT-Holdings/default.aspx,American Healthcare REIT said in September 2024 that it became the sole owner of Trilogy REIT Holdings.,high,2025|2026,2015-12-01,CMS owner association date,2015-12-01,,,"TRILOGY MANAGEMENT SERVICES, LLC|WITHAM MEMORIAL HOSPITAL",False,different_named_entities_in_pre_reit_snapshot,AMERICAN HEALTHCARE REIT INC|TRILOGY REAL ESTATE INVESTMENT TRUST,"American Healthcare REIT, Inc.",official_company_ir,American Healthcare REIT investor relations,https://ir.americanhealthcarereit.com/news/news-details/2024/American-Healthcare-REIT-Acquires-Remaining-Minority-Membership-Interest-in-Trilogy-REIT-Holdings-Becomes-Sole-Owner-of-Trilogy-REIT-Holdings/default.aspx,American Healthcare REIT said in September 2024 that it became the sole owner of Trilogy REIT Holdings.,2025,2026,2025,2026,2,2025-10-01,2026-03-02,CMS SNF_All_Owners association date,,,,,2025-09-01,"JACK JONES BOARD TRUSTEE|KELLY BRAVERMAN CEO, PRESIDENT|STEPHEN J BARDOCZI VICE PRESIDENT|TRILOGY MANAGEMENT SERVICES, LLC|WITHAM MEMORIAL HOSPITAL|GEORGE POGAS CFO, SR. VICE PRESIDENT|ANDREA CASTETTER BOARD TRUSTEE|CLAUDE A HAWKINS BOARD TRUSTEE|JOHN W BRAND BOARD TRUSTEE|BRETT BAYSTON BOARD TRUSTEE|RUTH A FUCHS ADMINISTRATOR",38
185145,Cedar Ridge Health Campus,KY,control,TRILOGY HEALTH SERVICES,TRILOGY REAL ESTATE INVESTMENT TRUST,named_reit_owner_row,American Healthcare REIT / Trilogy,"American Healthcare REIT, Inc.",public_healthcare_reit,yes,American Healthcare REIT investor relations,https://ir.americanhealthcarereit.com/news/news-details/2024/American-Healthcare-REIT-Acquires-Remaining-Minority-Membership-Interest-in-Trilogy-REIT-Holdings-Becomes-Sole-Owner-of-Trilogy-REIT-Holdings/default.aspx,American Healthcare REIT said in September 2024 that it became the sole owner of Trilogy REIT Holdings.,high,2025|2026,2015-12-01,CMS owner association date,2015-12-01,,,"AMERICAN HEALTHCARE REIT INC|NORTHSTAR HEALTHCARE INCOME OPERATING PARTNERSHIP LP|TRILOGY REIT HOLDINGS LLC|TRILOGY MANAGEMENT SERVICES LLC|GAHC3 TRILOGY JV LLC|AMERICAN HEALTHCARE REIT HOLDINGS LP|TRILOGY OPCO LLC|TRILOGY HOLDINGS NT-HCI, LLC|TRILOGY INVESTORS LLC|TRILOGY HEALTHCARE HOLDINGS INC|TODD B MEHAFFEY CHIEF OPERATIONS OFFICER|CONTINENTAL MERGER SUB LLC|NORTHSTAR HEALTHCARE INCOME INC|GAHC4 TRILOGY JV LLC",True,same_owner_already_visible_pre_reit,TRILOGY REAL ESTATE INVESTMENT TRUST,"American Healthcare REIT, Inc.",official_company_ir,American Healthcare REIT investor relations,https://ir.americanhealthcarereit.com/news/news-details/2024/American-Healthcare-REIT-Acquires-Remaining-Minority-Membership-Interest-in-Trilogy-REIT-Holdings-Becomes-Sole-Owner-of-Trilogy-REIT-Holdings/default.aspx,American Healthcare REIT said in September 2024 that it became the sole owner of Trilogy REIT Holdings.,2025,2026,2025,2026,2,2025-11-06,2026-03-02,CMS SNF_All_Owners association date,,,,,2025-10-01,"AMERICAN HEALTHCARE REIT INC|ADAM BAILEY EXECUTIVE DIRECTOR|RANDALL J BUFFORD CHAIRMAN OF THE BOARD|NORTHSTAR HEALTHCARE INCOME OPERATING PARTNERSHIP LP|WILLIAM BRYANT CHIEF ADMINISTRATIVE OFFICER|TRILOGY REAL ESTATE INVESTMENT TRUST|TRILOGY REIT HOLDINGS LLC|CRISTINA E PIETROWSKI CHIEF LEGAL OFFICER|TRILOGY MANAGEMENT SERVICES LLC|GAHC3 TRILOGY JV LLC|GREGORY A. CONNER SENIOR VICE PRESIDENT-TREASURER|AMERICAN HEALTHCARE REIT HOLDINGS LP|DANNY PROSKY EXECUTIVE VICE PRESIDENT|TRILOGY OPCO LLC|LISA FIGHTMASTER LICENSURE ANALYST|TRILOGY HOLDINGS NT-HCI, LLC|LEIGH ANN BARNEY CHIEF EXECUTIVE OFFICER|MATHIEU B STREIFF EXECUTIVE VICE PRESIDENT|KEYBANK NATIONAL ASSOCIATION|TRILOGY INVESTORS LLC|TRILOGY HEALTHCARE HOLDINGS INC|KATHY M CORBIN DIRECTOR OF LICENSING|TODD B MEHAFFEY CHIEF OPERATIONS OFFICER|DAVID W DAVIS CHIEF FINANCIAL OFFICER|CONTINENTAL MERGER SUB LLC|NORTHSTAR HEALTHCARE INCOME INC|GAHC4 TRILOGY JV LLC",38
185132,Franciscan Health Care Center,KY,control,TRILOGY HEALTH SERVICES,TRILOGY REAL ESTATE INVESTMENT TRUST,named_reit_owner_row,American Healthcare REIT / Trilogy,"American Healthcare REIT, Inc.",public_healthcare_reit,yes,American Healthcare REIT investor relations,https://ir.americanhealthcarereit.com/news/news-details/2024/American-Healthcare-REIT-Acquires-Remaining-Minority-Membership-Interest-in-Trilogy-REIT-Holdings-Becomes-Sole-Owner-of-Trilogy-REIT-Holdings/default.aspx,American Healthcare REIT said in September 2024 that it became the sole owner of Trilogy REIT Holdings.,high,2025|2026,2021-10-01,CMS owner association date,2021-10-01,,,"NORTHSTAR HEALTHCARE INCOME OPERATING PARTNERSHIP LP|TRILOGY REIT HOLDINGS, LLC|TRILOGY MANAGEMENT SERVICES, LLC|GAHC3 TRILOGY JV, LLC|AMERICAN HEALTHCARE REIT HOLDINGS LP|TRILOGY OPCO, LLC|TRILOGY HOLDINGS NT-HCI, LLC|TRILOGY INVESTORS, LLC|TRILOGY HEALTHCARE HOLDINGS, INC.|TODD B MEHAFFEY CHIEF OPERATIONS OFFICER|CONTINENTAL MERGER SUB, LLC|NORTHSTAR HEALTHCARE INCOME INC|LANCASTER POLLARD MORTGAGE COMPANY LLC|GAHC4 TRILOGY JV, LLC",True,same_owner_already_visible_pre_reit,"AMERICAN HEALTHCARE REIT, INC.|TRILOGY REAL ESTATE INVESTMENT TRUST|AMERICAN HEALTHCARE REIT INC","American Healthcare REIT, Inc.",official_company_ir,American Healthcare REIT investor relations,https://ir.americanhealthcarereit.com/news/news-details/2024/American-Healthcare-REIT-Acquires-Remaining-Minority-Membership-Interest-in-Trilogy-REIT-Holdings-Becomes-Sole-Owner-of-Trilogy-REIT-Holdings/default.aspx,American Healthcare REIT said in September 2024 that it became the sole owner of Trilogy REIT Holdings.,2025,2026,2025,2026,2,2025-06-02,2026-03-02,CMS SNF_All_Owners association date,,,,,2025-05-01,"AMERICAN HEALTHCARE REIT, INC.|RANDALL J BUFFORD CHAIRMAN OF THE BOARD|NORTHSTAR HEALTHCARE INCOME OPERATING PARTNERSHIP LP|WILLIAM BRYANT CHIEF ADMINISTRATIVE OFFICER|TRILOGY REAL ESTATE INVESTMENT TRUST|TRILOGY REIT HOLDINGS, LLC|CRISTINA E PIETROWSKI CHIEF LEGAL OFFICER|TRILOGY MANAGEMENT SERVICES, LLC|GAHC3 TRILOGY JV, LLC|GREGORY A. CONNER SENIOR VICE PRESIDENT-TREASURER|AMERICAN HEALTHCARE REIT HOLDINGS LP|DANNY PROSKY EXECUTIVE VICE PRESIDENT|TRILOGY OPCO, LLC|LISA FIGHTMASTER LICENSURE ANALYST|TRILOGY HOLDINGS NT-HCI, LLC|LEIGH ANN BARNEY CHIEF EXECUTIVE OFFICER|MATHIEU B STREIFF EXECUTIVE VICE PRESIDENT|TRILOGY INVESTORS, LLC|TRILOGY HEALTHCARE HOLDINGS, INC.|ABDOULIE CHAM EXECUTIVE DIRECTOR|KATHY M CORBIN DIRECTOR OF LICENSURE|TODD B MEHAFFEY CHIEF OPERATIONS OFFICER|DAVID W DAVIS CHIEF FINANCIAL OFFICER|CONTINENTAL MERGER SUB, LLC|NORTHSTAR HEALTHCARE INCOME INC|LANCASTER POLLARD MORTGAGE COMPANY LLC|GAHC4 TRILOGY JV, LLC",38
185210,The Willows at Harrodsburg,KY,control,TRILOGY HEALTH SERVICES,AMERICAN HEALTHCARE REIT INC,named_reit_owner_row,American Healthcare REIT / Trilogy,"American Healthcare REIT, Inc.",public_healthcare_reit,yes,American Healthcare REIT investor relations,https://ir.americanhealthcarereit.com/news/news-details/2024/American-Healthcare-REIT-Acquires-Remaining-Minority-Membership-Interest-in-Trilogy-REIT-Holdings-Becomes-Sole-Owner-of-Trilogy-REIT-Holdings/default.aspx,American Healthcare REIT said in September 2024 that it became the sole owner of Trilogy REIT Holdings.,high,2025|2026,2015-12-01,CMS owner association date,2015-12-01,,,"NORTHSTAR HEALTHCARE INCOME OPERATING PARTNERSHIP LP|TRILOGY REIT HOLDINGS LLC|TRILOGY MANAGEMENT SERVICES LLC|GAHC3 TRILOGY JV LLC|AMERICAN HEALTHCARE REIT HOLDINGS LP|TRILOGY OPCO LLC|TRILOGY HOLDINGS NT-HCI, LLC|TRILOGY INVESTORS LLC|TRILOGY HEALTHCARE HOLDINGS INC|TODD B MEHAFFEY CHIEF OPERATIONS OFFICER|CONTINENTAL MERGER SUB LLC|NORTHSTAR HEALTHCARE INCOME INC|GAHC4 TRILOGY JV LLC",True,same_owner_already_visible_pre_reit,AMERICAN HEALTHCARE REIT INC|TRILOGY REAL ESTATE INVESTMENT TRUST,"American Healthcare REIT, Inc.",official_company_ir,American Healthcare REIT investor relations,https://ir.americanhealthcarereit.com/news/news-details/2024/American-Healthcare-REIT-Acquires-Remaining-Minority-Membership-Interest-in-Trilogy-REIT-Holdings-Becomes-Sole-Owner-of-Trilogy-REIT-Holdings/default.aspx,American Healthcare REIT said in September 2024 that it became the sole owner of Trilogy REIT Holdings.,2025,2026,2025,2026,2,2025-12-02,2026-03-02,CMS SNF_All_Owners association date,,,,,2025-11-06,"AMERICAN HEALTHCARE REIT INC|RANDALL J BUFFORD CHAIRMAN OF THE BOARD|NORTHSTAR HEALTHCARE INCOME OPERATING PARTNERSHIP LP|WILLIAM BRYANT CHIEF ADMINISTRATIVE OFFICER|TRILOGY REAL ESTATE INVESTMENT TRUST|TRILOGY REIT HOLDINGS LLC|CRISTINA E PIETROWSKI CHIEF LEGAL OFFICER|TRILOGY MANAGEMENT SERVICES LLC|GAHC3 TRILOGY JV LLC|GREGORY A. CONNER SENIOR VICE PRESIDENT-TREASURER|AMERICAN HEALTHCARE REIT HOLDINGS LP|DANNY PROSKY EXECUTIVE VICE PRESIDENT|TRILOGY OPCO LLC|RACHEL HETTINGER EXECUTIVE DIRECTOR|LISA FIGHTMASTER LICENSURE ANALYST|TRILOGY HOLDINGS NT-HCI, LLC|LEIGH ANN BARNEY CHIEF EXECUTIVE OFFICER|MATHIEU B STREIFF EXECUTIVE VICE PRESIDENT|TRILOGY INVESTORS LLC|TRILOGY HEALTHCARE HOLDINGS INC|KATHY M CORBIN DIRECTOR OF LICENSING|TODD B MEHAFFEY CHIEF OPERATIONS OFFICER|DAVID W DAVIS CHIEF FINANCIAL OFFICER|CONTINENTAL MERGER SUB LLC|NORTHSTAR HEALTHCARE INCOME INC|GAHC4 TRILOGY JV LLC",38
235451,The Oaks at Battle Creek,MI,control,TRILOGY HEALTH SERVICES,TRILOGY REAL ESTATE INVESTMENT TRUST,named_reit_owner_row,American Healthcare REIT / Trilogy,"American Healthcare REIT, Inc.",public_healthcare_reit,yes,American Healthcare REIT investor relations,https://ir.americanhealthcarereit.com/news/news-details/2024/American-Healthcare-REIT-Acquires-Remaining-Minority-Membership-Interest-in-Trilogy-REIT-Holdings-Becomes-Sole-Owner-of-Trilogy-REIT-Holdings/default.aspx,American Healthcare REIT said in September 2024 that it became the sole owner of Trilogy REIT Holdings.,high,2024|2025|2026,2021-10-01,CMS owner association date,2021-10-01,,,"NORTHSTAR HEALTHCARE INCOME OPERATING PARTNERSHIP LP|TRILOGY REIT HOLDINGS, LLC|TRILOGY MANAGEMENT SERVICES, LLC|GAHC3 TRILOGY JV, LLC|AMERICAN HEALTHCARE REIT HOLDINGS LP|TRILOGY OPCO, LLC|TRILOGY HOLDINGS NT-HCI, LLC|TRILOGY INVESTORS, LLC|TRILOGY HEALTHCARE HOLDINGS, INC.|TODD B MEHAFFEY CHIEF OPERATIONS OFFICER|CONTINENTAL MERGER SUB, LLC|NORTHSTAR HEALTHCARE INCOME INC|GAHC4 TRILOGY JV, LLC",True,same_owner_already_visible_pre_reit,"AMERICAN HEALTHCARE REIT, INC.|TRILOGY REAL ESTATE INVESTMENT TRUST|AMERICAN HEALTHCARE REIT INC","American Healthcare REIT, Inc.",official_company_ir,American Healthcare REIT investor relations,https://ir.americanhealthcarereit.com/news/news-details/2024/American-Healthcare-REIT-Acquires-Remaining-Minority-Membership-Interest-in-Trilogy-REIT-Holdings-Becomes-Sole-Owner-of-Trilogy-REIT-Holdings/default.aspx,American Healthcare REIT said in September 2024 that it became the sole owner of Trilogy REIT Holdings.,2024,2026,2024,2026,3,2024-12-05,2026-03-02,CMS SNF_All_Owners association date,,,,,2024-10-07,"AMERICAN HEALTHCARE REIT, INC.|NORTHSTAR HEALTHCARE INCOME OPERATING PARTNERSHIP LP|TRILOGY REAL ESTATE INVESTMENT TRUST|GABRIEL WILLHITE|TRILOGY REIT HOLDINGS, LLC|CRISTINA E PIETROWSKI CHIEF LEGAL OFFICER|TRILOGY MANAGEMENT SERVICES, LLC|GAHC3 TRILOGY JV, LLC|GREGORY A. CONNER SENIOR VICE PRESIDENT-TREASURER|AMERICAN HEALTHCARE REIT HOLDINGS LP|DANNY PROSKY EXECUTIVE VICE PRESIDENT|TRILOGY OPCO, LLC|LISA FIGHTMASTER LICENSURE ANALYST|TRILOGY HOLDINGS NT-HCI, LLC|LEIGH ANN BARNEY CHIEF EXECUTIVE OFFICER|KEYBANK REAL ESTATE CAPITAL|TRILOGY INVESTORS, LLC|TRILOGY HEALTHCARE HOLDINGS, INC.|AUBREY SMITH EXECUTIVE DIRECTOR|KATHY M CORBIN DIRECTOR OF LICENSING|TODD B MEHAFFEY CHIEF OPERATIONS OFFICER|DAVID W DAVIS CHIEF FINANCIAL OFFICER|CONTINENTAL MERGER SUB, LLC|NORTHSTAR HEALTHCARE INCOME INC|GAHC4 TRILOGY JV, LLC",38
235735,The Oaks at Jamestown,MI,control,TRILOGY HEALTH SERVICES,TRILOGY REAL ESTATE INVESTMENT TRUST,named_reit_owner_row,American Healthcare REIT / Trilogy,"American Healthcare REIT, Inc.",public_healthcare_reit,yes,American Healthcare REIT investor relations,https://ir.americanhealthcarereit.com/news/news-details/2024/American-Healthcare-REIT-Acquires-Remaining-Minority-Membership-Interest-in-Trilogy-REIT-Holdings-Becomes-Sole-Owner-of-Trilogy-REIT-Holdings/default.aspx,American Healthcare REIT said in September 2024 that it became the sole owner of Trilogy REIT Holdings.,high,2025|2026,2021-10-01,CMS owner association date,2021-10-01,,,,False,no_prior_snapshot_org_entity_available,"AMERICAN HEALTHCARE REIT, INC.|TRILOGY REAL ESTATE INVESTMENT TRUST|AMERICAN HEALTHCARE REIT INC","American Healthcare REIT, Inc.",official_company_ir,American Healthcare REIT investor relations,https://ir.americanhealthcarereit.com/news/news-details/2024/American-Healthcare-REIT-Acquires-Remaining-Minority-Membership-Interest-in-Trilogy-REIT-Holdings-Becomes-Sole-Owner-of-Trilogy-REIT-Holdings/default.aspx,American Healthcare REIT said in September 2024 that it became the sole owner of Trilogy REIT Holdings.,2025,2026,2025,2026,2,2025-07-01,2026-03-02,CMS SNF_All_Owners association date,,,,,,,38
366498,LIBERTY STATION HEALTH CAMPUS,OH,control,TRILOGY HEALTH SERVICES,AMERICAN HEALTHCARE REIT INC,named_reit_owner_row,American Healthcare REIT / Trilogy,"American Healthcare REIT, Inc.",public_healthcare_reit,yes,American Healthcare REIT investor relations,https://ir.americanhealthcarereit.com/news/news-details/2024/American-Healthcare-REIT-Acquires-Remaining-Minority-Membership-Interest-in-Trilogy-REIT-Holdings-Becomes-Sole-Owner-of-Trilogy-REIT-Holdings/default.aspx,American Healthcare REIT said in September 2024 that it became the sole owner of Trilogy REIT Holdings.,high,2025|2026,2023-11-01,CMS owner association date,2023-11-01,,,"AMERICAN HEALTHCARE REIT, INC.|NORTHSTAR HEALTHCARE INCOME OPERATING PARTNERSHIP LP|TOF I OPCO HOLDCO, LLC|TRILOGY OPPORTUNITY FUND I, LLC|TRILOGY REIT HOLDINGS, LLC|TRILOGY MANAGEMENT SERVICES, LLC|GAHC3 TRILOGY JV, LLC|AMERICAN HEALTHCARE REIT HOLDINGS LP|TRILOGY HOLDINGS NT-HCI, LLC|TRILOGY INVESTORS, LLC|TRILOGY HEALTHCARE HOLDINGS, INC.|CONTINENTAL MERGER SUB, LLC|NORTHSTAR HEALTHCARE INCOME INC|GAHC4 TRILOGY JV, LLC",True,same_owner_already_visible_pre_reit,AMERICAN HEALTHCARE REIT INC|TRILOGY REAL ESTATE INVESTMENT TRUST,"American Healthcare REIT, Inc.",official_company_ir,American Healthcare REIT investor relations,https://ir.americanhealthcarereit.com/news/news-details/2024/American-Healthcare-REIT-Acquires-Remaining-Minority-Membership-Interest-in-Trilogy-REIT-Holdings-Becomes-Sole-Owner-of-Trilogy-REIT-Holdings/default.aspx,American Healthcare REIT said in September 2024 that it became the sole owner of Trilogy REIT Holdings.,2025,2026,2025,2026,2,2025-10-01,2026-03-02,CMS SNF_All_Owners association date,,,,,2025-09-01,"AMERICAN HEALTHCARE REIT, INC.|NORTHSTAR HEALTHCARE INCOME OPERATING PARTNERSHIP LP|WILLIAM BRYANT CAO|TOF I OPCO HOLDCO, LLC|TRILOGY REAL ESTATE INVESTMENT TRUST|GABRIEL WILLHITE CHAIRMAN OF THE BOARD|GABRIEL WILLHITE CHAIRMAN|TRILOGY OPPORTUNITY FUND I, LLC|TRILOGY REIT HOLDINGS, LLC|CRISTINA E PIETROWSKI CLO|SIERRA SHERMAN ADMINISTRATOR|TRILOGY MANAGEMENT SERVICES, LLC|GAHC3 TRILOGY JV, LLC|GREGORY A. CONNER SVP|AMERICAN HEALTHCARE REIT HOLDINGS LP|DANNY PROSKY EVP|LISA FIGHTMASTER LICENSURE ANALYST|TRILOGY HOLDINGS NT-HCI, LLC|LEIGH ANN BARNEY CEO|TRILOGY INVESTORS, LLC|TRILOGY HEALTHCARE HOLDINGS, INC.|KATHY M CORBIN DIRECTOR OF LICENSURE|TODD B MEHAFFEY COO|DAVID W DAVIS CFO|CONTINENTAL MERGER SUB, LLC|NORTHSTAR HEALTHCARE INCOME INC|GAHC4 TRILOGY JV, LLC",38
366492,NORWICH SPRINGS HEALTH CAMPUS,OH,control,TRILOGY HEALTH SERVICES,AMERICAN HEALTHCARE REIT INC,named_reit_owner_row,American Healthcare REIT / Trilogy,"American Healthcare REIT, Inc.",public_healthcare_reit,yes,American Healthcare REIT investor relations,https://ir.americanhealthcarereit.com/news/news-details/2024/American-Healthcare-REIT-Acquires-Remaining-Minority-Membership-Interest-in-Trilogy-REIT-Holdings-Becomes-Sole-Owner-of-Trilogy-REIT-Holdings/default.aspx,American Healthcare REIT said in September 2024 that it became the sole owner of Trilogy REIT Holdings.,high,2025|2026,2021-10-01,CMS owner association date,2021-10-01,,,"AMERICAN HEALTHCARE REIT, INC.|NORTHSTAR HEALTHCARE INCOME OPERATING PARTNERSHIP LP|TRILOGY REIT HOLDINGS, LLC|TRILOGY MANAGEMENT SERVICES, LLC|GAHC3 TRILOGY JV, LLC|AMERICAN HEALTHCARE REIT HOLDINGS LP|TRILOGY OPCO, LLC|TRILOGY HOLDINGS NT-HCI, LLC|TRILOGY INVESTORS, LLC|TRILOGY HEALTHCARE HOLDINGS, INC.|CONTINENTAL MERGER SUB, LLC|NORTHSTAR HEALTHCARE INCOME INC|GAHC4 TRILOGY JV, LLC",True,same_owner_already_visible_pre_reit,AMERICAN HEALTHCARE REIT INC|TRILOGY REAL ESTATE INVESTMENT TRUST,"American Healthcare REIT, Inc.",official_company_ir,American Healthcare REIT investor relations,https://ir.americanhealthcarereit.com/news/news-details/2024/American-Healthcare-REIT-Acquires-Remaining-Minority-Membership-Interest-in-Trilogy-REIT-Holdings-Becomes-Sole-Owner-of-Trilogy-REIT-Holdings/default.aspx,American Healthcare REIT said in September 2024 that it became the sole owner of Trilogy REIT Holdings.,2025,2026,2025,2026,2,2025-10-01,2026-03-02,CMS SNF_All_Owners association date,,,,,2025-09-01,"AMERICAN HEALTHCARE REIT, INC.|RANDALL J BUFFORD CHAIRMAN OF THE BOARD|NORTHSTAR HEALTHCARE INCOME OPERATING PARTNERSHIP LP|WILLIAM BRYANT CHIEF COMPLIANCE OFFICER|TRILOGY REAL ESTATE INVESTMENT TRUST|TRILOGY REIT HOLDINGS, LLC|TRILOGY MANAGEMENT SERVICES, LLC|GAHC3 TRILOGY JV, LLC|GREGORY A. CONNER SENIOR VICE PRESIDENT-TREASURER|AMERICAN HEALTHCARE REIT HOLDINGS LP|DANNY PROSKY EXECUTIVE VICE PRESIDENT|TRILOGY OPCO, LLC|LISA FIGHTMASTER LICENSURE ANALYST|TRILOGY HOLDINGS NT-HCI, LLC|LEIGH ANN BARNEY CHIEF EXECUTIVE OFFICER|MATHIEU B STREIFF EXECUTIVE VICE PRESIDENT|NOAH MOORE EXECUTIVE DIRECTOR|TRILOGY INVESTORS, LLC|TRILOGY HEALTHCARE HOLDINGS, INC.|KATHY M CORBIN DIRECTOR OF LICENSURE|DAVID W DAVIS CHIEF FINANCIAL OFFICER|CONTINENTAL MERGER SUB, LLC|NORTHSTAR HEALTHCARE INCOME INC|GAHC4 TRILOGY JV, LLC",38
366474,VIOLET SPRINGS HEALTH CAMPUS,OH,control,TRILOGY HEALTH SERVICES,"GRIFFIN-AMERICAN HEALTHCARE REIT III, INC.",named_reit_owner_row,American Healthcare REIT / Trilogy,"American Healthcare REIT, Inc.",public_healthcare_reit,yes,American Healthcare REIT investor relations,https://ir.americanhealthcarereit.com/news/news-details/2024/American-Healthcare-REIT-Acquires-Remaining-Minority-Membership-Interest-in-Trilogy-REIT-Holdings-Becomes-Sole-Owner-of-Trilogy-REIT-Holdings/default.aspx,American Healthcare REIT said in September 2024 that it became the sole owner of Trilogy REIT Holdings.,high,2025|2026,2015-12-01,CMS owner association date,2015-12-01,,,"NORTHSTAR HEALTHCARE INCOME OPERATING PARTNERSHIP LP|TRILOGY REIT HOLDINGS, LLC|TRILOGY MANAGEMENT SERVICES, LLC|GAHC3 TRILOGY JV, LLC|AMERICAN HEALTHCARE REIT HOLDINGS LP|TRILOGY OPCO, LLC|TRILOGY HOLDINGS NT-HCI, LLC|TRILOGY HEALTH SERVICES LLC|TRILOGY INVESTORS, LLC|TRILOGY HEALTHCARE HOLDINGS, INC.|NORTHSTAR HEALTHCARE INCOME INC",True,same_owner_already_visible_pre_reit,"TRILOGY REAL ESTATE INVESTMENT TRUST|GRIFFIN-AMERICAN HEALTHCARE REIT III, INC.","American Healthcare REIT, Inc.",official_company_ir,American Healthcare REIT investor relations,https://ir.americanhealthcarereit.com/news/news-details/2024/American-Healthcare-REIT-Acquires-Remaining-Minority-Membership-Interest-in-Trilogy-REIT-Holdings-Becomes-Sole-Owner-of-Trilogy-REIT-Holdings/default.aspx,American Healthcare REIT said in September 2024 that it became the sole owner of Trilogy REIT Holdings.,2025,2026,2025,2026,2,2025-10-01,2026-03-02,CMS SNF_All_Owners association date,,,,,2025-09-01,"NORTHSTAR HEALTHCARE INCOME OPERATING PARTNERSHIP LP|WILLIAM BRYANT CHIEF OPERATING OFFICER|TRILOGY REAL ESTATE INVESTMENT TRUST|TRILOGY REIT HOLDINGS, LLC|TRILOGY MANAGEMENT SERVICES, LLC|GAHC3 TRILOGY JV, LLC|AMERICAN HEALTHCARE REIT HOLDINGS LP|DANNY PROSKY EXECUTIVE VICE PRESIDENT|TRILOGY OPCO, LLC|BRADLEY WILLIAMSON SENIOR VICE PRESIDENT-TREASURER|GRIFFIN-AMERICAN HEALTHCARE REIT III, INC.|LISA FIGHTMASTER LICENSURE ANALYST|TRILOGY HOLDINGS NT-HCI, LLC|LEIGH ANN BARNEY CHIEF EXECUTIVE OFFICER|TRILOGY HEALTH SERVICES LLC|MATHIEU B STREIFF EXECUTIVE VICE PRESIDENT|TRILOGY INVESTORS, LLC|CRAIG NELSON EXECUTIVE DIRECTOR|TRILOGY HEALTHCARE HOLDINGS, INC.|KATHY M CORBIN DIRECTOR OF LICENSING|DAVID W DAVIS CHIEF FINANCIAL OFFICER|NORTHSTAR HEALTHCARE INCOME INC|ROBIN L BARBER CHIEF LEGAL OFFICER",38
366365,WILLOWS AT BELLEVUE,OH,control,TRILOGY HEALTH SERVICES,AMERICAN HEALTHCARE REIT INC,named_reit_owner_row,American Healthcare REIT / Trilogy,"American Healthcare REIT, Inc.",public_healthcare_reit,yes,American Healthcare REIT investor relations,https://ir.americanhealthcarereit.com/news/news-details/2024/American-Healthcare-REIT-Acquires-Remaining-Minority-Membership-Interest-in-Trilogy-REIT-Holdings-Becomes-Sole-Owner-of-Trilogy-REIT-Holdings/default.aspx,American Healthcare REIT said in September 2024 that it became the sole owner of Trilogy REIT Holdings.,high,2025|2026,2015-12-01,CMS owner association date,2015-12-01,,,"NORTHSTAR HEALTHCARE INCOME OPERATING PARTNERSHIP LP|TRILOGY REIT HOLDINGS LLC|TRILOGY MANAGEMENT SERVICES LLC|GAHC3 TRILOGY JV LLC|AMERICAN HEALTHCARE REIT HOLDINGS LP|TRILOGY OPCO LLC|TRILOGY HOLDINGS NT-HCI, LLC|TRILOGY INVESTORS LLC|TRILOGY HEALTHCARE HOLDINGS INC|TODD B MEHAFFEY CHIEF OPERATIONS OFFICER|CONTINENTAL MERGER SUB LLC|NORTHSTAR HEALTHCARE INCOME INC|LANCASTER POLLARD MORTGAGE COMPANY LLC|GAHC4 TRILOGY JV LLC",True,same_owner_already_visible_pre_reit,AMERICAN HEALTHCARE REIT INC|TRILOGY REAL ESTATE INVESTMENT TRUST,"American Healthcare REIT, Inc.",official_company_ir,American Healthcare REIT investor relations,https://ir.americanhealthcarereit.com/news/news-details/2024/American-Healthcare-REIT-Acquires-Remaining-Minority-Membership-Interest-in-Trilogy-REIT-Holdings-Becomes-Sole-Owner-of-Trilogy-REIT-Holdings/default.aspx,American Healthcare REIT said in September 2024 that it became the sole owner of Trilogy REIT Holdings.,2025,2026,2025,2026,2,2025-11-06,2026-03-02,CMS SNF_All_Owners association date,,,,,2025-10-01,"AMERICAN HEALTHCARE REIT INC|RANDALL J BUFFORD CHAIRMAN OF THE BOARD|NORTHSTAR HEALTHCARE INCOME OPERATING PARTNERSHIP LP|WILLIAM BRYANT CHIEF ADMINISTRATIVE OFFICER|TRILOGY REAL ESTATE INVESTMENT TRUST|TRILOGY REIT HOLDINGS LLC|CRISTINA E PIETROWSKI CHIEF LEGAL OFFICER|TRILOGY MANAGEMENT SERVICES LLC|GAHC3 TRILOGY JV LLC|GREGORY A. CONNER SENIOR VICE PRESIDENT-TREASURER|AMERICAN HEALTHCARE REIT HOLDINGS LP|DANNY PROSKY EXECUTIVE VICE PRESIDENT|TRILOGY OPCO LLC|LISA FIGHTMASTER LICENSURE ANALYST|CHRISTINE GREILICH EXECUTIVE DIRECTOR|TRILOGY HOLDINGS NT-HCI, LLC|LEIGH ANN BARNEY CHIEF EXECUTIVE OFFICER|MATHIEU B STREIFF EXECUTIVE VICE PRESIDENT|TRILOGY INVESTORS LLC|TRILOGY HEALTHCARE HOLDINGS INC|KATHY M CORBIN DIRECTOR OF LICENSING|TODD B MEHAFFEY CHIEF OPERATIONS OFFICER|DAVID W DAVIS CHIEF FINANCIAL OFFICER|CONTINENTAL MERGER SUB LLC|NORTHSTAR HEALTHCARE INCOME INC|LANCASTER POLLARD MORTGAGE COMPANY LLC|GAHC4 TRILOGY JV LLC",38
366499,WILLOWS AT BOWLING GREEN THE,OH,control,TRILOGY HEALTH SERVICES,TRILOGY REAL ESTATE INVESTMENT TRUST,named_reit_owner_row,American Healthcare REIT / Trilogy,"American Healthcare REIT, Inc.",public_healthcare_reit,yes,American Healthcare REIT investor relations,https://ir.americanhealthcarereit.com/news/news-details/2024/American-Healthcare-REIT-Acquires-Remaining-Minority-Membership-Interest-in-Trilogy-REIT-Holdings-Becomes-Sole-Owner-of-Trilogy-REIT-Holdings/default.aspx,American Healthcare REIT said in September 2024 that it became the sole owner of Trilogy REIT Holdings.,high,2024|2025|2026,2021-10-01,CMS owner association date,2021-10-01,,,"NORTHSTAR HEALTHCARE INCOME OPERATING PARTNERSHIP LP|TRILOGY REIT HOLDINGS, LLC|TRILOGY MANAGEMENT SERVICES, LLC|GAHC3 TRILOGY JV, LLC|AMERICAN HEALTHCARE REIT HOLDINGS LP|TRILOGY OPCO, LLC|TRILOGY HOLDINGS NT-HCI, LLC|TRILOGY INVESTORS, LLC|TRILOGY HEALTHCARE HOLDINGS, INC.|TODD B MEHAFFEY CHIEF OPERATIONS OFFICER|CONTINENTAL MERGER SUB, LLC|NORTHSTAR HEALTHCARE INCOME INC|GAHC4 TRILOGY JV, LLC",True,same_owner_already_visible_pre_reit,"AMERICAN HEALTHCARE REIT, INC.|TRILOGY REAL ESTATE INVESTMENT TRUST|AMERICAN HEALTHCARE REIT INC","American Healthcare REIT, Inc.",official_company_ir,American Healthcare REIT investor relations,https://ir.americanhealthcarereit.com/news/news-details/2024/American-Healthcare-REIT-Acquires-Remaining-Minority-Membership-Interest-in-Trilogy-REIT-Holdings-Becomes-Sole-Owner-of-Trilogy-REIT-Holdings/default.aspx,American Healthcare REIT said in September 2024 that it became the sole owner of Trilogy REIT Holdings.,2024,2026,2024,2026,3,2024-12-05,2026-03-02,CMS SNF_All_Owners association date,,,,,2024-10-07,"AMERICAN HEALTHCARE REIT, INC.|NORTHSTAR HEALTHCARE INCOME OPERATING PARTNERSHIP LP|TRILOGY REAL ESTATE INVESTMENT TRUST|GABRIEL WILLHITE CHAIRMAN OF THE BOARD|TRILOGY REIT HOLDINGS, LLC|CRISTINA E PIETROWSKI CHIEF LEGAL OFFICER|TRILOGY MANAGEMENT SERVICES, LLC|GAHC3 TRILOGY JV, LLC|GREGORY A. CONNER SENIOR VICE PRESIDENT-TREASURER|AMERICAN HEALTHCARE REIT HOLDINGS LP|DANNY PROSKY EXECUTIVE VICE PRESIDENT|TRILOGY OPCO, LLC|BILLIE GERDING EXECUTIVE DIRECTOR|LISA FIGHTMASTER LICENSURE ANALYST|TRILOGY HOLDINGS NT-HCI, LLC|JESSICA THACKER LICENSURE ANALYST|LEIGH ANN BARNEY CHIEF EXECUTIVE OFFICER|TRILOGY INVESTORS, LLC|TRILOGY HEALTHCARE HOLDINGS, INC.|KATHY M CORBIN DIRECTOR OF LICENSURE|TODD B MEHAFFEY CHIEF OPERATIONS OFFICER|DAVID W DAVIS CHIEF FINANCIAL OFFICER|CONTINENTAL MERGER SUB, LLC|NORTHSTAR HEALTHCARE INCOME INC|GAHC4 TRILOGY JV, LLC",38
676104,GRAPEVINE MEDICAL LODGE,TX,control,PRIORITY MANAGEMENT,CARETRUST REIT INC,named_reit_owner_row,CareTrust REIT,"CareTrust REIT, Inc.",public_healthcare_reit,yes,CareTrust official site,https://www.caretrustreit.com/what-we-do,CareTrust says it acquires and leases skilled nursing and senior housing properties.,high,2025|2026,2014-12-01,CMS owner association date,2014-12-01,,,PMG OPCO-GRAPEVINE LLC|SDB HOLDINGS|DECATUR HOSPITAL AUTHORITY,False,different_named_entities_in_pre_reit_snapshot,CARETRUST REIT INC.|CARETRUST REIT INC,"CareTrust REIT, Inc.",official_company_site,CareTrust official site,https://www.caretrustreit.com/what-we-do,CareTrust says it is a healthcare REIT focused on acquiring and leasing skilled nursing and seniors housing properties.,2025,2026,2025,2026,2,2025-06-02,2026-03-02,CMS SNF_All_Owners association date,,,,,2025-05-01,"DOUGLAS B BOULWARE MANAGER|BRIAN T SCROGGINS CHEIF FINANCIAL OFFICER|BRIAN T SCROGGINS CFO|DEBRA SUE P WAGGONER SECRETARY OF MEMBER OF BOARD OF|JOHN M DUNCUM MEMBER OF BOARD OF DIRECTORS|PMG OPCO-GRAPEVINE LLC|WILLIAM A SANDFORD PRESIDENT OF BOARD OF DIRECTORS|JASON WREN CHIEF EXECUTIVE OFFICER|JASON WREN PRESIDENT AND CHIEF EXECUTIVE OF|WILLIAM R COOK MEMBER OF BOARD OF DIRECTORS|DANA D MANOUSHAGIAN MEMBER OF BOARD OF DIRECTORS|STEVEN D BOULWARE MANAGER, 2ND AUTHORIZED OFFICIAL|STEVEN D BOULWARE MANAGER|CHARLES G COCANOUGHER MEMBER OF BOARD OF DIRECTORS|LOYD L JACKSON MEMBER OF BOARD OF DIRECTORS|SDB HOLDINGS|JEFFREY SICKING MEMBER OF BOARD OF DIRECTORS|DECATUR HOSPITAL AUTHORITY|CAREY WILLIAMS MEMBER OF BOARD OF DIRECTORS|WILLIAM M BAUDER MANAGER|CHRISTOPHER N FORBIS MEMBER OF BOARD OF DIRECTORS|JEFF BAKKER MEMBER OF BOARD OF DIRECTORS",3
676143,MANSFIELD MEDICAL LODGE,TX,control,PRIORITY MANAGEMENT,CARETRUST REIT INC,named_reit_owner_row,CareTrust REIT,"CareTrust REIT, Inc.",public_healthcare_reit,yes,CareTrust official site,https://www.caretrustreit.com/what-we-do,CareTrust says it acquires and leases skilled nursing and senior housing properties.,high,2025|2026,2014-12-01,CMS owner association date,2014-12-01,,,PMG OPCO-RIDGMAR LLC|SDB HOLDINGS|DECATUR HOSPITAL AUTHORITY,False,different_named_entities_in_pre_reit_snapshot,CARETRUST REIT INC.|CARETRUST REIT INC,"CareTrust REIT, Inc.",official_company_site,CareTrust official site,https://www.caretrustreit.com/what-we-do,CareTrust says it is a healthcare REIT focused on acquiring and leasing skilled nursing and seniors housing properties.,2025,2026,2025,2026,2,2025-06-02,2026-03-02,CMS SNF_All_Owners association date,,,,,2025-05-01,"DOUGLAS B BOULWARE MANAGER|BRIAN T SCROGGINS CHIEF FINANCIAL OFFICER|BRIAN T SCROGGINS CFO|DEBRA SUE P WAGGONER SECRETARY OF MEMBER OF BOARD OF|JOHN M DUNCUM MEMBER OF BOARD OF DIRECTORS|WILLIAM A SANDFORD PRESIDENT OF BOARD OF DIRECTORS|JASON WREN CHIEF EXECUTIVE OFFICER|JASON WREN PRESIDENT AND CHIEF EXECUTIVE OF|WILLIAM R COOK MEMBER OF BOARD OF DIRECTORS|DANA D MANOUSHAGIAN MEMBER OF BOARD OF DIRECTORS|STEVEN D BOULWARE MANAGER, 2ND AUTHORIZED OFFICIAL|STEVEN D BOULWARE MANAGER|CHARLES G COCANOUGHER MEMBER OF BOARD OF DIRECTORS|LOYD L JACKSON MEMBER OF BOARD OF DIRECTORS|PMG OPCO-RIDGMAR LLC|SDB HOLDINGS|JEFFREY SICKING MEMBER OF BOARD OF DIRECTORS|DECATUR HOSPITAL AUTHORITY|CAREY WILLIAMS MEMBER OF BOARD OF DIRECTORS|WILLIAM M BAUDER MANAGER|CHRISTOPHER N FORBIS MEMBER OF BOARD OF DIRECTORS|JEFF BAKKER MEMBER OF BOARD OF DIRECTORS",3
676101,Ridgmar Medical Lodge,TX,control,PRIORITY MANAGEMENT,CARETRUST REIT INC,named_reit_owner_row,CareTrust REIT,"CareTrust REIT, Inc.",public_healthcare_reit,yes,CareTrust official site,https://www.caretrustreit.com/what-we-do,CareTrust says it acquires and leases skilled nursing and senior housing properties.,high,2025|2026,2014-12-01,CMS owner association date,2014-12-01,,,PMG OPCO-RIDGMAR LLC|SDB HOLDINGS|DECATUR HOSPITAL AUTHORITY,False,different_named_entities_in_pre_reit_snapshot,CARETRUST REIT INC.|CARETRUST REIT INC,"CareTrust REIT, Inc.",official_company_site,CareTrust official site,https://www.caretrustreit.com/what-we-do,CareTrust says it is a healthcare REIT focused on acquiring and leasing skilled nursing and seniors housing properties.,2025,2026,2025,2026,2,2025-06-02,2026-03-02,CMS SNF_All_Owners association date,,,,,2025-05-01,"DOUGLAS B BOULWARE MANAGER|BRIAN T SCROGGINS CFO|DEBRA SUE P WAGGONER SECRETARY OF MEMBER OF BOARD OF|JOHN M DUNCUM MEMBER OF BOARD OF DIRECTORS|WILLIAM A SANDFORD PRESIDENT OF BOARD OF DIRECTORS|JASON WREN CHIEF EXECUTIVE OFFICER|JASON WREN PRESIDENT AND CHIEF EXECUTIVE OF|WILLIAM R COOK MEMBER OF BOARD OF DIRECTORS|DANA D MANOUSHAGIAN MEMBER OF BOARD OF DIRECTORS|STEVEN D BOULWARE MANAGER, 2ND AUTHORIZED OFFICIAL|STEVEN D BOULWARE MANAGER|CHARLES G COCANOUGHER MEMBER OF BOARD OF DIRECTORS|LOYD L JACKSON MEMBER OF BOARD OF DIRECTORS|PMG OPCO-RIDGMAR LLC|SDB HOLDINGS|JEFFREY SICKING MEMBER OF BOARD OF DIRECTORS|DECATUR HOSPITAL AUTHORITY|CAREY WILLIAMS MEMBER OF BOARD OF DIRECTORS|WILLIAM M BAUDER MANAGER|CHRISTOPHER N FORBIS MEMBER OF BOARD OF DIRECTORS|JEFF BAKKER MEMBER OF BOARD OF DIRECTORS",3
065284,GRACE MANOR CARE CENTER,CO,control,FRONTLINE MANAGEMENT,"GTM US SENIOR HOUSING REIT, LP",named_reit_owner_row,"GTM US SENIOR HOUSING REIT, LP","GTM US Sr Housing REIT Inc. / GTM US Senior Housing REIT, LP",private_reit_entity,yes,Florida Division of Corporations,https://search.sunbiz.org/Inquiry/CorporationSearch/SearchResultDetail?aggregateId=forlp-b15000000312-e955e064-ae75-4f66-b2c5-ebeb044fe4b2&directionType=Initial&inquirytype=OfficerRegisteredAgentName&listNameOrder=GTMINVESTORSLLC+L170001372771&searchNameOrder=GTMUSSRHOUSINGREITINC+B150000003122&searchTerm=Gtm+Investors+Llc,"Florida's entity record shows GTM US Senior Housing REIT, LP and its REIT-labeled general partner.",medium,2025|2026,2018-01-01,CMS owner association date,2018-01-01,,,FRONTIER MANAGEMENT INC|RIDGEWAY CAPITAL CORPORATION|RIDGEWAY INVESTMENTS INC|MADISON REALITY EQUITIES LLC,False,different_named_entities_in_pre_reit_snapshot,"GTM US SENIOR HOUSING REIT, LP","GTM US SENIOR HOUSING REIT, LP",cms_raw_owner_file_only,CMS SNF All Owners raw ownership file,,No additional official web source attached in this pass; owner name carried directly from the CMS raw ownership snapshot.,2025,2026,2025,2026,2,2025-11-06,2026-03-02,CMS SNF_All_Owners association date,,,,,2025-10-01,ALISON P KOLKEBECK|FRONTIER MANAGEMENT INC|CHARLOTTE WEBER EXECUTIVE DIRECTOR|BRADFORD P MCCARTHY|RIDGEWAY CAPITAL CORPORATION|RIDGEWAY INVESTMENTS INC|GARY L LANGENDOEN|MADISON REALITY EQUITIES LLC,1
015459,GALLERIA WOODS SKILLED NURSING FACILITY,AL,control,"HEALTHPEAK PROPERTIES, INC.",HEALTHPEAK PROPERTIES INC,named_reit_owner_row,Healthpeak Properties,"Healthpeak Properties, Inc.",public_healthcare_reit,yes,Healthpeak official site,https://healthpeak.com/about/,Healthpeak says it is a healthcare REIT with a senior housing portfolio.,high,2025|2026,2020-02-01,CMS owner association date,2020-02-01,,,"CCRC OPCO VENTURES LLC|PATRICK MICHAEL CHENG VICE PRESIDENT AND CORP. SECRETARY|HCP S-H 2014 MEMBER, LLC|LIFE CARE SERVICES LLC|HEALTHPEAK OP, LLC|S-H 2014 OPCO TRS, INC|HEALTHPEAK PROPERTIES, INC.",False,different_named_entities_in_pre_reit_snapshot,HEALTHPEAK PROPERTIES INC,"Healthpeak Properties, Inc.",official_company_site,Healthpeak official site,https://healthpeak.com/about/,Healthpeak says it is a healthcare REIT that manages senior housing communities alongside other healthcare real estate.,2025,2026,2025,2026,2,2025-06-02,2026-03-02,CMS SNF_All_Owners association date,,,,,2025-05-01,"FRANK RUSSO SENIOR VICE PRESIDENT|CCRC OPCO VENTURES LLC|PATRICK MICHAEL CHENG VICE PRESIDENT AND CORP. SECRETARY|HCP S-H 2014 MEMBER, LLC|LIFE CARE SERVICES LLC|HEALTHPEAK OP, LLC|S-H 2014 OPCO TRS, INC|HEALTHPEAK PROPERTIES, INC.|LYNDA SULLIVAN AUTHORIZED OFFICIAL|LYNDA SULLIVAN EXEC, DIR & ADMINISTRATOR|LYNDA SULLIVAN EXEC. DIRECTOR AND ADMINISTRATOR",7
105745,CYPRESS VILLAGE,FL,control,"HEALTHPEAK PROPERTIES, INC.",HEALTHPEAK PROPERTIES INC,named_reit_owner_row,Healthpeak Properties,"Healthpeak Properties, Inc.",public_healthcare_reit,yes,Healthpeak official site,https://healthpeak.com/about/,Healthpeak says it is a healthcare REIT with a senior housing portfolio.,high,2025|2026,2020-02-01,CMS owner association date,2020-02-01,,,"HEALTHPEAK OP, LLC|CCRC OPCO VENTURES LLC|PATRICK MICHAEL CHENG VICE PRESIDENT AND CORP. SECRETARY|HCP S-H 2014 MEMBER LLC|LIFE CARE SERVICES LLC|HEALTHPEAK OP LLC|S-H 2014 OPCO TRS INC",True,same_owner_already_visible_pre_reit,HEALTHPEAK PROPERTIES INC,"Healthpeak Properties, Inc.",official_company_site,Healthpeak official site,https://healthpeak.com/about/,Healthpeak says it is a healthcare REIT that manages senior housing communities alongside other healthcare real estate.,2025,2026,2025,2026,2,2025-08-01,2026-03-02,CMS SNF_All_Owners association date,,,,,2025-07-01,"FRANK RUSSO SENIOR VICE PRESIDENT|HEALTHPEAK OP, LLC|CCRC OPCO VENTURES LLC|PATRICK MICHAEL CHENG VICE PRESIDENT AND CORP. SECRETARY|HCP S-H 2014 MEMBER LLC|LIFE CARE SERVICES LLC|HEALTHPEAK OP LLC|TY MORGAN EXECUTIVE DIRECTOR|S-H 2014 OPCO TRS INC|HEALTHPEAK PROPERTIES INC|STEPHANIE MARKOSKI AUTHORIZED OFFICIAL|STEPHANIE MARKOSKI ADMINISTRATOR",7
106083,FREEDOM POINTE HEALTH CENTER,FL,control,"HEALTHPEAK PROPERTIES, INC.",HEALTHPEAK PROPERTIES INC,named_reit_owner_row,Healthpeak Properties,"Healthpeak Properties, Inc.",public_healthcare_reit,yes,Healthpeak official site,https://healthpeak.com/about/,Healthpeak says it is a healthcare REIT with a senior housing portfolio.,high,2025|2026,2020-02-01,CMS owner association date,2020-02-01,,,"PATRICK MICHAEL CHENG VICE PRESIDENT AND CORP. SECRETARY|HCP S-H 2014 MEMBER, LLC|LIFE CARE SERVICES LLC|HEALTHPEAK OP, LLC|S-H 2014 OPCO TRS, INC|HEALTHPEAK PROPERTIES, INC.|CCRC OPCO VENTURES, LLC",False,different_named_entities_in_pre_reit_snapshot,HEALTHPEAK PROPERTIES INC,"Healthpeak Properties, Inc.",official_company_site,Healthpeak official site,https://healthpeak.com/about/,Healthpeak says it is a healthcare REIT that manages senior housing communities alongside other healthcare real estate.,2025,2026,2025,2026,2,2025-06-02,2026-03-02,CMS SNF_All_Owners association date,,,,,2025-05-01,"FRANK RUSSO SENIOR VICE PRESIDENT|PATRICK MICHAEL CHENG VICE PRESIDENT AND CORP. SECRETARY|HCP S-H 2014 MEMBER, LLC|LIFE CARE SERVICES LLC|RALPH FERA-MCILWAIN EXECUTIVE DIRECTOR|HEALTHPEAK OP, LLC|ALLEN BOUTIN OFFICER|ALLEN BOUTIN ADMINISTRATOR|S-H 2014 OPCO TRS, INC|HEALTHPEAK PROPERTIES, INC.|CCRC OPCO VENTURES, LLC",7
106042,FREEDOM SQUARE HEALTH CARE CENTER,FL,control,"HEALTHPEAK PROPERTIES, INC.",HEALTHPEAK PROPERTIES INC,named_reit_owner_row,Healthpeak Properties,"Healthpeak Properties, Inc.",public_healthcare_reit,yes,Healthpeak official site,https://healthpeak.com/about/,Healthpeak says it is a healthcare REIT with a senior housing portfolio.,high,2025|2026,2020-02-01,CMS owner association date,2020-02-01,,,CCRC OPCO VENTURES LLC|PATRICK MICHAEL CHENG VP AND CORP. SECRETARY|HCP S-H 2014 MEMBER LLC|LIFE CARE SERVICES LLC|HEALTHPEAK OP LLC|S-H 2014 OPCO TRS INC,True,same_owner_already_visible_pre_reit,HEALTHPEAK PROPERTIES INC,"Healthpeak Properties, Inc.",official_company_site,Healthpeak official site,https://healthpeak.com/about/,Healthpeak says it is a healthcare REIT that manages senior housing communities alongside other healthcare real estate.,2025,2026,2025,2026,2,2025-12-02,2026-03-02,CMS SNF_All_Owners association date,,,,,2025-11-06,FRANK RUSSO SR. VICE PRESIDENT|CCRC OPCO VENTURES LLC|PATRICK MICHAEL CHENG VP AND CORP. SECRETARY|HCP S-H 2014 MEMBER LLC|LIFE CARE SERVICES LLC|HEALTHPEAK OP LLC|ALLISON BECK AUTHORIZED OFFICIAL OFFICER|ALLISON BECK ADMINISTRATOR|S-H 2014 OPCO TRS INC|HEALTHPEAK PROPERTIES INC|JOSEPH MINGIONE EXECUTIVE DIRECTOR,7
105866,PLAZA WEST,FL,control,"HEALTHPEAK PROPERTIES, INC.",HEALTHPEAK PROPERTIES INC,named_reit_owner_row,Healthpeak Properties,"Healthpeak Properties, Inc.",public_healthcare_reit,yes,Healthpeak official site,https://healthpeak.com/about/,Healthpeak says it is a healthcare REIT with a senior housing portfolio.,high,2025|2026,2020-02-01,CMS owner association date,2020-02-01,,,CCRC OPCO VENTURES LLC|HCP S-H 2014 MEMBER LLC|LIFE CARE SERVICES LLC|HEALTHPEAK OP LLC|S-H 2014 OPCO TRS INC,True,same_owner_already_visible_pre_reit,HEALTHPEAK PROPERTIES INC,"Healthpeak Properties, Inc.",official_company_site,Healthpeak official site,https://healthpeak.com/about/,Healthpeak says it is a healthcare REIT that manages senior housing communities alongside other healthcare real estate.,2025,2026,2025,2026,2,2025-09-01,2026-03-02,CMS SNF_All_Owners association date,,,,,2025-08-01,FRANK RUSSO SENIOR VICE PRESIDENT|CCRC OPCO VENTURES LLC|PATRICK MICHAEL CHENG VP AND CORPORATE SECRETARY|HCP S-H 2014 MEMBER LLC|LIFE CARE SERVICES LLC|CHRISTOPHER GRELLA AUTHORIZED OFFICIAL OFFICER|CHRISTOPHER GRELLA ADMINISTRATOR|HEALTHPEAK OP LLC|S-H 2014 OPCO TRS INC|HEALTHPEAK PROPERTIES INC|ANGELA ROHER EXECUTIVE DIRECTOR,7
105744,REGENCY OAKS HEALTH CENTER,FL,control,"HEALTHPEAK PROPERTIES, INC.",HEALTHPEAK PROPERTIES INC,named_reit_owner_row,Healthpeak Properties,"Healthpeak Properties, Inc.",public_healthcare_reit,yes,Healthpeak official site,https://healthpeak.com/about/,Healthpeak says it is a healthcare REIT with a senior housing portfolio.,high,2025|2026,2020-02-01,CMS owner association date,2020-02-01,,,CCRC OPCO VENTURES LLC|PATRICK MICHAEL CHENG VICE PRESIDENT AND CORP. SECRETARY|HCP S-H 2014 MEMBER LLC|LIFE CARE SERVICES LLC|HEALTHPEAK OP LLC|S-H 2014 OPCO TRS INC,True,same_owner_already_visible_pre_reit,HEALTHPEAK PROPERTIES INC,"Healthpeak Properties, Inc.",official_company_site,Healthpeak official site,https://healthpeak.com/about/,Healthpeak says it is a healthcare REIT that manages senior housing communities alongside other healthcare real estate.,2025,2026,2025,2026,2,2025-07-01,2026-03-02,CMS SNF_All_Owners association date,,,,,2025-06-02,FRANK RUSSO SENIOR VICE PRESIDENT|KYLE BOLDEN OFFICER|KYLE BOLDEN ADMINISTRATOR|JOHN B SPENCE EXECUTIVE DIRECTOR|CCRC OPCO VENTURES LLC|PATRICK MICHAEL CHENG VICE PRESIDENT AND CORP. SECRETARY|HCP S-H 2014 MEMBER LLC|LIFE CARE SERVICES LLC|HEALTHPEAK OP LLC|S-H 2014 OPCO TRS INC|HEALTHPEAK PROPERTIES INC,7
396062,"INN AT FREEDOM VILLAGE,THE",PA,control,"HEALTHPEAK PROPERTIES, INC.",HEALTHPEAK PROPERTIES INC,named_reit_owner_row,Healthpeak Properties,"Healthpeak Properties, Inc.",public_healthcare_reit,yes,Healthpeak official site,https://healthpeak.com/about/,Healthpeak says it is a healthcare REIT with a senior housing portfolio.,high,2025|2026,2020-02-01,CMS owner association date,2020-02-01,,,CCRC OPCO VENTURES LLC|PATRICK MICHAEL CHENG VICE PRESIDENT AND CORP. SECRETARY|LORNA ADWA MALAWI HEALTH CARE ADMINISTRATOR|HCP S-H 2014 MEMBER LLC|LIFE CARE SERVICES LLC|HEALTHPEAK OP LLC|S-H 2014 OPCO TRS INC,True,same_owner_already_visible_pre_reit,HEALTHPEAK PROPERTIES INC,"Healthpeak Properties, Inc.",official_company_site,Healthpeak official site,https://healthpeak.com/about/,Healthpeak says it is a healthcare REIT that manages senior housing communities alongside other healthcare real estate.,2025,2026,2025,2026,2,2025-12-02,2026-03-02,CMS SNF_All_Owners association date,,,,,2025-11-06,FRANK RUSSO SENIOR VICE PRESIDENT|JEFFREY H MILLER CEO & PRESIDENT|DANIELLE GEYER EXECUTIVE DIRECTOR|CCRC OPCO VENTURES LLC|PATRICK MICHAEL CHENG VICE PRESIDENT AND CORP. SECRETARY|LORNA ADWA MALAWI AUTHORIZED OFFICIAL|LORNA ADWA MALAWI HEALTH CARE ADMINISTRATOR|HCP S-H 2014 MEMBER LLC|LIFE CARE SERVICES LLC|HEALTHPEAK OP LLC|S-H 2014 OPCO TRS INC|HEALTHPEAK PROPERTIES INC,7
105401,AYERS HEALTH AND REHABILITATION CENTER,FL,control,HEALTH SERVICES MANAGEMENT,"NATIONAL HEALTH INVESTORS, INC.",named_reit_owner_row,National Health Investors,"National Health Investors, Inc.",public_healthcare_reit,yes,National Health Investors investor relations,https://investors.nhireit.com/,"NHI says it is a REIT specializing in senior housing, skilled nursing facilities, and medical investments.",high,2025|2026,2012-01-01,CMS owner association date,2012-01-01,,,"HEALTH SERVICES MANAGEMENT, INC.",False,different_named_entities_in_pre_reit_snapshot,"NATIONAL HEALTH INVESTORS, INC.|NHI-REIT OF FLORIDA, LLC","National Health Investors, Inc.",official_company_ir,National Health Investors investor relations,https://investors.nhireit.com/,"NHI says it is a REIT specializing in senior housing, skilled nursing facilities, and medical investments.",2025,2026,2025,2026,2,2025-06-02,2026-03-02,CMS SNF_All_Owners association date,,,,,2025-05-01,"SHELBY JORDAN SCOTT ADMINISTRATOR|JIM SHATZ CEO|SCOTT FISHER CFO|HEALTH SERVICES MANAGEMENT, INC.",8
105393,BEAR CREEK NURSING CENTER,FL,control,HEALTH SERVICES MANAGEMENT,"NATIONAL HEALTH INVESTORS, INC.",named_reit_owner_row,National Health Investors,"National Health Investors, Inc.",public_healthcare_reit,yes,National Health Investors investor relations,https://investors.nhireit.com/,"NHI says it is a REIT specializing in senior housing, skilled nursing facilities, and medical investments.",high,2025|2026,2008-02-20,CMS owner association date,2008-02-20,,,"HEALTH SERVICES MANAGEMENT, INC.",False,different_named_entities_in_pre_reit_snapshot,"NATIONAL HEALTH INVESTORS, INC.","National Health Investors, Inc.",official_company_ir,National Health Investors investor relations,https://investors.nhireit.com/,"NHI says it is a REIT specializing in senior housing, skilled nursing facilities, and medical investments.",2025,2026,2025,2026,2,2025-06-02,2026-03-02,CMS SNF_All_Owners association date,,,,,2025-05-01,"JIM SHATZ|TERESA TIMMONS AD;|SCOTT FISHER|HEALTH SERVICES MANAGEMENT, INC.",8
105297,BROOKSVILLE HEALTHCARE CENTER,FL,control,HEALTH SERVICES MANAGEMENT,"NATIONAL HEALTH INVESTORS, INC.",named_reit_owner_row,National Health Investors,"National Health Investors, Inc.",public_healthcare_reit,yes,National Health Investors investor relations,https://investors.nhireit.com/,"NHI says it is a REIT specializing in senior housing, skilled nursing facilities, and medical investments.",high,2025|2026,1990-11-01,CMS owner association date,1990-11-01,,,"HEALTH SERVICES MANAGEMENT, INC.",False,different_named_entities_in_pre_reit_snapshot,"NATIONAL HEALTH INVESTORS, INC.","National Health Investors, Inc.",official_company_ir,National Health Investors investor relations,https://investors.nhireit.com/,"NHI says it is a REIT specializing in senior housing, skilled nursing facilities, and medical investments.",2025,2026,2025,2026,2,2025-06-02,2026-03-02,CMS SNF_All_Owners association date,,,,,2025-05-01,"MELISSA LONG|JIM SHATZ|SCOTT FISHER|HEALTH SERVICES MANAGEMENT, INC.",8
105437,CYPRESS COVE CARE CENTER,FL,control,HEALTH SERVICES MANAGEMENT,"NATIONAL HEALTH INVESTORS, INC.",named_reit_owner_row,National Health Investors,"National Health Investors, Inc.",public_healthcare_reit,yes,National Health Investors investor relations,https://investors.nhireit.com/,"NHI says it is a REIT specializing in senior housing, skilled nursing facilities, and medical investments.",high,2025|2026,2022-01-10,CMS owner association date,2022-01-10,,,"HEALTH SERVICES MANAGEMENT, INC.",False,different_named_entities_in_pre_reit_snapshot,"NATIONAL HEALTH INVESTORS, INC.","National Health Investors, Inc.",official_company_ir,National Health Investors investor relations,https://investors.nhireit.com/,"NHI says it is a REIT specializing in senior housing, skilled nursing facilities, and medical investments.",2025,2026,2025,2026,2,2025-06-02,2026-03-02,CMS SNF_All_Owners association date,,,,,2025-05-01,"JIM SHATZ|HEIDI YERBURY|SCOTT FISHER|HEALTH SERVICES MANAGEMENT, INC.",8
105343,HEATHER HILL HEALTHCARE CENTER,FL,control,HEALTH SERVICES MANAGEMENT,"NATIONAL HEALTH INVESTORS, INC.",named_reit_owner_row,National Health Investors,"National Health Investors, Inc.",public_healthcare_reit,yes,National Health Investors investor relations,https://investors.nhireit.com/,"NHI says it is a REIT specializing in senior housing, skilled nursing facilities, and medical investments.",high,2025|2026,2008-02-20,CMS owner association date,2008-02-20,,,"HEALTH SERVICES MANAGEMENT, INC.",False,different_named_entities_in_pre_reit_snapshot,"NATIONAL HEALTH INVESTORS, INC.","National Health Investors, Inc.",official_company_ir,National Health Investors investor relations,https://investors.nhireit.com/,"NHI says it is a REIT specializing in senior housing, skilled nursing facilities, and medical investments.",2025,2026,2025,2026,2,2025-06-02,2026-03-02,CMS SNF_All_Owners association date,,,,,2025-05-01,"JIM SHATZ CEO|VINCENT J DILELLA MD;|LISA FLORES-DEJESUS AD;|SCOTT FISHER CFO|HEALTH SERVICES MANAGEMENT, INC.",8
105385,ROYAL OAK NURSING CENTER,FL,control,HEALTH SERVICES MANAGEMENT,"NATIONAL HEALTH INVESTORS, INC.",named_reit_owner_row,National Health Investors,"National Health Investors, Inc.",public_healthcare_reit,yes,National Health Investors investor relations,https://investors.nhireit.com/,"NHI says it is a REIT specializing in senior housing, skilled nursing facilities, and medical investments.",high,2025|2026,1990-11-01,CMS owner association date,1990-11-01,,,"HEALTH SERVICES MANAGEMENT, INC.",False,different_named_entities_in_pre_reit_snapshot,"NATIONAL HEALTH INVESTORS, INC.","National Health Investors, Inc.",official_company_ir,National Health Investors investor relations,https://investors.nhireit.com/,"NHI says it is a REIT specializing in senior housing, skilled nursing facilities, and medical investments.",2025,2026,2025,2026,2,2025-06-02,2026-03-02,CMS SNF_All_Owners association date,,,,,2025-05-01,"JIM SHATZ|SCOTT FISHER|AMY GANT|HEALTH SERVICES MANAGEMENT, INC.",8
445099,"NHC HEALTHCARE, ATHENS",TN,control,NATIONAL HEALTHCARE CORPORATION,"NATIONAL HEALTH INVESTORS, INC.",named_reit_owner_row,National Health Investors,"National Health Investors, Inc.",public_healthcare_reit,yes,National Health Investors investor relations,https://investors.nhireit.com/,"NHI says it is a REIT specializing in senior housing, skilled nursing facilities, and medical investments.",high,2025|2026,1991-10-17,CMS owner association date,1991-10-17,,,NATIONAL HEALTH CORPORATION|NHC-OP LP|NATIONAL HEALTHCARE CORPORATION,False,different_named_entities_in_pre_reit_snapshot,"NATIONAL HEALTH INVESTORS, INC.","National Health Investors, Inc.",official_company_ir,National Health Investors investor relations,https://investors.nhireit.com/,"NHI says it is a REIT specializing in senior housing, skilled nursing facilities, and medical investments.",2025,2026,2025,2026,2,2025-09-01,2026-03-02,CMS SNF_All_Owners association date,,,,,2025-08-01,ROBERT M USSERY|NATIONAL HEALTH CORPORATION|ADDISON R BUTLER|HOWARD NASON JR.|NHC-OP LP|NATIONAL HEALTHCARE CORPORATION,8
495131,"NHC HEALTHCARE, BRISTOL",VA,control,NATIONAL HEALTHCARE CORPORATION,"NATIONAL HEALTH INVESTORS, INC.",named_reit_owner_row,National Health Investors,"National Health Investors, Inc.",public_healthcare_reit,yes,National Health Investors investor relations,https://investors.nhireit.com/,"NHI says it is a REIT specializing in senior housing, skilled nursing facilities, and medical investments.",high,2025|2026,1991-10-17,CMS owner association date,1991-10-17,,,NATIONAL HEALTH CORPORATION|NHC-OP LP|NATIONAL HEALTHCARE CORPORATION,False,different_named_entities_in_pre_reit_snapshot,"NATIONAL HEALTH INVESTORS, INC.","National Health Investors, Inc.",official_company_ir,National Health Investors investor relations,https://investors.nhireit.com/,"NHI says it is a REIT specializing in senior housing, skilled nursing facilities, and medical investments.",2025,2026,2025,2026,2,2025-09-01,2026-03-02,CMS SNF_All_Owners association date,,,,,2025-08-01,ROBERT M USSERY|NATIONAL HEALTH CORPORATION|HOWARD NASON JR.|JOAN STEPHENS|NHC-OP LP|NATIONAL HEALTHCARE CORPORATION,8
035253,BROOKDALE SANTA CATALINA,AZ,control,BROOKDALE SENIOR LIVING,OMEGA HEALTHCARE INVESTORS INC,named_reit_owner_row,Omega Healthcare Investors,"Omega Healthcare Investors, Inc.",public_healthcare_reit,yes,Omega Healthcare Investors official site,https://www.omegahealthcare.com/about-us,Omega describes itself as a REIT focused primarily on skilled nursing and assisted living facilities.,high,2025|2026,2021-01-20,CMS owner association date,2021-01-20,,,BROOKDALE SENIOR LIVING INC|ARCPI HOLDINGS INC|AMERICAN RETIREMENT CORPORATION,False,different_named_entities_in_pre_reit_snapshot,OMEGA HEALTHCARE INVESTORS INC,"Omega Healthcare Investors, Inc.",official_company_site,Omega Healthcare Investors official site,https://www.omegahealthcare.com/about-us,Omega describes itself as a REIT focused primarily on skilled nursing and assisted living facilities.,2025,2026,2025,2026,2,2025-10-01,2026-03-02,CMS SNF_All_Owners association date,,,,,2025-09-01,KEVIN W BOWMAN EXECUTIVE VP|KEVIN W LA MARRE VICE PRESIDENT- ACCOUNTING|BROOKDALE SENIOR LIVING INC|CHADWICK C WHITE EXECUTIVE VP|NICHOLAS RADEKA|ARCPI HOLDINGS INC|ANNA F.C. MUNOZ ASSISTANT SECRETARY|AMERICAN RETIREMENT CORPORATION,26
105713,ALPINE HEALTH AND REHABILITATION CENTER,FL,control,SENIOR HEALTH SOUTH,"OMEGA HEALTHCARE INVESTORS, INC",named_reit_owner_row,Omega Healthcare Investors,"Omega Healthcare Investors, Inc.",public_healthcare_reit,yes,Omega Healthcare Investors official site,https://www.omegahealthcare.com/about-us,Omega describes itself as a REIT focused primarily on skilled nursing and assisted living facilities.,high,2025|2026,2003-07-01,CMS owner association date,2003-07-01,,,"SENIOR HEALTH SOUTH EX LLC|MARCEA MCFARLANE INTERIM DIRECTOR OF NURSING|SENIOR HEALTH PROPERTIES SOUTH, INC",False,different_named_entities_in_pre_reit_snapshot,"OMEGA HEALTHCARE INVESTORS, INC","Omega Healthcare Investors, Inc.",official_company_site,Omega Healthcare Investors official site,https://www.omegahealthcare.com/about-us,Omega describes itself as a REIT focused primarily on skilled nursing and assisted living facilities.,2025,2026,2025,2026,2,2025-06-02,2026-03-02,CMS SNF_All_Owners association date,,,,,2025-05-01,"NOREST MADZVIMBO ADMINISTRATOR|RICH DEPIANO BOARD MEMBER|SENIOR HEALTH SOUTH EX LLC|HOWARD JAFFE BOARD MEMBER|PENNY RICHMOND BOARD MEMBER|MARCEA MCFARLANE INTERIM DIRECTOR OF NURSING|ANN MULLEN BOARD MEMBER|SENIOR HEALTH PROPERTIES SOUTH, INC",26
105286,BARTOW CENTER,FL,control,HEARTHSTONE SENIOR COMMUNITIES,"OMEGA HEALTHCARE INVESTORS, INC",named_reit_owner_row,Omega Healthcare Investors,"Omega Healthcare Investors, Inc.",public_healthcare_reit,yes,Omega Healthcare Investors official site,https://www.omegahealthcare.com/about-us,Omega describes itself as a REIT focused primarily on skilled nursing and assisted living facilities.,high,2025|2026,2003-08-01,CMS owner association date,2003-08-01,,,"HEARTHSTONE SENIOR COMMUNITIES, INC.|BARTOW REHABILITATION CENTER LLC|MEREDITH HUMAN DIRECTOR OF NURSING",False,different_named_entities_in_pre_reit_snapshot,"OMEGA HEALTHCARE INVESTORS, INC","Omega Healthcare Investors, Inc.",official_company_site,Omega Healthcare Investors official site,https://www.omegahealthcare.com/about-us,Omega describes itself as a REIT focused primarily on skilled nursing and assisted living facilities.,2025,2026,2025,2026,2,2025-07-01,2026-03-02,CMS SNF_All_Owners association date,,,,,2025-06-02,"HEARTHSTONE SENIOR COMMUNITIES, INC.|ALVIN GARNER BOARD MEMBER|JAMIE BOWDEN ADMINISTRATOR|LORI ROMBOLD BOARD MEMBER|HOWARD JAFFE OFFICER|BARTOW REHABILITATION CENTER LLC|MEREDITH HUMAN DIRECTOR OF NURSING|BRIAN WYATT BOARD MEMBER",26
105271,BOCA CIEGA CENTER,FL,control,HEARTHSTONE SENIOR COMMUNITIES,"OMEGA HEALTHCARE INVESTORS, INC",named_reit_owner_row,Omega Healthcare Investors,"Omega Healthcare Investors, Inc.",public_healthcare_reit,yes,Omega Healthcare Investors official site,https://www.omegahealthcare.com/about-us,Omega describes itself as a REIT focused primarily on skilled nursing and assisted living facilities.,high,2025|2026,2003-07-01,CMS owner association date,2003-07-01,,,"HEARTHSTONE SENIOR COMMUNITIES, INC.|BOCA CIEGA REHABILITATION CENTER LLC|DEON WILSON-SAWYERS DIRECTOR OF NURSING",False,different_named_entities_in_pre_reit_snapshot,"OMEGA HEALTHCARE INVESTORS, INC","Omega Healthcare Investors, Inc.",official_company_site,Omega Healthcare Investors official site,https://www.omegahealthcare.com/about-us,Omega describes itself as a REIT focused primarily on skilled nursing and assisted living facilities.,2025,2026,2025,2026,2,2025-06-02,2026-03-02,CMS SNF_All_Owners association date,,,,,2025-05-01,"HEARTHSTONE SENIOR COMMUNITIES, INC.|ALVIN GARNER BOARD MEMBER|LORI ROMBOLD BOARD MEMBER|HOWARD JAFFE CHAIRMAN OF THE BOARD|DANNY M DAVIS ADMINISTRATOR|BOCA CIEGA REHABILITATION CENTER LLC|BRIAN WYATT BOARD MEMBER|DEON WILSON-SAWYERS DIRECTOR OF NURSING",26
105327,CASA MORA REHABILITATION AND EXTENDED CARE,FL,control,FLORIDA INSTITUTE FOR LONG-TERM CARE,"OMEGA HEALTH INVESTORS, INC",named_reit_owner_row,Omega Healthcare Investors,"Omega Healthcare Investors, Inc.",public_healthcare_reit,yes,Omega Healthcare Investors official site,https://www.omegahealthcare.com/about-us,Omega describes itself as a REIT focused primarily on skilled nursing and assisted living facilities.,high,2025|2026,2003-07-01,CMS owner association date,2003-07-01,,,"HEATHER SANDERS DIRECTOR OF NURSING|FI-CASA MORA, LLC|FLORIDA INSTITUTE FOR LONG TERM CARE LLC|SUN COAST NURSING CENTERS INC",False,different_named_entities_in_pre_reit_snapshot,"OMEGA HEALTH INVESTORS, INC","Omega Healthcare Investors, Inc.",official_company_site,Omega Healthcare Investors official site,https://www.omegahealthcare.com/about-us,Omega describes itself as a REIT focused primarily on skilled nursing and assisted living facilities.,2025,2026,2025,2026,2,2025-06-02,2026-03-02,CMS SNF_All_Owners association date,,,,,2025-05-01,"HEATHER SANDERS DIRECTOR OF NURSING|FI-CASA MORA, LLC|JAMES P MULLARKEY BOARD MEMBER|HOWARD JAFFE OFFICER|PENNY RICHMOND BOARD MEMBER|FLORIDA INSTITUTE FOR LONG TERM CARE LLC|SUN COAST NURSING CENTERS INC|KATHY KATZ-HALL BOARD MEMBER|JEFF NUSBAUM ADMINISTRATOR",26
105274,CLEARWATER CENTER,FL,control,HEARTHSTONE SENIOR COMMUNITIES,"OMEGA HEALTHCARE INVESTORS, INC",named_reit_owner_row,Omega Healthcare Investors,"Omega Healthcare Investors, Inc.",public_healthcare_reit,yes,Omega Healthcare Investors official site,https://www.omegahealthcare.com/about-us,Omega describes itself as a REIT focused primarily on skilled nursing and assisted living facilities.,high,2025|2026,2003-08-01,CMS owner association date,2003-08-01,,,"HEARTHSTONE SENIOR COMMUNITIES, INC.|CLEARWATER REHABILITATION CENTER, LLC|BUFORD ORNDUFF DIRECTOR OF NURSING",False,different_named_entities_in_pre_reit_snapshot,"OMEGA HEALTHCARE INVESTORS, INC","Omega Healthcare Investors, Inc.",official_company_site,Omega Healthcare Investors official site,https://www.omegahealthcare.com/about-us,Omega describes itself as a REIT focused primarily on skilled nursing and assisted living facilities.,2025,2026,2025,2026,2,2025-07-01,2026-03-02,CMS SNF_All_Owners association date,,,,,2025-06-02,"HEARTHSTONE SENIOR COMMUNITIES, INC.|ALVIN GARNER BOARD MEMBER|LORI ROMBOLD BOARD MEMBER|HOWARD JAFFE OFFICER|CLEARWATER REHABILITATION CENTER, LLC|BUFORD ORNDUFF DIRECTOR OF NURSING|PAUL PRYBYLSKI ADMINISTRATOR|BRIAN WYATT BOARD MEMBER",26
105029,COMMUNITY CONVALESCENT CENTER,FL,control,SENIOR HEALTH SOUTH,"OMEGA HEALTHCARE INVESTORS, INC",named_reit_owner_row,Omega Healthcare Investors,"Omega Healthcare Investors, Inc.",public_healthcare_reit,yes,Omega Healthcare Investors official site,https://www.omegahealthcare.com/about-us,Omega describes itself as a REIT focused primarily on skilled nursing and assisted living facilities.,high,2025|2026,2005-09-01,CMS owner association date,2005-09-01,,,"SENIOR HEALTH SOUTH EX LLC|DONNA ROGERS NURSING HOME ADMINISTRATOR|RICHARD GIESLER DIRECTOR OF NURSING|SENIOR HEALTH PROPERTIES SOUTH, INC",False,different_named_entities_in_pre_reit_snapshot,"OMEGA HEALTHCARE INVESTORS, INC","Omega Healthcare Investors, Inc.",official_company_site,Omega Healthcare Investors official site,https://www.omegahealthcare.com/about-us,Omega describes itself as a REIT focused primarily on skilled nursing and assisted living facilities.,2025,2026,2025,2026,2,2025-08-01,2026-03-02,CMS SNF_All_Owners association date,,,,,2025-07-01,"RICH DEPIANO BOARD MEMBER|SENIOR HEALTH SOUTH EX LLC|HOWARD JAFFE OFFICER|PENNY RICHMOND BOARD MEMBER|DONNA ROGERS NURSING HOME ADMINISTRATOR|ANN MULLEN BOARD MEMBER|RICHARD GIESLER DIRECTOR OF NURSING|SENIOR HEALTH PROPERTIES SOUTH, INC",26
105293,EGRET COVE CENTER,FL,control,HEARTHSTONE SENIOR COMMUNITIES,"OMEGA HEALTHCARE INVESTORS, INC",named_reit_owner_row,Omega Healthcare Investors,"Omega Healthcare Investors, Inc.",public_healthcare_reit,yes,Omega Healthcare Investors official site,https://www.omegahealthcare.com/about-us,Omega describes itself as a REIT focused primarily on skilled nursing and assisted living facilities.,high,2025|2026,2003-08-01,CMS owner association date,2003-08-01,,,"HEARTHSTONE SENIOR COMMUNITIES, INC.|BETHANY BEEBE DIRECTOR OF NURSING",False,different_named_entities_in_pre_reit_snapshot,"OMEGA HEALTHCARE INVESTORS, INC","Omega Healthcare Investors, Inc.",official_company_site,Omega Healthcare Investors official site,https://www.omegahealthcare.com/about-us,Omega describes itself as a REIT focused primarily on skilled nursing and assisted living facilities.,2025,2026,2025,2026,2,2025-07-01,2026-03-02,CMS SNF_All_Owners association date,,,,,2025-06-02,"HEARTHSTONE SENIOR COMMUNITIES, INC.|ALVIN GARNER BOARD MEMBER|LORI ROMBOLD BOARD MEMBER|HOWARD JAFFE OFFICER|BRENDA DAVIS EVERETT ADMINISTRATOR|BETHANY BEEBE DIRECTOR OF NURSING|BRIAN WYATT BOARD MEMBER",26
105265,EMERALD COAST CENTER,FL,control,HEARTHSTONE SENIOR COMMUNITIES,"OMEGA HEALTHCARE INVESTORS, INC.",named_reit_owner_row,Omega Healthcare Investors,"Omega Healthcare Investors, Inc.",public_healthcare_reit,yes,Omega Healthcare Investors official site,https://www.omegahealthcare.com/about-us,Omega describes itself as a REIT focused primarily on skilled nursing and assisted living facilities.,high,2025|2026,2003-08-01,CMS owner association date,2003-08-01,,,"HEARTHSTONE SENIOR COMMUNITIES, INC.|SHERRI MCKAY DIRECTOR OF NURSING",False,different_named_entities_in_pre_reit_snapshot,"OMEGA HEALTHCARE INVESTORS, INC.","Omega Healthcare Investors, Inc.",official_company_site,Omega Healthcare Investors official site,https://www.omegahealthcare.com/about-us,Omega describes itself as a REIT focused primarily on skilled nursing and assisted living facilities.,2025,2026,2025,2026,2,2025-07-01,2026-03-02,CMS SNF_All_Owners association date,,,,,2025-06-02,"HEARTHSTONE SENIOR COMMUNITIES, INC.|ALVIN GARNER BOARD MEMBER|LORI ROMBOLD BOARD MEMBER|HOWARD JAFFE OFFICER|SHERRI MCKAY DIRECTOR OF NURSING|TAMMY HARDY-FAUBER ADMINISTRATOR|BRIAN WYATT BOARD MEMBER",26
105690,Highland Pines Rehabilitation Center,FL,control,FLORIDA INSTITUTE FOR LONG-TERM CARE,"OMEGA HEALTH INVESTORS, INC",named_reit_owner_row,Omega Healthcare Investors,"Omega Healthcare Investors, Inc.",public_healthcare_reit,yes,Omega Healthcare Investors official site,https://www.omegahealthcare.com/about-us,Omega describes itself as a REIT focused primarily on skilled nursing and assisted living facilities.,high,2025|2026,2003-07-01,CMS owner association date,2003-07-01,,,GINA GENTILE DIRECTOR OF NURSING|FLORIDA INSTITUTE FOR LONG TERM CARE LLC,False,different_named_entities_in_pre_reit_snapshot,"OMEGA HEALTH INVESTORS, INC","Omega Healthcare Investors, Inc.",official_company_site,Omega Healthcare Investors official site,https://www.omegahealthcare.com/about-us,Omega describes itself as a REIT focused primarily on skilled nursing and assisted living facilities.,2025,2026,2025,2026,2,2025-08-01,2026-03-02,CMS SNF_All_Owners association date,,,,,2025-07-01,JAMES P MULLARKEY BOARD MEMBER|HOWARD JAFFE CHAIRMAN OF THE BOARD|GINA GENTILE DIRECTOR OF NURSING|PENNY RICHMOND BOARD MEMBER|FLORIDA INSTITUTE FOR LONG TERM CARE LLC|KATHY KATZ-HALL BOARD MEMBER|MELANIE WILSON ADMINISTRATOR,26
105572,POMPANO HEALTH AND REHABILITATION CENTER,FL,control,FLORIDA INSTITUTE FOR LONG-TERM CARE,"OMEGA HEALTHCARE INVESTORS, INC",named_reit_owner_row,Omega Healthcare Investors,"Omega Healthcare Investors, Inc.",public_healthcare_reit,yes,Omega Healthcare Investors official site,https://www.omegahealthcare.com/about-us,Omega describes itself as a REIT focused primarily on skilled nursing and assisted living facilities.,high,2025|2026,2003-07-01,CMS owner association date,2003-07-01,,,"FI-POMPANO REHAB, LLC|FLORIDA INSTITUTE FOR LONG TERM CARE LLC|SUN COAST NURSING CENTERS INC|HYACINTH HOLNESS DIRECTOR OF NURSING",False,different_named_entities_in_pre_reit_snapshot,"OMEGA HEALTHCARE INVESTORS, INC","Omega Healthcare Investors, Inc.",official_company_site,Omega Healthcare Investors official site,https://www.omegahealthcare.com/about-us,Omega describes itself as a REIT focused primarily on skilled nursing and assisted living facilities.,2025,2026,2025,2026,2,2025-08-01,2026-03-02,CMS SNF_All_Owners association date,,,,,2025-07-01,"FI-POMPANO REHAB, LLC|JAMES P MULLARKEY BOARD MEMBER|HOWARD JAFFE CHAIRMAN OF THE BOARD|PENNY RICHMOND BOARD MEMBER|FLORIDA INSTITUTE FOR LONG TERM CARE LLC|SUN COAST NURSING CENTERS INC|KATHY KATZ-HALL BOARD MEMBER|LISA IZQUIERDO ADMINISTRATOR|HYACINTH HOLNESS DIRECTOR OF NURSING",26
105117,SOUTH HERITAGE HEALTH & REHABILITATION CENTER,FL,control,SENIOR HEALTH SOUTH,"OMEGA HEALTHCARE INVESTORS, INC",named_reit_owner_row,Omega Healthcare Investors,"Omega Healthcare Investors, Inc.",public_healthcare_reit,yes,Omega Healthcare Investors official site,https://www.omegahealthcare.com/about-us,Omega describes itself as a REIT focused primarily on skilled nursing and assisted living facilities.,high,2025|2026,2005-09-01,CMS owner association date,2005-09-01,,,SENIOR HEALTH SOUTH EX LLC|NEKEISHA CROCKETT WILSON MD;DIRECTOR OF NURSING|SENIOR HEALTH PROPERTIES-SOUTH INC.,False,different_named_entities_in_pre_reit_snapshot,"OMEGA HEALTHCARE INVESTORS, INC","Omega Healthcare Investors, Inc.",official_company_site,Omega Healthcare Investors official site,https://www.omegahealthcare.com/about-us,Omega describes itself as a REIT focused primarily on skilled nursing and assisted living facilities.,2025,2026,2025,2026,2,2025-06-02,2026-03-02,CMS SNF_All_Owners association date,,,,,2025-05-01,RICH DEPIANO BOARD MEMBER|SENIOR HEALTH SOUTH EX LLC|HOWARD JAFFE OFFICER|PENNY RICHMOND BOARD MEMBER|NEKEISHA CROCKETT WILSON MD;DIRECTOR OF NURSING|SAMANTHA KATHERINE WHITE ADMINISTRATOR|ANN MULLEN BOARD MEMBER|SENIOR HEALTH PROPERTIES-SOUTH INC.,26
105408,TREASURE ISLE CARE CENTER,FL,control,SENIOR HEALTH SOUTH,"OMEGA HEALTHCARE INVESTORS, INC",named_reit_owner_row,Omega Healthcare Investors,"Omega Healthcare Investors, Inc.",public_healthcare_reit,yes,Omega Healthcare Investors official site,https://www.omegahealthcare.com/about-us,Omega describes itself as a REIT focused primarily on skilled nursing and assisted living facilities.,high,2025|2026,2003-07-01,CMS owner association date,2003-07-01,,,"HEIDI TUCKER NURSING HOME ADMINISTRATOR|SENIOR HEALTH SOUTH EX LLC|LUCRETA BROWN DIRECTOR OF NURSING|SENIOR HEALTH PROPERTIES SOUTH, INC",False,different_named_entities_in_pre_reit_snapshot,"OMEGA HEALTHCARE INVESTORS, INC","Omega Healthcare Investors, Inc.",official_company_site,Omega Healthcare Investors official site,https://www.omegahealthcare.com/about-us,Omega describes itself as a REIT focused primarily on skilled nursing and assisted living facilities.,2025,2026,2025,2026,2,2025-06-02,2026-03-02,CMS SNF_All_Owners association date,,,,,2025-05-01,"HEIDI TUCKER NURSING HOME ADMINISTRATOR|RICH DEPIANO BOARD MEMBER|SENIOR HEALTH SOUTH EX LLC|HOWARD JAFFE PRESIDENT OF THE BOARD|PENNY RICHMOND BOARD MEMBER|LUCRETA BROWN DIRECTOR OF NURSING|ANN MULLEN BOARD MEMBER|SENIOR HEALTH PROPERTIES SOUTH, INC",26
105176,WINTER HAVEN HEALTH AND REHABILITATION CENTER,FL,control,SENIOR HEALTH SOUTH,"OMEGA HEALTHCARE INVESTORS, INC",named_reit_owner_row,Omega Healthcare Investors,"Omega Healthcare Investors, Inc.",public_healthcare_reit,yes,Omega Healthcare Investors official site,https://www.omegahealthcare.com/about-us,Omega describes itself as a REIT focused primarily on skilled nursing and assisted living facilities.,high,2025|2026,2005-09-01,CMS owner association date,2005-09-01,,,"SENIOR HEALTH SOUTH EX LLC|ALEXIA TAMELA ROBINSON-BRADY NURSING HOME ADMINISTRATOR|JENNIFER BROWN DIRECTOR OF NURSING|SENIOR HEALTH PROPERTIES SOUTH, INC",False,different_named_entities_in_pre_reit_snapshot,"OMEGA HEALTHCARE INVESTORS, INC","Omega Healthcare Investors, Inc.",official_company_site,Omega Healthcare Investors official site,https://www.omegahealthcare.com/about-us,Omega describes itself as a REIT focused primarily on skilled nursing and assisted living facilities.,2025,2026,2025,2026,2,2025-12-02,2026-03-02,CMS SNF_All_Owners association date,,,,,2025-11-06,"RICH DEPIANO BOARD MEMBER|SENIOR HEALTH SOUTH EX LLC|HOWARD JAFFE|PENNY RICHMOND BOARD MEMBER|ALEXIA TAMELA ROBINSON-BRADY NURSING HOME ADMINISTRATOR|JENNIFER BROWN DIRECTOR OF NURSING|ANN MULLEN BOARD MEMBER|SENIOR HEALTH PROPERTIES SOUTH, INC",26
155121,ROSEWALK VILLAGE AT LAFAYETTE,IN,control,AMERICAN SENIOR COMMUNITIES,OHI ASSET (IN) LAFAYETTE LLC,named_reit_owner_row,Omega Healthcare Investors,"Omega Healthcare Investors, Inc.",public_healthcare_reit,yes,Omega Healthcare Investors official site,https://www.omegahealthcare.com/about-us,Omega describes itself as a REIT focused primarily on skilled nursing and assisted living facilities.,high,2025|2026,2012-08-31,CMS owner association date,2012-08-31,,,STACY LEANN DAVIS DIRECTOR OF NURSING|THE HEALTH AND HOSPITAL CORPORATION OF MARION COUNTY|AMERICAN SENIOR COMMUNITIES LLC,False,different_named_entities_in_pre_reit_snapshot,OHI ASSET (IN) LAFAYETTE LLC,"Omega Healthcare Investors, Inc.",official_company_site,Omega Healthcare Investors official site,https://www.omegahealthcare.com/about-us,Omega describes itself as a REIT focused primarily on skilled nursing and assisted living facilities.,2025,2026,2025,2026,2,2025-09-01,2026-03-02,CMS SNF_All_Owners association date,,,,,2025-08-01,GEETA MANTRAVADI|NATHAN ANDERSON EXECUTIVE DIRECTOR|BEVERLY MUKES-GAITHER|GREGORY S FEHRIBACH|CARL L DRUMMER|LISA E HARRIS|STACY LEANN DAVIS DIRECTOR OF NURSING|DONNA G KELSEY CHIEF EXECUTIVE OFFICER|STEVEN A VAN CAMP|PAUL T BABCOCK|THE HEALTH AND HOSPITAL CORPORATION OF MARION COUNTY|MONICA PAYNE|THOMAS HANIFY|AMERICAN SENIOR COMMUNITIES LLC|ROBERT W LAZARD|VIRGINIA A CAINE,26
155330,SALEM CROSSING,IN,control,AMERICAN SENIOR COMMUNITIES,"OHI ASSET (IN) SALEM, LLC",named_reit_owner_row,Omega Healthcare Investors,"Omega Healthcare Investors, Inc.",public_healthcare_reit,yes,Omega Healthcare Investors official site,https://www.omegahealthcare.com/about-us,Omega describes itself as a REIT focused primarily on skilled nursing and assisted living facilities.,high,2025|2026,2013-10-31,CMS owner association date,2013-10-31,,,ROBIN THARP DIRECTOR OF NURSING SERVICES|THE HEALTH AND HOSPITAL CORPORATION OF MARION COUNTY|AMERICAN SENIOR COMMUNITIES LLC,False,different_named_entities_in_pre_reit_snapshot,"OHI ASSET (IN) SALEM, LLC","Omega Healthcare Investors, Inc.",official_company_site,Omega Healthcare Investors official site,https://www.omegahealthcare.com/about-us,Omega describes itself as a REIT focused primarily on skilled nursing and assisted living facilities.,2025,2026,2025,2026,2,2025-10-01,2026-03-02,CMS SNF_All_Owners association date,,,,,2025-09-01,"GEETA MANTRAVADI TRUSTEE|HOLLY THOMPSON EXECUTIVE DIRECTOR|BEVERLY MUKES-GAITHER TRUSTEE|GREGORY S FEHRIBACH TRUSTEE|CARL L DRUMMER TRUSTEE|LISA E HARRIS CHIEF EXECUTIVE OFFICER, ESKENAZ|ROBIN THARP DIRECTOR OF NURSING SERVICES|DONNA G KELSEY CEO OF CONTRACTED MANAGEMETN COM|STEVEN A VAN CAMP CFO OF CONTRACTED MNGEMNT COMP|PAUL T BABCOCK INTERIM PRESIDENT & CEO|THE HEALTH AND HOSPITAL CORPORATION OF MARION COUNTY|MONICA PAYNE VICE CHAIRPERSON|THOMAS HANIFY TRUSTEE|AMERICAN SENIOR COMMUNITIES LLC|ROBERT W LAZARD CHAIRPERSON|VIRGINIA A CAINE DIRECTOR AND CHIEF MEDICAL OFFIC",26
155377,SEYMOUR CROSSING,IN,control,AMERICAN SENIOR COMMUNITIES,"OHI ASSET (IN) SEYMOUR, LLC",named_reit_owner_row,Omega Healthcare Investors,"Omega Healthcare Investors, Inc.",public_healthcare_reit,yes,Omega Healthcare Investors official site,https://www.omegahealthcare.com/about-us,Omega describes itself as a REIT focused primarily on skilled nursing and assisted living facilities.,high,2025|2026,2013-10-31,CMS owner association date,2013-10-31,,,THE HEALTH AND HOSPITAL CORPORATION OF MARION COUNTY|AMERICAN SENIOR COMMUNITIES LLC|HEATHER VANVOLKENBURGH DIRECTOR OF NURSING SERVICES,False,different_named_entities_in_pre_reit_snapshot,"OHI ASSET (IN) SEYMOUR, LLC","Omega Healthcare Investors, Inc.",official_company_site,Omega Healthcare Investors official site,https://www.omegahealthcare.com/about-us,Omega describes itself as a REIT focused primarily on skilled nursing and assisted living facilities.,2025,2026,2025,2026,2,2025-10-01,2026-03-02,CMS SNF_All_Owners association date,,,,,2025-09-01,"GEETA MANTRAVADI TRUSTEE|BEVERLY MUKES-GAITHER TRUSTEE|GREGORY S FEHRIBACH TRUSTEE|CARL L DRUMMER TRUSTEE|LISA E HARRIS CHIEF EXECUTIVE OFFICER, ESKENAZ|DONNA G KELSEY CHIEF EXECUTIVE OFFICER (OF MANA|STEVEN A VAN CAMP CHIEF FINANCIAL OFFICER (OF MANA|PAUL T BABCOCK PRESIDENT & CEO|THE HEALTH AND HOSPITAL CORPORATION OF MARION COUNTY|MONICA PAYNE VICE CHAIRPERSON|THOMAS HANIFY TRUSTEE|AMERICAN SENIOR COMMUNITIES LLC|JOHN A MYERS EXECUTIVE DIRECTOR|ROBERT W LAZARD CHAIRPERSON|HEATHER VANVOLKENBURGH DIRECTOR OF NURSING SERVICES|VIRGINIA A CAINE DIRECTOR AND CHIEF MEDICAL OFFIC",26
215020,FORESTVILLE HEALTHCARE CENTER,MD,control,COMMUNICARE HEALTH,"OHI ASSET (MD) FORESTVILLE, LLC",named_reit_owner_row,Omega Healthcare Investors,"Omega Healthcare Investors, Inc.",public_healthcare_reit,yes,Omega Healthcare Investors official site,https://www.omegahealthcare.com/about-us,Omega describes itself as a REIT focused primarily on skilled nursing and assisted living facilities.,high,2025|2026,2008-04-18,CMS owner association date,2008-04-18,,,"RONALD S WILHEIM 2012 SPOUSAL TRUST|OMG RE LEASING CO, LLC|I. ROSEDALE IRREVOCABLE TRUST|C.R. STOLTZ IRREVOCABLE TRUST|WILHEIM FAMILY INVESTMENT COMPANY|RRW, LLC|HC REAL ESTATE HOLDINGS, LLC|C.R. STOLTZ, LLC|ROSEDALE FAMILY INVESTMENT COMPANY, INC|S.L. ROSEDALE IRREVOCABLE TRUST|R.S. WILHEIM IRREVOCABLE TRUST|OMG RE HOLDINGS LLC",False,different_named_entities_in_pre_reit_snapshot,"OHI ASSET (MD) FORESTVILLE, LLC","Omega Healthcare Investors, Inc.",official_company_site,Omega Healthcare Investors official site,https://www.omegahealthcare.com/about-us,Omega describes itself as a REIT focused primarily on skilled nursing and assisted living facilities.,2025,2026,2025,2026,2,2025-09-01,2026-03-02,CMS SNF_All_Owners association date,,,,,2025-08-01,"RONALD S WILHEIM 2012 SPOUSAL TRUST|OMG RE LEASING CO, LLC|I. ROSEDALE IRREVOCABLE TRUST|C.R. STOLTZ IRREVOCABLE TRUST|WILHEIM FAMILY INVESTMENT COMPANY|RRW, LLC|HC REAL ESTATE HOLDINGS, LLC|YITZHAK ROSEDALE|C.R. STOLTZ, LLC|ROSEDALE FAMILY INVESTMENT COMPANY, INC|RICHARD ODENTHAL COO|RICHARD ODENTHAL CHAIN HOME OFFICE ADMINISTRATOR|S.L. ROSEDALE IRREVOCABLE TRUST|R.S. WILHEIM IRREVOCABLE TRUST|SYTINA SMITH ADMINISTRATOR|OMG RE HOLDINGS LLC|CHARLES STOLTZ CFO",26
215297,SOUTH RIVER HEALTHCARE CENTER,MD,control,COMMUNICARE HEALTH,"OHI ASSET (MD) EDGEWATER, LLC",named_reit_owner_row,Omega Healthcare Investors,"Omega Healthcare Investors, Inc.",public_healthcare_reit,yes,Omega Healthcare Investors official site,https://www.omegahealthcare.com/about-us,Omega describes itself as a REIT focused primarily on skilled nursing and assisted living facilities.,high,2025|2026,2008-04-18,CMS owner association date,2008-04-18,,,"RONALD S WILHEIM 2012 SPOUSAL TRUST|OMG RE LEASING CO, LLC|I. ROSEDALE IRREVOCABLE TRUST|C.R. STOLTZ IRREVOCABLE TRUST|WILHEIM FAMILY INVESTMENT COMPANY|RRW, LLC|HC REAL ESTATE HOLDINGS, LLC|C.R. STOLTZ, LLC|ROSEDALE FAMILY INVESTMENT COMPANY, INC|S.L. ROSEDALE IRREVOCABLE TRUST|HEALTH CARE FACILITY MANAGEMENT, LLC|R.S. WILHEIM IRREVOCABLE TRUST",False,different_named_entities_in_pre_reit_snapshot,"OHI ASSET (MD) EDGEWATER, LLC","Omega Healthcare Investors, Inc.",official_company_site,Omega Healthcare Investors official site,https://www.omegahealthcare.com/about-us,Omega describes itself as a REIT focused primarily on skilled nursing and assisted living facilities.,2025,2026,2025,2026,2,2025-09-01,2026-03-02,CMS SNF_All_Owners association date,,,,,2025-08-01,"RONALD S WILHEIM 2012 SPOUSAL TRUST|PHYLLIS J COLEMAN ADMINISTRATOR|OMG RE LEASING CO, LLC|I. ROSEDALE IRREVOCABLE TRUST|C.R. STOLTZ IRREVOCABLE TRUST|WILHEIM FAMILY INVESTMENT COMPANY|RRW, LLC|HC REAL ESTATE HOLDINGS, LLC|C.R. STOLTZ, LLC|ROSEDALE FAMILY INVESTMENT COMPANY, INC|RICHARD ODENTHAL COO|RICHARD ODENTHAL CHAIN HOME OFFICE ADMINISTRATOR|S.L. ROSEDALE IRREVOCABLE TRUST|HEALTH CARE FACILITY MANAGEMENT, LLC|R.S. WILHEIM IRREVOCABLE TRUST|CHARLES STOLTZ CFO",26
345269,Autumn Care of Salisbury,NC,control,SABER HEALTHCARE GROUP,"OHI ASSET (NC) SALISBURY, LP",named_reit_owner_row,Omega Healthcare Investors,"Omega Healthcare Investors, Inc.",public_healthcare_reit,yes,Omega Healthcare Investors official site,https://www.omegahealthcare.com/about-us,Omega describes itself as a REIT focused primarily on skilled nursing and assisted living facilities.,high,2025|2026,2016-03-01,CMS owner association date,2016-03-01,,,"SABER HEALTHCARE HOLDINGS, LLC|WWBV HOLDINGS LLC|BENJAMIN N. VOLPE FAMILY DYNASTY TRUST (DATED DECEMBER 29, 2020)|DARIN HOPPING REGIONAL VP OF OPERATIONS|SHG MANAGEMENT LLC|SABER GOVERNANCE, LLC|BNV DYNASTY, LLC|SHG AUTUMN, LLC|WIW DYNASTY LLC|SHH HOLDINGS LLC|DECANTED WILLIAM I. WEISBERG FAMILY DYNASTY TRUST (DATED SEPT 30, 2020",False,different_named_entities_in_pre_reit_snapshot,"OHI ASSET (NC) SALISBURY, LP","Omega Healthcare Investors, Inc.",official_company_site,Omega Healthcare Investors official site,https://www.omegahealthcare.com/about-us,Omega describes itself as a REIT focused primarily on skilled nursing and assisted living facilities.,2025,2026,2025,2026,2,2025-11-06,2026-03-02,CMS SNF_All_Owners association date,,,,,2025-10-01,"SABER HEALTHCARE HOLDINGS, LLC|WWBV HOLDINGS LLC|BENJAMIN N. VOLPE FAMILY DYNASTY TRUST (DATED DECEMBER 29, 2020)|GREGORY NICOLUZAKIS SECRETARY|DARIN HOPPING REGIONAL VP OF OPERATIONS|SHG MANAGEMENT LLC|SABER GOVERNANCE, LLC|BNV DYNASTY, LLC|BENJAMIN N VOLPE VICE PRESIDENT & TREASURER|BENJAMIN N VOLPE VICE PRESIDENT AND TREASURER|SHG AUTUMN, LLC|WIW DYNASTY LLC|WILLIAM I WEISBERG PRESIDENT|GLENN TERRY ADMINISTRATOR|SHH HOLDINGS LLC|DECANTED WILLIAM I. WEISBERG FAMILY DYNASTY TRUST (DATED SEPT 30, 2020",26
395202,BROOMALL MANOR,PA,control,SABER HEALTHCARE GROUP,BHG AVIV LLC,named_reit_owner_row,Omega Healthcare Investors,"Omega Healthcare Investors, Inc.",public_healthcare_reit,yes,Omega Healthcare Investors official site,https://www.omegahealthcare.com/about-us,Omega describes itself as a REIT focused primarily on skilled nursing and assisted living facilities.,high,2025|2026,2016-03-01,CMS owner association date,2016-03-01,,,"SABER HEALTHCARE HOLDINGS LLC|WWBV HOLDINGS LLC|BENJAMIN N. VOLPE FAMILY DYNASTY TRUST (DATED DECEMBER 29, 2020)|SHG MANAGEMENT LLC|SABER GOVERNANCE LLC|SABER HEALTHCARE GROUP LLC|BNV DYNASTY LLC|SABER PA HOLDINGS, LLC|WIW DYNASTY LLC|CODY WILLIAM MEENAN REGIONAL VP OF OPERATIONS|SHH HOLDINGS LLC|DECANTED WILLIAM I. WEISBERG FAMILY DYNASTY TRUST (DATED SEPT 30, 2020",False,different_named_entities_in_pre_reit_snapshot,BHG AVIV LLC,"Omega Healthcare Investors, Inc.",official_company_site,Omega Healthcare Investors official site,https://www.omegahealthcare.com/about-us,Omega describes itself as a REIT focused primarily on skilled nursing and assisted living facilities.,2025,2026,2025,2026,2,2025-12-02,2026-03-02,CMS SNF_All_Owners association date,,,,,2025-11-06,"SABER HEALTHCARE HOLDINGS LLC|WWBV HOLDINGS LLC|BENJAMIN N. VOLPE FAMILY DYNASTY TRUST (DATED DECEMBER 29, 2020)|GREGORY NICOLUZAKIS SECRETARY|SHG MANAGEMENT LLC|SABER GOVERNANCE LLC|SABER HEALTHCARE GROUP LLC|BNV DYNASTY LLC|BENJAMIN N VOLPE VICE PRESIDENT & TREASURER|SABER PA HOLDINGS, LLC|KRISTIN MARIE DEBELLO ADMINISTRATOR|WIW DYNASTY LLC|WILLIAM I WEISBERG PRESIDENT|CODY WILLIAM MEENAN REGIONAL VP OF OPERATIONS|SHH HOLDINGS LLC|DECANTED WILLIAM I. WEISBERG FAMILY DYNASTY TRUST (DATED SEPT 30, 2020",26
395311,BRYN MAWR EXTENDED CARE CENTER,PA,control,SABER HEALTHCARE GROUP,BHG AVIV LLC,named_reit_owner_row,Omega Healthcare Investors,"Omega Healthcare Investors, Inc.",public_healthcare_reit,yes,Omega Healthcare Investors official site,https://www.omegahealthcare.com/about-us,Omega describes itself as a REIT focused primarily on skilled nursing and assisted living facilities.,high,2025|2026,2016-03-01,CMS owner association date,2016-03-01,,,"SABER HEALTHCARE HOLDINGS, LLC|WWBV HOLDINGS LLC|BENJAMIN N. VOLPE FAMILY DYNASTY TRUST (DATED DECEMBER 29, 2020)|SHG MANAGEMENT LLC|SABER GOVERNANCE, LLC|BNV DYNASTY, LLC|SABER PA HOLDINGS, LLC|WIW DYNASTY LLC|MICHELLE CARROLL REGIONAL VP OF OPERATIONS|SHH HOLDINGS LLC|DECANTED WILLIAM I. WEISBERG FAMILY DYNASTY TRUST (DATED SEPT 30, 2020",False,different_named_entities_in_pre_reit_snapshot,BHG AVIV LLC,"Omega Healthcare Investors, Inc.",official_company_site,Omega Healthcare Investors official site,https://www.omegahealthcare.com/about-us,Omega describes itself as a REIT focused primarily on skilled nursing and assisted living facilities.,2025,2026,2025,2026,2,2025-11-06,2026-03-02,CMS SNF_All_Owners association date,,,,,2025-10-01,"SABER HEALTHCARE HOLDINGS, LLC|WWBV HOLDINGS LLC|MICHELLE TALIAFERRO AD;|BENJAMIN N. VOLPE FAMILY DYNASTY TRUST (DATED DECEMBER 29, 2020)|GREGORY NICOLUZAKIS SECRETARY|SHG MANAGEMENT LLC|SABER GOVERNANCE, LLC|BNV DYNASTY, LLC|BENJAMIN N VOLPE VICE PRESIDENT & TREASURER|SABER PA HOLDINGS, LLC|ANDREW GRAF MD;|WIW DYNASTY LLC|WILLIAM I WEISBERG PRESIDENT|MICHELLE CARROLL REGIONAL VP OF OPERATIONS|SHH HOLDINGS LLC|DECANTED WILLIAM I. WEISBERG FAMILY DYNASTY TRUST (DATED SEPT 30, 2020",26
455866,BROOKDALE WESTLAKE HILLS,TX,control,BROOKDALE SENIOR LIVING,OMEGA HEALTHCARE INVESTORS INC,named_reit_owner_row,Omega Healthcare Investors,"Omega Healthcare Investors, Inc.",public_healthcare_reit,yes,Omega Healthcare Investors official site,https://www.omegahealthcare.com/about-us,Omega describes itself as a REIT focused primarily on skilled nursing and assisted living facilities.,high,2025|2026,2021-01-20,CMS owner association date,2021-01-20,,,BROOKDALE SENIOR LIVING INC|ARCPI HOLDINGS INC|AMERICAN RETIREMENT CORPORATION,False,different_named_entities_in_pre_reit_snapshot,OMEGA HEALTHCARE INVESTORS INC,"Omega Healthcare Investors, Inc.",official_company_site,Omega Healthcare Investors official site,https://www.omegahealthcare.com/about-us,Omega describes itself as a REIT focused primarily on skilled nursing and assisted living facilities.,2025,2026,2025,2026,2,2025-10-01,2026-03-02,CMS SNF_All_Owners association date,,,,,2025-09-01,KEVIN W BOWMAN EXECUTIVE VP|ELBERT BUEGELER ADMINISTRATOR|KEVIN W LA MARRE VICE PRESIDENT - ACCOUNTING|BROOKDALE SENIOR LIVING INC|CHADWICK C WHITE EXECUTIVE VP|CHADWICK C WHITE BOARD MEMBER|LUCINDA M BAIER PRESIDENT CEO|LUCINDA M BAIER BOARD MEMBER|ARCPI HOLDINGS INC|ANNA F.C. MUNOZ ASSISTANT SECRETARY|AMERICAN RETIREMENT CORPORATION,26
495256,AUTUMN CARE OF CHESAPEAKE,VA,control,SABER HEALTHCARE GROUP,"OHI ASSETT (VA) CHESAPEAKE, LLC",named_reit_owner_row,Omega Healthcare Investors,"Omega Healthcare Investors, Inc.",public_healthcare_reit,yes,Omega Healthcare Investors official site,https://www.omegahealthcare.com/about-us,Omega describes itself as a REIT focused primarily on skilled nursing and assisted living facilities.,high,2025|2026,2016-03-01,CMS owner association date,2016-03-01,,,"SABER HEALTHCARE HOLDINGS LLC|WWBV HOLDINGS LLC|ASHLEY JACKSON REGIONAL VP OF OPERATIONS|BENJAMIN N. VOLPE FAMILY DYNASTY TRUST (DATED DECEMBER 29, 2020)|SHG MANAGEMENT LLC|SABER GOVERNANCE LLC|BNV DYNASTY LLC|SHG AUTUMN, LLC|WIW DYNASTY LLC|SHH HOLDINGS LLC|DECANTED WILLIAM I. WEISBERG FAMILY DYNASTY TRUST (DATED SEPT 30, 2020",False,different_named_entities_in_pre_reit_snapshot,"OHI ASSETT (VA) CHESAPEAKE, LLC","Omega Healthcare Investors, Inc.",official_company_site,Omega Healthcare Investors official site,https://www.omegahealthcare.com/about-us,Omega describes itself as a REIT focused primarily on skilled nursing and assisted living facilities.,2025,2026,2025,2026,2,2025-12-02,2026-03-02,CMS SNF_All_Owners association date,,,,,2025-11-06,"SABER HEALTHCARE HOLDINGS LLC|WWBV HOLDINGS LLC|ASHLEY JACKSON REGIONAL VP OF OPERATIONS|BENJAMIN N. VOLPE FAMILY DYNASTY TRUST (DATED DECEMBER 29, 2020)|ANTHONY BONAWIT ADMINISTRATOR|GREGORY NICOLUZAKIS SECRETARY|SHG MANAGEMENT LLC|SABER GOVERNANCE LLC|BNV DYNASTY LLC|BENJAMIN N VOLPE VICE PRESIDENT & TREASURER|SHG AUTUMN, LLC|WIW DYNASTY LLC|WILLIAM I WEISBERG PRESIDENT|SHH HOLDINGS LLC|DECANTED WILLIAM I. WEISBERG FAMILY DYNASTY TRUST (DATED SEPT 30, 2020",26
495253,AUTUMN CARE OF NORFOLK,VA,control,SABER HEALTHCARE GROUP,"OHI ASSET (VA) NORFOLK, LLC",named_reit_owner_row,Omega Healthcare Investors,"Omega Healthcare Investors, Inc.",public_healthcare_reit,yes,Omega Healthcare Investors official site,https://www.omegahealthcare.com/about-us,Omega describes itself as a REIT focused primarily on skilled nursing and assisted living facilities.,high,2025|2026,2016-03-01,CMS owner association date,2016-03-01,,,"SABER HEALTHCARE HOLDINGS LLC|WWBV HOLDINGS LLC|ASHLEY JACKSON REGIONAL VP OF OPERATIONS|BENJAMIN N. VOLPE FAMILY DYNASTY TRUST (DATED DECEMBER 29, 2020)|SHG MANAGEMENT LLC|SABER GOVERNANCE LLC|BNV DYNASTY LLC|SHG AUTUMN, LLC|WIW DYNASTY LLC|SHH HOLDINGS LLC|DECANTED WILLIAM I. WEISBERG FAMILY DYNASTY TRUST (DATED SEPT 30, 2020",False,different_named_entities_in_pre_reit_snapshot,"OHI ASSET (VA) NORFOLK, LLC","Omega Healthcare Investors, Inc.",official_company_site,Omega Healthcare Investors official site,https://www.omegahealthcare.com/about-us,Omega describes itself as a REIT focused primarily on skilled nursing and assisted living facilities.,2025,2026,2025,2026,2,2025-12-02,2026-03-02,CMS SNF_All_Owners association date,,,,,2025-11-06,"SABER HEALTHCARE HOLDINGS LLC|WWBV HOLDINGS LLC|ASHLEY JACKSON REGIONAL VP OF OPERATIONS|BENJAMIN N. VOLPE FAMILY DYNASTY TRUST (DATED DECEMBER 29, 2020)|GREGORY NICOLUZAKIS SECRETARY|SHG MANAGEMENT LLC|ASHLEI PEASE AD;|SABER GOVERNANCE LLC|BNV DYNASTY LLC|BENJAMIN N VOLPE VICE PRESIDENT & TREASURER|SHG AUTUMN, LLC|WIW DYNASTY LLC|WILLIAM I WEISBERG PRESIDENT|NABIL T. M. TADROS MD;|SHH HOLDINGS LLC|DECANTED WILLIAM I. WEISBERG FAMILY DYNASTY TRUST (DATED SEPT 30, 2020",26
495426,MULBERRY CREEK NURSING & REHAB CENTER,VA,control,KISSITO HEALTHCARE,"OHI ASSET (VA) MARTINSVILLE SNF, LLC",named_reit_owner_row,Omega Healthcare Investors,"Omega Healthcare Investors, Inc.",public_healthcare_reit,yes,Omega Healthcare Investors official site,https://www.omegahealthcare.com/about-us,Omega describes itself as a REIT focused primarily on skilled nursing and assisted living facilities.,high,2025|2026,2019-08-27,CMS owner association date,2019-08-27,,,KISSITO HEALTHCARE INC,False,different_named_entities_in_pre_reit_snapshot,"OHI ASSET (VA) MARTINSVILLE SNF, LLC","Omega Healthcare Investors, Inc.",official_company_site,Omega Healthcare Investors official site,https://www.omegahealthcare.com/about-us,Omega describes itself as a REIT focused primarily on skilled nursing and assisted living facilities.,2025,2026,2025,2026,2,2025-10-01,2026-03-02,CMS SNF_All_Owners association date,,,,,2025-09-01,KISSITO HEALTHCARE INC|KATIE M PERRY|ROBERT MCCLINTIC,26
085048,CADIA REHABILITATION CAPITOL,DE,control,CADIA HEALTHCARE,SABRA HEALTH CARE REIT INC,named_reit_owner_row,Sabra Health Care REIT,"Sabra Health Care REIT, Inc.",public_healthcare_reit,yes,Sabra investor overview,https://ir.sabrahealth.com/investors/overview/,"Sabra says it owns and invests in healthcare real estate, including skilled nursing facilities.",high,2025|2026,2011-08-01,CMS owner association date,2011-08-01,,,SILVER HOLDINGS LLC|STEVE SILVER LLC|STEPHEN SILVER IRREVOCABLE TRUST FBO CASEY SILVER|RON SCHAFER LLC|LONG TERM CARE CORP|STEPHEN SILVER IRREVOCABLE TRUST FBO JONATHAN SILVER|SCHAFER FAMILY LLC,False,different_named_entities_in_pre_reit_snapshot,SABRA HEALTH CARE REIT INC,"Sabra Health Care REIT, Inc.",official_company_ir,Sabra investor overview,https://ir.sabrahealth.com/investors/overview/,"Sabra says it owns and invests in healthcare real estate, including skilled nursing facilities.",2025,2026,2025,2026,2,2025-12-02,2026-03-02,CMS SNF_All_Owners association date,,,,,2025-11-06,SILVER HOLDINGS LLC|NSR PHYSICIANS P.A.|RON E SCHAFER MANAGERIAL|RONALD E SCHAFER IRREV TR FBO ERIC ROBERT SCHAFER|RONALD E SCHAFER IRREV TRFBO LAUREN ELIZABETH MARIE SCHAFER|STEPHEN S SILVER MANAGERIAL|STEVE SILVER LLC|ERIC R SCHAFER|STEPHEN SILVER IRREVOCABLE TRUST FBO CASEY SILVER|KAREN M LITWA CHIEF FINANCIAL OFFICER|JONATHAN B SILVER|RON SCHAFER LLC|LAUREN SCHAFER|LONG TERM CARE CORP|STEPHEN C SILVER|STEPHEN SILVER IRREVOCABLE TRUST FBO JONATHAN SILVER|SCHAFER FAMILY LLC,5
085054,CADIA REHABILITATION PIKE CREEK,DE,control,CADIA HEALTHCARE,SABRA HEALTH CARE REIT INC,named_reit_owner_row,Sabra Health Care REIT,"Sabra Health Care REIT, Inc.",public_healthcare_reit,yes,Sabra investor overview,https://ir.sabrahealth.com/investors/overview/,"Sabra says it owns and invests in healthcare real estate, including skilled nursing facilities.",high,2025|2026,2011-08-01,CMS owner association date,2011-08-01,,,SILVER HOLDINGS LLC|STEVE SILVER LLC|STEPHEN SILVER IRREVOCABLE TRUST FBO CASEY SILVER|RON SCHAFER LLC|LONG TERM CARE CORP|STEPHEN SILVER IRREVOCABLE TRUST FBO JONATHAN SILVER|SCHAFER FAMILY LLC,True,same_owner_already_visible_pre_reit,SABRA HEALTH CARE REIT INC,"Sabra Health Care REIT, Inc.",official_company_ir,Sabra investor overview,https://ir.sabrahealth.com/investors/overview/,"Sabra says it owns and invests in healthcare real estate, including skilled nursing facilities.",2025,2026,2025,2026,2,2025-02-04,2026-03-02,CMS SNF_All_Owners association date,,,,,2025-01-02,SILVER HOLDINGS LLC|SABRA HEALTH CARE REIT INC|RON E SCHAFER|RONALD E SCHAFER IRREV TR FBO ERIC ROBERT SCHAFER|RONALD E SCHAFER IRREV TRFBO LAUREN ELIZABETH MARIE SCHAFER|STEPHEN S SILVER|STEVE SILVER LLC|ERIC R SCHAFER|STEPHEN SILVER IRREVOCABLE TRUST FBO CASEY SILVER|KAREN M LITWA CHIEF FINANCIA OFFICER|KAREN M LITWA CHIEF FINANCIAL OFFICER|JONATHAN B SILVER|RON SCHAFER LLC|LAUREN SCHAFER|LONG TERM CARE CORP|STEPHEN C SILVER|STEPHEN SILVER IRREVOCABLE TRUST FBO JONATHAN SILVER|SCHAFER FAMILY LLC,5
155242,SIGNATURE HEALTHCARE OF MUNCIE,IN,control,SIGNATURE HEALTHCARE,SABRA HEALTH CARE REIT INC,named_reit_owner_row,Sabra Health Care REIT,"Sabra Health Care REIT, Inc.",public_healthcare_reit,yes,Sabra investor overview,https://ir.sabrahealth.com/investors/overview/,"Sabra says it owns and invests in healthcare real estate, including skilled nursing facilities.",high,2025|2026,2015-08-12,CMS owner association date,2015-08-12,,,"JACKSON COUNTY SCHNECK MEMORIAL HOSPITAL|LP MUNCIE MANAGEMENT, LLC",False,different_named_entities_in_pre_reit_snapshot,SABRA HEALTH CARE REIT INC,"Sabra Health Care REIT, Inc.",official_company_ir,Sabra investor overview,https://ir.sabrahealth.com/investors/overview/,"Sabra says it owns and invests in healthcare real estate, including skilled nursing facilities.",2025,2026,2025,2026,2,2025-11-06,2026-03-02,CMS SNF_All_Owners association date,,,,,2025-10-01,"JACK L MCCORY BOARD MEMBER|RICK L SMITH VICE CHARIMAN|ANDREW B MARKEL BOARD MEMBER|COURTNEY B KLEBER BOARD MEMBER|DEBORAH A MANN VP FINANCE/CFO|BENJAMIN DAVID WELLS ADMINISTRATOR|MATTHEW K REEDY BOARD MEMBER|TERRENCE L GILLILAND BOARD MEMBER|SUSAN D BEVERS BOARD MEMBER|ERIC D FISH PRESIDENT/CEO|BRANDON J HARPE BOARD MEMBER|JACKSON COUNTY SCHNECK MEMORIAL HOSPITAL|ROBERT D GILLASPY BOARD MEMBER|LP MUNCIE MANAGEMENT, LLC",5
385031,AVAMERE CRESTVIEW OF PORTLAND,OR,control,AVAMERE,SABRA HEALTH CARE REIT INC,named_reit_owner_row,Sabra Health Care REIT,"Sabra Health Care REIT, Inc.",public_healthcare_reit,yes,Sabra investor overview,https://ir.sabrahealth.com/investors/overview/,"Sabra says it owns and invests in healthcare real estate, including skilled nursing facilities.",high,2025|2026,2017-08-17,CMS owner association date,2017-08-17,,,"ARI OPERATIONS, LLC|ARISO LLC|AVAMERE GROUP LLC",False,different_named_entities_in_pre_reit_snapshot,SABRA HEALTH CARE REIT INC,"Sabra Health Care REIT, Inc.",official_company_ir,Sabra investor overview,https://ir.sabrahealth.com/investors/overview/,"Sabra says it owns and invests in healthcare real estate, including skilled nursing facilities.",2025,2026,2025,2026,2,2025-10-01,2026-03-02,CMS SNF_All_Owners association date,,,,,2025-09-01,"KARL RICKARD MILLER|ARI OPERATIONS, LLC|ANDREW SIMPSON CFO|ARISO LLC|DAVID P LARSON MD;|AVAMERE GROUP LLC|MARY KOFSTAD COO|SARAH TIJERINA AD;",5
385185,AVAMERE RIVERPARK OF EUGENE,OR,control,AVAMERE,SABRA HEALTH CARE REIT INC,named_reit_owner_row,Sabra Health Care REIT,"Sabra Health Care REIT, Inc.",public_healthcare_reit,yes,Sabra investor overview,https://ir.sabrahealth.com/investors/overview/,"Sabra says it owns and invests in healthcare real estate, including skilled nursing facilities.",high,2025|2026,2017-08-17,CMS owner association date,2017-08-17,,,"ARI OPERATIONS, LLC|ARISO LLC|AVAMERE HEALTH SERVICES LLC|AVAMERE GROUP LLC|RIVERPARK OPERATIONS, LLC",False,different_named_entities_in_pre_reit_snapshot,SABRA HEALTH CARE REIT INC,"Sabra Health Care REIT, Inc.",official_company_ir,Sabra investor overview,https://ir.sabrahealth.com/investors/overview/,"Sabra says it owns and invests in healthcare real estate, including skilled nursing facilities.",2025,2026,2025,2026,2,2025-11-06,2026-03-02,CMS SNF_All_Owners association date,,,,,2025-10-01,"MHD TAREK NASHAWI MD;|KARL RICKARD MILLER|ARI OPERATIONS, LLC|ANDREW SIMPSON CFO|ARISO LLC|AVAMERE HEALTH SERVICES LLC|MARY KOFSTAD COO|AVAMERE GROUP LLC|RIVERPARK OPERATIONS, LLC|AMANDA SANDERS AD;",5
675124,AVIR AT GONZALES,TX,control,AVIR HEALTH GROUP,WELLTOWER INC,named_reit_owner_row,Welltower,Welltower Inc.,public_healthcare_reit,yes,Welltower product overview,https://welltower.com/product-overview/,Welltower describes post-acute care as part of its healthcare real estate platform.,high,2025|2026,2025-03-01,CMS owner association date,2025-03-01,,,GONZALES NURSING OPERATIONS LLC|JAMIE LEE MCCORD NURSING HOME ADMINISTRATOR,False,different_named_entities_in_pre_reit_snapshot,WELLTOWER INC.|WELLTOWER LLC|WELLTOWER INC|WELLTOWER OP LLC,Welltower Inc.,official_company_site,Welltower product overview,https://welltower.com/product-overview/,Welltower describes post-acute care as part of its healthcare real estate platform.,2025,2026,2025,2026,2,2025-08-01,2026-03-02,CMS SNF_All_Owners association date,,,,,2025-07-01,BRANDON ANZALDUA CEO|WAYNE SOUTH|ROBERT A JOHNSON VICE PRESIDENT|GONZALES NURSING OPERATIONS LLC|GREGORY CHARLES TIEKEN|TIMOTHY MARKHAM DIRECTOR|WILLIAM V BAILEY CFO|KENNETH GOTTWALD DIRECTOR|LYNN R WHITE VICE PRESIDENT|GENE REED DIRECTOR|KERRY FRANK MORGAN DIRECTOR|STEPHANIE L KODACK|JAMIE LEE MCCORD NURSING HOME ADMINISTRATOR|RYAN C HARRINGTON PRESIDENT|JULI CLAY COMPLIANCE OFFICER|LISA GINDLER DIRECTOR BOARD MEMBER|SASCHA KARDOSZ,8
455808,AVIR AT JACKSBORO,TX,control,AVIR HEALTH GROUP,WELLTOWER INC,named_reit_owner_row,Welltower,Welltower Inc.,public_healthcare_reit,yes,Welltower product overview,https://welltower.com/product-overview/,Welltower describes post-acute care as part of its healthcare real estate platform.,high,2025|2026,2025-03-01,CMS owner association date,2025-03-01,,,"PATSY ONEAL NURSING FACILITY ADMINISTRATOR|JACK COUNTY HOSPITAL DISTRICT|THCM, LLC|JACKSBORO NURSING OPERATIONS, LLC",False,different_named_entities_in_pre_reit_snapshot,WELLTOWER INC.|WELLTOWER LLC|WELLTOWER INC|WELLTOWER OP LLC,Welltower Inc.,official_company_site,Welltower product overview,https://welltower.com/product-overview/,Welltower describes post-acute care as part of its healthcare real estate platform.,2025,2026,2025,2026,2,2025-09-01,2026-03-02,CMS SNF_All_Owners association date,,,,,2025-08-01,"ROBERT A JOHNSON VICE PRESIDENT OF MANAGEMENT COM|MARK MAPLES BOARD MEMBER|LYNN R WHITE VICE PRESIDENT OF MANAGEMENT COM|PATSY ONEAL NURSING FACILITY ADMINISTRATOR|JACK COUNTY HOSPITAL DISTRICT|RYAN C HARRINGTON PRESIDENT/MANAGER|KIM LEE CHIEF FINANCIAL OFFICER|FRANK L BEAMAN CEO|THCM, LLC|JACKSBORO NURSING OPERATIONS, LLC",8
455744,AVIR AT STEPHENVILLE,TX,control,AVIR HEALTH GROUP,WELLTOWER INC.,named_reit_owner_row,Welltower,Welltower Inc.,public_healthcare_reit,yes,Welltower product overview,https://welltower.com/product-overview/,Welltower describes post-acute care as part of its healthcare real estate platform.,high,2025|2026,2025-03-01,CMS owner association date,2025-03-01,,,"STEPHENVILLE NURSING OPERATIONS, LLC|STEPHENS MEMORIAL HOSPITAL DISTRICT",False,different_named_entities_in_pre_reit_snapshot,WELLTOWER INC.|WELLTOWER LLC|WELLTOWER INC|WELLTOWER OP LLC,Welltower Inc.,official_company_site,Welltower product overview,https://welltower.com/product-overview/,Welltower describes post-acute care as part of its healthcare real estate platform.,2025,2026,2025,2026,2,2025-07-01,2026-03-02,CMS SNF_All_Owners association date,,,,,2025-06-02,"BRUCE CURRY|BRIAN ROLAND CEO|BRIAN ROLAND|KARL K SIMMONS|STEPHENVILLE NURSING OPERATIONS, LLC|STEPHENS MEMORIAL HOSPITAL DISTRICT|JOHN T ECHOLS BOARD MEMBER|GREGG GOODALL|KAYLEE CURTIS|WADE B TOOMBS BOARD MEMBER|TODD TIDWELL",8
675931,Avir at Camp Wood,TX,control,AVIR HEALTH GROUP,WELLTOWER INC.,named_reit_owner_row,Welltower,Welltower Inc.,public_healthcare_reit,yes,Welltower product overview,https://welltower.com/product-overview/,Welltower describes post-acute care as part of its healthcare real estate platform.,high,2025|2026,2025-03-01,CMS owner association date,2025-03-01,,,UVALDE COUNTY HOSPITAL AUTHORITY,False,different_named_entities_in_pre_reit_snapshot,WELLTOWER INC.|WELLTOWER LLC|WELLTOWER INC|WELLTOWER OP LLC,Welltower Inc.,official_company_site,Welltower product overview,https://welltower.com/product-overview/,Welltower describes post-acute care as part of its healthcare real estate platform.,2025,2026,2025,2026,2,2025-07-01,2026-03-02,CMS SNF_All_Owners association date,,,,,2025-06-02,THOMAS J NORDWICK CHIEF EXECUTIVE OFFICER|RAUL E ZAMORA BOARD MEMBER|MONICA E GUTIERREZ BOARD MEMBER|GAJANAN V GAITONDE BOARD MEMBER|KELLY A FAGLIE BOARD MEMBER|ADAM APOLINAR|WILLIAM A KESSLER BOARD MEMBER|HECTOR E GONZALES BOARD MEMBER|UVALDE COUNTY HOSPITAL AUTHORITY|BENJAMIN G ELLIOTT BOARD MEMBER|TERRI CONTRERAS CHIEF FINANCIAL OFFICER,8
675259,Avir at Cisco,TX,control,AVIR HEALTH GROUP,WELLTOWER INC,named_reit_owner_row,Welltower,Welltower Inc.,public_healthcare_reit,yes,Welltower product overview,https://welltower.com/product-overview/,Welltower describes post-acute care as part of its healthcare real estate platform.,high,2025|2026,2025-03-01,CMS owner association date,2025-03-01,,,"EASTLAND MEMORIAL HOSPITAL DISTRICT|CISCO NURSING OPERATIONS, LLC",False,different_named_entities_in_pre_reit_snapshot,WELLTOWER INC.|WELLTOWER LLC|WELLTOWER INC|WELLTOWER OP LLC,Welltower Inc.,official_company_site,Welltower product overview,https://welltower.com/product-overview/,Welltower describes post-acute care as part of its healthcare real estate platform.,2025,2026,2025,2026,2,2025-09-01,2026-03-02,CMS SNF_All_Owners association date,,,,,2025-08-01,"WILLIAM H HOFFMAN BOARD MEMBER|ROBERT A JOHNSON MANAGER|STEPHEN K JOINER BOARD MEMBER|LABAN WRIGHT CEO|EASTLAND MEMORIAL HOSPITAL DISTRICT|CISCO NURSING OPERATIONS, LLC|REBECCA PEARSON BOARD MEMBER|NANCY K STEWART BOARD MEMBER|DONALD W HUGHES BOARD MEMBER|JACQUELYN TUCKER BOARD MEMBER|CAROLYN WHITE BOARD MEMBER|RICHARD BARRON BOARD MEMBER|MISSY MOYLAN BOARD MEMBER",8
675641,Avir at Seguin,TX,control,AVIR HEALTH GROUP,WELLTOWER INC,named_reit_owner_row,Welltower,Welltower Inc.,public_healthcare_reit,yes,Welltower product overview,https://welltower.com/product-overview/,Welltower describes post-acute care as part of its healthcare real estate platform.,high,2025|2026,2025-03-01,CMS owner association date,2025-03-01,,,"SEGUIN NURSING OPERATIONS, LLC|GUADALUPE COUNTY HOSPITAL BOARD",False,different_named_entities_in_pre_reit_snapshot,WELLTOWER INC.|WELLTOWER LLC|WELLTOWER INC|WELLTOWER OP LLC,Welltower Inc.,official_company_site,Welltower product overview,https://welltower.com/product-overview/,Welltower describes post-acute care as part of its healthcare real estate platform.,2025,2026,2025,2026,2,2025-08-01,2026-03-02,CMS SNF_All_Owners association date,,,,,2025-07-01,"SEGUIN NURSING OPERATIONS, LLC|DOLORES MAJOR BOARD MEMBER|LOUIS R RAMIREZ BOARD MEMBER|ROBERT HAYNES CEO|GUADALUPE COUNTY HOSPITAL BOARD|ERIC VORDENBAUM BOARD MEMBER|JAMES CARLTON LEE BOARD VICE CHAIRMAN|JEANNE SCHNURIGER BOARD MEMBER",8
675001,Avir at Woodlands,TX,control,AVIR HEALTH GROUP,WELLTOWER INC,named_reit_owner_row,Welltower,Welltower Inc.,public_healthcare_reit,yes,Welltower product overview,https://welltower.com/product-overview/,Welltower describes post-acute care as part of its healthcare real estate platform.,high,2025|2026,2025-03-01,CMS owner association date,2025-03-01,,,WOODLAND NURSING OPERATIONS LLC|EASTLAND MEMORIAL HOSPITAL DISTRICT|EMILY ROGERS DIRECTOR OF INTERNAL OPERATIONS,False,different_named_entities_in_pre_reit_snapshot,WELLTOWER INC.|WELLTOWER LLC|WELLTOWER INC|WELLTOWER OP LLC,Welltower Inc.,official_company_site,Welltower product overview,https://welltower.com/product-overview/,Welltower describes post-acute care as part of its healthcare real estate platform.,2025,2026,2025,2026,2,2025-09-01,2026-03-02,CMS SNF_All_Owners association date,,,,,2025-08-01,WILLIAM H HOFFMAN BOARD MEMBER|STEPHEN K JOINER BOARD MEMBER|LABAN WRIGHT CHIEF EXECUTIVE OFFICER|WOODLAND NURSING OPERATIONS LLC|EASTLAND MEMORIAL HOSPITAL DISTRICT|REBECCA PEARSON BOARD MEMBER|NANCY K STEWART BOARD MEMBER|DONALD W HUGHES BOARD MEMBER|EMILY ROGERS DIRECTOR OF INTERNAL OPERATIONS|JACQUELYN TUCKER BOARD MEMBER|CAROLYN WHITE BOARD MEMBER|RONALD HUNT CHIEF FINANCIAL OFFICER|RICHARD BARRON BOARD MEMBER|MISSY MOYLAN BOARD MEMBER,8
675067,Gainesville Convalescent Center,TX,control,AVIR HEALTH GROUP,WELLTOWER INC,named_reit_owner_row,Welltower,Welltower Inc.,public_healthcare_reit,yes,Welltower product overview,https://welltower.com/product-overview/,Welltower describes post-acute care as part of its healthcare real estate platform.,high,2025|2026,2025-03-01,CMS owner association date,2025-03-01,,,"COLLINSVILLE NURSING OPERATIONS, LLC",False,different_named_entities_in_pre_reit_snapshot,WELLTOWER INC.|WELLTOWER LLC|WELLTOWER INC|WELLTOWER OP LLC,Welltower Inc.,official_company_site,Welltower product overview,https://welltower.com/product-overview/,Welltower describes post-acute care as part of its healthcare real estate platform.,2025,2026,2025,2026,2,2025-09-01,2026-03-02,CMS SNF_All_Owners association date,,,,,2025-08-01,"KIRBY GOBER CEO|COUNTY OF THROCKMORTON|DAVID H DENNIS ADMINISTRATOR|COLLINSVILLE NURSING OPERATIONS, LLC",8
395745,ROSE MEADOWS HEALTH & REHAB CENTER,PA,control,COMMUNICARE HEALTH,"HEALTH CARE HOLDINGS, LLC",same_snapshot_owner_fallback,"HEALTH CARE HOLDINGS, LLC",Omega Healthcare Investors-affiliated entity,private_reit_affiliate,yes_affiliate,Omega SEC filings / Maryland exemption request,https://mhcc.maryland.gov/mhcc/pages/hcfs/hcfs_con/documents/2023_exemption/communicare/con_communicare_ex015_exemption_request_20230414.pdf,State and SEC documents tie these entities to Omega or to Omega's subsidiary/affiliate structure.,medium,2025|2026,2011-05-10,CMS owner association date,2011-05-10,,,"RONALD S WILHEIM 2012 SPOUSAL TRUST|I. ROSEDALE IRREVOCABLE TRUST|C.R. STOLTZ IRREVOCABLE TRUST|WILHEIM FAMILY INVESTMENT COMPANY|RRW, LLC|C.R. STOLTZ, LLC|THE STEPHEN L. ROSEDALE 2012 SPOUSAL TRUST|ROSEDALE FAMILY INVESTMENT COMPANY, INC|OMG MSTR LSCO, LLC|S.L. ROSEDALE IRREVOCABLE TRUST|HEALTH CARE FACILITY MANAGEMENT, LLC|R.S. WILHEIM IRREVOCABLE TRUST",True,same_owner_already_visible_pre_reit,"HEALTH CARE HOLDINGS, LLC","HEALTH CARE HOLDINGS, LLC",cms_raw_owner_file_only,CMS SNF All Owners raw ownership file,,No additional official web source attached in this pass; owner name carried directly from the CMS raw ownership snapshot.,2025,2026,2025,2026,2,2025-08-01,2026-03-02,CMS SNF_All_Owners association date,,,,,2025-07-01,"RONALD S WILHEIM 2012 SPOUSAL TRUST|I. ROSEDALE IRREVOCABLE TRUST|C.R. STOLTZ IRREVOCABLE TRUST|WILHEIM FAMILY INVESTMENT COMPANY|RRW, LLC|HEALTH CARE HOLDINGS, LLC|C.R. STOLTZ, LLC|THE STEPHEN L. ROSEDALE 2012 SPOUSAL TRUST|ROSEDALE FAMILY INVESTMENT COMPANY, INC|OMG MSTR LSCO, LLC|RICHARD ODENTHAL COO|RICHARD ODENTHAL CHAIN HOME OFFICE ADMINISTRATOR|S.L. ROSEDALE IRREVOCABLE TRUST|HEALTH CARE FACILITY MANAGEMENT, LLC|R.S. WILHEIM IRREVOCABLE TRUST|MATTHEW SAELI ADMINISTRATOR|CHARLES STOLTZ CFO",1
395567,DUNMORE HEALTH CARE CENTER,PA,control,SABER HEALTHCARE GROUP,OHIO PENNSYSLVANIA PROPERTY LLC,named_reit_owner_row,OHIO PENNSYSLVANIA PROPERTY LLC,Omega Healthcare Investors-affiliated entity,private_reit_affiliate,yes_affiliate,Omega SEC filings / Maryland exemption request,https://mhcc.maryland.gov/mhcc/pages/hcfs/hcfs_con/documents/2023_exemption/communicare/con_communicare_ex015_exemption_request_20230414.pdf,State and SEC documents tie these entities to Omega or to Omega's subsidiary/affiliate structure.,medium,2025|2026,2016-03-01,CMS owner association date,2016-03-01,,,"SABER HEALTHCARE HOLDINGS, LLC|WWBV HOLDINGS LLC|BENJAMIN N. VOLPE FAMILY DYNASTY TRUST (DATED DECEMBER 29, 2020)|SHG MANAGEMENT LLC|SABER GOVERNANCE, LLC|SABER HEALTHCARE GROUP, LLC|BNV DYNASTY, LLC|SABER PA HOLDINGS, LLC|WIW DYNASTY LLC|LORI SAKALAS REGIONAL VP OF OPERATIONS|SHH HOLDINGS LLC|DECANTED WILLIAM I. WEISBERG FAMILY DYNASTY TRUST (DATED SEPT 30, 2020",False,different_named_entities_in_pre_reit_snapshot,OHIO PENNSYSLVANIA PROPERTY LLC,OHIO PENNSYSLVANIA PROPERTY LLC,cms_raw_owner_file_only,CMS SNF All Owners raw ownership file,,No additional official web source attached in this pass; owner name carried directly from the CMS raw ownership snapshot.,2025,2026,2025,2026,2,2025-11-06,2026-03-02,CMS SNF_All_Owners association date,,,,,2025-10-01,"SABER HEALTHCARE HOLDINGS, LLC|WWBV HOLDINGS LLC|KEVIN S BURKEVICH AD;|BENJAMIN N. VOLPE FAMILY DYNASTY TRUST (DATED DECEMBER 29, 2020)|GREGORY NICOLUZAKIS SECRETARY|SHG MANAGEMENT LLC|SABER GOVERNANCE, LLC|KEVIN K MUSTO MD;|SABER HEALTHCARE GROUP, LLC|BNV DYNASTY, LLC|BENJAMIN N VOLPE VICE PRESIDENT & TREASURER|SABER PA HOLDINGS, LLC|WIW DYNASTY LLC|WILLIAM I WEISBERG PRESIDENT|LORI SAKALAS REGIONAL VP OF OPERATIONS|SHH HOLDINGS LLC|DECANTED WILLIAM I. WEISBERG FAMILY DYNASTY TRUST (DATED SEPT 30, 2020",1
495413,AUTUMN CARE OF MECHANICSVILLE,VA,control,SABER HEALTHCARE GROUP,"OHL ASSET (VA) MECHANICSVILLE, LLC",named_reit_owner_row,"OHL ASSET (VA) MECHANICSVILLE, LLC",Omega Healthcare Investors-affiliated entity,private_reit_affiliate,yes_affiliate,Omega SEC filings / Maryland exemption request,https://mhcc.maryland.gov/mhcc/pages/hcfs/hcfs_con/documents/2023_exemption/communicare/con_communicare_ex015_exemption_request_20230414.pdf,State and SEC documents tie these entities to Omega or to Omega's subsidiary/affiliate structure.,medium,2025|2026,2016-03-01,CMS owner association date,2016-03-01,,,"SABER HEALTHCARE HOLDINGS, LLC|WWBV HOLDINGS LLC|BENJAMIN N. VOLPE FAMILY DYNASTY TRUST (DATED DECEMBER 29, 2020)|SHG MANAGEMENT LLC|SABER GOVERNANCE, LLC|BNV DYNASTY, LLC|SHG AUTUMN, LLC|WIW DYNASTY LLC|JOSEPH C HOPKINS REGIONAL VP OF OPERATIONS|SHH HOLDINGS LLC|DECANTED WILLIAM I. WEISBERG FAMILY DYNASTY TRUST (DATED SEPT 30, 2020",False,different_named_entities_in_pre_reit_snapshot,"OHL ASSET (VA) MECHANICSVILLE, LLC","OHL ASSET (VA) MECHANICSVILLE, LLC",cms_raw_owner_file_only,CMS SNF All Owners raw ownership file,,No additional official web source attached in this pass; owner name carried directly from the CMS raw ownership snapshot.,2025,2026,2025,2026,2,2025-11-06,2026-03-02,CMS SNF_All_Owners association date,,,,,2025-10-01,"SABER HEALTHCARE HOLDINGS, LLC|WWBV HOLDINGS LLC|BENJAMIN N. VOLPE FAMILY DYNASTY TRUST (DATED DECEMBER 29, 2020)|GREGORY NICOLUZAKIS SECRETARY|SHG MANAGEMENT LLC|SABER GOVERNANCE, LLC|PAMELA LEGETTE ADMINISTRATOR|BNV DYNASTY, LLC|BENJAMIN N VOLPE VICE PRESIDENT & TREASURER|SHG AUTUMN, LLC|WIW DYNASTY LLC|WILLIAM I WEISBERG PRESIDENT|JOSEPH C HOPKINS REGIONAL VP OF OPERATIONS|SHH HOLDINGS LLC|DECANTED WILLIAM I. WEISBERG FAMILY DYNASTY TRUST (DATED SEPT 30, 2020",1
215160,ELLICOTT CITY HEALTHCARE CENTER,MD,control,COMMUNICARE HEALTH,OMG RE HOLDINGS LLC,same_snapshot_owner_fallback,OMG RE HOLDINGS LLC,Omega Healthcare Investors-affiliated entity,private_reit_affiliate,yes_affiliate,Omega SEC filings / Maryland exemption request,https://mhcc.maryland.gov/mhcc/pages/hcfs/hcfs_con/documents/2023_exemption/communicare/con_communicare_ex015_exemption_request_20230414.pdf,State and SEC documents tie these entities to Omega or to Omega's subsidiary/affiliate structure.,medium,2025|2026,2006-05-25,CMS owner association date,2006-05-25,,,"RONALD S WILHEIM 2012 SPOUSAL TRUST|OMG RE LEASING CO, LLC|I. ROSEDALE IRREVOCABLE TRUST|C.R. STOLTZ IRREVOCABLE TRUST|WILHEIM FAMILY INVESTMENT COMPANY|RRW, LLC|LAKEISHA HOLLEY DIRECTOR OF NURSING|HC REAL ESTATE HOLDINGS, LLC|C.R. STOLTZ, LLC|ROSEDALE FAMILY INVESTMENT COMPANY, INC|S.L. ROSEDALE IRREVOCABLE TRUST|HEALTH CARE FACILITY MANAGEMENT, LLC|R.S. WILHEIM IRREVOCABLE TRUST",True,same_owner_already_visible_pre_reit,OMG RE HOLDINGS LLC,OMG RE HOLDINGS LLC,cms_raw_owner_file_only,CMS SNF All Owners raw ownership file,,No additional official web source attached in this pass; owner name carried directly from the CMS raw ownership snapshot.,2025,2026,2025,2026,2,2025-08-01,2026-03-02,CMS SNF_All_Owners association date,,,,,2025-07-01,"RONALD S WILHEIM 2012 SPOUSAL TRUST|OMG RE LEASING CO, LLC|I. ROSEDALE IRREVOCABLE TRUST|C.R. STOLTZ IRREVOCABLE TRUST|WILHEIM FAMILY INVESTMENT COMPANY|RRW, LLC|LAKEISHA HOLLEY DIRECTOR OF NURSING|HC REAL ESTATE HOLDINGS, LLC|C.R. STOLTZ, LLC|ROSEDALE FAMILY INVESTMENT COMPANY, INC|RICHARD ODENTHAL COO|RICHARD ODENTHAL CHAIN HOME OFFICE ADMINSTRATOR|S.L. ROSEDALE IRREVOCABLE TRUST|HEALTH CARE FACILITY MANAGEMENT, LLC|R.S. WILHEIM IRREVOCABLE TRUST|OMG RE HOLDINGS LLC|CHARLES STOLTZ CFO",2
515199,SUMMERSVILLE HEALTHCARE CENTER,WV,control,COMMUNICARE HEALTH,OMG RE HOLDINGS LLC,same_snapshot_owner_fallback,OMG RE HOLDINGS LLC,Omega Healthcare Investors-affiliated entity,private_reit_affiliate,yes_affiliate,Omega SEC filings / Maryland exemption request,https://mhcc.maryland.gov/mhcc/pages/hcfs/hcfs_con/documents/2023_exemption/communicare/con_communicare_ex015_exemption_request_20230414.pdf,State and SEC documents tie these entities to Omega or to Omega's subsidiary/affiliate structure.,medium,2025|2026,2022-07-01,CMS owner association date,2022-07-01,,,"RONALD S WILHEIM 2012 SPOUSAL TRUST|I. ROSEDALE IRREVOCABLE TRUST|C.R. STOLTZ FAMILY INVESTMENT COMPANY INC|C.R. STOLTZ IRREVOCABLE TRUST|WV LT CARE OP CO., LLC|WILHEIM FAMILY INVESTMENT COMPANY, INC.|RRW, LLC|I. ROSEDALE FAMILY INVESTMENT COMPANY INC|ROSEDALE FAMILY INVESTMENT COMPANY, INC|S.L. ROSEDALE IRREVOCABLE TRUST|HEALTH CARE FACILITY MANAGEMENT, LLC|R.S. WILHEIM IRREVOCABLE TRUST",True,same_owner_already_visible_pre_reit,OMG RE HOLDINGS LLC,OMG RE HOLDINGS LLC,cms_raw_owner_file_only,CMS SNF All Owners raw ownership file,,No additional official web source attached in this pass; owner name carried directly from the CMS raw ownership snapshot.,2025,2026,2025,2026,2,2025-11-06,2026-03-02,CMS SNF_All_Owners association date,,,,,2025-10-01,"RONALD S WILHEIM 2012 SPOUSAL TRUST|I. ROSEDALE IRREVOCABLE TRUST|C.R. STOLTZ FAMILY INVESTMENT COMPANY INC|C.R. STOLTZ IRREVOCABLE TRUST|WV LT CARE OP CO., LLC|WILHEIM FAMILY INVESTMENT COMPANY, INC.|RRW, LLC|I. ROSEDALE FAMILY INVESTMENT COMPANY INC|ROSEDALE FAMILY INVESTMENT COMPANY, INC|SHANNON SCHULTHESIS|SHANNON SCHULTHESIS ADMINISTRATOR|RICHARD ODENTHAL COO|S.L. ROSEDALE IRREVOCABLE TRUST|HEALTH CARE FACILITY MANAGEMENT, LLC|R.S. WILHEIM IRREVOCABLE TRUST|OMG RE HOLDINGS LLC|CHARLES STOLTZ TREASURER",2
215339,ANCHORAGE HEALTHCARE CENTER,MD,control,COMMUNICARE HEALTH,WO HOLDINGS LLC,same_snapshot_owner_fallback,WO HOLDINGS LLC,Omega Healthcare Investors-affiliated entity,private_reit_affiliate,yes_affiliate,Omega SEC filings / Maryland exemption request,https://mhcc.maryland.gov/mhcc/pages/hcfs/hcfs_con/documents/2023_exemption/communicare/con_communicare_ex015_exemption_request_20230414.pdf,State and SEC documents tie these entities to Omega or to Omega's subsidiary/affiliate structure.,medium,2025|2026,2016-01-01,CMS owner association date,2016-01-01,,,"RONALD S WILHEIM 2012 SPOUSAL TRUST|I. ROSEDALE IRREVOCABLE TRUST|C.R. STOLTZ FAMILY INVESTMENT COMPANY INC|C.R. STOLTZ IRREVOCABLE TRUST|WILHEIM FAMILY INVESTMENT COMPANY|RRW, LLC|HEALTH CARE HOLDINGS, LLC|I. ROSEDALE FAMILY INVESTMENT COMPANY INC|ROSEDALE FAMILY INVESTMENT COMPANY, INC|S.L. ROSEDALE IRREVOCABLE TRUST|HEALTH CARE FACILITY MANAGEMENT, LLC|R.S. WILHEIM IRREVOCABLE TRUST",True,same_owner_already_visible_pre_reit,WO HOLDINGS LLC,WO HOLDINGS LLC,cms_raw_owner_file_only,CMS SNF All Owners raw ownership file,,No additional official web source attached in this pass; owner name carried directly from the CMS raw ownership snapshot.,2025,2026,2025,2026,2,2025-08-01,2026-03-02,CMS SNF_All_Owners association date,,,,,2025-07-01,"RONALD S WILHEIM 2012 SPOUSAL TRUST|DIANNA GILLIGAN ADMINISTRATOR|I. ROSEDALE IRREVOCABLE TRUST|C.R. STOLTZ FAMILY INVESTMENT COMPANY INC|C.R. STOLTZ IRREVOCABLE TRUST|WILHEIM FAMILY INVESTMENT COMPANY|RRW, LLC|WO HOLDINGS LLC|HEALTH CARE HOLDINGS, LLC|I. ROSEDALE FAMILY INVESTMENT COMPANY INC|ROSEDALE FAMILY INVESTMENT COMPANY, INC|RICHARD ODENTHAL COO|S.L. ROSEDALE IRREVOCABLE TRUST|HEALTH CARE FACILITY MANAGEMENT, LLC|R.S. WILHEIM IRREVOCABLE TRUST|CHARLES STOLTZ CFO",5
215340,BLUE POINT HEALTHCARE CENTER,MD,control,COMMUNICARE HEALTH,WO HOLDINGS LLC,same_snapshot_owner_fallback,WO HOLDINGS LLC,Omega Healthcare Investors-affiliated entity,private_reit_affiliate,yes_affiliate,Omega SEC filings / Maryland exemption request,https://mhcc.maryland.gov/mhcc/pages/hcfs/hcfs_con/documents/2023_exemption/communicare/con_communicare_ex015_exemption_request_20230414.pdf,State and SEC documents tie these entities to Omega or to Omega's subsidiary/affiliate structure.,medium,2025|2026,2016-01-01,CMS owner association date,2016-01-01,,,"RONALD S WILHEIM 2012 SPOUSAL TRUST|HEALTH CARE FACILITY MANAGEMENT CO, LLC|I. ROSEDALE IRREVOCABLE TRUST|C.R. STOLTZ FAMILY INVESTMENT COMPANY INC|C.R. STOLTZ IRREVOCABLE TRUST|WILHEIM FAMILY INVESTMENT COMPANY|RRW, LLC|HEALTH CARE HOLDINGS, LLC|DAVID MONTGOMERY DIRECTOR OF NURSING|I. ROSEDALE FAMILY INVESTMENT COMPANY INC|ROSEDALE FAMILY INVESTMENT COMPANY, INC|S.L. ROSEDALE IRREVOCABLE TRUST|R.S. WILHEIM IRREVOCABLE TRUST",True,same_owner_already_visible_pre_reit,WO HOLDINGS LLC,WO HOLDINGS LLC,cms_raw_owner_file_only,CMS SNF All Owners raw ownership file,,No additional official web source attached in this pass; owner name carried directly from the CMS raw ownership snapshot.,2025,2026,2025,2026,2,2025-08-01,2026-03-02,CMS SNF_All_Owners association date,,,,,2025-07-01,"RONALD S WILHEIM 2012 SPOUSAL TRUST|HEALTH CARE FACILITY MANAGEMENT CO, LLC|I. ROSEDALE IRREVOCABLE TRUST|C.R. STOLTZ FAMILY INVESTMENT COMPANY INC|C.R. STOLTZ IRREVOCABLE TRUST|WILHEIM FAMILY INVESTMENT COMPANY|RRW, LLC|WO HOLDINGS LLC|HEALTH CARE HOLDINGS, LLC|DAVID MONTGOMERY DIRECTOR OF NURSING|I. ROSEDALE FAMILY INVESTMENT COMPANY INC|ROSEDALE FAMILY INVESTMENT COMPANY, INC|RICHARD ODENTHAL COO|S.L. ROSEDALE IRREVOCABLE TRUST|R.S. WILHEIM IRREVOCABLE TRUST|CHARLES STOLTZ CFO",5
215204,HOLLY HILL HEALTHCARE CENTER,MD,control,COMMUNICARE HEALTH,WO HOLDINGS LLC,same_snapshot_owner_fallback,WO HOLDINGS LLC,Omega Healthcare Investors-affiliated entity,private_reit_affiliate,yes_affiliate,Omega SEC filings / Maryland exemption request,https://mhcc.maryland.gov/mhcc/pages/hcfs/hcfs_con/documents/2023_exemption/communicare/con_communicare_ex015_exemption_request_20230414.pdf,State and SEC documents tie these entities to Omega or to Omega's subsidiary/affiliate structure.,medium,2025|2026,2016-01-01,CMS owner association date,2016-01-01,,,"RONALD S WILHEIM 2012 SPOUSAL TRUST|I. ROSEDALE IRREVOCABLE TRUST|C.R. STOLTZ FAMILY INVESTMENT COMPANY INC|C.R. STOLTZ IRREVOCABLE TRUST|WILHEIM FAMILY INVESTMENT COMPANY|RRW, LLC|HEALTH CARE HOLDINGS, LLC|LINDA KARMALA DIRECTOR OF NURSING|I. ROSEDALE FAMILY INVESTMENT COMPANY INC|ROSEDALE FAMILY INVESTMENT COMPANY, INC|S.L. ROSEDALE IRREVOCABLE TRUST|HEALTH CARE FACILITY MANAGEMENT, LLC|R.S. WILHEIM IRREVOCABLE TRUST",True,same_owner_already_visible_pre_reit,WO HOLDINGS LLC,WO HOLDINGS LLC,cms_raw_owner_file_only,CMS SNF All Owners raw ownership file,,No additional official web source attached in this pass; owner name carried directly from the CMS raw ownership snapshot.,2025,2026,2025,2026,2,2025-08-01,2026-03-02,CMS SNF_All_Owners association date,,,,,2025-07-01,"RONALD S WILHEIM 2012 SPOUSAL TRUST|I. ROSEDALE IRREVOCABLE TRUST|C.R. STOLTZ FAMILY INVESTMENT COMPANY INC|C.R. STOLTZ IRREVOCABLE TRUST|WILHEIM FAMILY INVESTMENT COMPANY|RRW, LLC|WO HOLDINGS LLC|HEALTH CARE HOLDINGS, LLC|LINDA KARMALA DIRECTOR OF NURSING|I. ROSEDALE FAMILY INVESTMENT COMPANY INC|ROSEDALE FAMILY INVESTMENT COMPANY, INC|RICHARD ODENTHAL COO|S.L. ROSEDALE IRREVOCABLE TRUST|HEALTH CARE FACILITY MANAGEMENT, LLC|R.S. WILHEIM IRREVOCABLE TRUST|CHARLES STOLTZ CFO",5
215043,KENSINGTON HEALTHCARE CENTER,MD,control,COMMUNICARE HEALTH,WO HOLDINGS LLC,same_snapshot_owner_fallback,WO HOLDINGS LLC,Omega Healthcare Investors-affiliated entity,private_reit_affiliate,yes_affiliate,Omega SEC filings / Maryland exemption request,https://mhcc.maryland.gov/mhcc/pages/hcfs/hcfs_con/documents/2023_exemption/communicare/con_communicare_ex015_exemption_request_20230414.pdf,State and SEC documents tie these entities to Omega or to Omega's subsidiary/affiliate structure.,medium,2025|2026,2016-01-01,CMS owner association date,2016-01-01,,,"RONALD S WILHEIM 2012 SPOUSAL TRUST|I. ROSEDALE IRREVOCABLE TRUST|C.R. STOLTZ FAMILY INVESTMENT COMPANY INC|C.R. STOLTZ IRREVOCABLE TRUST|WILHEIM FAMILY INVESTMENT COMPANY|RRW, LLC|HEALTH CARE HOLDINGS, LLC|I. ROSEDALE FAMILY INVESTMENT COMPANY INC|ROSEDALE FAMILY INVESTMENT COMPANY, INC|S.L. ROSEDALE IRREVOCABLE TRUST|HEALTH CARE FACILITY MANAGEMENT, LLC|R.S. WILHEIM IRREVOCABLE TRUST",True,same_owner_already_visible_pre_reit,WO HOLDINGS LLC,WO HOLDINGS LLC,cms_raw_owner_file_only,CMS SNF All Owners raw ownership file,,No additional official web source attached in this pass; owner name carried directly from the CMS raw ownership snapshot.,2025,2026,2025,2026,2,2025-08-01,2026-03-02,CMS SNF_All_Owners association date,,,,,2025-07-01,"RONALD S WILHEIM 2012 SPOUSAL TRUST|I. ROSEDALE IRREVOCABLE TRUST|C.R. STOLTZ FAMILY INVESTMENT COMPANY INC|C.R. STOLTZ IRREVOCABLE TRUST|TARA M HOFFMAN ADMINISTRATOR|WILHEIM FAMILY INVESTMENT COMPANY|RRW, LLC|WO HOLDINGS LLC|HEALTH CARE HOLDINGS, LLC|I. ROSEDALE FAMILY INVESTMENT COMPANY INC|ROSEDALE FAMILY INVESTMENT COMPANY, INC|RICHARD ODENTHAL COO|S.L. ROSEDALE IRREVOCABLE TRUST|HEALTH CARE FACILITY MANAGEMENT, LLC|R.S. WILHEIM IRREVOCABLE TRUST|CHARLES STOLTZ CFO",5
215346,NORTHWEST HEALTHCARE CENTER,MD,control,COMMUNICARE HEALTH,WO HOLDINGS LLC,same_snapshot_owner_fallback,WO HOLDINGS LLC,Omega Healthcare Investors-affiliated entity,private_reit_affiliate,yes_affiliate,Omega SEC filings / Maryland exemption request,https://mhcc.maryland.gov/mhcc/pages/hcfs/hcfs_con/documents/2023_exemption/communicare/con_communicare_ex015_exemption_request_20230414.pdf,State and SEC documents tie these entities to Omega or to Omega's subsidiary/affiliate structure.,medium,2025|2026,2016-01-01,CMS owner association date,2016-01-01,,,"RONALD S WILHEIM 2012 SPOUSAL TRUST|S.L.ROSEDALE IRREVOCABLE TRUST|I. ROSEDALE IRREVOCABLE TRUST|C.R. STOLTZ FAMILY INVESTMENT COMPANY INC|C.R. STOLTZ IRREVOCABLE TRUST|WILHEIM FAMILY INVESTMENT COMPANY|RRW, LLC|HEALTH CARE HOLDINGS, LLC|I. ROSEDALE FAMILY INVESTMENT COMPANY INC|ROSEDALE FAMILY INVESTMENT COMPANY, INC|HEALTH CARE FACILITY MANAGEMENT, LLC|R.S. WILHEIM IRREVOCABLE TRUST",True,same_owner_already_visible_pre_reit,WO HOLDINGS LLC,WO HOLDINGS LLC,cms_raw_owner_file_only,CMS SNF All Owners raw ownership file,,No additional official web source attached in this pass; owner name carried directly from the CMS raw ownership snapshot.,2025,2026,2025,2026,2,2025-08-01,2026-03-02,CMS SNF_All_Owners association date,,,,,2025-07-01,"RONALD S WILHEIM 2012 SPOUSAL TRUST|S.L.ROSEDALE IRREVOCABLE TRUST|MEIR HAKIMI ADMINISTRATOR|I. ROSEDALE IRREVOCABLE TRUST|C.R. STOLTZ FAMILY INVESTMENT COMPANY INC|C.R. STOLTZ IRREVOCABLE TRUST|WILHEIM FAMILY INVESTMENT COMPANY|RRW, LLC|WO HOLDINGS LLC|HEALTH CARE HOLDINGS, LLC|I. ROSEDALE FAMILY INVESTMENT COMPANY INC|ROSEDALE FAMILY INVESTMENT COMPANY, INC|RICHARD ODENTHAL COO|HEALTH CARE FACILITY MANAGEMENT, LLC|R.S. WILHEIM IRREVOCABLE TRUST|CHARLES STOLTZ CFO",5
