ccn_str,facility_name_reit_file,state,owner_cluster,year,event_time,ltcfocus_facility_name,ltcfocus_state,ltcfocus_total_beds,ltcfocus_residents,ltcfocus_avg_dailycensus,ltcfocus_medicaid_share,ltcfocus_medicare_share,ltcfocus_rn_hprd,ltcfocus_lpn_hprd,ltcfocus_cna_hprd,ltcfocus_directcare_hprd,ltcfocus_source_file
035165,MANORCARE HEALTH SERVICES,AZ,Healthpeak / HCR ManorCare,2009,-2,MANORCARE HEALTH SERVICES,AZ,118,,,69.66,12.36,0.552247191011236,1.1286516853932584,2.2275280898876404,3.9084269662921343,facil2009new.xls
035165,MANORCARE HEALTH SERVICES,AZ,Healthpeak / HCR ManorCare,2010,-1,MANORCARE HEALTH SERVICES,AZ,118,,,69.89,12.9,0.5639784946236559,1.3043010752688171,2.3209677419354837,4.189247311827956,facil2010new.xls
035165,MANORCARE HEALTH SERVICES,AZ,Healthpeak / HCR ManorCare,2011,0,MANORCARE HEALTH SERVICES,AZ,118,,94.59,60.58,11.54,0.287,1.265,2.08,3.632,facility_2011.xls
035165,MANORCARE HEALTH SERVICES,AZ,Healthpeak / HCR ManorCare,2012,1,MANORCARE HEALTH SERVICES,AZ,118,,89.01,60.24,13.25,0.62,1.039,2.064,3.723,facility_2012.xls
035165,MANORCARE HEALTH SERVICES,AZ,Healthpeak / HCR ManorCare,2013,2,MANORCARE HEALTH SERVICES,AZ,118,,84.79,70.37,9.88,0.635,1.356,2.63,4.621,facility_2013.xls
065241,MANORCARE HEALTH SERVICES - DENVER,CO,Healthpeak / HCR ManorCare,2009,-2,MANORCARE HEALTH SERVICES - DENVER,CO,160,,,57.89,12.03,0.4650375939849624,0.9902255639097745,2.131203007518797,3.5864661654135337,facil2009new.xls
065241,MANORCARE HEALTH SERVICES - DENVER,CO,Healthpeak / HCR ManorCare,2010,-1,MANORCARE HEALTH SERVICES - DENVER,CO,160,,,47.83,17.39,0.7670289855072464,0.8829710144927537,2.397463768115942,4.047463768115943,facil2010new.xls
065241,MANORCARE HEALTH SERVICES - DENVER,CO,Healthpeak / HCR ManorCare,2011,0,MANORCARE HEALTH SERVICES - DENVER,CO,160,,135.33,41.04,12.69,0.788,0.778,2.377,3.943,facility_2011.xls
065241,MANORCARE HEALTH SERVICES - DENVER,CO,Healthpeak / HCR ManorCare,2012,1,MANORCARE HEALTH SERVICES - DENVER,CO,160,,134.14,49.61,8.66,1.047,0.786,2.163,3.997,facility_2012.xls
065241,MANORCARE HEALTH SERVICES - DENVER,CO,Healthpeak / HCR ManorCare,2013,2,MANORCARE HEALTH SERVICES - DENVER,CO,160,,128.53,56.69,8.66,1.074,0.788,2.296,4.157,facility_2013.xls
065267,MANORCARE HEALTH SERVICES - BOULDER,CO,Healthpeak / HCR ManorCare,2009,-2,MANORCARE HEALTH SERVICES - BOULDER,CO,150,,,51.69,9.32,0.4461864406779661,0.7258474576271186,2.3292372881355936,3.5012711864406776,facil2009new.xls
065267,MANORCARE HEALTH SERVICES - BOULDER,CO,Healthpeak / HCR ManorCare,2010,-1,MANORCARE HEALTH SERVICES - BOULDER,CO,150,,,53.51,10.53,0.6166666666666667,0.5956140350877194,2.317543859649123,3.529824561403509,facil2010new.xls
065267,MANORCARE HEALTH SERVICES - BOULDER,CO,Healthpeak / HCR ManorCare,2011,0,MANORCARE HEALTH SERVICES - BOULDER,CO,150,,119.62,51.28,8.55,0.606,1.012,2.457,4.075,facility_2011.xls
065267,MANORCARE HEALTH SERVICES - BOULDER,CO,Healthpeak / HCR ManorCare,2012,1,MANORCARE HEALTH SERVICES - BOULDER,CO,150,,113.54,50.45,6.31,0.884,0.646,2.368,3.899,facility_2012.xls
065267,MANORCARE HEALTH SERVICES - BOULDER,CO,Healthpeak / HCR ManorCare,2013,2,MANORCARE HEALTH SERVICES - BOULDER,CO,150,,113.25,54.37,10.68,1.041,0.424,2.376,3.841,facility_2013.xls
085028,MANORCARE HEALTH SERVICES - WILMINGTON,DE,Healthpeak / HCR ManorCare,2009,-2,MANORCARE HEALTH SERVICES - WILMINGTON,DE,138,,,43.18,34.09,0.6196969696969696,0.9458333333333332,1.9787878787878788,3.5443181818181815,facil2009new.xls
085028,MANORCARE HEALTH SERVICES - WILMINGTON,DE,Healthpeak / HCR ManorCare,2010,-1,MANORCARE HEALTH SERVICES - WILMINGTON,DE,138,,,42.42,31.82,0.728409090909091,0.9321969696969696,2.051136363636364,3.711742424242424,facil2010new.xls
085028,MANORCARE HEALTH SERVICES - WILMINGTON,DE,Healthpeak / HCR ManorCare,2011,0,MANORCARE HEALTH SERVICES - WILMINGTON,DE,138,,128.21,50.0,28.57,0.767,0.832,2.146,3.745,facility_2011.xls
085028,MANORCARE HEALTH SERVICES - WILMINGTON,DE,Healthpeak / HCR ManorCare,2012,1,MANORCARE HEALTH SERVICES - WILMINGTON,DE,138,,122.51,50.0,28.57,0.767,0.832,2.146,3.745,facility_2012.xls
085028,MANORCARE HEALTH SERVICES - WILMINGTON,DE,Healthpeak / HCR ManorCare,2013,2,MANORCARE HEALTH SERVICES - WILMINGTON,DE,138,,117.39,46.55,29.31,0.783,1.1,2.213,4.095,facility_2013.xls
085033,MANORCARE HEALTH  SERVICES - PIKE CREE,DE,Healthpeak / HCR ManorCare,2009,-2,MANORCARE HEALTH  SERVICES - PIKE CREE,DE,167,,,23.78,46.95,0.4530487804878048,0.951219512195122,2.261280487804878,3.665548780487805,facil2009new.xls
085033,MANORCARE HEALTH  SERVICES - PIKE CREE,DE,Healthpeak / HCR ManorCare,2010,-1,MANORCARE HEALTH  SERVICES - PIKE CREE,DE,167,,,33.13,39.26,0.5144171779141103,0.8917177914110429,2.208588957055215,3.614723926380369,facil2010new.xls
085033,MANORCARE HEALTH  SERVICES - PIKE CREEK,DE,Healthpeak / HCR ManorCare,2011,0,MANORCARE HEALTH  SERVICES - PIKE CREEK,DE,167,,156.74,33.13,39.26,0.514,0.892,2.209,3.615,facility_2011.xls
085033,MANORCARE HEALTH  SERVICES - PIKE CREEK,DE,Healthpeak / HCR ManorCare,2012,1,MANORCARE HEALTH  SERVICES - PIKE CREEK,DE,167,,156.86,35.85,41.51,0.491,0.939,2.228,3.657,facility_2012.xls
085033,MANORCARE HEALTH  SERVICES - PIKE CREEK,DE,Healthpeak / HCR ManorCare,2013,2,MANORCARE HEALTH  SERVICES - PIKE CREEK,DE,167,,155.32,31.37,41.18,0.628,0.942,2.276,3.845,facility_2013.xls
105366,HEARTLAND HLTH CARE CTR S JAX,FL,Healthpeak / HCR ManorCare,2009,-2,HEARTLAND HLTH CARE CTR S JAX,FL,117,,,40.37,28.44,0.3568807339449541,0.985321100917431,2.564678899082569,3.9068807339449543,facil2009new.xls
105366,HEARTLAND HEALTH CARE CENTER OF SOUTH,FL,Healthpeak / HCR ManorCare,2010,-1,HEARTLAND HEALTH CARE CENTER OF SOUTH,FL,117,,,38.6,31.58,0.5776315789473684,0.6425438596491229,2.8973684210526316,4.117543859649123,facil2010new.xls
105366,HEARTLAND HEALTH CARE CENTER OF SOUTH JACKSONVILLE,FL,Healthpeak / HCR ManorCare,2011,0,HEARTLAND HEALTH CARE CENTER OF SOUTH JACKSONVILLE,FL,117,,107.71,46.36,35.45,0.584,0.799,2.811,4.194,facility_2011.xls
105366,HEARTLAND HEALTH CARE CENTER OF SOUTH JACKSONVILLE,FL,Healthpeak / HCR ManorCare,2012,1,HEARTLAND HEALTH CARE CENTER OF SOUTH JACKSONVILLE,FL,117,,109.46,42.34,26.13,0.611,0.686,2.425,3.722,facility_2012.xls
105366,HEARTLAND HEALTH CARE CENTER OF SOUTH JACKSONVILLE,FL,Healthpeak / HCR ManorCare,2013,2,HEARTLAND HEALTH CARE CENTER OF SOUTH JACKSONVILLE,FL,117,,108.94,34.23,28.83,0.549,0.958,2.692,4.199,facility_2013.xls
105389,HEARTLAND HEALTH CARE CENTER - NORTH S,FL,Healthpeak / HCR ManorCare,2009,-2,HEARTLAND HEALTH CARE CENTER - NORTH S,FL,87,,,68.0,18.67,0.4313333333333333,0.6046666666666667,2.7933333333333334,3.829333333333333,facil2009new.xls
105389,HEARTLAND HEALTH CARE CENTER - NORTH S,FL,Healthpeak / HCR ManorCare,2010,-1,HEARTLAND HEALTH CARE CENTER - NORTH S,FL,87,,,55.41,10.81,0.4614864864864865,0.6614864864864864,2.788513513513513,3.9114864864864862,facil2010new.xls
105389,HEARTLAND HEALTH CARE CENTER - NORTH SARASOTA,FL,Healthpeak / HCR ManorCare,2011,0,HEARTLAND HEALTH CARE CENTER - NORTH SARASOTA,FL,87,,74.93,54.88,21.95,0.473,0.826,2.512,3.81,facility_2011.xls
105389,HEARTLAND HEALTH CARE CENTER - NORTH SARASOTA,FL,Healthpeak / HCR ManorCare,2012,1,HEARTLAND HEALTH CARE CENTER - NORTH SARASOTA,FL,87,,73.93,60.87,14.49,0.462,1.051,2.975,4.488,facility_2012.xls
105389,HEARTLAND HEALTH CARE CENTER - NORTH SARASOTA,FL,Healthpeak / HCR ManorCare,2013,2,HEARTLAND HEALTH CARE CENTER - NORTH SARASOTA,FL,87,,78.16,50.62,20.99,0.407,0.854,2.644,3.906,facility_2013.xls
105454,MANORCARE HEALTH SERVICES SARASOTA,FL,Healthpeak / HCR ManorCare,2009,-2,MANORCARE HEALTH SERVICES SARASOTA,FL,178,,,53.01,20.48,0.508433734939759,0.7713855421686747,2.971987951807229,4.251807228915663,facil2009new.xls
105454,MANORCARE HEALTH SERVICES SARASOTA,FL,Healthpeak / HCR ManorCare,2010,-1,MANORCARE HEALTH SERVICES SARASOTA,FL,178,,,43.71,26.35,0.5,0.7110778443113772,2.8766467065868264,4.087724550898203,facil2010new.xls
105454,MANORCARE HEALTH SERVICES SARASOTA,FL,Healthpeak / HCR ManorCare,2011,0,MANORCARE HEALTH SERVICES SARASOTA,FL,178,,162.06,50.94,16.35,0.595,0.83,2.834,4.259,facility_2011.xls
105454,MANORCARE HEALTH SERVICES SARASOTA,FL,Healthpeak / HCR ManorCare,2012,1,MANORCARE HEALTH SERVICES SARASOTA,FL,178,,160.04,56.8,21.89,0.442,0.756,2.588,3.786,facility_2012.xls
105454,MANORCARE HEALTH SERVICES SARASOTA,FL,Healthpeak / HCR ManorCare,2013,2,MANORCARE HEALTH SERVICES SARASOTA,FL,178,,159.96,59.2,20.11,0.432,0.759,2.623,3.814,facility_2013.xls
105481,MANORCARE HEALTH SERVICES,FL,Healthpeak / HCR ManorCare,2009,-2,MANORCARE HEALTH SERVICES,FL,180,,,69.62,11.39,0.4990506329113923,1.0411392405063291,2.953164556962025,4.493354430379747,facil2009new.xls
105481,MANORCARE HEALTH SERVICES,FL,Healthpeak / HCR ManorCare,2010,-1,MANORCARE HEALTH SERVICES,FL,180,,,77.92,9.74,0.487012987012987,0.975,1.7889610389610389,3.250974025974026,facil2010new.xls
105481,MANORCARE HEALTH SERVICES,FL,Healthpeak / HCR ManorCare,2011,0,MANORCARE HEALTH SERVICES,FL,180,,157.17,77.92,9.74,0.487,0.975,2.606,4.068,facility_2011.xls
105481,MANORCARE HEALTH SERVICES,FL,Healthpeak / HCR ManorCare,2012,1,MANORCARE HEALTH SERVICES,FL,180,,158.01,76.05,10.78,0.337,1.104,2.551,3.991,facility_2012.xls
105481,MANORCARE HEALTH SERVICES,FL,Healthpeak / HCR ManorCare,2013,2,MANORCARE HEALTH SERVICES,FL,180,,164.39,83.64,11.52,0.109,1.036,2.597,3.742,facility_2013.xls
105496,MANORCARE HEALTH SERVICES BOYNTON BEAC,FL,Healthpeak / HCR ManorCare,2009,-2,MANORCARE HEALTH SERVICES BOYNTON BEAC,FL,180,,,57.4,20.71,0.449112426035503,0.8784023668639054,2.7544378698224854,4.081952662721894,facil2009new.xls
105496,MANORCARE HEALTH SERVICES BOYNTON BEAC,FL,Healthpeak / HCR ManorCare,2010,-1,MANORCARE HEALTH SERVICES BOYNTON BEAC,FL,180,,,49.12,19.88,0.5491228070175439,0.758187134502924,2.778654970760234,4.085964912280702,facil2010new.xls
105496,MANORCARE HEALTH SERVICES BOYNTON BEACH,FL,Healthpeak / HCR ManorCare,2011,0,MANORCARE HEALTH SERVICES BOYNTON BEACH,FL,180,,143.33,50.6,19.64,0.478,0.782,2.707,3.966,facility_2011.xls
105496,MANORCARE HEALTH SERVICES BOYNTON BEACH,FL,Healthpeak / HCR ManorCare,2012,1,MANORCARE HEALTH SERVICES BOYNTON BEACH,FL,180,,142.89,45.93,27.41,0.588,1.053,3.004,4.646,facility_2012.xls
105496,MANORCARE HEALTH SERVICES BOYNTON BEACH,FL,Healthpeak / HCR ManorCare,2013,2,MANORCARE HEALTH SERVICES BOYNTON BEACH,FL,180,,140.11,55.8,21.74,0.13,0.808,2.578,3.516,facility_2013.xls
105499,MANORCARE AT LELY PALMS,FL,Healthpeak / HCR ManorCare,2009,-2,MANORCARE AT LELY PALMS,FL,117,,,41.23,45.61,0.7017543859649122,0.549561403508772,3.074561403508772,4.325877192982456,facil2009new.xls
105499,MANORCARE AT LELY PALMS,FL,Healthpeak / HCR ManorCare,2010,-1,MANORCARE AT LELY PALMS,FL,117,,,51.43,38.1,0.7157142857142856,0.5666666666666667,2.7738095238095237,4.056190476190476,facil2010new.xls
105499,MANORCARE AT LELY PALMS,FL,Healthpeak / HCR ManorCare,2011,0,MANORCARE AT LELY PALMS,FL,117,,109.11,42.99,48.6,0.771,0.559,2.902,4.233,facility_2011.xls
105499,MANORCARE AT LELY PALMS,FL,Healthpeak / HCR ManorCare,2012,1,MANORCARE AT LELY PALMS,FL,117,,106.88,43.52,35.19,0.548,0.725,2.594,3.868,facility_2012.xls
105499,MANORCARE AT LELY PALMS,FL,Healthpeak / HCR ManorCare,2013,2,MANORCARE AT LELY PALMS,FL,117,,109.46,39.81,37.04,0.708,0.611,2.325,3.644,facility_2013.xls
105519,MANORCARE HEALTH SERVICES,FL,Healthpeak / HCR ManorCare,2009,-2,MANORCARE HEALTH SERVICES,FL,120,,,50.0,19.09,0.319090909090909,0.9827272727272728,3.053181818181818,4.355,facil2009new.xls
105519,MANORCARE HEALTH SERVICES,FL,Healthpeak / HCR ManorCare,2010,-1,MANORCARE HEALTH SERVICES,FL,120,,,44.25,27.43,0.2884955752212388,1.124778761061947,2.688938053097345,4.10221238938053,facil2010new.xls
105519,MANORCARE HEALTH SERVICES,FL,Healthpeak / HCR ManorCare,2011,0,MANORCARE HEALTH SERVICES,FL,120,,112.52,50.47,27.1,0.361,1.213,2.75,4.324,facility_2011.xls
105519,MANORCARE HEALTH SERVICES,FL,Healthpeak / HCR ManorCare,2012,1,MANORCARE HEALTH SERVICES,FL,120,,110.28,56.76,21.62,0.486,0.959,2.552,3.997,facility_2012.xls
105519,MANORCARE HEALTH SERVICES,FL,Healthpeak / HCR ManorCare,2013,2,MANORCARE HEALTH SERVICES,FL,120,,107.61,39.66,25.86,0.384,0.873,2.353,3.61,facility_2013.xls
105599,HEARTLAND OF ZEPHYRHILLS,FL,Healthpeak / HCR ManorCare,2009,-2,HEARTLAND OF ZEPHYRHILLS,FL,120,,,70.64,17.43,0.3990825688073394,0.8330275229357798,2.735321100917431,3.9674311926605506,facil2009new.xls
105599,HEARTLAND OF ZEPHYRHILLS,FL,Healthpeak / HCR ManorCare,2010,-1,HEARTLAND OF ZEPHYRHILLS,FL,120,,,57.14,34.29,0.4214285714285714,0.8633333333333333,3.020952380952381,4.305714285714285,facil2010new.xls
105599,HEARTLAND OF ZEPHYRHILLS,FL,Healthpeak / HCR ManorCare,2011,0,HEARTLAND OF ZEPHYRHILLS,FL,120,,107.24,56.48,24.07,0.497,0.673,2.396,3.565,facility_2011.xls
105599,HEARTLAND OF ZEPHYRHILLS,FL,Healthpeak / HCR ManorCare,2012,1,HEARTLAND OF ZEPHYRHILLS,FL,120,,107.32,62.16,27.03,0.641,0.542,2.356,3.539,facility_2012.xls
105599,HEARTLAND OF ZEPHYRHILLS,FL,Healthpeak / HCR ManorCare,2013,2,HEARTLAND OF ZEPHYRHILLS,FL,120,,102.68,62.16,27.03,0.641,0.542,2.356,3.539,facility_2013.xls
105606,HEARTLAND OF BROOKSVILLE,FL,Healthpeak / HCR ManorCare,2009,-2,HEARTLAND OF BROOKSVILLE,FL,120,,,80.49,12.2,0.450609756097561,0.9652439024390244,3.1060975609756096,4.521951219512195,facil2009new.xls
105606,HEARTLAND OF BROOKSVILLE,FL,Healthpeak / HCR ManorCare,2010,-1,HEARTLAND OF BROOKSVILLE,FL,120,,,69.66,10.11,0.2713483146067416,1.048314606741573,2.6724719101123595,3.992134831460674,facil2010new.xls
105606,HEARTLAND OF BROOKSVILLE,FL,Healthpeak / HCR ManorCare,2011,0,HEARTLAND OF BROOKSVILLE,FL,120,,91.81,58.95,27.37,0.362,1.077,2.748,4.187,facility_2011.xls
105606,HEARTLAND OF BROOKSVILLE,FL,Healthpeak / HCR ManorCare,2012,1,HEARTLAND OF BROOKSVILLE,FL,120,,89.92,74.42,10.47,0.399,0.905,2.512,3.816,facility_2012.xls
105606,HEARTLAND OF BROOKSVILLE,FL,Healthpeak / HCR ManorCare,2013,2,HEARTLAND OF BROOKSVILLE,FL,120,,88.98,74.42,10.47,0.399,0.905,2.512,3.816,facility_2013.xls
105609,HEARTLAND OF TAMARAC,FL,Healthpeak / HCR ManorCare,2009,-2,HEARTLAND OF TAMARAC,FL,151,,,63.03,19.33,0.4647058823529412,0.9373949579831934,2.7172268907563017,4.1193277310924366,facil2009new.xls
105609,HEARTLAND OF TAMARAC,FL,Healthpeak / HCR ManorCare,2010,-1,HEARTLAND OF TAMARAC,FL,151,,,63.03,19.33,0.4647058823529412,0.9373949579831934,2.7172268907563017,4.1193277310924366,facil2010new.xls
105609,HEARTLAND OF TAMARAC,FL,Healthpeak / HCR ManorCare,2011,0,HEARTLAND OF TAMARAC,FL,151,,137.48,58.22,22.6,0.837,0.676,2.868,4.381,facility_2011.xls
105609,HEARTLAND OF TAMARAC,FL,Healthpeak / HCR ManorCare,2012,1,HEARTLAND OF TAMARAC,FL,151,,135.14,43.36,23.08,0.514,1.378,2.574,4.466,facility_2012.xls
105609,HEARTLAND OF TAMARAC,FL,Healthpeak / HCR ManorCare,2013,2,HEARTLAND OF TAMARAC,FL,151,,131.9,44.85,17.65,0.54,1.449,2.707,4.696,facility_2013.xls
105641,HEARTLAND HEALTH CARE CENTER KENDALL,FL,Healthpeak / HCR ManorCare,2009,-2,HEARTLAND HEALTH CARE CENTER KENDALL,FL,120,,,42.24,30.17,0.35,0.9853448275862068,2.654741379310345,3.9900862068965512,facil2009new.xls
105641,HEARTLAND HEALTH CARE CENTER KENDALL,FL,Healthpeak / HCR ManorCare,2010,-1,HEARTLAND HEALTH CARE CENTER KENDALL,FL,120,,,38.53,37.61,0.5256880733944954,1.0747706422018348,3.1596330275229354,4.760091743119267,facil2010new.xls
105641,HEARTLAND HEALTH CARE CENTER KENDALL,FL,Healthpeak / HCR ManorCare,2011,0,HEARTLAND HEALTH CARE CENTER KENDALL,FL,120,,114.24,32.48,29.06,0.52,0.851,2.85,4.221,facility_2011.xls
105641,HEARTLAND HEALTH CARE CENTER KENDALL,FL,Healthpeak / HCR ManorCare,2012,1,HEARTLAND HEALTH CARE CENTER KENDALL,FL,120,,113.86,30.43,36.52,0.557,1.02,2.612,4.189,facility_2012.xls
105641,HEARTLAND HEALTH CARE CENTER KENDALL,FL,Healthpeak / HCR ManorCare,2013,2,HEARTLAND HEALTH CARE CENTER KENDALL,FL,120,,112.21,30.63,21.62,0.814,1.095,2.662,4.57,facility_2013.xls
105680,HEARTLAND HEALTH CARE CENTER LAUDERHIL,FL,Healthpeak / HCR ManorCare,2009,-2,HEARTLAND HEALTH CARE CENTER LAUDERHIL,FL,109,,,80.95,14.29,0.1795238095238095,0.9214285714285714,2.7185714285714284,3.819523809523809,facil2009new.xls
105680,HEARTLAND HEALTH CARE CENTER LAUDERHIL,FL,Healthpeak / HCR ManorCare,2010,-1,HEARTLAND HEALTH CARE CENTER LAUDERHIL,FL,109,,,80.0,12.38,0.230952380952381,0.895238095238095,2.9790476190476185,4.105238095238095,facil2010new.xls
105680,HEARTLAND HEALTH CARE CENTER LAUDERHILL,FL,Healthpeak / HCR ManorCare,2011,0,HEARTLAND HEALTH CARE CENTER LAUDERHILL,FL,109,,104.58,75.0,20.37,0.213,0.852,2.675,3.74,facility_2011.xls
105680,HEARTLAND HEALTH CARE CENTER LAUDERHILL,FL,Healthpeak / HCR ManorCare,2012,1,HEARTLAND HEALTH CARE CENTER LAUDERHILL,FL,109,,102.31,76.19,13.33,0.226,0.885,2.514,3.625,facility_2012.xls
105680,HEARTLAND HEALTH CARE CENTER LAUDERHILL,FL,Healthpeak / HCR ManorCare,2013,2,HEARTLAND HEALTH CARE CENTER LAUDERHILL,FL,109,,103.32,78.64,17.48,0.234,0.9,2.495,3.629,facility_2013.xls
105684,HEARTLAND HEALTH CARE CENTER JACKSONVI,FL,Healthpeak / HCR ManorCare,2009,-2,HEARTLAND HEALTH CARE CENTER JACKSONVI,FL,120,,,50.93,23.15,0.5291666666666667,1.0583333333333331,3.2273148148148145,4.814814814814815,facil2009new.xls
105684,HEARTLAND HEALTH CARE CENTER JACKSONVI,FL,Healthpeak / HCR ManorCare,2010,-1,HEARTLAND HEALTH CARE CENTER JACKSONVI,FL,120,,,45.0,35.0,0.2,0.9333333333333332,2.6666666666666665,3.8,facil2010new.xls
105684,HEARTLAND HEALTH CARE CENTER JACKSONVILLE,FL,Healthpeak / HCR ManorCare,2011,0,HEARTLAND HEALTH CARE CENTER JACKSONVILLE,FL,120,,115.63,36.75,39.32,0.274,0.977,2.985,4.236,facility_2011.xls
105684,HEARTLAND HEALTH CARE CENTER JACKSONVILLE,FL,Healthpeak / HCR ManorCare,2012,1,HEARTLAND HEALTH CARE CENTER JACKSONVILLE,FL,120,,113.22,40.83,39.17,0.426,0.787,2.119,3.332,facility_2012.xls
105684,HEARTLAND HEALTH CARE CENTER JACKSONVILLE,FL,Healthpeak / HCR ManorCare,2013,2,HEARTLAND HEALTH CARE CENTER JACKSONVILLE,FL,120,,112.79,40.83,39.17,0.426,0.787,2.119,3.332,facility_2013.xls
105692,HEARTLAND HEALTH CARE CENTER,FL,Healthpeak / HCR ManorCare,2009,-2,HEARTLAND HEALTH CARE CENTER,FL,120,,,48.54,21.36,0.4868932038834952,0.8106796116504854,2.7684466019417475,4.0660194174757285,facil2009new.xls
105692,HEARTLAND HEALTH CARE CENTER ORANGE PA,FL,Healthpeak / HCR ManorCare,2010,-1,HEARTLAND HEALTH CARE CENTER ORANGE PA,FL,120,,,45.61,27.19,0.618859649122807,0.8043859649122808,3.079824561403509,4.503070175438597,facil2010new.xls
105692,HEARTLAND HEALTH CARE CENTER ORANGE PARK,FL,Healthpeak / HCR ManorCare,2011,0,HEARTLAND HEALTH CARE CENTER ORANGE PARK,FL,120,,100.37,49.06,17.92,0.69,0.9,2.887,4.477,facility_2011.xls
105692,HEARTLAND HEALTH CARE CENTER ORANGE PARK,FL,Healthpeak / HCR ManorCare,2012,1,HEARTLAND HEALTH CARE CENTER ORANGE PARK,FL,120,,103.28,54.9,15.69,0.471,0.961,2.711,4.143,facility_2012.xls
105692,HEARTLAND HEALTH CARE CENTER ORANGE PARK,FL,Healthpeak / HCR ManorCare,2013,2,HEARTLAND HEALTH CARE CENTER ORANGE PARK,FL,120,,103.16,54.0,25.0,0.303,1.082,2.698,4.083,facility_2013.xls
105700,MANORCARE HEALTH SERVICES CARROLLWOOD,FL,Healthpeak / HCR ManorCare,2009,-2,MANORCARE HEALTH SERVICES CARROLLWOOD,FL,120,,,32.43,45.95,0.2725225225225225,1.1635135135135135,2.875675675675676,4.311711711711712,facil2009new.xls
105700,MANORCARE HEALTH SERVICES CARROLLWOOD,FL,Healthpeak / HCR ManorCare,2010,-1,MANORCARE HEALTH SERVICES CARROLLWOOD,FL,120,,,35.9,35.04,0.285042735042735,1.1282051282051282,2.7192307692307693,4.132478632478633,facil2010new.xls
105700,MANORCARE HEALTH SERVICES CARROLLWOOD,FL,Healthpeak / HCR ManorCare,2011,0,MANORCARE HEALTH SERVICES CARROLLWOOD,FL,120,,107.47,36.21,33.62,0.391,0.936,2.519,3.846,facility_2011.xls
105700,MANORCARE HEALTH SERVICES CARROLLWOOD,FL,Healthpeak / HCR ManorCare,2012,1,MANORCARE HEALTH SERVICES CARROLLWOOD,FL,120,,107.95,36.21,33.62,0.391,0.936,2.519,3.846,facility_2012.xls
105700,MANORCARE HEALTH SERVICES CARROLLWOOD,FL,Healthpeak / HCR ManorCare,2013,2,MANORCARE HEALTH SERVICES CARROLLWOOD,FL,120,,107.3,35.78,25.69,0.649,0.812,2.595,4.056,facility_2013.xls
105709,HEARTLAND HEALTH CARE CENTER MIAMI LAK,FL,Healthpeak / HCR ManorCare,2009,-2,HEARTLAND HEALTH CARE CENTER MIAMI LAK,FL,120,,,28.21,23.93,0.4743589743589744,0.9833333333333332,2.936752136752137,4.394444444444444,facil2009new.xls
105709,HEARTLAND HEALTH CARE CENTER MIAMI LAK,FL,Healthpeak / HCR ManorCare,2010,-1,HEARTLAND HEALTH CARE CENTER MIAMI LAK,FL,120,,,22.22,41.03,0.4944444444444444,0.9653846153846154,2.9743589743589745,4.4341880341880335,facil2010new.xls
105709,HEARTLAND HEALTH CARE CENTER MIAMI LAKES,FL,Healthpeak / HCR ManorCare,2011,0,HEARTLAND HEALTH CARE CENTER MIAMI LAKES,FL,120,,115.21,20.83,38.33,0.358,1.163,2.48,4.0,facility_2011.xls
105709,HEARTLAND HEALTH CARE CENTER MIAMI LAKES,FL,Healthpeak / HCR ManorCare,2012,1,HEARTLAND HEALTH CARE CENTER MIAMI LAKES,FL,120,,113.17,23.08,37.61,0.432,1.209,2.516,4.157,facility_2012.xls
105709,HEARTLAND HEALTH CARE CENTER MIAMI LAKES,FL,Healthpeak / HCR ManorCare,2013,2,HEARTLAND HEALTH CARE CENTER MIAMI LAKES,FL,120,,108.86,23.08,37.61,0.432,1.209,2.516,4.157,facility_2013.xls
105723,HEARTLAND HEALTH CARE CENTER,FL,Healthpeak / HCR ManorCare,2009,-2,HEARTLAND HEALTH CARE CENTER,FL,120,,,39.47,28.95,0.5144736842105262,0.8508771929824561,2.7548245614035087,4.120175438596491,facil2009new.xls
105723,HEARTLAND HEALTH CARE CENTER FORT MYER,FL,Healthpeak / HCR ManorCare,2010,-1,HEARTLAND HEALTH CARE CENTER FORT MYER,FL,120,,,47.06,31.09,0.5785714285714285,0.7453781512605043,3.844117647058824,5.1680672268907575,facil2010new.xls
105723,HEARTLAND HEALTH CARE CENTER FORT MYERS,FL,Healthpeak / HCR ManorCare,2011,0,HEARTLAND HEALTH CARE CENTER FORT MYERS,FL,120,,112.42,36.7,29.36,0.358,1.178,2.975,4.511,facility_2011.xls
105723,HEARTLAND HEALTH CARE CENTER FORT MYERS,FL,Healthpeak / HCR ManorCare,2012,1,HEARTLAND HEALTH CARE CENTER FORT MYERS,FL,120,,111.3,34.48,34.48,0.35,0.997,2.534,3.88,facility_2012.xls
105723,HEARTLAND HEALTH CARE CENTER FORT MYERS,FL,Healthpeak / HCR ManorCare,2013,2,HEARTLAND HEALTH CARE CENTER FORT MYERS,FL,120,,108.64,36.28,34.51,0.443,0.906,2.56,3.909,facility_2013.xls
105755,HEARTLAND HEALTH CARE CENTER BOYNTON B,FL,Healthpeak / HCR ManorCare,2009,-2,HEARTLAND HEALTH CARE CENTER BOYNTON B,FL,120,,,57.66,15.32,0.2054054054054054,1.0869369369369368,2.7364864864864864,4.0288288288288285,facil2009new.xls
105755,HEARTLAND HEALTH CARE CENTER BOYNTON B,FL,Healthpeak / HCR ManorCare,2010,-1,HEARTLAND HEALTH CARE CENTER BOYNTON B,FL,120,,,75.93,15.74,0.2875,1.013425925925926,2.967592592592593,4.268518518518518,facil2010new.xls
105755,HEARTLAND HEALTH CARE CENTER BOYNTON BEACH,FL,Healthpeak / HCR ManorCare,2011,0,HEARTLAND HEALTH CARE CENTER BOYNTON BEACH,FL,120,,112.4,82.57,13.76,0.232,1.139,2.694,4.065,facility_2011.xls
105755,HEARTLAND HEALTH CARE CENTER BOYNTON BEACH,FL,Healthpeak / HCR ManorCare,2012,1,HEARTLAND HEALTH CARE CENTER BOYNTON BEACH,FL,120,,113.75,76.92,17.95,0.212,0.977,2.421,3.61,facility_2012.xls
105755,HEARTLAND HEALTH CARE CENTER BOYNTON BEACH,FL,Healthpeak / HCR ManorCare,2013,2,HEARTLAND HEALTH CARE CENTER BOYNTON BEACH,FL,120,,112.73,72.65,18.8,0.302,0.857,2.383,3.542,facility_2013.xls
105762,HEARTLAND HEALTH CARE CENTER PROSPERIT,FL,Healthpeak / HCR ManorCare,2009,-2,HEARTLAND HEALTH CARE CENTER PROSPERIT,FL,120,,,50.93,9.26,0.3564814814814814,1.0476851851851852,2.968055555555555,4.372222222222222,facil2009new.xls
105762,HEARTLAND HEALTH CARE CENTER PROSPERIT,FL,Healthpeak / HCR ManorCare,2010,-1,HEARTLAND HEALTH CARE CENTER PROSPERIT,FL,120,,,48.65,12.61,0.4103603603603603,0.9990990990990992,2.702252252252252,4.1117117117117115,facil2010new.xls
105762,HEARTLAND HEALTH CARE CENTER PROSPERITY OAKS,FL,Healthpeak / HCR ManorCare,2011,0,HEARTLAND HEALTH CARE CENTER PROSPERITY OAKS,FL,120,,104.01,48.65,12.61,0.41,0.999,2.702,4.112,facility_2011.xls
105762,HEARTLAND HEALTH CARE CENTER PROSPERITY OAKS,FL,Healthpeak / HCR ManorCare,2012,1,HEARTLAND HEALTH CARE CENTER PROSPERITY OAKS,FL,120,,105.27,52.34,16.82,0.353,1.009,2.639,4.001,facility_2012.xls
105762,HEARTLAND HEALTH CARE CENTER PROSPERITY OAKS,FL,Healthpeak / HCR ManorCare,2013,2,HEARTLAND HEALTH CARE CENTER PROSPERITY OAKS,FL,120,,99.61,41.35,20.19,0.586,0.859,2.498,3.942,facility_2013.xls
105842,HEARTLAND HEALTH CARE & REHAB,FL,Healthpeak / HCR ManorCare,2009,-2,HEARTLAND HEALTH CARE & REHAB,FL,140,,,0.0,54.76,0.2422619047619048,1.226190476190476,2.9422619047619047,4.410714285714286,facil2009new.xls
105842,HEARTLAND HEALTH CARE & REHABILITATION,FL,Healthpeak / HCR ManorCare,2010,-1,HEARTLAND HEALTH CARE & REHABILITATION,FL,140,,,2.44,42.68,0.6390243902439026,1.0951219512195125,2.8426829268292684,4.576829268292683,facil2010new.xls
105842,HEARTLAND HEALTH CARE & REHABILITATION CENTER,FL,Healthpeak / HCR ManorCare,2011,0,HEARTLAND HEALTH CARE & REHABILITATION CENTER,FL,140,,94.45,5.94,42.57,0.472,1.056,2.614,4.143,facility_2011.xls
105842,HEARTLAND HEALTH CARE & REHABILITATION CENTER,FL,Healthpeak / HCR ManorCare,2012,1,HEARTLAND HEALTH CARE & REHABILITATION CENTER,FL,140,,94.36,13.19,32.97,0.595,1.144,2.657,4.396,facility_2012.xls
105842,HEARTLAND HEALTH CARE & REHABILITATION CENTER,FL,Healthpeak / HCR ManorCare,2013,2,HEARTLAND HEALTH CARE & REHABILITATION CENTER,FL,140,,91.52,27.17,35.87,0.78,1.203,2.941,4.924,facility_2013.xls
105852,HEARTLAND HEALTH CARE AND REHABILITATI,FL,Healthpeak / HCR ManorCare,2009,-2,HEARTLAND HEALTH CARE AND REHABILITATI,FL,120,,,0.0,41.1,0.7102739726027398,1.2657534246575344,3.184931506849315,5.160958904109589,facil2009new.xls
105852,HEARTLAND HEALTH CARE AND REHABILITATI,FL,Healthpeak / HCR ManorCare,2010,-1,HEARTLAND HEALTH CARE AND REHABILITATI,FL,120,,,1.45,62.32,0.744927536231884,1.3289855072463768,3.3942028985507244,5.468115942028985,facil2010new.xls
105852,HEARTLAND HEALTH CARE AND REHABILITATION CENTER OF,FL,Healthpeak / HCR ManorCare,2011,0,HEARTLAND HEALTH CARE AND REHABILITATION CENTER OF,FL,120,,74.27,18.84,50.72,0.711,1.214,2.628,4.553,facility_2011.xls
105852,HEARTLAND HEALTH CARE AND REHABILITATION CENTER OF,FL,Healthpeak / HCR ManorCare,2012,1,HEARTLAND HEALTH CARE AND REHABILITATION CENTER OF,FL,120,,75.2,17.91,38.81,0.811,1.282,2.772,4.865,facility_2012.xls
105852,HEARTLAND HEALTH CARE AND REHABILITATION CENTER OF,FL,Healthpeak / HCR ManorCare,2013,2,HEARTLAND HEALTH CARE AND REHABILITATION CENTER OF,FL,120,,73.26,15.58,49.35,0.595,1.077,2.488,4.161,facility_2013.xls
105911,MANORCARE HEALTH SERVICES WEST PALM BE,FL,Healthpeak / HCR ManorCare,2009,-2,MANORCARE HEALTH SERVICES WEST PALM BE,FL,120,,,58.93,13.39,0.3241071428571428,1.0415178571428572,2.864732142857143,4.230357142857143,facil2009new.xls
105911,MANORCARE HEALTH SERVICES WEST PALM BE,FL,Healthpeak / HCR ManorCare,2010,-1,MANORCARE HEALTH SERVICES WEST PALM BE,FL,120,,,65.66,11.11,0.4207070707070707,1.1919191919191918,2.9555555555555553,4.5681818181818175,facil2010new.xls
105911,MANORCARE HEALTH SERVICES WEST PALM BEACH,FL,Healthpeak / HCR ManorCare,2011,0,MANORCARE HEALTH SERVICES WEST PALM BEACH,FL,120,,107.64,64.0,16.0,0.279,1.099,2.475,3.853,facility_2011.xls
105911,MANORCARE HEALTH SERVICES WEST PALM BEACH,FL,Healthpeak / HCR ManorCare,2012,1,MANORCARE HEALTH SERVICES WEST PALM BEACH,FL,120,,108.74,64.0,16.0,0.279,1.099,2.475,3.853,facility_2012.xls
105911,MANORCARE HEALTH SERVICES WEST PALM BEACH,FL,Healthpeak / HCR ManorCare,2013,2,MANORCARE HEALTH SERVICES WEST PALM BEACH,FL,120,,106.22,50.46,28.44,0.311,1.119,2.625,4.056,facility_2013.xls
105965,MANORCARE HEALTH SERVICES,FL,Healthpeak / HCR ManorCare,2009,-2,MANORCARE HEALTH SERVICES,FL,129,,,36.89,30.1,0.521359223300971,0.9024271844660194,2.960679611650485,4.384466019417475,facil2009new.xls
105965,MANORCARE HEALTH SERVICES,FL,Healthpeak / HCR ManorCare,2010,-1,MANORCARE HEALTH SERVICES,FL,129,,,39.83,31.36,0.4050847457627119,0.8207627118644069,2.8499999999999996,4.075847457627119,facil2010new.xls
105965,MANORCARE HEALTH SERVICES,FL,Healthpeak / HCR ManorCare,2011,0,MANORCARE HEALTH SERVICES,FL,129,,112.77,40.52,36.21,0.472,0.829,2.946,4.247,facility_2011.xls
105965,MANORCARE HEALTH SERVICES,FL,Healthpeak / HCR ManorCare,2012,1,MANORCARE HEALTH SERVICES,FL,129,,105.93,39.09,39.09,0.556,0.894,2.574,4.024,facility_2012.xls
105965,MANORCARE HEALTH SERVICES,FL,Healthpeak / HCR ManorCare,2013,2,MANORCARE HEALTH SERVICES,FL,129,,97.5,44.0,28.0,0.42,1.0,3.047,4.466,facility_2013.xls
106005,MANORCARE HEALTH SERVICES,FL,Healthpeak / HCR ManorCare,2009,-2,MANORCARE HEALTH SERVICES,FL,120,,,43.24,35.14,0.3572072072072073,1.201801801801802,3.00900900900901,4.5680180180180185,facil2009new.xls
106005,MANORCARE HEALTH SERVICES,FL,Healthpeak / HCR ManorCare,2010,-1,MANORCARE HEALTH SERVICES,FL,120,,,46.79,40.37,0.5559633027522937,0.776605504587156,2.8844036697247706,4.21697247706422,facil2010new.xls
106005,MANORCARE HEALTH SERVICES,FL,Healthpeak / HCR ManorCare,2011,0,MANORCARE HEALTH SERVICES,FL,120,,114.02,38.14,42.37,0.705,0.689,2.605,4.0,facility_2011.xls
106005,MANORCARE HEALTH SERVICES,FL,Healthpeak / HCR ManorCare,2012,1,MANORCARE HEALTH SERVICES,FL,120,,112.17,47.52,35.64,0.609,0.746,2.731,4.085,facility_2012.xls
106005,MANORCARE HEALTH SERVICES,FL,Healthpeak / HCR ManorCare,2013,2,MANORCARE HEALTH SERVICES,FL,120,,109.29,44.14,33.33,0.728,0.581,2.503,3.811,facility_2013.xls
106020,MANORCARE HEALTH SERVICES,FL,Healthpeak / HCR ManorCare,2009,-2,MANORCARE HEALTH SERVICES,FL,120,,,37.84,33.33,0.3779279279279279,0.7801801801801801,2.681981981981982,3.84009009009009,facil2009new.xls
106020,MANORCARE HEALTH SERVICES,FL,Healthpeak / HCR ManorCare,2010,-1,MANORCARE HEALTH SERVICES,FL,120,,,46.46,24.24,0.596969696969697,0.9272727272727272,3.112626262626263,4.636868686868687,facil2010new.xls
106020,MANORCARE HEALTH SERVICES,FL,Healthpeak / HCR ManorCare,2011,0,MANORCARE HEALTH SERVICES,FL,120,,111.41,34.23,28.83,0.332,1.083,2.463,3.878,facility_2011.xls
106020,MANORCARE HEALTH SERVICES,FL,Healthpeak / HCR ManorCare,2012,1,MANORCARE HEALTH SERVICES,FL,120,,110.53,46.3,32.41,0.356,1.062,2.581,3.999,facility_2012.xls
106020,MANORCARE HEALTH SERVICES,FL,Healthpeak / HCR ManorCare,2013,2,MANORCARE HEALTH SERVICES,FL,120,,109.24,45.95,32.43,0.302,1.07,2.554,3.926,facility_2013.xls
145004,MANORCARE OF ELGIN,IL,Healthpeak / HCR ManorCare,2009,-2,MANORCARE OF ELGIN,IL,88,,,68.49,20.55,1.0465753424657531,0.4958904109589041,1.8267123287671236,3.3691780821917807,facil2009new.xls
145004,MANORCARE OF ELGIN,IL,Healthpeak / HCR ManorCare,2010,-1,MANORCARE OF ELGIN,IL,88,,,76.71,19.18,0.8232876712328766,0.4082191780821917,1.7075342465753425,2.9390410958904107,facil2010new.xls
145004,MANORCARE OF ELGIN,IL,Healthpeak / HCR ManorCare,2011,0,MANORCARE OF ELGIN,IL,88,,74.26,81.69,9.86,0.953,0.451,2.168,3.572,facility_2011.xls
145004,MANORCARE OF ELGIN,IL,Healthpeak / HCR ManorCare,2012,1,MANORCARE OF ELGIN,IL,88,,74.02,70.51,23.08,0.809,0.346,1.654,2.81,facility_2012.xls
145004,MANORCARE OF ELGIN,IL,Healthpeak / HCR ManorCare,2013,2,MANORCARE OF ELGIN,IL,88,,72.99,61.11,25.0,0.944,0.453,2.079,3.477,facility_2013.xls
145012,HEARTLAND OF GALESBURG,IL,Healthpeak / HCR ManorCare,2009,-2,HEARTLAND OF GALESBURG,IL,84,,,36.23,21.74,0.3797101449275363,1.0427536231884058,1.915217391304348,3.33768115942029,facil2009new.xls
145012,HEARTLAND OF GALESBURG,IL,Healthpeak / HCR ManorCare,2010,-1,HEARTLAND OF GALESBURG,IL,84,,,23.61,40.28,0.4979166666666667,0.6819444444444445,1.786805555555555,2.966666666666667,facil2010new.xls
145012,HEARTLAND OF GALESBURG,IL,Healthpeak / HCR ManorCare,2011,0,HEARTLAND OF GALESBURG,IL,84,,67.44,23.61,40.28,0.498,0.682,1.787,2.967,facility_2011.xls
145012,HEARTLAND OF GALESBURG,IL,Healthpeak / HCR ManorCare,2012,1,HEARTLAND OF GALESBURG,IL,84,,64.19,37.31,29.85,0.304,0.891,1.789,2.984,facility_2012.xls
145012,HEARTLAND OF GALESBURG,IL,Healthpeak / HCR ManorCare,2013,2,HEARTLAND OF GALESBURG,IL,84,,67.95,48.57,18.57,0.571,0.72,1.98,3.271,facility_2013.xls
145021,HEARTLAND OF MACOMB,IL,Healthpeak / HCR ManorCare,2009,-2,HEARTLAND OF MACOMB,IL,80,,,41.54,20.0,0.7561538461538462,0.6115384615384616,2.3153846153846156,3.683076923076923,facil2009new.xls
145021,HEARTLAND OF MACOMB,IL,Healthpeak / HCR ManorCare,2010,-1,HEARTLAND OF MACOMB,IL,80,,,36.0,28.0,0.6359999999999999,0.6006666666666667,1.9953333333333336,3.232,facil2010new.xls
145021,HEARTLAND OF MACOMB,IL,Healthpeak / HCR ManorCare,2011,0,HEARTLAND OF MACOMB,IL,80,,66.32,44.78,25.37,0.999,0.438,2.116,3.553,facility_2011.xls
145021,HEARTLAND OF MACOMB,IL,Healthpeak / HCR ManorCare,2012,1,HEARTLAND OF MACOMB,IL,80,,63.89,42.86,17.46,0.806,0.522,2.137,3.465,facility_2012.xls
145021,HEARTLAND OF MACOMB,IL,Healthpeak / HCR ManorCare,2013,2,HEARTLAND OF MACOMB,IL,80,,67.71,44.78,16.42,0.727,0.498,1.873,3.098,facility_2013.xls
145027,HEARTLAND OF MOLINE,IL,Healthpeak / HCR ManorCare,2009,-2,HEARTLAND OF MOLINE,IL,149,,,6.21,35.17,0.0613793103448275,0.846551724137931,1.9634482758620688,2.8713793103448273,facil2009new.xls
145027,HEARTLAND OF MOLINE,IL,Healthpeak / HCR ManorCare,2010,-1,HEARTLAND OF MOLINE,IL,149,,,6.21,35.17,0.0613793103448275,0.846551724137931,1.9634482758620688,2.8713793103448273,facil2010new.xls
145027,HEARTLAND OF MOLINE,IL,Healthpeak / HCR ManorCare,2011,0,HEARTLAND OF MOLINE,IL,149,,130.53,6.3,37.01,0.515,0.993,2.619,4.127,facility_2011.xls
145027,HEARTLAND OF MOLINE,IL,Healthpeak / HCR ManorCare,2012,1,HEARTLAND OF MOLINE,IL,149,,124.43,9.77,44.36,0.581,0.72,2.327,3.628,facility_2012.xls
145027,HEARTLAND OF MOLINE,IL,Healthpeak / HCR ManorCare,2013,2,HEARTLAND OF MOLINE,IL,149,,122.56,12.4,29.46,0.416,0.498,2.136,3.049,facility_2013.xls
145031,HEARTLAND OF NORMAL,IL,Healthpeak / HCR ManorCare,2009,-2,HEARTLAND OF NORMAL,IL,116,,,18.82,37.65,0.8523529411764706,0.611764705882353,2.533529411764706,3.99764705882353,facil2009new.xls
145031,HEARTLAND OF NORMAL,IL,Healthpeak / HCR ManorCare,2010,-1,HEARTLAND OF NORMAL,IL,116,,,18.82,37.65,0.8523529411764706,0.611764705882353,2.533529411764706,3.99764705882353,facil2010new.xls
145031,HEARTLAND OF NORMAL,IL,Healthpeak / HCR ManorCare,2011,0,HEARTLAND OF NORMAL,IL,116,,92.21,20.22,43.82,0.479,0.897,2.266,3.642,facility_2011.xls
145031,HEARTLAND OF NORMAL,IL,Healthpeak / HCR ManorCare,2012,1,HEARTLAND OF NORMAL,IL,116,,92.16,22.73,48.86,0.855,0.955,2.363,4.172,facility_2012.xls
145031,HEARTLAND OF NORMAL,IL,Healthpeak / HCR ManorCare,2013,2,HEARTLAND OF NORMAL,IL,116,,88.0,31.33,37.35,0.571,0.958,2.437,3.966,facility_2013.xls
145038,HEARTLAND OF DECATUR,IL,Healthpeak / HCR ManorCare,2009,-2,HEARTLAND OF DECATUR,IL,112,,,16.98,27.36,0.4820754716981131,0.739622641509434,2.0698113207547166,3.291509433962264,facil2009new.xls
145038,HEARTLAND OF DECATUR,IL,Healthpeak / HCR ManorCare,2010,-1,HEARTLAND OF DECATUR,IL,112,,,17.14,34.29,0.4671428571428571,0.6933333333333334,2.105714285714286,3.2661904761904768,facil2010new.xls
145038,HEARTLAND OF DECATUR,IL,Healthpeak / HCR ManorCare,2011,0,HEARTLAND OF DECATUR,IL,112,,99.49,22.12,26.92,0.614,0.605,2.285,3.504,facility_2011.xls
145038,HEARTLAND OF DECATUR,IL,Healthpeak / HCR ManorCare,2012,1,HEARTLAND OF DECATUR,IL,117,,98.73,21.78,21.78,0.413,0.972,2.115,3.5,facility_2012.xls
145038,HEARTLAND OF DECATUR,IL,Healthpeak / HCR ManorCare,2013,2,HEARTLAND OF DECATUR,IL,117,,95.88,25.0,27.88,0.26,0.983,2.103,3.346,facility_2013.xls
145039,HEARTLAND OF PEORIA,IL,Healthpeak / HCR ManorCare,2009,-2,HEARTLAND OF PEORIA,IL,144,,,37.1,21.77,0.5512096774193548,0.8649193548387096,2.10241935483871,3.5185483870967738,facil2009new.xls
145039,HEARTLAND OF PEORIA,IL,Healthpeak / HCR ManorCare,2010,-1,HEARTLAND OF PEORIA,IL,144,,,28.79,34.85,0.5125000000000001,0.8746212121212121,2.028409090909091,3.4155303030303035,facil2010new.xls
145039,HEARTLAND OF PEORIA,IL,Healthpeak / HCR ManorCare,2011,0,HEARTLAND OF PEORIA,IL,144,,129.02,39.84,27.34,0.51,0.888,1.811,3.209,facility_2011.xls
145039,HEARTLAND OF PEORIA,IL,Healthpeak / HCR ManorCare,2012,1,HEARTLAND OF PEORIA,IL,144,,129.76,32.09,32.84,0.617,0.87,2.337,3.824,facility_2012.xls
145039,HEARTLAND OF PEORIA,IL,Healthpeak / HCR ManorCare,2013,2,HEARTLAND OF PEORIA,IL,144,,128.47,29.71,29.71,0.685,0.867,2.34,3.892,facility_2013.xls
145043,MANORCARE OF KANKAKEE,IL,Healthpeak / HCR ManorCare,2009,-2,MANORCARE OF KANKAKEE,IL,107,,,53.0,25.0,0.315,0.747,2.1895000000000007,3.2514999999999996,facil2009new.xls
145043,MANORCARE OF KANKAKEE,IL,Healthpeak / HCR ManorCare,2010,-1,MANORCARE OF KANKAKEE,IL,107,,,56.86,23.53,0.3955882352941177,0.5245098039215687,2.0,2.9200980392156866,facil2010new.xls
145043,MANORCARE OF KANKAKEE,IL,Healthpeak / HCR ManorCare,2011,0,MANORCARE OF KANKAKEE,IL,107,,95.85,52.63,20.0,0.705,0.669,1.738,3.113,facility_2011.xls
145043,MANORCARE OF KANKAKEE,IL,Healthpeak / HCR ManorCare,2012,1,MANORCARE OF KANKAKEE,IL,107,,93.83,65.52,22.99,0.604,0.736,1.514,2.855,facility_2012.xls
145043,MANORCARE OF KANKAKEE,IL,Healthpeak / HCR ManorCare,2013,2,MANORCARE OF KANKAKEE,IL,107,,91.58,73.86,17.05,0.67,0.63,2.273,3.573,facility_2013.xls
145045,MANORCARE OF NAPERVILLE,IL,Healthpeak / HCR ManorCare,2009,-2,MANORCARE OF NAPERVILLE,IL,117,,,28.57,39.56,1.2543956043956044,0.4527472527472528,2.1543956043956047,3.861538461538461,facil2009new.xls
145045,MANORCARE OF NAPERVILLE,IL,Healthpeak / HCR ManorCare,2010,-1,MANORCARE OF NAPERVILLE,IL,117,,,22.32,43.75,1.2133928571428572,0.2357142857142857,1.8566964285714287,3.305803571428572,facil2010new.xls
145045,MANORCARE OF NAPERVILLE,IL,Healthpeak / HCR ManorCare,2011,0,MANORCARE OF NAPERVILLE,IL,117,,92.23,25.81,39.78,1.308,0.3,1.887,3.495,facility_2011.xls
145045,MANORCARE OF NAPERVILLE,IL,Healthpeak / HCR ManorCare,2012,1,MANORCARE OF NAPERVILLE,IL,117,,93.35,27.47,43.96,1.331,0.286,2.024,3.641,facility_2012.xls
145045,MANORCARE OF NAPERVILLE,IL,Healthpeak / HCR ManorCare,2013,2,MANORCARE OF NAPERVILLE,IL,115,,82.47,11.54,50.0,1.642,0.246,2.297,4.185,facility_2013.xls
145087,MANORCARE OF OAK LAWN WEST,IL,Healthpeak / HCR ManorCare,2009,-2,MANORCARE OF OAK LAWN WEST,IL,191,,,40.37,36.65,0.8956521739130434,0.6798136645962732,2.190372670807453,3.76583850931677,facil2009new.xls
145087,MANORCARE OF OAK LAWN WEST,IL,Healthpeak / HCR ManorCare,2010,-1,MANORCARE OF OAK LAWN WEST,IL,191,,,42.18,39.46,0.3367346938775509,0.6214285714285714,2.254081632653061,3.2122448979591836,facil2010new.xls
145087,MANORCARE OF OAK LAWN WEST,IL,Healthpeak / HCR ManorCare,2011,0,MANORCARE OF OAK LAWN WEST,IL,191,,147.16,38.1,40.82,0.92,0.725,2.017,3.662,facility_2011.xls
145087,MANORCARE OF OAK LAWN WEST,IL,Healthpeak / HCR ManorCare,2012,1,MANORCARE OF OAK LAWN WEST,IL,191,,147.85,38.36,41.1,1.16,0.787,2.377,4.325,facility_2012.xls
145087,MANORCARE OF OAK LAWN WEST,IL,Healthpeak / HCR ManorCare,2013,2,MANORCARE OF OAK LAWN WEST,IL,191,,136.91,43.44,36.07,1.3,0.714,2.383,4.397,facility_2013.xls
145190,HEARTLAND OF CHAMPAIGN,IL,Healthpeak / HCR ManorCare,2009,-2,HEARTLAND OF CHAMPAIGN,IL,102,,,11.25,26.25,0.751875,0.6699999999999999,2.148125,3.5699999999999994,facil2009new.xls
145190,HEARTLAND OF CHAMPAIGN,IL,Healthpeak / HCR ManorCare,2010,-1,HEARTLAND OF CHAMPAIGN,IL,102,,,12.79,34.88,0.7104651162790698,0.9459302325581396,2.4284883720930237,4.084883720930232,facil2010new.xls
145190,HEARTLAND OF CHAMPAIGN,IL,Healthpeak / HCR ManorCare,2011,0,HEARTLAND OF CHAMPAIGN,IL,102,,70.55,11.69,40.26,0.811,0.842,2.56,4.213,facility_2011.xls
145190,HEARTLAND OF CHAMPAIGN,IL,Healthpeak / HCR ManorCare,2012,1,HEARTLAND OF CHAMPAIGN,IL,102,,74.17,13.92,40.51,0.677,0.802,2.1,3.579,facility_2012.xls
145190,HEARTLAND OF CHAMPAIGN,IL,Healthpeak / HCR ManorCare,2013,2,HEARTLAND OF CHAMPAIGN,IL,102,,76.7,22.09,37.21,0.407,0.735,1.703,2.845,facility_2013.xls
145199,MANORCARE OF ARLINGTON HEIGHTS,IL,Healthpeak / HCR ManorCare,2009,-2,MANORCARE OF ARLINGTON HEIGHTS,IL,151,,,26.4,48.0,1.2028,0.4168,2.016,3.6356,facil2009new.xls
145199,MANORCARE OF ARLINGTON HEIGHTS,IL,Healthpeak / HCR ManorCare,2010,-1,MANORCARE OF ARLINGTON HEIGHTS,IL,151,,,29.91,44.86,1.102803738317757,0.3233644859813084,2.000934579439252,3.427102803738318,facil2010new.xls
145199,MANORCARE OF ARLINGTON HEIGHTS,IL,Healthpeak / HCR ManorCare,2011,0,MANORCARE OF ARLINGTON HEIGHTS,IL,151,,105.33,31.96,37.11,1.529,0.364,2.258,4.151,facility_2011.xls
145199,MANORCARE OF ARLINGTON HEIGHTS,IL,Healthpeak / HCR ManorCare,2012,1,MANORCARE OF ARLINGTON HEIGHTS,IL,151,,97.59,27.78,39.81,1.444,0.273,2.106,3.824,facility_2012.xls
145199,MANORCARE OF ARLINGTON HEIGHTS,IL,Healthpeak / HCR ManorCare,2013,2,MANORCARE OF ARLINGTON HEIGHTS,IL,151,,99.88,27.88,9.62,1.742,0.288,2.526,4.556,facility_2013.xls
145246,MANORCARE OF HINSDALE,IL,Healthpeak / HCR ManorCare,2009,-2,MANORCARE OF HINSDALE,IL,200,,,8.38,55.5,0.8790575916230365,0.7041884816753927,2.205759162303665,3.7890052356020942,facil2009new.xls
145246,MANORCARE OF HINSDALE,IL,Healthpeak / HCR ManorCare,2010,-1,MANORCARE OF HINSDALE,IL,202,,,7.73,56.35,1.0803867403314915,0.7784530386740331,2.369337016574586,4.228176795580111,facil2010new.xls
145246,MANORCARE OF HINSDALE,IL,Healthpeak / HCR ManorCare,2011,0,MANORCARE OF HINSDALE,IL,202,,166.94,8.98,62.87,0.99,0.96,2.235,4.185,facility_2011.xls
145246,MANORCARE OF HINSDALE,IL,Healthpeak / HCR ManorCare,2012,1,MANORCARE OF HINSDALE,IL,202,,160.47,8.98,57.49,1.05,0.885,2.19,4.125,facility_2012.xls
145246,MANORCARE OF HINSDALE,IL,Healthpeak / HCR ManorCare,2013,2,MANORCARE OF HINSDALE,IL,202,,158.68,12.96,52.47,1.299,0.789,2.194,4.283,facility_2013.xls
145338,MANORCARE OF WESTMONT,IL,Healthpeak / HCR ManorCare,2009,-2,MANORCARE OF WESTMONT,IL,155,,,34.38,33.59,1.233984375,0.43359375,2.024609375,3.6921875,facil2009new.xls
145338,MANORCARE OF WESTMONT,IL,Healthpeak / HCR ManorCare,2010,-1,MANORCARE OF WESTMONT,IL,155,,,31.2,36.8,1.218,0.4751999999999999,2.1036000000000006,3.7968,facil2010new.xls
145338,MANORCARE OF WESTMONT,IL,Healthpeak / HCR ManorCare,2011,0,MANORCARE OF WESTMONT,IL,155,,121.01,31.54,43.08,0.969,0.536,1.853,3.358,facility_2011.xls
145338,MANORCARE OF WESTMONT,IL,Healthpeak / HCR ManorCare,2012,1,MANORCARE OF WESTMONT,IL,155,,114.57,38.33,40.83,1.028,0.561,1.993,3.582,facility_2012.xls
145338,MANORCARE OF WESTMONT,IL,Healthpeak / HCR ManorCare,2013,2,MANORCARE OF WESTMONT,IL,155,,114.97,38.33,40.83,1.028,0.561,1.993,3.582,facility_2013.xls
145350,MANORCARE OF ROLLING MEADOWS,IL,Healthpeak / HCR ManorCare,2009,-2,MANORCARE OF ROLLING MEADOWS,IL,155,,,50.82,28.69,0.9049180327868852,0.4090163934426229,1.7737704918032788,3.087704918032787,facil2009new.xls
145350,MANORCARE OF ROLLING MEADOWS,IL,Healthpeak / HCR ManorCare,2010,-1,MANORCARE OF ROLLING MEADOWS,IL,155,,,56.36,24.55,0.9304545454545454,0.4540909090909091,1.9172727272727272,3.3018181818181818,facil2010new.xls
145350,MANORCARE OF ROLLING MEADOWS,IL,Healthpeak / HCR ManorCare,2011,0,MANORCARE OF ROLLING MEADOWS,IL,155,,105.52,56.36,23.64,0.868,0.412,1.96,3.24,facility_2011.xls
145350,MANORCARE OF ROLLING MEADOWS,IL,Healthpeak / HCR ManorCare,2012,1,MANORCARE OF ROLLING MEADOWS,IL,155,,102.33,61.11,17.59,0.785,0.475,1.976,3.235,facility_2012.xls
145350,MANORCARE OF ROLLING MEADOWS,IL,Healthpeak / HCR ManorCare,2013,2,MANORCARE OF ROLLING MEADOWS,IL,155,,101.9,55.91,20.43,0.827,0.555,2.097,3.479,facility_2013.xls
145363,MANORCARE OF OAK LAWN EAST,IL,Healthpeak / HCR ManorCare,2009,-2,MANORCARE OF OAK LAWN EAST,IL,122,,,22.41,56.03,1.081034482758621,0.571551724137931,2.0948275862068964,3.747413793103448,facil2009new.xls
145363,MANORCARE OF OAK LAWN EAST,IL,Healthpeak / HCR ManorCare,2010,-1,MANORCARE OF OAK LAWN EAST,IL,122,,,21.82,51.82,1.1786363636363637,0.9163636363636362,2.2695454545454545,4.364545454545454,facil2010new.xls
145363,MANORCARE OF OAK LAWN EAST,IL,Healthpeak / HCR ManorCare,2011,0,MANORCARE OF OAK LAWN EAST,IL,122,,109.75,21.55,50.0,1.082,0.771,1.778,3.631,facility_2011.xls
145363,MANORCARE OF OAK LAWN EAST,IL,Healthpeak / HCR ManorCare,2012,1,MANORCARE OF OAK LAWN EAST,IL,122,,106.18,25.74,56.44,1.808,0.576,1.976,4.359,facility_2012.xls
145363,MANORCARE OF OAK LAWN EAST,IL,Healthpeak / HCR ManorCare,2013,2,MANORCARE OF OAK LAWN EAST,IL,122,,102.38,31.78,42.06,1.125,0.631,1.745,3.5,facility_2013.xls
145416,HEARTLAND MANOR NURSING CENTER,IL,Healthpeak / HCR ManorCare,2009,-2,HEARTLAND MANOR NURSING CENTER,IL,71,,,58.0,8.0,0.419,0.595,2.357,3.3710000000000004,facil2009new.xls
145416,HEARTLAND MANOR NURSING CENTER,IL,Healthpeak / HCR ManorCare,2010,-1,HEARTLAND MANOR NURSING CENTER,IL,81,,,61.82,7.27,0.3636363636363636,0.6281818181818182,2.1609090909090907,3.152727272727273,facil2010new.xls
145416,HEARTLAND MANOR NURSING CENTER,IL,Healthpeak / HCR ManorCare,2011,0,HEARTLAND MANOR NURSING CENTER,IL,81,,59.18,49.12,12.28,0.368,0.884,2.64,3.893,facility_2011.xls
145416,HEARTLAND MANOR NURSING CENTER,IL,Healthpeak / HCR ManorCare,2012,1,HEARTLAND MANOR NURSING CENTER,IL,81,,57.46,50.0,11.67,0.35,0.84,2.508,3.698,facility_2012.xls
145416,HEARTLAND MANOR NURSING CENTER,IL,Healthpeak / HCR ManorCare,2013,2,HEARTLAND MANOR NURSING CENTER,IL,81,,62.64,42.86,19.05,0.293,1.084,2.305,3.682,facility_2013.xls
145524,HEARTLAND OF RIVERVIEW,IL,Healthpeak / HCR ManorCare,2009,-2,HEARTLAND OF RIVERVIEW,IL,71,,,0.0,43.75,0.66875,0.95,1.98671875,3.60546875,facil2009new.xls
145524,HEARTLAND OF RIVERVIEW,IL,Healthpeak / HCR ManorCare,2010,-1,HEARTLAND OF RIVERVIEW,IL,71,,,0.0,43.75,0.646875,0.9859375,1.5625,3.1953125,facil2010new.xls
145524,HEARTLAND OF RIVERVIEW,IL,Healthpeak / HCR ManorCare,2011,0,HEARTLAND OF RIVERVIEW,IL,71,,59.08,0.0,55.74,0.945,0.836,1.913,3.694,facility_2011.xls
145524,HEARTLAND OF RIVERVIEW,IL,Healthpeak / HCR ManorCare,2012,1,HEARTLAND OF RIVERVIEW,IL,71,,57.56,1.54,44.62,0.855,0.775,1.887,3.517,facility_2012.xls
145524,HEARTLAND OF RIVERVIEW,IL,Healthpeak / HCR ManorCare,2013,2,HEARTLAND OF RIVERVIEW,IL,71,,62.71,3.28,55.74,1.078,0.683,2.316,4.076,facility_2013.xls
145593,MANORCARE OF LIBERTYVILLE,IL,Healthpeak / HCR ManorCare,2009,-2,MANORCARE OF LIBERTYVILLE,IL,150,,,40.91,40.0,1.0854545454545454,0.4131818181818182,2.0559090909090907,3.5545454545454542,facil2009new.xls
145593,MANORCARE OF LIBERTYVILLE,IL,Healthpeak / HCR ManorCare,2010,-1,MANORCARE OF LIBERTYVILLE,IL,150,,,40.91,40.0,1.0854545454545454,0.4131818181818182,2.0559090909090907,3.5545454545454542,facil2010new.xls
145593,MANORCARE OF LIBERTYVILLE,IL,Healthpeak / HCR ManorCare,2011,0,MANORCARE OF LIBERTYVILLE,IL,150,,105.93,42.86,23.81,0.955,0.58,2.181,3.717,facility_2011.xls
145593,MANORCARE OF LIBERTYVILLE,IL,Healthpeak / HCR ManorCare,2012,1,MANORCARE OF LIBERTYVILLE,IL,150,,113.28,44.44,37.96,1.066,0.628,2.127,3.821,facility_2012.xls
145593,MANORCARE OF LIBERTYVILLE,IL,Healthpeak / HCR ManorCare,2013,2,MANORCARE OF LIBERTYVILLE,IL,150,,104.45,35.4,43.36,1.146,0.512,2.046,3.704,facility_2013.xls
145600,HEARTLAND OF CANTON,IL,Healthpeak / HCR ManorCare,2009,-2,HEARTLAND OF CANTON,IL,90,,,25.0,18.75,0.36875,0.638125,1.893125,2.9,facil2009new.xls
145600,HEARTLAND OF CANTON,IL,Healthpeak / HCR ManorCare,2010,-1,HEARTLAND OF CANTON,IL,90,,,34.33,14.93,0.3507462686567164,1.0186567164179106,2.0089552238805974,3.378358208955224,facil2010new.xls
145600,HEARTLAND OF CANTON,IL,Healthpeak / HCR ManorCare,2011,0,HEARTLAND OF CANTON,IL,90,,73.81,35.14,16.22,0.506,0.836,1.905,3.248,facility_2011.xls
145600,HEARTLAND OF CANTON,IL,Healthpeak / HCR ManorCare,2012,1,HEARTLAND OF CANTON,IL,90,,73.61,45.83,9.72,0.394,0.856,1.989,3.239,facility_2012.xls
145600,HEARTLAND OF CANTON,IL,Healthpeak / HCR ManorCare,2013,2,HEARTLAND OF CANTON,IL,90,,68.64,48.0,14.67,0.626,0.551,1.911,3.088,facility_2013.xls
145603,HEARTLAND OF PAXTON,IL,Healthpeak / HCR ManorCare,2009,-2,HEARTLAND OF PAXTON,IL,96,,,6.45,30.11,0.2306451612903226,0.8043010752688173,2.0258064516129033,3.060752688172043,facil2009new.xls
145603,HEARTLAND OF PAXTON,IL,Healthpeak / HCR ManorCare,2010,-1,HEARTLAND OF PAXTON,IL,106,,,13.54,31.25,0.5031249999999999,0.8822916666666667,1.9807291666666669,3.366145833333333,facil2010new.xls
145603,HEARTLAND OF PAXTON,IL,Healthpeak / HCR ManorCare,2011,0,HEARTLAND OF PAXTON,IL,106,,86.44,11.22,24.49,0.5,0.825,2.05,3.375,facility_2011.xls
145603,HEARTLAND OF PAXTON,IL,Healthpeak / HCR ManorCare,2012,1,HEARTLAND OF PAXTON,IL,106,,90.48,16.13,24.73,0.327,0.915,1.9,3.142,facility_2012.xls
145603,HEARTLAND OF PAXTON,IL,Healthpeak / HCR ManorCare,2013,2,HEARTLAND OF PAXTON,IL,106,,90.96,25.26,21.05,0.422,1.045,2.016,3.483,facility_2013.xls
145604,HEARTLAND OF HENRY,IL,Healthpeak / HCR ManorCare,2009,-2,HEARTLAND OF HENRY,IL,70,,,31.58,33.33,0.6903508771929825,0.8921052631578947,2.6184210526315788,4.200877192982456,facil2009new.xls
145604,HEARTLAND OF HENRY,IL,Healthpeak / HCR ManorCare,2010,-1,HEARTLAND OF HENRY,IL,94,,,19.74,21.05,0.4888157894736842,0.6868421052631578,1.8809210526315787,3.0565789473684206,facil2010new.xls
145604,HEARTLAND OF HENRY,IL,Healthpeak / HCR ManorCare,2011,0,HEARTLAND OF HENRY,IL,72,,55.71,29.31,32.76,0.654,0.745,2.507,3.906,facility_2011.xls
145604,HEARTLAND OF HENRY,IL,Healthpeak / HCR ManorCare,2012,1,HEARTLAND OF HENRY,IL,72,,59.31,37.5,17.86,0.804,0.765,2.821,4.389,facility_2012.xls
145604,HEARTLAND OF HENRY,IL,Healthpeak / HCR ManorCare,2013,2,HEARTLAND OF HENRY,IL,72,,52.54,38.46,23.08,0.855,0.859,2.143,3.857,facility_2013.xls
145607,MANORCARE OF PALOS HEIGHTS EAST,IL,Healthpeak / HCR ManorCare,2009,-2,MANORCARE OF PALOS HEIGHTS EAST,IL,174,,,20.71,50.89,0.8029585798816568,0.5781065088757396,1.9568047337278105,3.3378698224852066,facil2009new.xls
145607,MANORCARE OF PALOS HEIGHTS EAST,IL,Healthpeak / HCR ManorCare,2010,-1,MANORCARE OF PALOS HEIGHTS EAST,IL,174,,,22.36,57.76,0.899689440993789,0.5118012422360249,2.0217391304347827,3.4332298136645965,facil2010new.xls
145607,MANORCARE OF PALOS HEIGHTS EAST,IL,Healthpeak / HCR ManorCare,2011,0,MANORCARE OF PALOS HEIGHTS EAST,IL,184,,164.6,20.13,62.89,1.245,0.473,2.066,3.784,facility_2011.xls
145607,MANORCARE OF PALOS HEIGHTS EAST,IL,Healthpeak / HCR ManorCare,2012,1,MANORCARE OF PALOS HEIGHTS EAST,IL,184,,165.79,13.61,61.54,1.133,0.494,1.943,3.57,facility_2012.xls
145607,MANORCARE OF PALOS HEIGHTS EAST,IL,Healthpeak / HCR ManorCare,2013,2,MANORCARE OF PALOS HEIGHTS EAST,IL,184,,165.14,10.32,69.03,1.335,0.462,2.168,3.965,facility_2013.xls
145608,MANORCARE OF SOUTH HOLLAND,IL,Healthpeak / HCR ManorCare,2009,-2,MANORCARE OF SOUTH HOLLAND,IL,200,,,25.43,47.98,1.195664739884393,0.4499999999999999,2.208092485549133,3.8537572254335264,facil2009new.xls
145608,MANORCARE OF SOUTH HOLLAND,IL,Healthpeak / HCR ManorCare,2010,-1,MANORCARE OF SOUTH HOLLAND,IL,200,,,23.23,52.26,0.9312903225806451,0.6735483870967741,2.2580645161290325,3.862903225806451,facil2010new.xls
145608,MANORCARE OF SOUTH HOLLAND,IL,Healthpeak / HCR ManorCare,2011,0,MANORCARE OF SOUTH HOLLAND,IL,200,,146.23,36.62,42.25,1.283,0.496,2.045,3.824,facility_2011.xls
145608,MANORCARE OF SOUTH HOLLAND,IL,Healthpeak / HCR ManorCare,2012,1,MANORCARE OF SOUTH HOLLAND,IL,216,,157.28,40.4,46.36,1.506,0.556,1.876,3.938,facility_2012.xls
145608,MANORCARE OF SOUTH HOLLAND,IL,Healthpeak / HCR ManorCare,2013,2,MANORCARE OF SOUTH HOLLAND,IL,216,,162.12,42.0,39.33,1.403,0.666,1.992,4.06,facility_2013.xls
145684,MANORCARE OF HOMEWOOD,IL,Healthpeak / HCR ManorCare,2009,-2,MANORCARE OF HOMEWOOD,IL,120,,,47.47,40.4,0.6343434343434344,0.8373737373737373,2.067171717171717,3.5388888888888888,facil2009new.xls
145684,MANORCARE OF HOMEWOOD,IL,Healthpeak / HCR ManorCare,2010,-1,MANORCARE OF HOMEWOOD,IL,120,,,40.57,45.28,0.7410377358490565,0.6806603773584906,1.808490566037736,3.230188679245283,facil2010new.xls
145684,MANORCARE OF HOMEWOOD,IL,Healthpeak / HCR ManorCare,2011,0,MANORCARE OF HOMEWOOD,IL,120,,101.97,46.3,37.96,0.718,0.818,1.894,3.43,facility_2011.xls
145684,MANORCARE OF HOMEWOOD,IL,Healthpeak / HCR ManorCare,2012,1,MANORCARE OF HOMEWOOD,IL,120,,103.41,50.98,35.29,0.864,1.248,1.628,3.74,facility_2012.xls
145684,MANORCARE OF HOMEWOOD,IL,Healthpeak / HCR ManorCare,2013,2,MANORCARE OF HOMEWOOD,IL,132,,110.9,51.92,36.54,0.741,0.839,1.889,3.469,facility_2013.xls
145689,MANORCARE OF ELK GROVE VILLAGE,IL,Healthpeak / HCR ManorCare,2009,-2,MANORCARE OF ELK GROVE VILLAGE,IL,190,,,33.73,41.57,1.441867469879518,0.3325301204819277,2.4259036144578316,4.200301204819277,facil2009new.xls
145689,MANORCARE OF ELK GROVE VILLAGE,IL,Healthpeak / HCR ManorCare,2010,-1,MANORCARE OF ELK GROVE VILLAGE,IL,190,,,30.95,36.9,1.294345238095238,0.2690476190476191,2.270535714285714,3.833928571428571,facil2010new.xls
145689,MANORCARE OF ELK GROVE VILLAGE,IL,Healthpeak / HCR ManorCare,2011,0,MANORCARE OF ELK GROVE VILLAGE,IL,190,,167.81,37.29,45.2,1.102,0.408,2.059,3.569,facility_2011.xls
145689,MANORCARE OF ELK GROVE VILLAGE,IL,Healthpeak / HCR ManorCare,2012,1,MANORCARE OF ELK GROVE VILLAGE,IL,190,,164.6,35.93,49.1,1.192,0.366,2.071,3.629,facility_2012.xls
145689,MANORCARE OF ELK GROVE VILLAGE,IL,Healthpeak / HCR ManorCare,2013,2,MANORCARE OF ELK GROVE VILLAGE,IL,190,,168.44,36.53,40.72,1.31,0.378,2.154,3.842,facility_2013.xls
145893,MANORCARE OF PALOS HEIGHTS WEST,IL,Healthpeak / HCR ManorCare,2009,-2,MANORCARE OF PALOS HEIGHTS WEST,IL,130,,,26.32,53.51,0.9175438596491228,0.7771929824561403,2.0995614035087717,3.794298245614035,facil2009new.xls
145893,MANORCARE OF PALOS HEIGHTS WEST,IL,Healthpeak / HCR ManorCare,2010,-1,MANORCARE OF PALOS HEIGHTS WEST,IL,130,,,27.05,56.56,0.8348360655737705,0.5565573770491804,1.8295081967213112,3.220901639344263,facil2010new.xls
145893,MANORCARE OF PALOS HEIGHTS WEST,IL,Healthpeak / HCR ManorCare,2011,0,MANORCARE OF PALOS HEIGHTS WEST,IL,130,,123.87,26.05,57.14,1.339,0.326,2.308,3.974,facility_2011.xls
145893,MANORCARE OF PALOS HEIGHTS WEST,IL,Healthpeak / HCR ManorCare,2012,1,MANORCARE OF PALOS HEIGHTS WEST,IL,130,,119.43,37.17,43.36,1.569,0.223,2.156,3.948,facility_2012.xls
145893,MANORCARE OF PALOS HEIGHTS WEST,IL,Healthpeak / HCR ManorCare,2013,2,MANORCARE OF PALOS HEIGHTS WEST,IL,130,,116.44,32.76,56.03,1.188,0.293,2.036,3.517,facility_2013.xls
145923,MANORCARE OF HIGHLAND PARK,IL,Healthpeak / HCR ManorCare,2009,-2,MANORCARE OF HIGHLAND PARK,IL,191,,,50.0,25.53,1.2606382978723405,0.2888297872340425,2.117021276595745,3.6664893617021272,facil2009new.xls
145923,MANORCARE OF HIGHLAND PARK,IL,Healthpeak / HCR ManorCare,2010,-1,MANORCARE OF HIGHLAND PARK,IL,191,,,56.84,29.47,1.0189473684210526,0.3194736842105263,2.3173684210526315,3.6557894736842114,facil2010new.xls
145923,MANORCARE OF HIGHLAND PARK,IL,Healthpeak / HCR ManorCare,2011,0,MANORCARE OF HIGHLAND PARK,IL,191,,105.04,56.6,32.08,1.208,0.425,2.363,3.996,facility_2011.xls
145923,MANORCARE OF HIGHLAND PARK,IL,Healthpeak / HCR ManorCare,2012,1,MANORCARE OF HIGHLAND PARK,IL,191,,110.91,45.0,40.0,1.032,0.328,2.129,3.489,facility_2012.xls
145923,MANORCARE OF HIGHLAND PARK,IL,Healthpeak / HCR ManorCare,2013,2,MANORCARE OF HIGHLAND PARK,IL,191,,111.26,47.01,32.48,1.262,0.271,2.091,3.625,facility_2013.xls
145932,MANORCARE OF WILMETTE,IL,Healthpeak / HCR ManorCare,2009,-2,MANORCARE OF WILMETTE,IL,80,,,62.5,18.75,1.10859375,0.32578125,2.315625,3.75,facil2009new.xls
145932,MANORCARE OF WILMETTE,IL,Healthpeak / HCR ManorCare,2010,-1,MANORCARE OF WILMETTE,IL,80,,,58.11,24.32,0.727027027027027,0.4283783783783784,2.072972972972973,3.2283783783783786,facil2010new.xls
145932,MANORCARE OF WILMETTE,IL,Healthpeak / HCR ManorCare,2011,0,MANORCARE OF WILMETTE,IL,80,,67.17,60.87,24.64,0.945,0.835,2.139,3.919,facility_2011.xls
145932,MANORCARE OF WILMETTE,IL,Healthpeak / HCR ManorCare,2012,1,MANORCARE OF WILMETTE,IL,80,,66.11,28.79,56.06,1.01,0.393,2.233,3.636,facility_2012.xls
145932,MANORCARE OF WILMETTE,IL,Healthpeak / HCR ManorCare,2013,2,MANORCARE OF WILMETTE,IL,80,,67.94,66.67,16.67,0.982,0.321,2.277,3.58,facility_2013.xls
145982,MANORCARE OF NORTHBROOK,IL,Healthpeak / HCR ManorCare,2009,-2,MANORCARE OF NORTHBROOK,IL,158,,,45.31,29.69,1.324609375,0.18671875,2.0124999999999997,3.5238281249999996,facil2009new.xls
145982,MANORCARE OF NORTHBROOK,IL,Healthpeak / HCR ManorCare,2010,-1,MANORCARE OF NORTHBROOK,IL,158,,,45.32,28.78,1.0388489208633094,0.2780575539568345,1.9640287769784173,3.2809352517985615,facil2010new.xls
145982,MANORCARE OF NORTHBROOK,IL,Healthpeak / HCR ManorCare,2011,0,MANORCARE OF NORTHBROOK,IL,158,,116.88,55.26,21.93,0.994,0.453,1.708,3.155,facility_2011.xls
145982,MANORCARE OF NORTHBROOK,IL,Healthpeak / HCR ManorCare,2012,1,MANORCARE OF NORTHBROOK,IL,158,,114.87,65.14,20.18,1.122,0.285,1.994,3.401,facility_2012.xls
145982,MANORCARE OF NORTHBROOK,IL,Healthpeak / HCR ManorCare,2013,2,MANORCARE OF NORTHBROOK,IL,158,,125.19,55.91,18.9,1.107,0.258,1.861,3.226,facility_2013.xls
146030,HEARTLAND CHRISTIAN VILLAGE,IL,Healthpeak / HCR ManorCare,2009,-2,HEARTLAND CHRISTIAN VILLAGE,IL,71,,,40.98,11.48,0.1967213114754098,1.051639344262295,2.4213114754098357,3.66967213114754,facil2009new.xls
146030,HEARTLAND CHRISTIAN VILLAGE,IL,Healthpeak / HCR ManorCare,2010,-1,HEARTLAND CHRISTIAN VILLAGE,IL,71,,,35.71,24.29,0.1978571428571428,1.0907142857142855,2.045,3.333571428571429,facil2010new.xls
146030,HEARTLAND CHRISTIAN VILLAGE,IL,Healthpeak / HCR ManorCare,2011,0,HEARTLAND CHRISTIAN VILLAGE,IL,71,,66.49,40.0,16.92,0.259,0.962,2.422,3.642,facility_2011.xls
146030,HEARTLAND CHRISTIAN VILLAGE,IL,Healthpeak / HCR ManorCare,2012,1,HEARTLAND CHRISTIAN VILLAGE,IL,71,,65.47,34.33,14.93,0.355,0.784,2.174,3.313,facility_2012.xls
146030,HEARTLAND CHRISTIAN VILLAGE,IL,Healthpeak / HCR ManorCare,2013,2,HEARTLAND CHRISTIAN VILLAGE,IL,71,,62.61,37.5,15.63,0.388,0.877,2.146,3.412,facility_2013.xls
155005,MANORCARE HEALTH SERVICES,IN,Healthpeak / HCR ManorCare,2009,-2,MANORCARE HEALTH SERVICES,IN,216,,,67.72,18.35,0.1800632911392405,1.2246835443037971,1.7832278481012658,3.187974683544304,facil2009new.xls
155005,MANORCARE HEALTH SERVICES,IN,Healthpeak / HCR ManorCare,2010,-1,MANORCARE HEALTH SERVICES,IN,216,,,67.61,13.38,0.223943661971831,1.1514084507042253,1.7852112676056338,3.16056338028169,facil2010new.xls
155005,MANORCARE HEALTH SERVICES,IN,Healthpeak / HCR ManorCare,2011,0,MANORCARE HEALTH SERVICES,IN,216,,141.09,77.85,10.74,0.165,1.212,1.846,3.223,facility_2011.xls
155005,MANORCARE HEALTH SERVICES,IN,Healthpeak / HCR ManorCare,2012,1,MANORCARE HEALTH SERVICES,IN,216,,143.16,82.99,10.2,0.225,1.257,1.678,3.16,facility_2012.xls
155005,MANORCARE HEALTH SERVICES,IN,Healthpeak / HCR ManorCare,2013,2,MANORCARE HEALTH SERVICES,IN,216,,156.5,77.78,13.07,0.334,1.441,1.925,3.7,facility_2013.xls
155247,MANORCARE HEALTH SERVICES,IN,Healthpeak / HCR ManorCare,2009,-2,MANORCARE HEALTH SERVICES,IN,140,,,46.15,32.31,0.5507692307692307,1.2484615384615383,2.046153846153846,3.845384615384616,facil2009new.xls
155247,MANORCARE HEALTH SERVICES,IN,Healthpeak / HCR ManorCare,2010,-1,MANORCARE HEALTH SERVICES,IN,140,,,44.35,28.23,0.4810483870967741,0.8935483870967742,1.632258064516129,3.0068548387096774,facil2010new.xls
155247,MANORCARE HEALTH SERVICES,IN,Healthpeak / HCR ManorCare,2011,0,MANORCARE HEALTH SERVICES,IN,140,,122.49,57.26,18.55,0.454,0.927,1.804,3.185,facility_2011.xls
155247,MANORCARE HEALTH SERVICES,IN,Healthpeak / HCR ManorCare,2012,1,MANORCARE HEALTH SERVICES,IN,140,,116.31,50.81,22.58,0.293,1.119,1.646,3.057,facility_2012.xls
155247,MANORCARE HEALTH SERVICES,IN,Healthpeak / HCR ManorCare,2013,2,MANORCARE HEALTH SERVICES,IN,140,,112.16,57.26,18.8,0.458,1.025,1.808,3.291,facility_2013.xls
155338,MANORCARE HEALTH SERVICES - PRESTWICK,IN,Healthpeak / HCR ManorCare,2009,-2,MANORCARE HEALTH SERVICES - PRESTWICK,IN,140,,,54.24,23.73,0.439406779661017,1.2330508474576272,1.673728813559322,3.3461864406779664,facil2009new.xls
155338,MANORCARE HEALTH SERVICES - PRESTWICK,IN,Healthpeak / HCR ManorCare,2010,-1,MANORCARE HEALTH SERVICES - PRESTWICK,IN,140,,,50.83,25.83,0.4075,1.2154166666666668,1.4791666666666667,3.1020833333333333,facil2010new.xls
155338,MANORCARE HEALTH SERVICES - PRESTWICK,IN,Healthpeak / HCR ManorCare,2011,0,MANORCARE HEALTH SERVICES - PRESTWICK,IN,140,,110.28,67.57,17.12,0.473,1.016,1.588,3.077,facility_2011.xls
155338,MANORCARE HEALTH SERVICES - PRESTWICK,IN,Healthpeak / HCR ManorCare,2012,1,MANORCARE HEALTH SERVICES - PRESTWICK,IN,140,,100.24,67.57,17.12,0.473,1.016,1.588,3.077,facility_2012.xls
155338,MANORCARE HEALTH SERVICES - PRESTWICK,IN,Healthpeak / HCR ManorCare,2013,2,MANORCARE HEALTH SERVICES - PRESTWICK,IN,140,,102.49,66.04,12.26,0.336,1.242,1.622,3.2,facility_2013.xls
165017,MANORCARE HEALTH SERVICES,IA,Healthpeak / HCR ManorCare,2009,-2,MANORCARE HEALTH SERVICES,IA,105,,,40.51,26.58,0.3272151898734177,0.9981012658227848,2.0253164556962027,3.3506329113924047,facil2009new.xls
165017,MANORCARE HEALTH SERVICES,IA,Healthpeak / HCR ManorCare,2010,-1,MANORCARE HEALTH SERVICES,IA,105,,,42.39,25.0,0.2809782608695652,0.8570652173913043,1.997282608695652,3.1353260869565216,facil2010new.xls
165017,MANORCARE HEALTH SERVICES,IA,Healthpeak / HCR ManorCare,2011,0,MANORCARE HEALTH SERVICES,IA,105,,80.18,40.0,29.33,0.698,0.837,1.959,3.494,facility_2011.xls
165017,MANORCARE HEALTH SERVICES,IA,Healthpeak / HCR ManorCare,2012,1,MANORCARE HEALTH SERVICES,IA,105,,84.98,38.37,17.44,0.498,0.774,1.976,3.247,facility_2012.xls
165017,MANORCARE HEALTH SERVICES,IA,Healthpeak / HCR ManorCare,2013,2,MANORCARE HEALTH SERVICES,IA,105,,83.76,46.51,26.74,0.826,0.598,2.129,3.552,facility_2013.xls
165033,MANORCARE HEALTH SERVICES,IA,Healthpeak / HCR ManorCare,2009,-2,MANORCARE HEALTH SERVICES,IA,105,,,44.3,31.65,0.479746835443038,0.8778481012658227,2.2031645569620255,3.5607594936708864,facil2009new.xls
165033,MANORCARE HEALTH SERVICES,IA,Healthpeak / HCR ManorCare,2010,-1,MANORCARE HEALTH SERVICES,IA,105,,,60.24,19.28,0.5102409638554216,0.8451807228915663,2.3493975903614457,3.7048192771084336,facil2010new.xls
165033,MANORCARE HEALTH SERVICES,IA,Healthpeak / HCR ManorCare,2011,0,MANORCARE HEALTH SERVICES,IA,105,,83.71,61.36,19.32,0.428,1.112,2.739,4.279,facility_2011.xls
165033,MANORCARE HEALTH SERVICES,IA,Healthpeak / HCR ManorCare,2012,1,MANORCARE HEALTH SERVICES,IA,105,,88.71,66.67,9.68,0.43,0.484,2.323,3.237,facility_2012.xls
165033,MANORCARE HEALTH SERVICES,IA,Healthpeak / HCR ManorCare,2013,2,MANORCARE HEALTH SERVICES,IA,105,,83.74,64.84,18.68,0.6,0.742,1.92,3.262,facility_2013.xls
165034,MANORCARE HEALTH SERVICES,IA,Healthpeak / HCR ManorCare,2009,-2,MANORCARE HEALTH SERVICES,IA,97,,,42.65,32.35,0.4602941176470588,1.009558823529412,2.077941176470588,3.547794117647059,facil2009new.xls
165034,MANORCARE HEALTH SERVICES,IA,Healthpeak / HCR ManorCare,2010,-1,MANORCARE HEALTH SERVICES,IA,97,,,33.8,36.62,0.8225352112676056,1.1056338028169015,2.6077464788732394,4.535915492957746,facil2010new.xls
165034,MANORCARE HEALTH SERVICES,IA,Healthpeak / HCR ManorCare,2011,0,MANORCARE HEALTH SERVICES,IA,97,,75.53,29.27,37.8,0.712,0.957,2.258,3.927,facility_2011.xls
165034,MANORCARE HEALTH SERVICES,IA,Healthpeak / HCR ManorCare,2012,1,MANORCARE HEALTH SERVICES,IA,97,,76.25,39.74,38.46,0.762,0.779,1.628,3.169,facility_2012.xls
165034,MANORCARE HEALTH SERVICES,IA,Healthpeak / HCR ManorCare,2013,2,MANORCARE HEALTH SERVICES,IA,97,,77.97,33.77,41.56,0.783,0.931,2.155,3.868,facility_2013.xls
165104,MANORCARE HEALTH SERVICES,IA,Healthpeak / HCR ManorCare,2009,-2,MANORCARE HEALTH SERVICES,IA,99,,,47.5,26.25,0.761875,0.5343749999999999,2.045,3.3412499999999996,facil2009new.xls
165104,MANORCARE HEALTH SERVICES,IA,Healthpeak / HCR ManorCare,2010,-1,MANORCARE HEALTH SERVICES,IA,99,,,44.93,27.54,1.115217391304348,0.5405797101449274,2.496376811594203,4.1521739130434785,facil2010new.xls
165104,MANORCARE HEALTH SERVICES,IA,Healthpeak / HCR ManorCare,2011,0,MANORCARE HEALTH SERVICES,IA,99,,78.54,35.71,38.1,0.81,0.386,2.03,3.226,facility_2011.xls
165104,MANORCARE HEALTH SERVICES,IA,Healthpeak / HCR ManorCare,2012,1,MANORCARE HEALTH SERVICES,IA,99,,75.55,41.03,30.77,0.831,0.496,1.88,3.208,facility_2012.xls
165104,MANORCARE HEALTH SERVICES,IA,Healthpeak / HCR ManorCare,2013,2,MANORCARE HEALTH SERVICES,IA,99,,72.14,32.43,32.43,0.758,0.589,1.892,3.239,facility_2013.xls
165397,HEARTLAND CARE CENTER,IA,Healthpeak / HCR ManorCare,2009,-2,HEARTLAND CARE CENTER,IA,30,,,46.43,3.57,0.35,1.1267857142857145,3.191071428571429,4.667857142857143,facil2009new.xls
165397,HEARTLAND CARE CENTER,IA,Healthpeak / HCR ManorCare,2010,-1,HEARTLAND CARE CENTER,IA,30,,,44.83,0.0,0.3448275862068966,0.5413793103448277,1.706896551724138,2.5931034482758624,facil2010new.xls
165397,HEARTLAND CARE CENTER,IA,Healthpeak / HCR ManorCare,2011,0,HEARTLAND CARE CENTER,IA,30,,22.71,50.0,4.17,0.917,0.885,3.456,5.258,facility_2011.xls
165397,HEARTLAND CARE CENTER,IA,Healthpeak / HCR ManorCare,2012,1,HEARTLAND CARE CENTER,IA,30,,25.4,37.04,0.0,0.763,0.728,3.322,4.813,facility_2012.xls
165397,HEARTLAND CARE CENTER,IA,Healthpeak / HCR ManorCare,2013,2,HEARTLAND CARE CENTER,IA,30,,25.96,37.04,0.0,0.763,0.728,3.322,4.813,facility_2013.xls
165575,MANORCARE HEALTH SERVICES-UTICA RIDGE,IA,Healthpeak / HCR ManorCare,2009,-2,MANORCARE HEALTH SERVICES-UTICA RIDGE,IA,120,,,0.0,0.0,4.242857142857143,4.857142857142857,20.24285714285714,,facil2009new.xls
165575,MANORCARE HEALTH SERVICES-UTICA RIDGE,IA,Healthpeak / HCR ManorCare,2010,-1,MANORCARE HEALTH SERVICES-UTICA RIDGE,IA,120,,,16.88,35.06,0.8383116883116882,0.8077922077922077,2.5376623376623373,4.183766233766234,facil2010new.xls
165575,MANORCARE HEALTH SERVICES-UTICA RIDGE,IA,Healthpeak / HCR ManorCare,2011,0,MANORCARE HEALTH SERVICES-UTICA RIDGE,IA,120,,93.44,26.14,34.09,0.976,0.669,2.409,4.054,facility_2011.xls
165575,MANORCARE HEALTH SERVICES-UTICA RIDGE,IA,Healthpeak / HCR ManorCare,2012,1,MANORCARE HEALTH SERVICES-UTICA RIDGE,IA,120,,107.69,26.14,34.09,0.976,0.669,2.409,4.054,facility_2012.xls
165575,MANORCARE HEALTH SERVICES-UTICA RIDGE,IA,Healthpeak / HCR ManorCare,2013,2,MANORCARE HEALTH SERVICES-UTICA RIDGE,IA,120,,106.8,29.36,34.86,0.924,0.548,2.655,4.127,facility_2013.xls
175168,MANORCARE HEALTH SERVICES - WICHITA,KS,Healthpeak / HCR ManorCare,2009,-2,MANORCARE HEALTH SERVICES - WICHITA,KS,119,,,68.69,8.08,0.3969696969696969,0.834848484848485,2.041919191919192,3.2737373737373736,facil2009new.xls
175168,MANORCARE HEALTH SERVICES - WICHITA,KS,Healthpeak / HCR ManorCare,2010,-1,MANORCARE HEALTH SERVICES - WICHITA,KS,119,,,84.91,10.38,0.4433962264150943,0.9778301886792452,2.146698113207547,3.5679245283018868,facil2010new.xls
175168,MANORCARE HEALTH SERVICES - WICHITA,KS,Healthpeak / HCR ManorCare,2011,0,MANORCARE HEALTH SERVICES - WICHITA,KS,118,,102.64,75.45,16.36,0.65,0.64,1.932,3.222,facility_2011.xls
175168,MANORCARE HEALTH SERVICES - WICHITA,KS,Healthpeak / HCR ManorCare,2012,1,MANORCARE HEALTH SERVICES - WICHITA,KS,118,,98.54,75.45,16.36,0.65,0.64,1.932,3.222,facility_2012.xls
175168,MANORCARE HEALTH SERVICES - WICHITA,KS,Healthpeak / HCR ManorCare,2013,2,MANORCARE HEALTH SERVICES - WICHITA,KS,118,,93.88,79.05,9.52,0.577,0.767,2.068,3.412,facility_2013.xls
175172,MANORCARE HEALTH SERVICES - TOPEKA,KS,Healthpeak / HCR ManorCare,2009,-2,MANORCARE HEALTH SERVICES - TOPEKA,KS,120,,,64.0,10.0,0.4149999999999999,0.7240000000000001,2.1799999999999997,3.319,facil2009new.xls
175172,MANORCARE HEALTH SERVICES - TOPEKA,KS,Healthpeak / HCR ManorCare,2010,-1,MANORCARE HEALTH SERVICES - TOPEKA,KS,120,,,64.49,19.63,0.394392523364486,0.5728971962616823,1.8415887850467287,2.8088785046728972,facil2010new.xls
175172,MANORCARE HEALTH SERVICES - TOPEKA,KS,Healthpeak / HCR ManorCare,2011,0,MANORCARE HEALTH SERVICES - TOPEKA,KS,120,,97.81,72.16,12.37,0.694,0.633,1.947,3.274,facility_2011.xls
175172,MANORCARE HEALTH SERVICES - TOPEKA,KS,Healthpeak / HCR ManorCare,2012,1,MANORCARE HEALTH SERVICES - TOPEKA,KS,120,,89.02,83.33,9.38,0.602,0.548,1.904,3.054,facility_2012.xls
175172,MANORCARE HEALTH SERVICES - TOPEKA,KS,Healthpeak / HCR ManorCare,2013,2,MANORCARE HEALTH SERVICES - TOPEKA,KS,120,,79.73,82.14,7.14,0.597,0.583,1.964,3.144,facility_2013.xls
175180,MANORCARE HEALTH SERVICES - OVERLAND P,KS,Healthpeak / HCR ManorCare,2009,-2,MANORCARE HEALTH SERVICES - OVERLAND P,KS,188,,,38.46,18.93,0.495266272189349,1.0603550295857989,2.4275147928994083,3.983136094674556,facil2009new.xls
175180,MANORCARE HEALTH SERVICES - OVERLAND P,KS,Healthpeak / HCR ManorCare,2010,-1,MANORCARE HEALTH SERVICES - OVERLAND P,KS,223,,,31.35,21.08,0.594054054054054,0.9664864864864864,2.1948648648648654,3.755405405405406,facil2010new.xls
175180,MANORCARE HEALTH SERVICES - OVERLAND PARK,KS,Healthpeak / HCR ManorCare,2011,0,MANORCARE HEALTH SERVICES - OVERLAND PARK,KS,223,,153.96,51.59,22.29,0.643,0.878,2.305,3.826,facility_2011.xls
175180,MANORCARE HEALTH SERVICES - OVERLAND PARK,KS,Healthpeak / HCR ManorCare,2012,1,MANORCARE HEALTH SERVICES - OVERLAND PARK,KS,223,,143.7,56.05,9.55,0.555,0.802,2.089,3.446,facility_2012.xls
175180,MANORCARE HEALTH SERVICES - OVERLAND PARK,KS,Healthpeak / HCR ManorCare,2013,2,MANORCARE HEALTH SERVICES - OVERLAND PARK,KS,223,,126.47,69.85,6.62,0.739,0.717,2.304,3.76,facility_2013.xls
185399,HEARTLAND VILLA CARE AND REHABILITATIO,KY,Healthpeak / HCR ManorCare,2009,-2,HEARTLAND VILLA CARE AND REHABILITATIO,KY,37,,,54.05,13.51,0.2175675675675676,1.010810810810811,1.9229729729729728,3.151351351351351,facil2009new.xls
185399,HEARTLAND VILLA CARE AND REHABILITATIO,KY,Healthpeak / HCR ManorCare,2010,-1,HEARTLAND VILLA CARE AND REHABILITATIO,KY,45,,,66.67,13.33,0.2444444444444444,0.6677777777777777,1.6622222222222225,2.5744444444444445,facil2010new.xls
185399,HEARTLAND VILLA CARE AND REHABILITATION CENTER,KY,Healthpeak / HCR ManorCare,2011,0,HEARTLAND VILLA CARE AND REHABILITATION CENTER,KY,45,,42.64,56.82,18.18,0.152,0.602,2.07,2.825,facility_2011.xls
185399,HEARTLAND VILLA CARE AND REHABILITATION CENTER,KY,Healthpeak / HCR ManorCare,2012,1,HEARTLAND VILLA CARE AND REHABILITATION CENTER,KY,45,,42.11,61.36,18.18,0.42,0.531,1.85,2.801,facility_2012.xls
185399,HEARTLAND VILLA CENTER,KY,Healthpeak / HCR ManorCare,2013,2,HEARTLAND VILLA CENTER,KY,45,,42.87,72.09,13.95,0.295,0.656,1.603,2.555,facility_2013.xls
215054,MANORCARE HEALTH SERVICES -TOWSON,MD,Healthpeak / HCR ManorCare,2009,-2,MANORCARE HEALTH SERVICES -TOWSON,MD,132,,,72.73,14.55,0.5395454545454544,0.985,1.6,3.124545454545455,facil2009new.xls
215054,MANORCARE HEALTH SERVICES -TOWSON,MD,Healthpeak / HCR ManorCare,2010,-1,MANORCARE HEALTH SERVICES -TOWSON,MD,132,,,66.39,18.03,0.4532786885245902,0.8721311475409836,1.5004098360655738,2.8258196721311477,facil2010new.xls
215054,MANORCARE HEALTH SERVICES -TOWSON,MD,Healthpeak / HCR ManorCare,2011,0,MANORCARE HEALTH SERVICES -TOWSON,MD,132,,113.65,67.23,17.65,0.579,0.821,1.439,2.838,facility_2011.xls
215054,MANORCARE HEALTH SERVICES -TOWSON,MD,Healthpeak / HCR ManorCare,2012,1,MANORCARE HEALTH SERVICES -TOWSON,MD,132,,106.74,67.23,17.65,0.579,0.821,1.439,2.838,facility_2012.xls
215054,MANORCARE HEALTH SERVICES -TOWSON,MD,Healthpeak / HCR ManorCare,2013,2,MANORCARE HEALTH SERVICES -TOWSON,MD,108,,108.53,73.15,12.96,0.933,0.623,1.916,3.472,facility_2013.xls
215064,HEARTLAND HEALTH CARE CENTER - ADELPHI,MD,Healthpeak / HCR ManorCare,2009,-2,HEARTLAND HEALTH CARE CENTER - ADELPHI,MD,218,,,65.16,20.0,0.2367741935483871,1.3680645161290323,1.5774193548387097,3.182258064516129,facil2009new.xls
215064,HEARTLAND HEALTH CARE CENTER - ADELPHI,MD,Healthpeak / HCR ManorCare,2010,-1,HEARTLAND HEALTH CARE CENTER - ADELPHI,MD,142,,,69.01,20.42,0.3598591549295774,1.402112676056338,1.5623239436619718,3.324295774647887,facil2010new.xls
215064,HEARTLAND HEALTH CARE CENTER - ADELPHI,MD,Healthpeak / HCR ManorCare,2011,0,HEARTLAND HEALTH CARE CENTER - ADELPHI,MD,218,,109.54,79.66,12.71,0.336,1.422,1.894,3.652,facility_2011.xls
215064,MANORCARE HEALTH SYSTEM - ADELPHI,MD,Healthpeak / HCR ManorCare,2012,1,MANORCARE HEALTH SYSTEM - ADELPHI,MD,170,,113.26,64.71,20.59,0.572,0.949,1.697,3.218,facility_2012.xls
215064,MANORCARE HEALTH SYSTEM - ADELPHI,MD,Healthpeak / HCR ManorCare,2013,2,MANORCARE HEALTH SYSTEM - ADELPHI,MD,170,,118.28,64.71,20.59,0.572,0.949,1.697,3.218,facility_2013.xls
215069,MANORCARE HEALTH SERVICES - DULANEY,MD,Healthpeak / HCR ManorCare,2009,-2,MANORCARE HEALTH SERVICES - DULANEY,MD,135,,,69.49,13.56,0.4614406779661017,1.098728813559322,1.6453389830508474,3.205508474576271,facil2009new.xls
215069,MANORCARE HEALTH SERVICES - DULANEY,MD,Healthpeak / HCR ManorCare,2010,-1,MANORCARE HEALTH SERVICES - DULANEY,MD,135,,,69.47,19.85,0.5320610687022901,0.913740458015267,1.5706106870229009,3.0164122137404576,facil2010new.xls
215069,MANORCARE HEALTH SERVICES - DULANEY,MD,Healthpeak / HCR ManorCare,2011,0,MANORCARE HEALTH SERVICES - DULANEY,MD,135,,116.38,82.91,16.24,0.783,0.997,1.741,3.521,facility_2011.xls
215069,MANORCARE HEALTH SERVICES - DULANEY,MD,Healthpeak / HCR ManorCare,2012,1,MANORCARE HEALTH SERVICES - DULANEY,MD,135,,110.98,63.48,12.17,0.537,0.999,1.74,3.275,facility_2012.xls
215069,MANORCARE HEALTH SERVICES - DULANEY,MD,Healthpeak / HCR ManorCare,2013,2,MANORCARE HEALTH SERVICES - DULANEY,MD,135,,107.43,91.51,5.66,0.584,1.199,1.901,3.684,facility_2013.xls
215077,MANORCARE HEALTH SERVICES - RUXTON,MD,Healthpeak / HCR ManorCare,2009,-2,MANORCARE HEALTH SERVICES - RUXTON,MD,232,,,50.31,25.16,0.4220125786163523,1.3930817610062896,1.7660377358490569,3.581132075471699,facil2009new.xls
215077,MANORCARE HEALTH SERVICES - RUXTON,MD,Healthpeak / HCR ManorCare,2010,-1,MANORCARE HEALTH SERVICES - RUXTON,MD,232,,,63.95,18.6,0.4418604651162791,1.3750000000000002,1.7218023255813952,3.5386627906976744,facil2010new.xls
215077,MANORCARE HEALTH SERVICES - RUXTON,MD,Healthpeak / HCR ManorCare,2011,0,MANORCARE HEALTH SERVICES - RUXTON,MD,232,,158.4,67.26,20.83,0.426,0.678,1.604,2.708,facility_2011.xls
215077,MANORCARE HEALTH SERVICES - RUXTON,MD,Healthpeak / HCR ManorCare,2012,1,MANORCARE HEALTH SERVICES - RUXTON,MD,232,,160.77,71.18,18.82,0.706,1.034,1.795,3.536,facility_2012.xls
215077,MANORCARE HEALTH SERVICES - RUXTON,MD,Healthpeak / HCR ManorCare,2013,2,MANORCARE HEALTH SERVICES - RUXTON,MD,232,,156.43,75.0,16.46,0.685,1.059,1.887,3.631,facility_2013.xls
215095,MANORCARE HEALTH SERVICES - BETHESDA,MD,Healthpeak / HCR ManorCare,2009,-2,MANORCARE HEALTH SERVICES - BETHESDA,MD,110,,,57.95,21.59,0.0,1.1448863636363635,1.9125,3.057386363636363,facil2009new.xls
215095,MANORCARE HEALTH SERVICES - BETHESDA,MD,Healthpeak / HCR ManorCare,2010,-1,MANORCARE HEALTH SERVICES - BETHESDA,MD,110,,,51.81,16.87,0.394578313253012,0.8698795180722891,2.0283132530120485,3.2927710843373497,facil2010new.xls
215095,MANORCARE HEALTH SERVICES - BETHESDA,MD,Healthpeak / HCR ManorCare,2011,0,MANORCARE HEALTH SERVICES - BETHESDA,MD,110,,76.77,59.3,22.09,0.716,1.106,1.878,3.701,facility_2011.xls
215095,MANORCARE HEALTH SERVICES - BETHESDA,MD,Healthpeak / HCR ManorCare,2012,1,MANORCARE HEALTH SERVICES - BETHESDA,MD,110,,75.14,80.0,15.38,0.577,1.396,1.996,3.969,facility_2012.xls
215095,MANORCARE HEALTH SERVICES - BETHESDA,MD,Healthpeak / HCR ManorCare,2013,2,MANORCARE HEALTH SERVICES - BETHESDA,MD,110,,69.66,72.22,16.67,1.092,0.908,1.948,3.949,facility_2013.xls
215109,MANORCARE HEALTH SERVICES - ROSSVILLE,MD,Healthpeak / HCR ManorCare,2009,-2,MANORCARE HEALTH SERVICES - ROSSVILLE,MD,172,,,47.59,37.24,0.313103448275862,0.9237931034482758,1.797586206896552,3.0344827586206895,facil2009new.xls
215109,MANORCARE HEALTH SERVICES - ROSSVILLE,MD,Healthpeak / HCR ManorCare,2010,-1,MANORCARE HEALTH SERVICES - ROSSVILLE,MD,172,,,32.74,31.55,0.7261904761904762,1.0324404761904762,1.8419642857142855,3.600595238095238,facil2010new.xls
215109,MANORCARE HEALTH SERVICES - ROSSVILLE,MD,Healthpeak / HCR ManorCare,2011,0,MANORCARE HEALTH SERVICES - ROSSVILLE,MD,185,,152.72,36.62,30.28,0.912,1.082,2.071,4.065,facility_2011.xls
215109,MANORCARE HEALTH SERVICES - ROSSVILLE,MD,Healthpeak / HCR ManorCare,2012,1,MANORCARE HEALTH SERVICES - ROSSVILLE,MD,185,,154.16,47.06,21.76,0.899,0.866,1.47,3.235,facility_2012.xls
215109,MANORCARE HEALTH SERVICES - ROSSVILLE,MD,Healthpeak / HCR ManorCare,2013,2,MANORCARE HEALTH SERVICES - ROSSVILLE,MD,185,,154.02,39.33,26.0,0.878,0.883,2.054,3.815,facility_2013.xls
215171,MANORCARE HEALTH SERVICES - POTOMAC,MD,Healthpeak / HCR ManorCare,2009,-2,MANORCARE HEALTH SERVICES - POTOMAC,MD,158,,,31.58,32.89,0.3601973684210526,0.8963815789473685,1.9266447368421056,3.1832236842105264,facil2009new.xls
215171,MANORCARE HEALTH SERVICES - POTOMAC,MD,Healthpeak / HCR ManorCare,2010,-1,MANORCARE HEALTH SERVICES - POTOMAC,MD,158,,,33.55,35.48,0.463225806451613,0.7622580645161291,1.8993548387096773,3.1248387096774195,facil2010new.xls
215171,MANORCARE HEALTH SERVICES - POTOMAC,MD,Healthpeak / HCR ManorCare,2011,0,MANORCARE HEALTH SERVICES - POTOMAC,MD,158,,134.99,27.14,39.29,0.707,0.733,2.074,3.514,facility_2011.xls
215171,MANORCARE HEALTH SERVICES - POTOMAC,MD,Healthpeak / HCR ManorCare,2012,1,MANORCARE HEALTH SERVICES - POTOMAC,MD,158,,139.3,35.25,28.06,0.8,0.595,4.164,5.559,facility_2012.xls
215171,MANORCARE HEALTH SERVICES - POTOMAC,MD,Healthpeak / HCR ManorCare,2013,2,MANORCARE HEALTH SERVICES - POTOMAC,MD,158,,136.14,39.34,38.52,1.052,0.921,2.347,4.32,facility_2013.xls
215224,MANORCARE HEALTH SERVICES  -SILVER SPR,MD,Healthpeak / HCR ManorCare,2009,-2,MANORCARE HEALTH SERVICES  -SILVER SPR,MD,148,,,70.9,18.66,0.4451492537313433,1.2675373134328358,1.9406716417910448,3.653358208955224,facil2009new.xls
215224,MANORCARE HEALTH SERVICES  -SILVER SPR,MD,Healthpeak / HCR ManorCare,2010,-1,MANORCARE HEALTH SERVICES  -SILVER SPR,MD,129,,,72.87,12.4,0.5116279069767442,1.153875968992248,1.964341085271318,3.62984496124031,facil2010new.xls
215224,MANORCARE HEALTH SERVICES  -SILVER SPRING,MD,Healthpeak / HCR ManorCare,2011,0,MANORCARE HEALTH SERVICES  -SILVER SPRING,MD,148,,124.1,72.54,19.72,0.524,1.204,1.8,3.528,facility_2011.xls
215224,MANORCARE HEALTH SERVICES  -SILVER SPRING,MD,Healthpeak / HCR ManorCare,2012,1,MANORCARE HEALTH SERVICES  -SILVER SPRING,MD,148,,129.9,79.29,16.43,0.481,1.175,1.924,3.58,facility_2012.xls
215224,MANORCARE HEALTH SERVICES  -SILVER SPRING,MD,Healthpeak / HCR ManorCare,2013,2,MANORCARE HEALTH SERVICES  -SILVER SPRING,MD,148,,132.58,79.1,14.93,0.621,1.061,1.916,3.597,facility_2013.xls
215301,MANORCARE HEALTH SERVICES - ROLAND PAR,MD,Healthpeak / HCR ManorCare,2009,-2,MANORCARE HEALTH SERVICES - ROLAND PAR,MD,120,,,68.75,17.86,0.2803571428571428,0.9058035714285714,2.4745535714285714,3.6607142857142856,facil2009new.xls
215301,MANORCARE HEALTH SERVICES - ROLAND PAR,MD,Healthpeak / HCR ManorCare,2010,-1,MANORCARE HEALTH SERVICES - ROLAND PAR,MD,120,,,80.41,12.37,0.5283505154639175,1.16340206185567,1.9690721649484533,3.6608247422680407,facil2010new.xls
215301,MANORCARE HEALTH SERVICES - ROLAND PARK,MD,Healthpeak / HCR ManorCare,2011,0,MANORCARE HEALTH SERVICES - ROLAND PARK,MD,120,,110.06,56.9,18.97,0.529,0.926,1.708,3.163,facility_2011.xls
215301,MANORCARE HEALTH SERVICES - ROLAND PARK,MD,Healthpeak / HCR ManorCare,2012,1,MANORCARE HEALTH SERVICES - ROLAND PARK,MD,120,,107.22,81.72,13.98,0.692,1.071,1.917,3.68,facility_2012.xls
215301,MANORCARE HEALTH SERVICES - ROLAND PARK,MD,Healthpeak / HCR ManorCare,2013,2,MANORCARE HEALTH SERVICES - ROLAND PARK,MD,120,,109.58,68.97,16.38,0.912,0.591,1.733,3.235,facility_2013.xls
215347,MANORCARE HEALTH SERVICES - WOODBRIDGE,MD,Healthpeak / HCR ManorCare,2009,-2,MANORCARE HEALTH SERVICES - WOODBRIDGE,MD,110,,,60.19,32.41,0.2574074074074075,1.3259259259259255,1.627777777777778,3.2111111111111117,facil2009new.xls
215347,MANORCARE HEALTH SERVICES - WOODBRIDGE,MD,Healthpeak / HCR ManorCare,2010,-1,MANORCARE HEALTH SERVICES - WOODBRIDGE,MD,120,,,41.74,39.13,0.591304347826087,1.508695652173913,1.9221739130434785,4.022173913043479,facil2010new.xls
215347,MANORCARE HEALTH SERVICES - WOODBRIDGE VALLEY,MD,Healthpeak / HCR ManorCare,2011,0,MANORCARE HEALTH SERVICES - WOODBRIDGE VALLEY,MD,120,,106.76,41.74,39.13,0.591,1.509,1.922,4.022,facility_2011.xls
215347,MANORCARE HEALTH SERVICES - WOODBRIDGE VALLEY,MD,Healthpeak / HCR ManorCare,2012,1,MANORCARE HEALTH SERVICES - WOODBRIDGE VALLEY,MD,120,,103.09,40.38,46.15,0.762,1.244,1.79,3.796,facility_2012.xls
215347,MANORCARE HEALTH SERVICES - WOODBRIDGE VALLEY,MD,Healthpeak / HCR ManorCare,2013,2,MANORCARE HEALTH SERVICES - WOODBRIDGE VALLEY,MD,120,,105.18,44.14,37.84,0.768,1.039,1.923,3.731,facility_2013.xls
235004,HEARTLAND HEALTH CARE CENTER-KNOLLVIEW,MI,Healthpeak / HCR ManorCare,2009,-2,HEARTLAND HEALTH CARE CENTER-KNOLLVIEW,MI,107,,,62.5,17.71,0.5875,0.0,2.0015625000000004,2.5890625000000003,facil2009new.xls
235004,HEARTLAND HEALTH CARE CENTER-KNOLLVIEW,MI,Healthpeak / HCR ManorCare,2010,-1,HEARTLAND HEALTH CARE CENTER-KNOLLVIEW,MI,107,,,59.41,26.73,1.0247524752475248,0.5079207920792079,2.053465346534654,3.586138613861386,facil2010new.xls
235004,HEARTLAND HEALTH CARE CENTER-KNOLLVIEW,MI,Healthpeak / HCR ManorCare,2011,0,HEARTLAND HEALTH CARE CENTER-KNOLLVIEW,MI,107,,98.85,59.41,26.73,0.536,0.508,2.053,3.098,facility_2011.xls
235004,HEARTLAND HEALTH CARE CENTER-KNOLLVIEW,MI,Healthpeak / HCR ManorCare,2012,1,HEARTLAND HEALTH CARE CENTER-KNOLLVIEW,MI,107,,99.43,49.49,25.25,1.04,0.508,2.053,3.601,facility_2012.xls
235004,HEARTLAND HEALTH CARE CENTER-KNOLLVIEW,MI,Healthpeak / HCR ManorCare,2013,2,HEARTLAND HEALTH CARE CENTER-KNOLLVIEW,MI,107,,99.29,56.25,13.54,0.506,0.599,2.105,3.21,facility_2013.xls
235016,HEARTLAND HEALTH CARE CENTER-JACKSON,MI,Healthpeak / HCR ManorCare,2009,-2,HEARTLAND HEALTH CARE CENTER-JACKSON,MI,100,,,58.54,25.61,0.4835365853658536,0.6323170731707316,1.9579268292682928,3.073780487804878,facil2009new.xls
235016,HEARTLAND HEALTH CARE CENTER-JACKSON,MI,Healthpeak / HCR ManorCare,2010,-1,HEARTLAND HEALTH CARE CENTER-JACKSON,MI,100,,,66.67,26.92,0.741025641025641,0.6198717948717949,2.21025641025641,3.5711538461538455,facil2010new.xls
235016,HEARTLAND HEALTH CARE CENTER-JACKSON,MI,Healthpeak / HCR ManorCare,2011,0,HEARTLAND HEALTH CARE CENTER-JACKSON,MI,100,,74.72,69.86,20.55,0.37,0.619,1.967,2.956,facility_2011.xls
235016,HEARTLAND HEALTH CARE CENTER-JACKSON,MI,Healthpeak / HCR ManorCare,2012,1,HEARTLAND HEALTH CARE CENTER-JACKSON,MI,100,,70.89,56.25,29.69,0.557,0.771,1.984,3.312,facility_2012.xls
235016,HEARTLAND HEALTH CARE CENTER-JACKSON,MI,Healthpeak / HCR ManorCare,2013,2,HEARTLAND HEALTH CARE CENTER-JACKSON,MI,100,,79.4,53.25,29.87,0.816,0.532,2.348,3.697,facility_2013.xls
235023,HEARTLAND HEALTH CARE CENTER-BATTLE CR,MI,Healthpeak / HCR ManorCare,2009,-2,HEARTLAND HEALTH CARE CENTER-BATTLE CR,MI,65,,,51.92,21.15,0.6625000000000001,0.5903846153846154,2.6653846153846152,3.918269230769231,facil2009new.xls
235023,HEARTLAND HEALTH CARE CENTER-BATTLE CR,MI,Healthpeak / HCR ManorCare,2010,-1,HEARTLAND HEALTH CARE CENTER-BATTLE CR,MI,65,,,45.76,40.68,0.7635593220338982,0.4703389830508475,1.8703389830508472,3.1042372881355926,facil2010new.xls
235023,HEARTLAND HEALTH CARE CENTER-BATTLE CREEK,MI,Healthpeak / HCR ManorCare,2011,0,HEARTLAND HEALTH CARE CENTER-BATTLE CREEK,MI,65,,58.52,58.62,22.41,0.724,0.489,1.953,3.166,facility_2011.xls
235023,HEARTLAND HEALTH CARE CENTER-BATTLE CREEK,MI,Healthpeak / HCR ManorCare,2012,1,HEARTLAND HEALTH CARE CENTER-BATTLE CREEK,MI,65,,48.54,75.0,22.73,1.182,0.488,2.159,3.828,facility_2012.xls
235023,HEARTLAND HEALTH CARE CENTER-BATTLE CREEK,MI,Healthpeak / HCR ManorCare,2013,2,HEARTLAND HEALTH CARE CENTER-BATTLE CREEK,MI,65,,44.97,36.54,28.85,0.356,0.945,1.766,3.067,facility_2013.xls
235032,HEARTLAND HEALTH CARE CENTER-IONIA,MI,Healthpeak / HCR ManorCare,2009,-2,HEARTLAND HEALTH CARE CENTER-IONIA,MI,120,,,68.83,12.99,0.6116883116883117,0.6779220779220778,2.1772727272727272,3.4668831168831167,facil2009new.xls
235032,HEARTLAND HEALTH CARE CENTER-IONIA,MI,Healthpeak / HCR ManorCare,2010,-1,HEARTLAND HEALTH CARE CENTER-IONIA,MI,120,,,63.44,23.66,0.6016129032258065,0.6967741935483872,2.0,3.2983870967741935,facil2010new.xls
235032,HEARTLAND HEALTH CARE CENTER-IONIA,MI,Healthpeak / HCR ManorCare,2011,0,HEARTLAND HEALTH CARE CENTER-IONIA,MI,120,,93.14,72.53,17.58,0.77,0.509,2.13,3.409,facility_2011.xls
235032,HEARTLAND HEALTH CARE CENTER-IONIA,MI,Healthpeak / HCR ManorCare,2012,1,HEARTLAND HEALTH CARE CENTER-IONIA,MI,120,,89.78,76.92,15.38,0.823,0.583,2.059,3.465,facility_2012.xls
235032,HEARTLAND HEALTH CARE CENTER-IONIA,MI,Healthpeak / HCR ManorCare,2013,2,HEARTLAND HEALTH CARE CENTER-IONIA,MI,120,,82.89,70.93,12.79,0.724,0.53,2.045,3.299,facility_2013.xls
235057,HEARTLAND HEALTH CARE CENTER-UNIVERSIT,MI,Healthpeak / HCR ManorCare,2009,-2,HEARTLAND HEALTH CARE CENTER-UNIVERSIT,MI,172,,,38.74,38.74,0.4981981981981982,1.228828828828829,2.3063063063063063,4.033333333333334,facil2009new.xls
235057,HEARTLAND HEALTH CARE CENTER-UNIVERSIT,MI,Healthpeak / HCR ManorCare,2010,-1,HEARTLAND HEALTH CARE CENTER-UNIVERSIT,MI,172,,,35.71,33.04,0.4316964285714286,1.0580357142857142,1.9607142857142856,3.450446428571428,facil2010new.xls
235057,HEARTLAND HEALTH CARE CENTER-UNIVERSITY,MI,Healthpeak / HCR ManorCare,2011,0,HEARTLAND HEALTH CARE CENTER-UNIVERSITY,MI,142,,104.5,37.17,16.81,0.474,1.109,2.105,3.688,facility_2011.xls
235057,HEARTLAND HEALTH CARE CENTER-UNIVERSITY,MI,Healthpeak / HCR ManorCare,2012,1,HEARTLAND HEALTH CARE CENTER-UNIVERSITY,MI,142,,99.05,51.96,31.37,0.442,1.098,1.924,3.464,facility_2012.xls
235057,HEARTLAND HEALTH CARE CENTER-LIVONIA,MI,Healthpeak / HCR ManorCare,2013,2,HEARTLAND HEALTH CARE CENTER-LIVONIA,MI,142,,92.79,58.24,30.77,0.382,1.41,2.263,4.055,facility_2013.xls
235077,HEARTLAND OF HOLLAND,MI,Healthpeak / HCR ManorCare,2009,-2,HEARTLAND OF HOLLAND,MI,103,,,80.82,9.59,0.3705479452054794,0.978082191780822,2.232876712328767,3.581506849315069,facil2009new.xls
235077,HEARTLAND OF HOLLAND,MI,Healthpeak / HCR ManorCare,2010,-1,HEARTLAND OF HOLLAND,MI,103,,,78.46,12.31,0.6192307692307693,0.6130769230769231,1.9123076923076925,3.1446153846153844,facil2010new.xls
235077,HEARTLAND OF HOLLAND,MI,Healthpeak / HCR ManorCare,2011,0,HEARTLAND OF HOLLAND,MI,103,,55.5,70.0,11.67,0.418,0.978,2.102,3.498,facility_2011.xls
235077,HEARTLAND OF HOLLAND,MI,Healthpeak / HCR ManorCare,2012,1,HEARTLAND OF HOLLAND,MI,103,,58.69,51.79,16.07,0.776,0.584,1.952,3.312,facility_2012.xls
235077,HEARTLAND OF HOLLAND,MI,Healthpeak / HCR ManorCare,2013,2,HEARTLAND OF HOLLAND,MI,103,,55.25,65.0,18.33,0.863,0.568,2.072,3.503,facility_2013.xls
235103,HEARTLAND HEALTH CARE CENTER-GRAND RAP,MI,Healthpeak / HCR ManorCare,2009,-2,HEARTLAND HEALTH CARE CENTER-GRAND RAP,MI,198,,,71.33,13.33,0.8223333333333332,0.835,2.427666666666666,4.085,facil2009new.xls
235103,HEARTLAND HEALTH CARE CENTER-GRAND RAP,MI,Healthpeak / HCR ManorCare,2010,-1,HEARTLAND HEALTH CARE CENTER-GRAND RAP,MI,198,,,69.75,16.05,0.6271604938271604,0.8111111111111111,2.1604938271604937,3.5987654320987654,facil2010new.xls
235103,HEARTLAND HEALTH CARE CENTER-GRAND RAPIDS,MI,Healthpeak / HCR ManorCare,2011,0,HEARTLAND HEALTH CARE CENTER-GRAND RAPIDS,MI,198,,156.22,67.68,12.8,0.693,0.749,2.178,3.62,facility_2011.xls
235103,HEARTLAND HEALTH CARE CENTER-GRAND RAPIDS,MI,Healthpeak / HCR ManorCare,2012,1,HEARTLAND HEALTH CARE CENTER-GRAND RAPIDS,MI,198,,157.86,75.84,8.72,0.949,0.653,2.124,3.726,facility_2012.xls
235103,HEARTLAND HEALTH CARE CENTER-GRAND RAPIDS,MI,Healthpeak / HCR ManorCare,2013,2,HEARTLAND HEALTH CARE CENTER-GRAND RAPIDS,MI,198,,163.95,77.71,7.83,0.773,0.717,2.423,3.913,facility_2013.xls
235109,HEARTLAND HEALTH CARE CENTER-GEORGIAN,MI,Healthpeak / HCR ManorCare,2009,-2,HEARTLAND HEALTH CARE CENTER-GEORGIAN,MI,80,,,0.0,57.53,0.4698630136986301,1.0753424657534247,1.8013698630136987,3.3465753424657536,facil2009new.xls
235109,HEARTLAND HEALTH CARE CENTER-GEORGIAN,MI,Healthpeak / HCR ManorCare,2010,-1,HEARTLAND HEALTH CARE CENTER-GEORGIAN,MI,80,,,0.0,55.81,0.9023255813953488,1.4767441860465118,2.7093023255813953,5.088372093023256,facil2010new.xls
235109,HEARTLAND HEALTH CARE CENTER-GEORGIAN EAST,MI,Healthpeak / HCR ManorCare,2011,0,HEARTLAND HEALTH CARE CENTER-GEORGIAN EAST,MI,80,,53.96,0.0,55.88,0.61,1.072,1.718,3.399,facility_2011.xls
235109,HEARTLAND HEALTH CARE CENTER-GEORGIAN EAST,MI,Healthpeak / HCR ManorCare,2012,1,HEARTLAND HEALTH CARE CENTER-GEORGIAN EAST,MI,80,,60.13,0.0,56.25,0.842,1.407,2.209,4.458,facility_2012.xls
235109,HEARTLAND HEALTH CARE CENTER - GROSSE POINTE WOODS,MI,Healthpeak / HCR ManorCare,2013,2,HEARTLAND HEALTH CARE CENTER - GROSSE POINTE WOODS,MI,80,,66.96,0.0,35.82,0.504,1.269,1.761,3.535,facility_2013.xls
235114,HEARTLAND HEALTH CARE CENTER-KALAMAZOO,MI,Healthpeak / HCR ManorCare,2009,-2,HEARTLAND HEALTH CARE CENTER-KALAMAZOO,MI,172,,,75.4,10.32,0.4642857142857143,0.713095238095238,1.709126984126984,2.886507936507937,facil2009new.xls
235114,HEARTLAND HEALTH CARE CENTER-KALAMAZOO,MI,Healthpeak / HCR ManorCare,2010,-1,HEARTLAND HEALTH CARE CENTER-KALAMAZOO,MI,172,,,60.82,12.37,0.9170103092783504,0.7453608247422681,2.018041237113402,3.680412371134021,facil2010new.xls
235114,HEARTLAND HEALTH CARE CENTER-KALAMAZOO,MI,Healthpeak / HCR ManorCare,2011,0,HEARTLAND HEALTH CARE CENTER-KALAMAZOO,MI,172,,97.15,75.24,12.38,0.557,0.856,2.051,3.464,facility_2011.xls
235114,HEARTLAND HEALTH CARE CENTER-KALAMAZOO,MI,Healthpeak / HCR ManorCare,2012,1,HEARTLAND HEALTH CARE CENTER-KALAMAZOO,MI,172,,86.81,79.07,8.14,0.517,0.83,2.662,4.009,facility_2012.xls
235114,HEARTLAND HEALTH CARE CENTER-KALAMAZOO,MI,Healthpeak / HCR ManorCare,2013,2,HEARTLAND HEALTH CARE CENTER-KALAMAZOO,MI,172,,82.7,81.25,8.75,1.071,0.739,3.066,4.876,facility_2013.xls
235132,HEARTLAND HEALTH CARE CENTER-FOSTRIAN,MI,Healthpeak / HCR ManorCare,2009,-2,HEARTLAND HEALTH CARE CENTER-FOSTRIAN,MI,118,,,32.04,39.81,0.5631067961165049,1.019417475728155,2.442233009708738,4.024757281553398,facil2009new.xls
235132,HEARTLAND HEALTH CARE CENTER-FOSTRIAN,MI,Healthpeak / HCR ManorCare,2010,-1,HEARTLAND HEALTH CARE CENTER-FOSTRIAN,MI,118,,,32.63,34.74,0.6699999999999999,1.0478947368421052,2.6452631578947368,4.363157894736842,facil2010new.xls
235132,HEARTLAND HEALTH CARE CENTER-FOSTRIAN,MI,Healthpeak / HCR ManorCare,2011,0,HEARTLAND HEALTH CARE CENTER-FOSTRIAN,MI,116,,102.91,32.76,44.83,0.683,0.993,2.418,4.094,facility_2011.xls
235132,HEARTLAND HEALTH CARE CENTER-FOSTRIAN,MI,Healthpeak / HCR ManorCare,2012,1,HEARTLAND HEALTH CARE CENTER-FOSTRIAN,MI,140,,105.64,28.44,29.36,0.733,0.979,2.65,4.362,facility_2012.xls
235132,HEARTLAND HEALTH CARE CENTER-FOSTRIAN,MI,Healthpeak / HCR ManorCare,2013,2,HEARTLAND HEALTH CARE CENTER-FOSTRIAN,MI,140,,104.07,36.04,37.84,0.613,0.922,2.063,3.598,facility_2013.xls
235139,HEARTLAND HEALTH CARE CENTER-SAGINAW,MI,Healthpeak / HCR ManorCare,2009,-2,HEARTLAND HEALTH CARE CENTER-SAGINAW,MI,103,,,70.59,18.82,0.5123529411764707,0.571764705882353,2.178235294117647,3.262352941176471,facil2009new.xls
235139,HEARTLAND HEALTH CARE CENTER-SAGINAW,MI,Healthpeak / HCR ManorCare,2010,-1,HEARTLAND HEALTH CARE CENTER-SAGINAW,MI,103,,,76.81,13.04,0.7630434782608695,0.7840579710144928,2.36304347826087,3.910144927536232,facil2010new.xls
235139,HEARTLAND HEALTH CARE CENTER-SAGINAW,MI,Healthpeak / HCR ManorCare,2011,0,HEARTLAND HEALTH CARE CENTER-SAGINAW,MI,103,,76.81,70.51,14.1,0.472,0.685,2.769,3.927,facility_2011.xls
235139,HEARTLAND HEALTH CARE CENTER-SAGINAW,MI,Healthpeak / HCR ManorCare,2012,1,HEARTLAND HEALTH CARE CENTER-SAGINAW,MI,103,,79.53,63.41,24.39,0.612,0.646,2.105,3.363,facility_2012.xls
235139,HEARTLAND HEALTH CARE CENTER-SAGINAW,MI,Healthpeak / HCR ManorCare,2013,2,HEARTLAND HEALTH CARE CENTER-SAGINAW,MI,103,,67.32,66.25,21.25,0.781,0.473,2.148,3.403,facility_2013.xls
235184,HEARTLAND HEALTH CARE CENTER-BRIARWOOD,MI,Healthpeak / HCR ManorCare,2009,-2,HEARTLAND HEALTH CARE CENTER-BRIARWOOD,MI,97,,,34.07,45.05,0.4956043956043955,0.7302197802197801,2.024725274725274,3.25054945054945,facil2009new.xls
235184,HEARTLAND HEALTH CARE CENTER-BRIARWOOD,MI,Healthpeak / HCR ManorCare,2010,-1,HEARTLAND HEALTH CARE CENTER-BRIARWOOD,MI,117,,,28.16,52.43,0.4378640776699029,0.6451456310679611,1.7888349514563109,2.8718446601941743,facil2010new.xls
235184,HEARTLAND HEALTH CARE CENTER-BRIARWOOD,MI,Healthpeak / HCR ManorCare,2011,0,HEARTLAND HEALTH CARE CENTER-BRIARWOOD,MI,117,,78.7,46.48,36.62,1.459,0.293,2.906,4.658,facility_2011.xls
235184,HEARTLAND HEALTH CARE CENTER-BRIARWOOD,MI,Healthpeak / HCR ManorCare,2012,1,HEARTLAND HEALTH CARE CENTER-BRIARWOOD,MI,117,,95.46,35.51,48.6,0.677,0.981,2.223,3.882,facility_2012.xls
235184,HEARTLAND HEALTH CARE CENTER-BRIARWOOD,MI,Healthpeak / HCR ManorCare,2013,2,HEARTLAND HEALTH CARE CENTER-BRIARWOOD,MI,117,,98.8,33.67,43.88,0.816,0.913,2.388,4.117,facility_2013.xls
235206,HEARTLAND HEALTH CARE CENTER-WHITEHALL,MI,Healthpeak / HCR ManorCare,2009,-2,HEARTLAND HEALTH CARE CENTER-WHITEHALL,MI,125,,,73.08,12.5,0.4298076923076923,0.6634615384615384,2.395192307692308,3.4884615384615385,facil2009new.xls
235206,HEARTLAND HEALTH CARE CENTER-WHITEHALL,MI,Healthpeak / HCR ManorCare,2010,-1,HEARTLAND HEALTH CARE CENTER-WHITEHALL,MI,125,,,60.36,13.51,0.3531531531531531,0.4058558558558558,1.7247747747747746,2.4837837837837835,facil2010new.xls
235206,HEARTLAND HEALTH CARE CENTER-WHITEHALL,MI,Healthpeak / HCR ManorCare,2011,0,HEARTLAND HEALTH CARE CENTER-WHITEHALL,MI,125,,107.08,61.06,12.39,0.515,0.554,1.532,2.602,facility_2011.xls
235206,HEARTLAND HEALTH CARE CENTER-WHITEHALL,MI,Healthpeak / HCR ManorCare,2012,1,HEARTLAND HEALTH CARE CENTER-WHITEHALL,MI,125,,105.87,69.81,10.38,0.454,0.509,2.316,3.279,facility_2012.xls
235206,HEARTLAND HEALTH CARE CENTER-WHITEHALL,MI,Healthpeak / HCR ManorCare,2013,2,HEARTLAND HEALTH CARE CENTER-WHITEHALL,MI,125,,101.96,64.86,16.22,0.52,0.599,2.221,3.34,facility_2013.xls
235217,HEARTLAND HEALTH CARE CENTER-GEORGIAN,MI,Healthpeak / HCR ManorCare,2009,-2,HEARTLAND HEALTH CARE CENTER-GEORGIAN,MI,199,,,0.0,30.0,0.9575,0.8424999999999999,2.0475,3.8474999999999993,facil2009new.xls
235217,HEARTLAND HEALTH CARE CENTER-GEORGIAN,MI,Healthpeak / HCR ManorCare,2010,-1,HEARTLAND HEALTH CARE CENTER-GEORGIAN,MI,199,,,0.0,48.54,0.8567961165048545,0.7296116504854369,1.689320388349515,3.2757281553398063,facil2010new.xls
235217,HEARTLAND HEALTH CARE CENTER-GEORGIAN BLOOMFIELD,MI,Healthpeak / HCR ManorCare,2011,0,HEARTLAND HEALTH CARE CENTER-GEORGIAN BLOOMFIELD,MI,199,,81.58,0.0,54.55,0.921,0.805,1.843,3.569,facility_2011.xls
235217,HEARTLAND HEALTH CARE CENTER-GEORGIAN BLOOMFIELD,MI,Healthpeak / HCR ManorCare,2012,1,HEARTLAND HEALTH CARE CENTER-GEORGIAN BLOOMFIELD,MI,159,,69.73,0.0,55.7,1.192,0.649,1.896,3.737,facility_2012.xls
235217,HEARTLAND HEALTH CARE CENTER-BLOOMFIELD HILLS,MI,Healthpeak / HCR ManorCare,2013,2,HEARTLAND HEALTH CARE CENTER-BLOOMFIELD HILLS,MI,159,,48.49,0.0,48.78,1.362,1.426,3.884,6.672,facility_2013.xls
235261,HEARTLAND HEALTH CARE CENTER-GREENVIEW,MI,Healthpeak / HCR ManorCare,2009,-2,HEARTLAND HEALTH CARE CENTER-GREENVIEW,MI,69,,,62.71,22.03,0.4847457627118643,0.8906779661016949,1.9406779661016949,3.316101694915254,facil2009new.xls
235261,HEARTLAND HEALTH CARE CENTER-GREENVIEW,MI,Healthpeak / HCR ManorCare,2010,-1,HEARTLAND HEALTH CARE CENTER-GREENVIEW,MI,69,,,72.22,20.37,0.4722222222222222,0.8981481481481483,1.8916666666666668,3.2620370370370377,facil2010new.xls
235261,HEARTLAND HEALTH CARE CENTER-GREENVIEW,MI,Healthpeak / HCR ManorCare,2011,0,HEARTLAND HEALTH CARE CENTER-GREENVIEW,MI,69,,58.75,52.54,30.51,0.76,0.7,2.215,3.675,facility_2011.xls
235261,HEARTLAND HEALTH CARE CENTER-GREENVIEW,MI,Healthpeak / HCR ManorCare,2012,1,HEARTLAND HEALTH CARE CENTER-GREENVIEW,MI,69,,59.48,59.09,25.76,0.22,0.842,1.742,2.804,facility_2012.xls
235261,HEARTLAND HEALTH CARE CENTER-GREENVIEW,MI,Healthpeak / HCR ManorCare,2013,2,HEARTLAND HEALTH CARE CENTER-GREENVIEW,MI,69,,61.68,65.52,10.34,0.595,0.895,2.052,3.541,facility_2013.xls
235267,MANORCARE NURSING AND REHABILITATION C,MI,Healthpeak / HCR ManorCare,2009,-2,MANORCARE NURSING AND REHABILITATION C,MI,107,,,74.19,16.13,0.3026881720430108,0.7559139784946236,2.270967741935484,3.329569892473118,facil2009new.xls
235267,MANORCARE NURSING AND REHABILITATION C,MI,Healthpeak / HCR ManorCare,2010,-1,MANORCARE NURSING AND REHABILITATION C,MI,107,,,63.11,28.16,0.6111650485436894,0.4490291262135922,2.083980582524272,3.144174757281553,facil2010new.xls
235267,MANORCARE NURSING AND REHABILITATION CENTER,MI,Healthpeak / HCR ManorCare,2011,0,MANORCARE NURSING AND REHABILITATION CENTER,MI,107,,102.69,63.11,28.16,0.611,0.449,2.084,3.144,facility_2011.xls
235267,MANORCARE NURSING AND REHABILITATION CENTER,MI,Healthpeak / HCR ManorCare,2012,1,MANORCARE NURSING AND REHABILITATION CENTER,MI,107,,102.1,53.85,27.88,0.605,0.445,2.064,3.114,facility_2012.xls
235267,MANORCARE NURSING AND REHABILITATION CENTER,MI,Healthpeak / HCR ManorCare,2013,2,MANORCARE NURSING AND REHABILITATION CENTER,MI,107,,101.27,58.16,29.59,0.727,0.347,1.973,3.047,facility_2013.xls
235351,HEARTLAND HEALTH CARE CENTER-PLYMOUTH,MI,Healthpeak / HCR ManorCare,2009,-2,HEARTLAND HEALTH CARE CENTER-PLYMOUTH,MI,109,,,19.19,45.45,0.6085858585858586,0.8196969696969697,1.8722222222222225,3.3005050505050506,facil2009new.xls
235351,HEARTLAND HEALTH CARE CENTER-PLYMOUTH,MI,Healthpeak / HCR ManorCare,2010,-1,HEARTLAND HEALTH CARE CENTER-PLYMOUTH,MI,109,,,23.29,41.1,0.623972602739726,1.1705479452054794,2.5164383561643833,4.310958904109589,facil2010new.xls
235351,HEARTLAND HEALTH CARE CENTER-PLYMOUTH COURT,MI,Healthpeak / HCR ManorCare,2011,0,HEARTLAND HEALTH CARE CENTER-PLYMOUTH COURT,MI,109,,83.02,24.42,48.84,0.863,0.891,2.091,3.844,facility_2011.xls
235351,HEARTLAND HEALTH CARE CENTER-PLYMOUTH COURT,MI,Healthpeak / HCR ManorCare,2012,1,HEARTLAND HEALTH CARE CENTER-PLYMOUTH COURT,MI,109,,69.19,25.37,35.82,0.79,0.696,2.375,3.861,facility_2012.xls
235351,HEARTLAND HEALTH CARE CENTER-PLYMOUTH,MI,Healthpeak / HCR ManorCare,2013,2,HEARTLAND HEALTH CARE CENTER-PLYMOUTH,MI,109,,75.62,28.57,42.86,0.55,1.045,1.887,3.482,facility_2013.xls
235365,HEARTLAND HEALTH CARE CENTER-DORVIN,MI,Healthpeak / HCR ManorCare,2009,-2,HEARTLAND HEALTH CARE CENTER-DORVIN,MI,124,,,35.56,42.22,1.0277777777777777,0.7427777777777779,2.3077777777777775,4.078333333333333,facil2009new.xls
235365,HEARTLAND HEALTH CARE CENTER-DORVIN,MI,Healthpeak / HCR ManorCare,2010,-1,HEARTLAND HEALTH CARE CENTER-DORVIN,MI,124,,,38.55,31.33,0.8114457831325302,0.7837349397590361,2.097590361445783,3.6927710843373496,facil2010new.xls
235365,HEARTLAND HEALTH CARE CENTER-DORVIN,MI,Healthpeak / HCR ManorCare,2011,0,HEARTLAND HEALTH CARE CENTER-DORVIN,MI,124,,90.5,59.57,26.6,0.873,0.771,1.963,3.607,facility_2011.xls
235365,HEARTLAND HEALTH CARE CENTER-DORVIN,MI,Healthpeak / HCR ManorCare,2012,1,HEARTLAND HEALTH CARE CENTER-DORVIN,MI,124,,97.16,45.26,33.68,0.608,1.042,2.021,3.671,facility_2012.xls
235365,HEARTLAND HEALTH CARE CENTER - LIVONIA NE,MI,Healthpeak / HCR ManorCare,2013,2,HEARTLAND HEALTH CARE CENTER - LIVONIA NE,MI,118,,96.79,56.12,30.61,0.728,0.757,1.922,3.407,facility_2013.xls
235395,HEARTLAND HEALTH CARE CENTER-THREE RIV,MI,Healthpeak / HCR ManorCare,2009,-2,HEARTLAND HEALTH CARE CENTER-THREE RIV,MI,100,,,66.27,18.07,0.4277108433734939,0.8795180722891566,1.927710843373494,3.2349397590361444,facil2009new.xls
235395,HEARTLAND HEALTH CARE CENTER-THREE RIV,MI,Healthpeak / HCR ManorCare,2010,-1,HEARTLAND HEALTH CARE CENTER-THREE RIV,MI,100,,,65.06,18.07,0.5343373493975903,0.7590361445783133,2.063855421686746,3.3572289156626502,facil2010new.xls
235395,HEARTLAND HEALTH CARE CENTER-THREE RIVERS,MI,Healthpeak / HCR ManorCare,2011,0,HEARTLAND HEALTH CARE CENTER-THREE RIVERS,MI,100,,86.96,51.11,17.78,0.521,0.496,2.617,3.633,facility_2011.xls
235395,HEARTLAND HEALTH CARE CENTER-THREE RIVERS,MI,Healthpeak / HCR ManorCare,2012,1,HEARTLAND HEALTH CARE CENTER-THREE RIVERS,MI,100,,79.78,65.91,23.86,0.411,0.655,1.864,2.93,facility_2012.xls
235395,HEARTLAND HEALTH CARE CENTER-THREE RIVERS,MI,Healthpeak / HCR ManorCare,2013,2,HEARTLAND HEALTH CARE CENTER-THREE RIVERS,MI,100,,79.62,52.5,15.0,0.571,0.608,1.989,3.168,facility_2013.xls
235411,HEARTLAND HEALTH CARE CENTER-HAMPTON,MI,Healthpeak / HCR ManorCare,2009,-2,HEARTLAND HEALTH CARE CENTER-HAMPTON,MI,51,,,27.66,48.94,0.5106382978723404,0.5638297872340425,2.2914893617021272,3.3659574468085105,facil2009new.xls
235411,HEARTLAND HEALTH CARE CENTER-HAMPTON,MI,Healthpeak / HCR ManorCare,2010,-1,HEARTLAND HEALTH CARE CENTER-HAMPTON,MI,51,,,35.42,50.0,0.6635416666666667,0.4437499999999999,2.5229166666666667,3.6302083333333326,facil2010new.xls
235411,HEARTLAND HEALTH CARE CENTER-HAMPTON,MI,Healthpeak / HCR ManorCare,2011,0,HEARTLAND HEALTH CARE CENTER-HAMPTON,MI,51,,41.75,37.21,34.88,0.669,0.692,2.659,4.02,facility_2011.xls
235411,HEARTLAND HEALTH CARE CENTER-HAMPTON,MI,Healthpeak / HCR ManorCare,2012,1,HEARTLAND HEALTH CARE CENTER-HAMPTON,MI,51,,42.57,28.57,47.62,0.437,0.701,2.533,3.671,facility_2012.xls
235411,HEARTLAND HEALTH CARE CENTER-HAMPTON,MI,Healthpeak / HCR ManorCare,2013,2,HEARTLAND HEALTH CARE CENTER-HAMPTON,MI,51,,41.46,30.23,48.84,0.419,0.701,2.777,3.897,facility_2013.xls
235428,HEARTLAND HEALTH CARE CENTER-DEARBORN,MI,Healthpeak / HCR ManorCare,2009,-2,HEARTLAND HEALTH CARE CENTER-DEARBORN,MI,151,,,23.48,48.48,0.4837121212121211,0.7829545454545456,2.0356060606060606,3.3022727272727277,facil2009new.xls
235428,HEARTLAND HEALTH CARE CENTER-DEARBORN,MI,Healthpeak / HCR ManorCare,2010,-1,HEARTLAND HEALTH CARE CENTER-DEARBORN,MI,151,,,24.79,45.3,0.7756410256410257,0.9628205128205128,2.3867521367521367,4.125213675213675,facil2010new.xls
235428,HEARTLAND HEALTH CARE CENTER-DEARBORN HEIGHTS,MI,Healthpeak / HCR ManorCare,2011,0,HEARTLAND HEALTH CARE CENTER-DEARBORN HEIGHTS,MI,151,,114.8,23.14,43.8,0.826,0.676,2.22,3.722,facility_2011.xls
235428,HEARTLAND HEALTH CARE CENTER-DEARBORN HEIGHTS,MI,Healthpeak / HCR ManorCare,2012,1,HEARTLAND HEALTH CARE CENTER-DEARBORN HEIGHTS,MI,151,,113.87,20.54,48.21,1.012,0.629,2.596,4.237,facility_2012.xls
235428,HEARTLAND HEALTH CARE CENTER-DEARBORN HEIGHTS,MI,Healthpeak / HCR ManorCare,2013,2,HEARTLAND HEALTH CARE CENTER-DEARBORN HEIGHTS,MI,151,,103.2,28.57,15.48,1.122,0.716,2.532,4.37,facility_2013.xls
235439,HEARTLAND HEALTH CARE CENTER-ALLEN PAR,MI,Healthpeak / HCR ManorCare,2009,-2,HEARTLAND HEALTH CARE CENTER-ALLEN PAR,MI,171,,,14.39,61.87,0.458273381294964,1.0651079136690649,1.9820143884892083,3.5053956834532376,facil2009new.xls
235439,HEARTLAND HEALTH CARE CENTER-ALLEN PAR,MI,Healthpeak / HCR ManorCare,2010,-1,HEARTLAND HEALTH CARE CENTER-ALLEN PAR,MI,171,,,22.14,48.09,0.5973282442748091,0.965648854961832,1.9148854961832056,3.4778625954198477,facil2010new.xls
235439,HEARTLAND HEALTH CARE CENTER-ALLEN PARK,MI,Healthpeak / HCR ManorCare,2011,0,HEARTLAND HEALTH CARE CENTER-ALLEN PARK,MI,171,,121.25,25.44,39.47,0.734,1.086,2.332,4.151,facility_2011.xls
235439,HEARTLAND HEALTH CARE CENTER-ALLEN PARK,MI,Healthpeak / HCR ManorCare,2012,1,HEARTLAND HEALTH CARE CENTER-ALLEN PARK,MI,171,,123.5,22.79,44.12,0.694,0.774,1.647,3.115,facility_2012.xls
235439,HEARTLAND HEALTH CARE CENTER-ALLEN PARK,MI,Healthpeak / HCR ManorCare,2013,2,HEARTLAND HEALTH CARE CENTER-ALLEN PARK,MI,171,,121.52,25.0,41.43,0.601,0.965,1.892,3.458,facility_2013.xls
235441,HEARTLAND HEALTH CARE CENTER-CRESTVIEW,MI,Healthpeak / HCR ManorCare,2009,-2,HEARTLAND HEALTH CARE CENTER-CRESTVIEW,MI,92,,,49.4,30.12,0.325301204819277,1.0427710843373494,2.0138554216867472,3.381927710843373,facil2009new.xls
235441,HEARTLAND HEALTH CARE CENTER-CRESTVIEW,MI,Healthpeak / HCR ManorCare,2010,-1,HEARTLAND HEALTH CARE CENTER-CRESTVIEW,MI,92,,,60.26,25.64,0.4288461538461539,0.9423076923076924,2.226282051282052,3.5974358974358975,facil2010new.xls
235441,HEARTLAND HEALTH CARE CENTER-CRESTVIEW,MI,Healthpeak / HCR ManorCare,2011,0,HEARTLAND HEALTH CARE CENTER-CRESTVIEW,MI,92,,78.57,61.9,15.48,0.598,0.542,2.104,3.243,facility_2011.xls
235441,HEARTLAND HEALTH CARE CENTER-CRESTVIEW,MI,Healthpeak / HCR ManorCare,2012,1,HEARTLAND HEALTH CARE CENTER-CRESTVIEW,MI,92,,76.49,58.82,21.18,0.534,0.681,2.114,3.328,facility_2012.xls
235441,HEARTLAND HEALTH CARE CENTER-CRESTVIEW,MI,Healthpeak / HCR ManorCare,2013,2,HEARTLAND HEALTH CARE CENTER-CRESTVIEW,MI,92,,79.36,75.32,16.88,0.536,0.814,2.26,3.61,facility_2013.xls
235487,HEARTLAND-WEST BLOOMFIELD,MI,Healthpeak / HCR ManorCare,2009,-2,HEARTLAND-WEST BLOOMFIELD,MI,120,,,0.0,67.78,0.8011111111111112,0.8844444444444444,2.072777777777778,3.7583333333333337,facil2009new.xls
235487,HEARTLAND-WEST BLOOMFIELD,MI,Healthpeak / HCR ManorCare,2010,-1,HEARTLAND-WEST BLOOMFIELD,MI,120,,,0.0,64.89,0.6303191489361702,0.8867021276595746,1.9654255319148932,3.4824468085106384,facil2010new.xls
235487,HEARTLAND-WEST BLOOMFIELD,MI,Healthpeak / HCR ManorCare,2011,0,HEARTLAND-WEST BLOOMFIELD,MI,120,,84.33,0.0,58.43,0.985,0.874,2.188,4.047,facility_2011.xls
235487,HEARTLAND-WEST BLOOMFIELD,MI,Healthpeak / HCR ManorCare,2012,1,HEARTLAND-WEST BLOOMFIELD,MI,120,,79.75,0.0,60.0,1.005,1.184,2.092,4.281,facility_2012.xls
235487,HEARTLAND-WEST BLOOMFIELD,MI,Healthpeak / HCR ManorCare,2013,2,HEARTLAND-WEST BLOOMFIELD,MI,140,,108.57,0.0,57.46,0.942,0.723,1.883,3.548,facility_2013.xls
235580,HEARTLAND HEALTH CARE CENTER-ANN ARBOR,MI,Healthpeak / HCR ManorCare,2009,-2,HEARTLAND HEALTH CARE CENTER-ANN ARBOR,MI,180,,,0.0,50.0,0.4610119047619048,1.3773809523809522,1.8988095238095235,3.73720238095238,facil2009new.xls
235580,HEARTLAND HEALTH CARE CENTER-ANN ARBOR,MI,Healthpeak / HCR ManorCare,2010,-1,HEARTLAND HEALTH CARE CENTER-ANN ARBOR,MI,180,,,0.0,65.56,0.5533112582781458,1.4966887417218544,1.8559602649006623,3.9059602649006626,facil2010new.xls
235580,HEARTLAND HEALTH CARE CENTER-ANN ARBOR,MI,Healthpeak / HCR ManorCare,2011,0,HEARTLAND HEALTH CARE CENTER-ANN ARBOR,MI,180,,143.32,0.0,50.0,0.458,1.347,1.679,3.485,facility_2011.xls
235580,HEARTLAND HEALTH CARE CENTER-ANN ARBOR,MI,Healthpeak / HCR ManorCare,2012,1,HEARTLAND HEALTH CARE CENTER-ANN ARBOR,MI,180,,130.66,0.0,55.2,0.572,1.681,2.096,4.349,facility_2012.xls
235580,HEARTLAND HEALTH CARE CENTER-ANN ARBOR,MI,Healthpeak / HCR ManorCare,2013,2,HEARTLAND HEALTH CARE CENTER-ANN ARBOR,MI,180,,126.36,0.0,46.53,0.548,1.49,1.985,4.023,facility_2013.xls
235618,HEARTLAND HEALTH CARE CENTER-CANTON,MI,Healthpeak / HCR ManorCare,2009,-2,HEARTLAND HEALTH CARE CENTER-CANTON,MI,120,,,0.0,72.45,0.5438775510204081,1.4086734693877552,1.8637755102040816,3.816326530612245,facil2009new.xls
235618,HEARTLAND HEALTH CARE CENTER-CANTON,MI,Healthpeak / HCR ManorCare,2010,-1,HEARTLAND HEALTH CARE CENTER-CANTON,MI,120,,,0.0,75.68,0.7117117117117117,1.268018018018018,1.792792792792793,3.7725225225225225,facil2010new.xls
235618,HEARTLAND HEALTH CARE CENTER-CANTON,MI,Healthpeak / HCR ManorCare,2011,0,HEARTLAND HEALTH CARE CENTER-CANTON,MI,150,,117.94,0.0,69.64,0.76,1.527,2.167,4.454,facility_2011.xls
235618,HEARTLAND HEALTH CARE CENTER-CANTON,MI,Healthpeak / HCR ManorCare,2012,1,HEARTLAND HEALTH CARE CENTER-CANTON,MI,150,,126.93,0.0,66.91,0.612,1.23,1.746,3.589,facility_2012.xls
235618,HEARTLAND HEALTH CARE CENTER-CANTON,MI,Healthpeak / HCR ManorCare,2013,2,HEARTLAND HEALTH CARE CENTER-CANTON,MI,150,,126.25,0.0,63.64,0.661,1.167,1.921,3.749,facility_2013.xls
235626,HEARTLAND HEALTH CARE CENTER-OAKLAND,MI,Healthpeak / HCR ManorCare,2009,-2,HEARTLAND HEALTH CARE CENTER-OAKLAND,MI,120,,,0.0,69.09,1.132272727272727,0.7790909090909092,1.973181818181818,3.8845454545454543,facil2009new.xls
235626,HEARTLAND HEALTH CARE CENTER-OAKLAND,MI,Healthpeak / HCR ManorCare,2010,-1,HEARTLAND HEALTH CARE CENTER-OAKLAND,MI,120,,,0.0,70.8,1.0530973451327432,0.6548672566371682,1.938938053097345,3.646902654867256,facil2010new.xls
235626,HEARTLAND HEALTH CARE CENTER-OAKLAND,MI,Healthpeak / HCR ManorCare,2011,0,HEARTLAND HEALTH CARE CENTER-OAKLAND,MI,160,,125.49,0.0,69.53,0.977,0.945,1.75,3.672,facility_2011.xls
235626,HEARTLAND HEALTH CARE CENTER-OAKLAND,MI,Healthpeak / HCR ManorCare,2012,1,HEARTLAND HEALTH CARE CENTER-OAKLAND,MI,160,,150.52,0.0,64.29,0.826,0.718,1.78,3.324,facility_2012.xls
235626,HEARTLAND HEALTH CARE CENTER-OAKLAND,MI,Healthpeak / HCR ManorCare,2013,2,HEARTLAND HEALTH CARE CENTER-OAKLAND,MI,160,,148.39,0.0,56.55,1.281,0.649,1.956,3.886,facility_2013.xls
265112,MANORCARE HEALTH SERVICES,MO,Healthpeak / HCR ManorCare,2009,-2,MANORCARE HEALTH SERVICES,MO,98,,,41.77,25.32,0.3462025316455696,1.1278481012658228,2.3778481012658226,3.8518987341772153,facil2009new.xls
265112,MANORCARE HEALTH SERVICES,MO,Healthpeak / HCR ManorCare,2010,-1,MANORCARE HEALTH SERVICES,MO,98,,,42.22,20.0,0.4272222222222223,1.0416666666666667,2.110555555555556,3.579444444444445,facil2010new.xls
265112,MANORCARE HEALTH SERVICES,MO,Healthpeak / HCR ManorCare,2011,0,MANORCARE HEALTH SERVICES,MO,98,,85.71,50.63,15.19,0.612,0.98,2.357,3.949,facility_2011.xls
265112,MANORCARE HEALTH SERVICES,MO,Healthpeak / HCR ManorCare,2012,1,MANORCARE HEALTH SERVICES,MO,98,,86.78,54.64,19.59,0.295,0.875,1.787,2.957,facility_2012.xls
265112,MANORCARE HEALTH SERVICES,MO,Healthpeak / HCR ManorCare,2013,2,MANORCARE HEALTH SERVICES,MO,98,,83.97,60.47,8.14,0.475,0.994,2.031,3.5,facility_2013.xls
265188,MANORCARE HEALTH SERVICES,MO,Healthpeak / HCR ManorCare,2009,-2,MANORCARE HEALTH SERVICES,MO,194,,,55.81,14.73,0.3011627906976744,1.0980620155038758,2.192248062015504,3.591472868217054,facil2009new.xls
265188,MANORCARE HEALTH SERVICES,MO,Healthpeak / HCR ManorCare,2010,-1,MANORCARE HEALTH SERVICES,MO,194,,,50.83,10.83,0.3479166666666666,1.2295833333333337,2.5029166666666667,4.080416666666667,facil2010new.xls
265188,MANORCARE HEALTH SERVICES,MO,Healthpeak / HCR ManorCare,2011,0,MANORCARE HEALTH SERVICES,MO,194,,122.79,59.09,17.42,0.469,1.29,2.108,3.867,facility_2011.xls
265188,MANORCARE HEALTH SERVICES,MO,Healthpeak / HCR ManorCare,2012,1,MANORCARE HEALTH SERVICES,MO,194,,133.42,50.34,17.69,0.381,1.175,1.942,3.498,facility_2012.xls
265188,MANORCARE HEALTH SERVICES,MO,Healthpeak / HCR ManorCare,2013,2,MANORCARE HEALTH SERVICES,MO,194,,137.89,51.94,10.85,0.393,1.45,2.299,4.141,facility_2013.xls
265275,HEARTLAND OF WILLOW LANE,MO,Healthpeak / HCR ManorCare,2009,-2,HEARTLAND OF WILLOW LANE,MO,96,,,47.83,17.39,0.3815217391304347,1.0836956521739132,2.1663043478260873,3.6315217391304344,facil2009new.xls
265275,HEARTLAND OF WILLOW LANE,MO,Healthpeak / HCR ManorCare,2010,-1,HEARTLAND OF WILLOW LANE,MO,96,,,44.44,29.63,0.4546296296296296,0.774074074074074,1.5768518518518515,2.8055555555555554,facil2010new.xls
265275,HEARTLAND OF WILLOW LANE,MO,Healthpeak / HCR ManorCare,2011,0,HEARTLAND OF WILLOW LANE,MO,96,,50.51,50.94,22.64,0.725,0.708,2.071,3.505,facility_2011.xls
265275,HEARTLAND OF WILLOW LANE,MO,Healthpeak / HCR ManorCare,2012,1,HEARTLAND OF WILLOW LANE,MO,96,,52.43,50.0,16.67,0.325,0.923,1.845,3.094,facility_2012.xls
265275,HEARTLAND OF WILLOW LANE,MO,Healthpeak / HCR ManorCare,2013,2,HEARTLAND OF WILLOW LANE,MO,98,,53.73,51.67,11.67,0.531,0.478,1.564,2.573,facility_2013.xls
265503,HEARTLAND CARE AND REHABILITATION CENT,MO,Healthpeak / HCR ManorCare,2009,-2,HEARTLAND CARE AND REHABILITATION CENT,MO,102,,,90.43,5.32,0.1856382978723404,0.4824468085106383,2.1414893617021273,2.8095744680851067,facil2009new.xls
265503,HEARTLAND CARE AND REHABILITATION CENT,MO,Healthpeak / HCR ManorCare,2010,-1,HEARTLAND CARE AND REHABILITATION CENT,MO,102,,,90.53,6.32,0.2836842105263157,0.5757894736842105,2.0736842105263156,2.933157894736842,facil2010new.xls
265503,HEARTLAND CARE AND REHABILITATION CENTER,MO,Healthpeak / HCR ManorCare,2011,0,HEARTLAND CARE AND REHABILITATION CENTER,MO,102,,91.46,90.53,6.32,0.284,0.576,2.074,2.933,facility_2011.xls
265503,HEARTLAND CARE AND REHABILITATION CENTER,MO,Healthpeak / HCR ManorCare,2012,1,HEARTLAND CARE AND REHABILITATION CENTER,MO,102,,90.3,87.91,4.4,0.192,0.498,2.212,2.902,facility_2012.xls
265503,HEARTLAND CARE AND REHABILITATION CENTER,MO,Healthpeak / HCR ManorCare,2013,2,HEARTLAND CARE AND REHABILITATION CENTER,MO,102,,85.16,93.18,2.27,0.18,0.512,2.385,3.077,facility_2013.xls
315005,MANORCARE HEALTH SERVICES-NEW PROVIDEN,NJ,Healthpeak / HCR ManorCare,2009,-2,MANORCARE HEALTH SERVICES-NEW PROVIDEN,NJ,106,,,67.02,20.21,0.7111702127659574,0.5882978723404256,1.8739361702127657,3.1734042553191486,facil2009new.xls
315005,MANORCARE HEALTH SERVICES-NEW PROVIDEN,NJ,Healthpeak / HCR ManorCare,2010,-1,MANORCARE HEALTH SERVICES-NEW PROVIDEN,NJ,106,,,67.02,20.21,0.7111702127659574,0.5882978723404256,1.8739361702127657,3.1734042553191486,facil2010new.xls
315005,MANORCARE HEALTH SERVICES-NEW PROVIDENCE,NJ,Healthpeak / HCR ManorCare,2011,0,MANORCARE HEALTH SERVICES-NEW PROVIDENCE,NJ,106,,94.42,67.68,18.18,0.679,0.463,1.752,2.893,facility_2011.xls
315005,MANORCARE HEALTH SERVICES-NEW PROVIDENCE,NJ,Healthpeak / HCR ManorCare,2012,1,MANORCARE HEALTH SERVICES-NEW PROVIDENCE,NJ,106,,93.34,67.0,20.0,0.815,0.398,1.831,3.043,facility_2012.xls
315005,MANORCARE HEALTH SERVICES-NEW PROVIDENCE,NJ,Healthpeak / HCR ManorCare,2013,2,MANORCARE HEALTH SERVICES-NEW PROVIDENCE,NJ,106,,90.68,63.11,21.36,0.777,0.363,1.881,3.02,facility_2013.xls
315013,MANORCARE HEALTH  SERVICES,NJ,Healthpeak / HCR ManorCare,2009,-2,MANORCARE HEALTH  SERVICES,NJ,108,,,58.42,20.79,0.3995049504950495,0.8594059405940594,1.601980198019802,2.860891089108911,facil2009new.xls
315013,MANORCARE HEALTH  SERVICES,NJ,Healthpeak / HCR ManorCare,2010,-1,MANORCARE HEALTH  SERVICES,NJ,108,,,67.9,14.81,0.6209876543209876,0.8376543209876542,1.882716049382716,3.341358024691358,facil2010new.xls
315013,MANORCARE HEALTH  SERVICES,NJ,Healthpeak / HCR ManorCare,2011,0,MANORCARE HEALTH  SERVICES,NJ,108,,83.02,84.34,9.64,0.664,0.704,1.914,3.282,facility_2011.xls
315013,MANORCARE HEALTH  SERVICES,NJ,Healthpeak / HCR ManorCare,2012,1,MANORCARE HEALTH  SERVICES,NJ,108,,81.17,66.67,8.64,0.71,0.444,1.84,2.994,facility_2012.xls
315013,MANORCARE HEALTH  SERVICES,NJ,Healthpeak / HCR ManorCare,2013,2,MANORCARE HEALTH  SERVICES,NJ,108,,76.29,76.83,9.76,0.996,0.413,2.148,3.557,facility_2013.xls
315246,MANORCARE HEALTH SERVICES,NJ,Healthpeak / HCR ManorCare,2009,-2,MANORCARE HEALTH SERVICES,NJ,156,,,36.36,40.56,0.6090909090909091,1.1479020979020975,1.9244755244755245,3.681468531468531,facil2009new.xls
315246,MANORCARE HEALTH SERVICES,NJ,Healthpeak / HCR ManorCare,2010,-1,MANORCARE HEALTH SERVICES,NJ,156,,,37.41,46.04,0.6215827338129497,1.2715827338129495,2.126618705035971,4.01978417266187,facil2010new.xls
315246,MANORCARE HEALTH SERVICES,NJ,Healthpeak / HCR ManorCare,2011,0,MANORCARE HEALTH SERVICES,NJ,156,,137.05,33.33,36.81,0.601,1.222,1.926,3.75,facility_2011.xls
315246,MANORCARE HEALTH SERVICES,NJ,Healthpeak / HCR ManorCare,2012,1,MANORCARE HEALTH SERVICES,NJ,156,,135.55,33.33,36.81,0.601,1.222,1.926,3.75,facility_2012.xls
315246,MANORCARE HEALTH SERVICES,NJ,Healthpeak / HCR ManorCare,2013,2,MANORCARE HEALTH SERVICES,NJ,156,,128.88,36.03,36.76,0.485,1.296,2.103,3.883,facility_2013.xls
315500,MANORCARE HEALTH SERVICES VOORHEES,NJ,Healthpeak / HCR ManorCare,2009,-2,MANORCARE HEALTH SERVICES VOORHEES,NJ,120,,,19.13,58.26,0.5682608695652174,1.2191304347826086,1.6652173913043478,3.4526086956521733,facil2009new.xls
315500,MANORCARE HEALTH SERVICES VOORHEES,NJ,Healthpeak / HCR ManorCare,2010,-1,MANORCARE HEALTH SERVICES VOORHEES,NJ,120,,,34.91,45.28,0.5466981132075472,1.1363207547169811,1.9655660377358493,3.6485849056603774,facil2010new.xls
315500,MANORCARE HEALTH SERVICES VOORHEES,NJ,Healthpeak / HCR ManorCare,2011,0,MANORCARE HEALTH SERVICES VOORHEES,NJ,120,,97.11,31.07,43.69,0.782,1.061,1.71,3.553,facility_2011.xls
315500,MANORCARE HEALTH SERVICES VOORHEES,NJ,Healthpeak / HCR ManorCare,2012,1,MANORCARE HEALTH SERVICES VOORHEES,NJ,120,,91.21,44.94,39.33,0.611,1.367,2.035,4.012,facility_2012.xls
315500,MANORCARE HEALTH SERVICES VOORHEES,NJ,Healthpeak / HCR ManorCare,2013,2,MANORCARE HEALTH SERVICES VOORHEES,NJ,120,,83.27,53.16,37.97,0.321,0.889,1.528,2.738,facility_2013.xls
325081,HEARTLAND CARE OF HOBBS,NM,Healthpeak / HCR ManorCare,2009,-2,HEARTLAND CARE OF HOBBS,NM,80,,,64.71,1.96,0.5637254901960784,0.25,2.8147058823529414,3.62843137254902,facil2009new.xls
325081,HEARTLAND CARE OF HOBBS,NM,Healthpeak / HCR ManorCare,2010,-1,HEARTLAND CARE OF HOBBS,NM,80,,,71.43,10.2,0.3765306122448979,0.8040816326530612,2.806122448979591,3.9867346938775503,facil2010new.xls
325081,HEARTLAND CARE OF HOBBS,NM,Healthpeak / HCR ManorCare,2011,0,HEARTLAND CARE OF HOBBS,NM,80,,56.36,77.78,9.26,0.532,0.236,2.658,3.427,facility_2011.xls
325081,HEARTLAND CARE OF HOBBS,NM,Healthpeak / HCR ManorCare,2012,1,HEARTLAND CARE OF HOBBS,NM,80,,71.41,66.22,6.76,0.409,0.496,2.104,3.009,facility_2012.xls
325081,HEARTLAND CARE OF HOBBS,NM,Healthpeak / HCR ManorCare,2013,2,HEARTLAND CARE OF HOBBS,NM,80,,55.66,71.19,5.08,0.503,0.638,0.194,1.336,facility_2013.xls
325114,HEARTLAND CONTINUING CARE CENTER,NM,Healthpeak / HCR ManorCare,2009,-2,HEARTLAND CONTINUING CARE CENTER,NM,80,,,67.69,12.31,0.6607692307692308,0.2653846153846154,2.2253846153846153,3.1515384615384616,facil2009new.xls
325114,HEARTLAND CONTINUING CARE CENTER,NM,Healthpeak / HCR ManorCare,2010,-1,HEARTLAND CONTINUING CARE CENTER,NM,80,,,67.69,12.31,0.6607692307692308,0.2653846153846154,2.2253846153846153,3.1515384615384616,facil2010new.xls
325114,HEARTLAND CONTINUING CARE CENTER,NM,Healthpeak / HCR ManorCare,2011,0,HEARTLAND CONTINUING CARE CENTER,NM,80,,59.54,79.37,7.94,0.631,0.225,2.076,2.932,facility_2011.xls
325114,HEARTLAND CONTINUING CARE CENTER,NM,Healthpeak / HCR ManorCare,2012,1,HEARTLAND CONTINUING CARE CENTER,NM,80,,50.95,72.73,16.36,0.797,0.173,2.1,3.07,facility_2012.xls
325114,HEARTLAND CONTINUING CARE CENTER,NM,Healthpeak / HCR ManorCare,2013,2,HEARTLAND CONTINUING CARE CENTER,NM,80,,49.68,77.55,14.29,1.027,0.395,2.79,4.211,facility_2013.xls
345391,HEARTLAND LIVING & REHAB AT THE MOSES,NC,Healthpeak / HCR ManorCare,2009,-2,HEARTLAND LIVING & REHAB AT THE MOSES,NC,106,,,69.9,23.3,0.283495145631068,0.8155339805825242,2.136407766990291,3.2354368932038833,facil2009new.xls
345391,HEARTLAND LIVING & REHAB AT THE MOSES,NC,Healthpeak / HCR ManorCare,2010,-1,HEARTLAND LIVING & REHAB AT THE MOSES,NC,106,,,68.09,15.96,0.3558510638297872,1.069148936170213,3.0515957446808506,4.476595744680851,facil2010new.xls
345391,HEARTLAND LIVING & REHAB AT THE MOSES H CONE MEM H,NC,Healthpeak / HCR ManorCare,2011,0,HEARTLAND LIVING & REHAB AT THE MOSES H CONE MEM H,NC,106,,95.41,68.09,15.96,0.356,1.069,3.052,4.477,facility_2011.xls
345391,HEARTLAND LIVING & REHAB AT THE MOSES H CONE MEM H,NC,Healthpeak / HCR ManorCare,2012,1,HEARTLAND LIVING & REHAB AT THE MOSES H CONE MEM H,NC,106,,95.49,60.82,14.43,0.116,0.694,2.443,3.254,facility_2012.xls
345391,HEARTLAND LIVING & REHAB AT THE MOSES H CONE MEM H,NC,Healthpeak / HCR ManorCare,2013,2,HEARTLAND LIVING & REHAB AT THE MOSES H CONE MEM H,NC,106,,93.66,65.26,12.63,0.221,0.927,2.531,3.679,facility_2013.xls
355069,HEARTLAND CARE CENTER,ND,Healthpeak / HCR ManorCare,2009,-2,HEARTLAND CARE CENTER,ND,80,,,61.19,5.97,0.2291044776119403,1.0082089552238804,3.42910447761194,4.666417910447761,facil2009new.xls
355069,HEARTLAND CARE CENTER,ND,Healthpeak / HCR ManorCare,2010,-1,HEARTLAND CARE CENTER,ND,80,,,55.88,5.88,0.3794117647058823,0.9382352941176472,3.1999999999999993,4.517647058823529,facil2010new.xls
355069,HEARTLAND CARE CENTER,ND,Healthpeak / HCR ManorCare,2011,0,HEARTLAND CARE CENTER,ND,80,,68.47,52.11,9.86,0.218,0.88,2.753,3.85,facility_2011.xls
355069,HEARTLAND CARE CENTER,ND,Healthpeak / HCR ManorCare,2012,1,HEARTLAND CARE CENTER,ND,80,,66.5,23.81,3.17,0.349,0.992,3.062,4.403,facility_2012.xls
355069,HEARTLAND CARE CENTER,ND,Healthpeak / HCR ManorCare,2013,2,HEARTLAND CARE CENTER,ND,78,,77.24,22.08,6.49,0.381,0.702,3.495,4.578,facility_2013.xls
365186,HEARTLAND OF MADEIRA,OH,Healthpeak / HCR ManorCare,2009,-2,HEARTLAND OF MADEIRA,OH,154,,,64.29,15.0,0.4378571428571428,0.9442857142857144,1.8228571428571427,3.2050000000000005,facil2009new.xls
365186,HEARTLAND OF MADEIRA,OH,Healthpeak / HCR ManorCare,2010,-1,HEARTLAND OF MADEIRA,OH,154,,,62.77,12.41,0.3715328467153284,0.9171532846715328,1.9474452554744528,3.236131386861314,facil2010new.xls
365186,HEARTLAND OF MADEIRA,OH,Healthpeak / HCR ManorCare,2011,0,HEARTLAND OF MADEIRA,OH,154,,120.45,62.77,12.41,0.372,0.917,1.947,3.236,facility_2011.xls
365186,HEARTLAND OF MADEIRA,OH,Healthpeak / HCR ManorCare,2012,1,HEARTLAND OF MADEIRA,OH,154,,120.09,78.36,8.21,0.303,1.088,1.961,3.352,facility_2012.xls
365186,HEARTLAND OF MADEIRA,OH,Healthpeak / HCR ManorCare,2013,2,HEARTLAND OF MADEIRA,OH,131,,112.99,81.65,5.5,0.402,1.142,2.209,3.753,facility_2013.xls
365293,HEARTLAND OF MT AIRY,OH,Healthpeak / HCR ManorCare,2009,-2,HEARTLAND OF MT AIRY,OH,151,,,56.76,13.51,0.313963963963964,0.8333333333333334,2.00990990990991,3.1572072072072075,facil2009new.xls
365293,HEARTLAND OF MT AIRY,OH,Healthpeak / HCR ManorCare,2010,-1,HEARTLAND OF MT AIRY,OH,151,,,65.69,4.9,0.475,1.1240196078431373,2.2044117647058825,3.80343137254902,facil2010new.xls
365293,HEARTLAND OF MT AIRY,OH,Healthpeak / HCR ManorCare,2011,0,HEARTLAND OF MT AIRY,OH,151,,100.66,61.54,10.26,0.433,0.96,2.181,3.574,facility_2011.xls
365293,HEARTLAND OF MT AIRY,OH,Healthpeak / HCR ManorCare,2012,1,HEARTLAND OF MT AIRY,OH,125,,100.06,58.25,8.74,0.362,0.994,1.905,3.261,facility_2012.xls
365293,HEARTLAND OF MT AIRY,OH,Healthpeak / HCR ManorCare,2013,2,HEARTLAND OF MT AIRY,OH,125,,104.94,58.25,8.74,0.362,0.994,1.905,3.261,facility_2013.xls
365305,MANORCARE HEALTH SERVICES-WILLOUGHBY,OH,Healthpeak / HCR ManorCare,2009,-2,MANORCARE HEALTH SERVICES-WILLOUGHBY,OH,157,,,29.79,24.11,0.4567375886524822,0.8503546099290781,1.9418439716312057,3.248936170212766,facil2009new.xls
365305,MANORCARE HEALTH SERVICES-WILLOUGHBY,OH,Healthpeak / HCR ManorCare,2010,-1,MANORCARE HEALTH SERVICES-WILLOUGHBY,OH,157,,,46.45,27.74,0.3477419354838709,0.8922580645161291,1.7225806451612904,2.9625806451612906,facil2010new.xls
365305,MANORCARE HEALTH SERVICES-WILLOUGHBY,OH,Healthpeak / HCR ManorCare,2011,0,MANORCARE HEALTH SERVICES-WILLOUGHBY,OH,157,,140.69,43.66,26.06,0.384,0.582,2.115,3.082,facility_2011.xls
365305,MANORCARE HEALTH SERVICES-WILLOUGHBY,OH,Healthpeak / HCR ManorCare,2012,1,MANORCARE HEALTH SERVICES-WILLOUGHBY,OH,157,,136.05,65.12,19.38,0.487,0.593,2.183,3.263,facility_2012.xls
365305,MANORCARE HEALTH SERVICES-WILLOUGHBY,OH,Healthpeak / HCR ManorCare,2013,2,MANORCARE HEALTH SERVICES-WILLOUGHBY,OH,173,,128.05,52.21,29.41,0.561,0.508,2.267,3.336,facility_2013.xls
365310,MANORCARE HEALTH SERVICES - NORTH OLMS,OH,Healthpeak / HCR ManorCare,2009,-2,MANORCARE HEALTH SERVICES - NORTH OLMS,OH,178,,,72.61,10.83,0.364968152866242,0.91656050955414,1.9480891719745224,3.229617834394904,facil2009new.xls
365310,MANORCARE HEALTH SERVICES - NORTH OLMS,OH,Healthpeak / HCR ManorCare,2010,-1,MANORCARE HEALTH SERVICES - NORTH OLMS,OH,178,,,63.69,11.46,0.4640127388535031,0.7942675159235668,1.961783439490446,3.220063694267516,facil2010new.xls
365310,MANORCARE HEALTH SERVICES - NORTH OLMSTED,OH,Healthpeak / HCR ManorCare,2011,0,MANORCARE HEALTH SERVICES - NORTH OLMSTED,OH,178,,152.46,73.68,11.84,0.605,0.755,2.126,3.485,facility_2011.xls
365310,MANORCARE HEALTH SERVICES - NORTH OLMSTED,OH,Healthpeak / HCR ManorCare,2012,1,MANORCARE HEALTH SERVICES - NORTH OLMSTED,OH,178,,159.21,75.16,14.29,0.36,0.843,1.851,3.053,facility_2012.xls
365310,MANORCARE HEALTH SERVICES - NORTH OLMSTED,OH,Healthpeak / HCR ManorCare,2013,2,MANORCARE HEALTH SERVICES - NORTH OLMSTED,OH,165,,149.37,73.68,14.47,0.522,0.733,1.961,3.216,facility_2013.xls
365315,HEARTLAND VICTORIAN VILLAGE,OH,Healthpeak / HCR ManorCare,2009,-2,HEARTLAND VICTORIAN VILLAGE,OH,148,,,69.23,14.42,0.5653846153846155,0.8846153846153846,1.9144230769230768,3.364423076923077,facil2009new.xls
365315,HEARTLAND VICTORIAN VILLAGE,OH,Healthpeak / HCR ManorCare,2010,-1,HEARTLAND VICTORIAN VILLAGE,OH,148,,,76.24,9.9,0.6905940594059405,0.65,1.750990099009901,3.0915841584158414,facil2010new.xls
365315,HEARTLAND VICTORIAN VILLAGE,OH,Healthpeak / HCR ManorCare,2011,0,HEARTLAND VICTORIAN VILLAGE,OH,148,,89.99,81.0,8.0,0.584,0.699,1.915,3.197,facility_2011.xls
365315,HEARTLAND VICTORIAN VILLAGE,OH,Healthpeak / HCR ManorCare,2012,1,HEARTLAND VICTORIAN VILLAGE,OH,148,,89.89,89.77,3.41,0.541,0.841,2.053,3.435,facility_2012.xls
365315,HEARTLAND VICTORIAN VILLAGE,OH,Healthpeak / HCR ManorCare,2013,2,HEARTLAND VICTORIAN VILLAGE,OH,104,,84.04,82.61,8.7,0.601,0.821,2.047,3.469,facility_2013.xls
365316,MANORCARE HEALTH SERVICES-AKRON,OH,Healthpeak / HCR ManorCare,2009,-2,MANORCARE HEALTH SERVICES-AKRON,OH,117,,,66.67,19.79,0.4932291666666666,0.9395833333333332,2.178125,3.6109375,facil2009new.xls
365316,MANORCARE HEALTH SERVICES-AKRON,OH,Healthpeak / HCR ManorCare,2010,-1,MANORCARE HEALTH SERVICES-AKRON,OH,117,,,66.67,19.79,0.4932291666666666,0.9395833333333332,2.178125,3.6109375,facil2010new.xls
365316,MANORCARE HEALTH SERVICES-AKRON,OH,Healthpeak / HCR ManorCare,2011,0,MANORCARE HEALTH SERVICES-AKRON,OH,117,,107.54,66.07,19.64,0.671,0.753,2.017,3.44,facility_2011.xls
365316,MANORCARE HEALTH SERVICES-AKRON,OH,Healthpeak / HCR ManorCare,2012,1,MANORCARE HEALTH SERVICES-AKRON,OH,117,,106.72,61.17,19.42,0.837,0.768,2.257,3.863,facility_2012.xls
365316,MANORCARE HEALTH SERVICES-AKRON,OH,Healthpeak / HCR ManorCare,2013,2,MANORCARE HEALTH SERVICES-AKRON,OH,117,,107.75,61.95,23.89,0.669,0.788,1.947,3.404,facility_2013.xls
365324,MANORCARE HLTH SVCS-BELDEN VIL,OH,Healthpeak / HCR ManorCare,2009,-2,MANORCARE HLTH SVCS-BELDEN VIL,OH,139,,,76.34,9.16,0.3652671755725191,0.998854961832061,2.2251908396946565,3.589312977099236,facil2009new.xls
365324,MANORCARE HLTH SVCS-BELDEN VIL,OH,Healthpeak / HCR ManorCare,2010,-1,MANORCARE HLTH SVCS-BELDEN VIL,OH,139,,,76.34,9.16,0.3652671755725191,0.998854961832061,2.2251908396946565,3.589312977099236,facil2010new.xls
365324,MANORCARE HLTH SVCS-BELDEN VIL,OH,Healthpeak / HCR ManorCare,2011,0,MANORCARE HLTH SVCS-BELDEN VIL,OH,139,,122.45,72.59,6.67,0.357,0.865,1.926,3.147,facility_2011.xls
365324,MANORCARE HLTH SVCS-BELDEN VIL,OH,Healthpeak / HCR ManorCare,2012,1,MANORCARE HLTH SVCS-BELDEN VIL,OH,139,,118.69,72.93,9.77,0.261,0.728,1.773,2.761,facility_2012.xls
365324,MANORCARE HLTH SVCS-BELDEN VIL,OH,Healthpeak / HCR ManorCare,2013,2,MANORCARE HLTH SVCS-BELDEN VIL,OH,139,,118.03,82.03,4.69,0.293,0.799,1.953,3.045,facility_2013.xls
365330,HEARTLAND OF WAUSEON,OH,Healthpeak / HCR ManorCare,2009,-2,HEARTLAND OF WAUSEON,OH,50,,,70.27,8.11,0.377027027027027,0.7932432432432431,2.2635135135135136,3.4337837837837837,facil2009new.xls
365330,HEARTLAND OF WAUSEON,OH,Healthpeak / HCR ManorCare,2010,-1,HEARTLAND OF WAUSEON,OH,50,,,68.42,2.63,0.2368421052631578,0.356578947368421,1.061842105263158,1.6552631578947368,facil2010new.xls
365330,HEARTLAND OF WAUSEON,OH,Healthpeak / HCR ManorCare,2011,0,HEARTLAND OF WAUSEON,OH,50,,39.43,75.0,8.33,0.315,0.869,2.342,3.526,facility_2011.xls
365330,HEARTLAND OF WAUSEON,OH,Healthpeak / HCR ManorCare,2012,1,HEARTLAND OF WAUSEON,OH,50,,42.22,66.67,5.56,0.328,0.731,2.203,3.261,facility_2012.xls
365330,HEARTLAND OF WAUSEON,OH,Healthpeak / HCR ManorCare,2013,2,HEARTLAND OF WAUSEON,OH,50,,39.68,86.11,0.0,0.687,0.472,2.339,3.499,facility_2013.xls
365340,MANORCARE HEALTH SERVICES-BARBERTON,OH,Healthpeak / HCR ManorCare,2009,-2,MANORCARE HEALTH SERVICES-BARBERTON,OH,120,,,57.66,16.22,0.3945945945945945,0.6981981981981982,1.8153153153153152,2.908108108108108,facil2009new.xls
365340,MANORCARE HEALTH SERVICES-BARBERTON,OH,Healthpeak / HCR ManorCare,2010,-1,MANORCARE HEALTH SERVICES-BARBERTON,OH,120,,,53.57,10.71,0.4888392857142857,0.6785714285714286,1.9370535714285713,3.1044642857142852,facil2010new.xls
365340,MANORCARE HEALTH SERVICES-BARBERTON,OH,Healthpeak / HCR ManorCare,2011,0,MANORCARE HEALTH SERVICES-BARBERTON,OH,120,,107.28,55.17,20.69,0.479,0.645,1.852,2.975,facility_2011.xls
365340,MANORCARE HEALTH SERVICES-BARBERTON,OH,Healthpeak / HCR ManorCare,2012,1,MANORCARE HEALTH SERVICES-BARBERTON,OH,120,,108.68,61.06,12.39,0.419,0.661,1.854,2.935,facility_2012.xls
365340,MANORCARE HEALTH SERVICES-BARBERTON,OH,Healthpeak / HCR ManorCare,2013,2,MANORCARE HEALTH SERVICES-BARBERTON,OH,120,,106.17,56.64,7.96,0.388,0.686,1.783,2.857,facility_2013.xls
365355,MANORCARE HEALTH SERVICES-MAYFIELD HTS,OH,Healthpeak / HCR ManorCare,2009,-2,MANORCARE HEALTH SERVICES-MAYFIELD HTS,OH,150,,,62.59,13.67,0.4762589928057554,0.9618705035971225,2.0467625899280577,3.484892086330935,facil2009new.xls
365355,MANORCARE HEALTH SERVICES-MAYFIELD HTS,OH,Healthpeak / HCR ManorCare,2010,-1,MANORCARE HEALTH SERVICES-MAYFIELD HTS,OH,150,,,53.57,18.57,0.4632142857142857,0.8582142857142857,1.9339285714285712,3.255357142857143,facil2010new.xls
365355,MANORCARE HEALTH SERVICES-MAYFIELD HTS,OH,Healthpeak / HCR ManorCare,2011,0,MANORCARE HEALTH SERVICES-MAYFIELD HTS,OH,150,,121.92,62.18,30.25,0.593,0.793,2.373,3.76,facility_2011.xls
365355,MANORCARE HEALTH SERVICES-MAYFIELD HTS,OH,Healthpeak / HCR ManorCare,2012,1,MANORCARE HEALTH SERVICES-MAYFIELD HTS,OH,150,,122.3,62.18,21.85,0.501,0.9,1.995,3.396,facility_2012.xls
365355,MANORCARE HEALTH SERVICES-MAYFIELD HTS,OH,Healthpeak / HCR ManorCare,2013,2,MANORCARE HEALTH SERVICES-MAYFIELD HTS,OH,150,,108.77,82.69,7.69,0.63,0.988,2.317,3.935,facility_2013.xls
365365,HEARTLAND OF URBANA,OH,Healthpeak / HCR ManorCare,2009,-2,HEARTLAND OF URBANA,OH,85,,,76.56,9.38,0.18125,0.7375,1.76640625,2.6851562500000004,facil2009new.xls
365365,HEARTLAND OF URBANA,OH,Healthpeak / HCR ManorCare,2010,-1,HEARTLAND OF URBANA,OH,85,,,63.83,10.64,0.2276595744680851,0.7553191489361702,1.9351063829787232,2.918085106382979,facil2010new.xls
365365,HEARTLAND OF URBANA,OH,Healthpeak / HCR ManorCare,2011,0,HEARTLAND OF URBANA,OH,85,,45.55,79.17,8.33,0.531,0.525,1.68,2.736,facility_2011.xls
365365,HEARTLAND OF URBANA,OH,Healthpeak / HCR ManorCare,2012,1,HEARTLAND OF URBANA,OH,85,,49.69,82.61,8.7,0.783,0.73,1.98,3.493,facility_2012.xls
365365,HEARTLAND OF URBANA,OH,Healthpeak / HCR ManorCare,2013,2,HEARTLAND OF URBANA,OH,85,,38.72,82.61,8.7,0.783,0.73,1.98,3.493,facility_2013.xls
365374,HEARTLAND OF BEAVERCREEK,OH,Healthpeak / HCR ManorCare,2009,-2,HEARTLAND OF BEAVERCREEK,OH,100,,,31.33,16.87,0.4783132530120481,0.8518072289156625,2.0602409638554215,3.390361445783132,facil2009new.xls
365374,HEARTLAND OF BEAVERCREEK,OH,Healthpeak / HCR ManorCare,2010,-1,HEARTLAND OF BEAVERCREEK,OH,100,,,31.33,16.87,0.4783132530120481,0.8518072289156625,2.0602409638554215,3.390361445783132,facil2010new.xls
365374,HEARTLAND OF BEAVERCREEK,OH,Healthpeak / HCR ManorCare,2011,0,HEARTLAND OF BEAVERCREEK,OH,100,,86.96,34.09,14.77,0.501,0.677,2.172,3.349,facility_2011.xls
365374,HEARTLAND OF BEAVERCREEK,OH,Healthpeak / HCR ManorCare,2012,1,HEARTLAND OF BEAVERCREEK,OH,100,,81.86,31.46,23.6,0.584,0.759,2.031,3.374,facility_2012.xls
365374,HEARTLAND OF BEAVERCREEK,OH,Healthpeak / HCR ManorCare,2013,2,HEARTLAND OF BEAVERCREEK,OH,115,,82.49,51.81,18.07,0.472,0.749,2.102,3.323,facility_2013.xls
365392,MANORCARE HEALTH SERVICES-ROCKY RIVER,OH,Healthpeak / HCR ManorCare,2009,-2,MANORCARE HEALTH SERVICES-ROCKY RIVER,OH,210,,,76.3,8.15,0.5977777777777779,0.8018518518518518,1.8503703703703704,3.25,facil2009new.xls
365392,MANORCARE HEALTH SERVICES-ROCKY RIVER,OH,Healthpeak / HCR ManorCare,2010,-1,MANORCARE HEALTH SERVICES-ROCKY RIVER,OH,210,,,75.52,17.48,0.4150349650349651,0.7849650349650351,1.9615384615384617,3.1615384615384623,facil2010new.xls
365392,MANORCARE HEALTH SERVICES-ROCKY RIVER,OH,Healthpeak / HCR ManorCare,2011,0,MANORCARE HEALTH SERVICES-ROCKY RIVER,OH,200,,115.93,76.52,10.61,0.561,0.725,2.002,3.288,facility_2011.xls
365392,MANORCARE HEALTH SERVICES-ROCKY RIVER,OH,Healthpeak / HCR ManorCare,2012,1,MANORCARE HEALTH SERVICES-ROCKY RIVER,OH,140,,100.3,73.53,10.78,0.542,0.854,1.856,3.253,facility_2012.xls
365392,MANORCARE HEALTH SERVICES-ROCKY RIVER,OH,Healthpeak / HCR ManorCare,2013,2,MANORCARE HEALTH SERVICES-ROCKY RIVER,OH,140,,96.29,74.75,14.14,0.6,0.77,1.964,3.334,facility_2013.xls
365393,HEARTLAND OF JACKSON,OH,Healthpeak / HCR ManorCare,2009,-2,HEARTLAND OF JACKSON,OH,88,,,79.17,9.72,0.4451388888888888,0.6729166666666666,1.8861111111111113,3.004166666666667,facil2009new.xls
365393,HEARTLAND OF JACKSON,OH,Healthpeak / HCR ManorCare,2010,-1,HEARTLAND OF JACKSON,OH,88,,,78.79,3.03,0.4946969696969697,0.6242424242424243,2.025757575757575,3.1446969696969695,facil2010new.xls
365393,HEARTLAND OF JACKSON,OH,Healthpeak / HCR ManorCare,2011,0,HEARTLAND OF JACKSON,OH,88,,70.38,68.75,14.06,0.433,0.474,2.13,3.038,facility_2011.xls
365393,HEARTLAND OF JACKSON,OH,Healthpeak / HCR ManorCare,2012,1,HEARTLAND OF JACKSON,OH,82,,73.57,67.07,15.85,0.519,0.502,1.957,2.979,facility_2012.xls
365393,HEARTLAND OF JACKSON,OH,Healthpeak / HCR ManorCare,2013,2,HEARTLAND OF JACKSON,OH,82,,72.33,82.67,8.0,0.379,0.469,1.571,2.419,facility_2013.xls
365453,HEARTLAND OF OREGON,OH,Healthpeak / HCR ManorCare,2009,-2,HEARTLAND OF OREGON,OH,110,,,67.01,11.34,0.4809278350515464,0.7371134020618557,1.731958762886598,2.95,facil2009new.xls
365453,HEARTLAND OF OREGON,OH,Healthpeak / HCR ManorCare,2010,-1,HEARTLAND OF OREGON,OH,110,,,66.33,18.37,0.4841836734693878,0.8964285714285712,1.964795918367347,3.3454081632653057,facil2010new.xls
365453,HEARTLAND OF OREGON,OH,Healthpeak / HCR ManorCare,2011,0,HEARTLAND OF OREGON,OH,101,,89.19,74.19,11.83,0.535,0.999,2.111,3.646,facility_2011.xls
365453,HEARTLAND OF OREGON,OH,Healthpeak / HCR ManorCare,2012,1,HEARTLAND OF OREGON,OH,125,,95.8,72.45,12.24,0.442,0.968,1.987,3.397,facility_2012.xls
365453,HEARTLAND OF OREGON,OH,Healthpeak / HCR ManorCare,2013,2,HEARTLAND OF OREGON,OH,125,,95.7,72.45,12.24,0.442,0.968,1.987,3.397,facility_2013.xls
365514,HEARTLAND OF SPRINGFIELD,OH,Healthpeak / HCR ManorCare,2009,-2,HEARTLAND OF SPRINGFIELD,OH,126,,,48.15,28.4,0.4216049382716049,0.7765432098765431,1.8024691358024691,3.0006172839506173,facil2009new.xls
365514,HEARTLAND OF SPRINGFIELD,OH,Healthpeak / HCR ManorCare,2010,-1,HEARTLAND OF SPRINGFIELD,OH,126,,,54.46,15.84,0.4485148514851486,0.9608910891089107,1.900990099009901,3.3103960396039604,facil2010new.xls
365514,HEARTLAND OF SPRINGFIELD,OH,Healthpeak / HCR ManorCare,2011,0,HEARTLAND OF SPRINGFIELD,OH,126,,79.92,59.04,14.46,0.499,1.059,2.031,3.589,facility_2011.xls
365514,HEARTLAND OF SPRINGFIELD,OH,Healthpeak / HCR ManorCare,2012,1,HEARTLAND OF SPRINGFIELD,OH,126,,93.95,64.71,6.86,0.433,0.815,2.202,3.45,facility_2012.xls
365514,HEARTLAND OF SPRINGFIELD,OH,Healthpeak / HCR ManorCare,2013,2,HEARTLAND OF SPRINGFIELD,OH,126,,96.9,83.52,5.49,0.438,0.718,2.207,3.362,facility_2013.xls
365525,HEARTLAND OF CENTERBURG,OH,Healthpeak / HCR ManorCare,2009,-2,HEARTLAND OF CENTERBURG,OH,71,,,64.71,11.76,0.5639705882352941,1.0176470588235291,1.7669117647058823,3.3485294117647055,facil2009new.xls
365525,HEARTLAND OF CENTERBURG,OH,Healthpeak / HCR ManorCare,2010,-1,HEARTLAND OF CENTERBURG,OH,71,,,78.95,3.51,0.5078947368421053,1.381578947368421,1.947368421052632,3.836842105263158,facil2010new.xls
365525,HEARTLAND OF CENTERBURG,OH,Healthpeak / HCR ManorCare,2011,0,HEARTLAND OF CENTERBURG,OH,71,,51.88,67.31,5.77,0.721,1.203,2.113,4.038,facility_2011.xls
365525,HEARTLAND OF CENTERBURG,OH,Healthpeak / HCR ManorCare,2012,1,HEARTLAND OF CENTERBURG,OH,71,,44.38,59.57,17.02,0.472,1.196,2.137,3.805,facility_2012.xls
365525,HEARTLAND OF CENTERBURG,OH,Healthpeak / HCR ManorCare,2013,2,HEARTLAND OF CENTERBURG,OH,71,,38.92,59.57,17.02,0.472,1.196,2.137,3.805,facility_2013.xls
365532,HEARTLAND OF GREENVILLE,OH,Healthpeak / HCR ManorCare,2009,-2,HEARTLAND OF GREENVILLE,OH,92,,,51.9,17.72,0.329746835443038,0.7708860759493671,2.0854430379746836,3.1860759493670887,facil2009new.xls
365532,HEARTLAND OF GREENVILLE,OH,Healthpeak / HCR ManorCare,2010,-1,HEARTLAND OF GREENVILLE,OH,92,,,51.85,25.93,0.4432098765432098,0.7290123456790124,1.9814814814814816,3.153703703703704,facil2010new.xls
365532,HEARTLAND OF GREENVILLE,OH,Healthpeak / HCR ManorCare,2011,0,HEARTLAND OF GREENVILLE,OH,92,,75.73,56.41,14.1,0.404,0.78,1.991,3.176,facility_2011.xls
365532,HEARTLAND OF GREENVILLE,OH,Healthpeak / HCR ManorCare,2012,1,HEARTLAND OF GREENVILLE,OH,92,,75.89,54.32,20.99,0.467,0.53,1.739,2.736,facility_2012.xls
365532,HEARTLAND OF GREENVILLE,OH,Healthpeak / HCR ManorCare,2013,2,HEARTLAND OF GREENVILLE,OH,92,,72.59,54.32,20.99,0.467,0.53,1.739,2.736,facility_2013.xls
365535,HEARTLAND OF PERRYSBURG,OH,Healthpeak / HCR ManorCare,2009,-2,HEARTLAND OF PERRYSBURG,OH,122,,,49.11,23.21,0.515625,0.9959821428571428,1.9370535714285713,3.4486607142857144,facil2009new.xls
365535,HEARTLAND OF PERRYSBURG,OH,Healthpeak / HCR ManorCare,2010,-1,HEARTLAND OF PERRYSBURG,OH,122,,,37.61,30.28,0.5298165137614679,1.0233944954128442,1.990366972477064,3.543577981651376,facil2010new.xls
365535,HEARTLAND OF PERRYSBURG,OH,Healthpeak / HCR ManorCare,2011,0,HEARTLAND OF PERRYSBURG,OH,122,,109.7,42.74,19.66,0.553,1.043,1.945,3.541,facility_2011.xls
365535,HEARTLAND OF PERRYSBURG,OH,Healthpeak / HCR ManorCare,2012,1,HEARTLAND OF PERRYSBURG,OH,122,,105.17,47.27,20.0,0.626,0.895,1.947,3.468,facility_2012.xls
365535,HEARTLAND OF PERRYSBURG,OH,Healthpeak / HCR ManorCare,2013,2,HEARTLAND OF PERRYSBURG,OH,122,,103.58,65.42,14.95,0.573,1.036,2.022,3.632,facility_2013.xls
365557,HEARTLAND OF EATON,OH,Healthpeak / HCR ManorCare,2009,-2,HEARTLAND OF EATON,OH,100,,,67.06,7.06,0.2294117647058823,0.8117647058823529,1.8411764705882352,2.8823529411764706,facil2009new.xls
365557,HEARTLAND OF EATON,OH,Healthpeak / HCR ManorCare,2010,-1,HEARTLAND OF EATON,OH,100,,,71.25,11.25,0.330625,0.860625,1.893125,3.0843749999999996,facil2010new.xls
365557,HEARTLAND OF EATON,OH,Healthpeak / HCR ManorCare,2011,0,HEARTLAND OF EATON,OH,100,,80.57,71.08,7.23,0.344,0.757,1.825,2.926,facility_2011.xls
365557,HEARTLAND OF EATON,OH,Healthpeak / HCR ManorCare,2012,1,HEARTLAND OF EATON,OH,100,,76.2,67.09,10.13,0.449,0.608,1.908,2.965,facility_2012.xls
365557,HEARTLAND OF EATON,OH,Healthpeak / HCR ManorCare,2013,2,HEARTLAND OF EATON,OH,100,,71.52,76.71,6.85,0.383,0.805,1.908,3.096,facility_2013.xls
365559,HEARTLAND-LANSING,OH,Healthpeak / HCR ManorCare,2009,-2,HEARTLAND-LANSING,OH,100,,,49.43,16.09,0.4298850574712644,0.664367816091954,1.9086206896551725,3.0028735632183907,facil2009new.xls
365559,HEARTLAND-LANSING,OH,Healthpeak / HCR ManorCare,2010,-1,HEARTLAND-LANSING,OH,100,,,64.2,13.58,0.2864197530864198,0.7697530864197532,1.6407407407407404,2.6969135802469135,facil2010new.xls
365559,HEARTLAND-LANSING,OH,Healthpeak / HCR ManorCare,2011,0,HEARTLAND-LANSING,OH,100,,71.97,70.67,10.67,0.578,0.709,1.782,3.069,facility_2011.xls
365559,HEARTLAND-LANSING,OH,Healthpeak / HCR ManorCare,2012,1,HEARTLAND-LANSING,OH,99,,78.43,67.82,11.49,0.553,0.956,1.939,3.448,facility_2012.xls
365559,HEARTLAND-LANSING,OH,Healthpeak / HCR ManorCare,2013,2,HEARTLAND-LANSING,OH,99,,80.93,67.82,11.49,0.553,0.956,1.939,3.448,facility_2013.xls
365576,HEARTLAND OF CHILLICOTHE,OH,Healthpeak / HCR ManorCare,2009,-2,HEARTLAND OF CHILLICOTHE,OH,100,,,59.34,17.58,0.5714285714285714,0.6521978021978021,1.8076923076923077,3.0313186813186808,facil2009new.xls
365576,HEARTLAND OF CHILLICOTHE,OH,Healthpeak / HCR ManorCare,2010,-1,HEARTLAND OF CHILLICOTHE,OH,100,,,68.09,17.02,0.5249999999999999,0.5835106382978723,1.9446808510638296,3.053191489361702,facil2010new.xls
365576,HEARTLAND OF CHILLICOTHE,OH,Healthpeak / HCR ManorCare,2011,0,HEARTLAND OF CHILLICOTHE,OH,100,,91.27,61.54,17.58,0.484,0.897,2.409,3.79,facility_2011.xls
365576,HEARTLAND OF CHILLICOTHE,OH,Healthpeak / HCR ManorCare,2012,1,HEARTLAND OF CHILLICOTHE,OH,100,,87.64,66.33,17.35,0.404,0.751,1.965,3.12,facility_2012.xls
365576,HEARTLAND OF CHILLICOTHE,OH,Healthpeak / HCR ManorCare,2013,2,HEARTLAND OF CHILLICOTHE,OH,100,,88.92,68.13,17.58,0.66,0.676,1.899,3.236,facility_2013.xls
365577,HEARTLAND OF MARYSVILLE,OH,Healthpeak / HCR ManorCare,2009,-2,HEARTLAND OF MARYSVILLE,OH,100,,,53.85,19.23,0.3448717948717948,0.6814102564102563,1.8916666666666668,2.917948717948718,facil2009new.xls
365577,HEARTLAND OF MARYSVILLE,OH,Healthpeak / HCR ManorCare,2010,-1,HEARTLAND OF MARYSVILLE,OH,100,,,78.08,5.48,0.8452054794520548,0.4664383561643835,2.1212328767123285,3.432876712328767,facil2010new.xls
365577,HEARTLAND OF MARYSVILLE,OH,Healthpeak / HCR ManorCare,2011,0,HEARTLAND OF MARYSVILLE,OH,100,,76.54,69.14,9.88,0.612,0.417,2.034,3.063,facility_2011.xls
365577,HEARTLAND OF MARYSVILLE,OH,Healthpeak / HCR ManorCare,2012,1,HEARTLAND OF MARYSVILLE,OH,100,,77.38,69.14,9.88,0.612,0.417,2.034,3.063,facility_2012.xls
365577,HEARTLAND OF MARYSVILLE,OH,Healthpeak / HCR ManorCare,2013,2,HEARTLAND OF MARYSVILLE,OH,100,,67.95,64.29,11.43,0.489,0.534,1.841,2.864,facility_2013.xls
365584,HEARTLAND OF PORTSMOUTH,OH,Healthpeak / HCR ManorCare,2009,-2,HEARTLAND OF PORTSMOUTH,OH,121,,,70.64,17.43,0.4151376146788991,0.83348623853211,2.0564220183486235,3.305045871559633,facil2009new.xls
365584,HEARTLAND OF PORTSMOUTH,OH,Healthpeak / HCR ManorCare,2010,-1,HEARTLAND OF PORTSMOUTH,OH,121,,,65.42,16.82,0.3626168224299065,0.8397196261682243,1.9560747663551403,3.1584112149532713,facil2010new.xls
365584,HEARTLAND OF PORTSMOUTH,OH,Healthpeak / HCR ManorCare,2011,0,HEARTLAND OF PORTSMOUTH,OH,121,,107.84,59.05,20.95,0.375,0.768,1.916,3.059,facility_2011.xls
365584,HEARTLAND OF PORTSMOUTH,OH,Healthpeak / HCR ManorCare,2012,1,HEARTLAND OF PORTSMOUTH,OH,121,,105.19,59.05,20.95,0.375,0.768,1.916,3.059,facility_2012.xls
365584,HEARTLAND OF PORTSMOUTH,OH,Healthpeak / HCR ManorCare,2013,2,HEARTLAND OF PORTSMOUTH,OH,121,,96.38,69.89,18.28,0.366,0.855,2.031,3.253,facility_2013.xls
365594,MANORCARE HEALTH SERVICES-EUCLID BEACH,OH,Healthpeak / HCR ManorCare,2009,-2,MANORCARE HEALTH SERVICES-EUCLID BEACH,OH,202,,,82.78,9.93,0.5387417218543046,0.8185430463576159,1.9158940397350992,3.2731788079470197,facil2009new.xls
365594,MANORCARE HEALTH SERVICES-EUCLID BEACH,OH,Healthpeak / HCR ManorCare,2010,-1,MANORCARE HEALTH SERVICES-EUCLID BEACH,OH,202,,,78.47,11.81,0.5288194444444445,0.539236111111111,2.014930555555555,3.0829861111111105,facil2010new.xls
365594,MANORCARE HEALTH SERVICES-EUCLID BEACH,OH,Healthpeak / HCR ManorCare,2011,0,MANORCARE HEALTH SERVICES-EUCLID BEACH,OH,186,,133.56,75.0,9.56,0.46,0.553,2.165,3.177,facility_2011.xls
365594,MANORCARE HEALTH SERVICES-EUCLID BEACH,OH,Healthpeak / HCR ManorCare,2012,1,MANORCARE HEALTH SERVICES-EUCLID BEACH,OH,160,,132.99,83.45,11.51,0.332,0.532,2.049,2.913,facility_2012.xls
365594,MANORCARE HEALTH SERVICES-EUCLID BEACH,OH,Healthpeak / HCR ManorCare,2013,2,MANORCARE HEALTH SERVICES-EUCLID BEACH,OH,149,,129.59,86.15,11.54,0.525,0.704,2.152,3.382,facility_2013.xls
365607,HEARTLAND OF PIQUA,OH,Healthpeak / HCR ManorCare,2009,-2,HEARTLAND OF PIQUA,OH,100,,,53.61,19.59,0.3561855670103092,0.7134020618556701,1.8706185567010307,2.94020618556701,facil2009new.xls
365607,HEARTLAND OF PIQUA,OH,Healthpeak / HCR ManorCare,2010,-1,HEARTLAND OF PIQUA,OH,100,,,64.29,12.86,0.46,0.9014285714285716,2.5664285714285717,3.9278571428571425,facil2010new.xls
365607,HEARTLAND OF PIQUA,OH,Healthpeak / HCR ManorCare,2011,0,HEARTLAND OF PIQUA,OH,100,,77.51,62.65,15.66,0.616,0.725,2.035,3.377,facility_2011.xls
365607,HEARTLAND OF PIQUA,OH,Healthpeak / HCR ManorCare,2012,1,HEARTLAND OF PIQUA,OH,100,,79.45,28.26,71.74,0.548,0.627,1.825,3.0,facility_2012.xls
365607,HEARTLAND OF PIQUA,OH,Healthpeak / HCR ManorCare,2013,2,HEARTLAND OF PIQUA,OH,100,,79.12,69.33,14.67,0.58,0.636,2.121,3.337,facility_2013.xls
365615,HEARTLAND OF BELLEFONTAINE,OH,Healthpeak / HCR ManorCare,2009,-2,HEARTLAND OF BELLEFONTAINE,OH,100,,,65.48,19.05,0.4059523809523809,0.5482142857142858,1.8541666666666667,2.8083333333333336,facil2009new.xls
365615,HEARTLAND OF BELLEFONTAINE,OH,Healthpeak / HCR ManorCare,2010,-1,HEARTLAND OF BELLEFONTAINE,OH,100,,,67.42,14.61,0.5252808988764045,0.5679775280898877,1.8415730337078653,2.934831460674157,facil2010new.xls
365615,HEARTLAND OF BELLEFONTAINE,OH,Healthpeak / HCR ManorCare,2011,0,HEARTLAND OF BELLEFONTAINE,OH,100,,83.25,65.22,14.13,0.615,0.594,1.879,3.088,facility_2011.xls
365615,HEARTLAND OF BELLEFONTAINE,OH,Healthpeak / HCR ManorCare,2012,1,HEARTLAND OF BELLEFONTAINE,OH,99,,77.2,78.38,8.11,0.668,0.59,2.034,3.291,facility_2012.xls
365615,HEARTLAND OF BELLEFONTAINE,OH,Healthpeak / HCR ManorCare,2013,2,HEARTLAND OF BELLEFONTAINE,OH,99,,78.42,71.43,11.69,0.621,0.494,1.753,2.868,facility_2013.xls
365616,HEARTLAND OF KETTERING,OH,Healthpeak / HCR ManorCare,2009,-2,HEARTLAND OF KETTERING,OH,100,,,50.0,18.29,0.5182926829268293,0.951219512195122,2.0085365853658534,3.478048780487805,facil2009new.xls
365616,HEARTLAND OF KETTERING,OH,Healthpeak / HCR ManorCare,2010,-1,HEARTLAND OF KETTERING,OH,100,,,51.09,13.04,0.4619565217391304,0.8478260869565217,1.7902173913043478,3.1,facil2010new.xls
365616,HEARTLAND OF KETTERING,OH,Healthpeak / HCR ManorCare,2011,0,HEARTLAND OF KETTERING,OH,100,,88.18,47.25,16.48,0.618,0.546,1.966,3.13,facility_2011.xls
365616,HEARTLAND OF KETTERING,OH,Healthpeak / HCR ManorCare,2012,1,HEARTLAND OF KETTERING,OH,100,,87.76,43.68,13.79,0.486,0.459,2.263,3.207,facility_2012.xls
365616,HEARTLAND OF KETTERING,OH,Healthpeak / HCR ManorCare,2013,2,HEARTLAND OF KETTERING,OH,100,,87.54,43.68,13.79,0.486,0.459,2.263,3.207,facility_2013.xls
365617,HEARTLAND OF WATERVILLE,OH,Healthpeak / HCR ManorCare,2009,-2,HEARTLAND OF WATERVILLE,OH,126,,,63.39,11.61,0.5392857142857143,0.9629464285714284,2.084375,3.5866071428571433,facil2009new.xls
365617,HEARTLAND OF WATERVILLE,OH,Healthpeak / HCR ManorCare,2010,-1,HEARTLAND OF WATERVILLE,OH,126,,,64.1,17.09,0.5217948717948718,0.138034188034188,2.3094017094017096,2.9692307692307693,facil2010new.xls
365617,HEARTLAND OF WATERVILLE,OH,Healthpeak / HCR ManorCare,2011,0,HEARTLAND OF WATERVILLE,OH,126,,102.92,57.14,15.13,0.441,0.645,2.232,3.318,facility_2011.xls
365617,HEARTLAND OF WATERVILLE,OH,Healthpeak / HCR ManorCare,2012,1,HEARTLAND OF WATERVILLE,OH,126,,108.51,49.52,22.86,0.575,1.027,2.223,3.826,facility_2012.xls
365617,HEARTLAND OF WATERVILLE,OH,Healthpeak / HCR ManorCare,2013,2,HEARTLAND OF WATERVILLE,OH,126,,104.6,65.81,16.24,0.459,1.062,2.342,3.863,facility_2013.xls
365619,HEARTLAND OF BUCYRUS,OH,Healthpeak / HCR ManorCare,2009,-2,HEARTLAND OF BUCYRUS,OH,96,,,45.68,30.86,0.1753086419753086,1.1080246913580247,2.1524691358024692,3.435802469135802,facil2009new.xls
365619,HEARTLAND OF BUCYRUS,OH,Healthpeak / HCR ManorCare,2010,-1,HEARTLAND OF BUCYRUS,OH,96,,,66.67,16.09,0.3505747126436782,0.6017241379310344,2.561494252873563,3.513793103448276,facil2010new.xls
365619,HEARTLAND OF BUCYRUS,OH,Healthpeak / HCR ManorCare,2011,0,HEARTLAND OF BUCYRUS,OH,96,,82.75,69.51,4.88,0.066,0.662,1.961,2.69,facility_2011.xls
365619,HEARTLAND OF BUCYRUS,OH,Healthpeak / HCR ManorCare,2012,1,HEARTLAND OF BUCYRUS,OH,90,,79.08,72.5,15.0,0.506,0.633,1.801,2.939,facility_2012.xls
365619,HEARTLAND OF BUCYRUS,OH,Healthpeak / HCR ManorCare,2013,2,HEARTLAND OF BUCYRUS,OH,86,,78.84,72.5,8.75,0.385,0.859,1.923,3.167,facility_2013.xls
365620,HEARTLAND OF RIVERVIEW,OH,Healthpeak / HCR ManorCare,2009,-2,HEARTLAND OF RIVERVIEW,OH,100,,,65.26,18.95,0.2826315789473683,0.781578947368421,1.94,3.004210526315789,facil2009new.xls
365620,HEARTLAND OF RIVERVIEW,OH,Healthpeak / HCR ManorCare,2010,-1,HEARTLAND OF RIVERVIEW,OH,100,,,56.99,20.43,0.4569892473118279,0.8204301075268817,1.9655913978494624,3.243010752688172,facil2010new.xls
365620,HEARTLAND OF RIVERVIEW,OH,Healthpeak / HCR ManorCare,2011,0,HEARTLAND OF RIVERVIEW,OH,100,,93.61,56.12,37.76,0.446,0.57,2.134,3.151,facility_2011.xls
365620,HEARTLAND OF RIVERVIEW,OH,Healthpeak / HCR ManorCare,2012,1,HEARTLAND OF RIVERVIEW,OH,100,,95.08,56.12,37.76,0.446,0.57,2.134,3.151,facility_2012.xls
365620,HEARTLAND OF RIVERVIEW,OH,Healthpeak / HCR ManorCare,2013,2,HEARTLAND OF RIVERVIEW,OH,100,,94.09,59.79,23.71,0.496,0.542,1.904,2.942,facility_2013.xls
365621,HEARTLAND OF HILLSBORO,OH,Healthpeak / HCR ManorCare,2009,-2,HEARTLAND OF HILLSBORO,OH,100,,,47.87,32.98,0.4787234042553192,0.6867021276595744,1.9335106382978724,3.0989361702127662,facil2009new.xls
365621,HEARTLAND OF HILLSBORO,OH,Healthpeak / HCR ManorCare,2010,-1,HEARTLAND OF HILLSBORO,OH,100,,,47.87,32.98,0.4787234042553192,0.6867021276595744,1.9335106382978724,3.0989361702127662,facil2010new.xls
365621,HEARTLAND OF HILLSBORO,OH,Healthpeak / HCR ManorCare,2011,0,HEARTLAND OF HILLSBORO,OH,100,,89.85,51.16,22.09,0.862,0.568,2.113,3.543,facility_2011.xls
365621,HEARTLAND OF HILLSBORO,OH,Healthpeak / HCR ManorCare,2012,1,HEARTLAND OF HILLSBORO,OH,100,,92.78,52.27,18.18,0.602,0.727,2.202,3.531,facility_2012.xls
365621,HEARTLAND OF HILLSBORO,OH,Healthpeak / HCR ManorCare,2013,2,HEARTLAND OF HILLSBORO,OH,100,,88.31,62.92,21.35,0.694,0.519,2.066,3.278,facility_2013.xls
365640,HEARTLAND OF MIAMISBURG,OH,Healthpeak / HCR ManorCare,2009,-2,HEARTLAND OF MIAMISBURG,OH,100,,,49.37,20.25,0.3626582278481013,0.770253164556962,1.9398734177215189,3.0727848101265822,facil2009new.xls
365640,HEARTLAND OF MIAMISBURG,OH,Healthpeak / HCR ManorCare,2010,-1,HEARTLAND OF MIAMISBURG,OH,100,,,53.57,17.86,0.3863095238095238,0.6517857142857143,1.8815476190476192,2.919642857142857,facil2010new.xls
365640,HEARTLAND OF MIAMISBURG,OH,Healthpeak / HCR ManorCare,2011,0,HEARTLAND OF MIAMISBURG,OH,100,,81.72,53.57,17.86,0.386,0.652,1.882,2.92,facility_2011.xls
365640,HEARTLAND OF MIAMISBURG,OH,Healthpeak / HCR ManorCare,2012,1,HEARTLAND OF MIAMISBURG,OH,100,,84.57,57.78,7.78,0.463,0.607,1.768,2.838,facility_2012.xls
365640,HEARTLAND OF MIAMISBURG,OH,Healthpeak / HCR ManorCare,2013,2,HEARTLAND OF MIAMISBURG,OH,120,,91.94,71.6,8.64,0.381,0.715,2.202,3.298,facility_2013.xls
365666,HEARTLAND OF INDIAN LAKE REHAB,OH,Healthpeak / HCR ManorCare,2009,-2,HEARTLAND OF INDIAN LAKE REHAB,OH,51,,,65.0,10.0,0.78375,0.62125,1.4375,2.8425,facil2009new.xls
365666,HEARTLAND OF INDIAN LAKE REHAB,OH,Healthpeak / HCR ManorCare,2010,-1,HEARTLAND OF INDIAN LAKE REHAB,OH,51,,,65.63,6.25,0.9125,0.8484375,1.8984375,3.659375,facil2010new.xls
365666,HEARTLAND OF INDIAN LAKE REHAB,OH,Healthpeak / HCR ManorCare,2011,0,HEARTLAND OF INDIAN LAKE REHAB,OH,51,,36.36,60.98,19.51,0.577,0.496,1.821,2.894,facility_2011.xls
365666,HEARTLAND OF INDIAN LAKE REHAB,OH,Healthpeak / HCR ManorCare,2012,1,HEARTLAND OF INDIAN LAKE REHAB,OH,51,,27.63,59.26,11.11,0.53,0.741,2.106,3.376,facility_2012.xls
365666,HEARTLAND OF INDIAN LAKE REHAB,OH,Healthpeak / HCR ManorCare,2013,2,HEARTLAND OF INDIAN LAKE REHAB,OH,51,,28.93,58.33,20.83,1.088,0.771,2.321,4.179,facility_2013.xls
365691,HEARTLAND OF MENTOR,OH,Healthpeak / HCR ManorCare,2009,-2,HEARTLAND OF MENTOR,OH,167,,,31.71,37.2,0.5984756097560975,1.1341463414634143,1.6527439024390245,3.385365853658536,facil2009new.xls
365691,HEARTLAND OF MENTOR,OH,Healthpeak / HCR ManorCare,2010,-1,HEARTLAND OF MENTOR,OH,167,,,26.99,42.33,0.6248466257668711,1.1030674846625768,1.9346625766871168,3.6625766871165646,facil2010new.xls
365691,HEARTLAND OF MENTOR,OH,Healthpeak / HCR ManorCare,2011,0,HEARTLAND OF MENTOR,OH,167,,150.96,26.92,45.51,0.772,0.911,2.0,3.683,facility_2011.xls
365691,HEARTLAND OF MENTOR,OH,Healthpeak / HCR ManorCare,2012,1,HEARTLAND OF MENTOR,OH,167,,145.1,34.33,36.57,0.751,1.038,1.78,3.569,facility_2012.xls
365691,HEARTLAND OF MENTOR,OH,Healthpeak / HCR ManorCare,2013,2,HEARTLAND OF MENTOR,OH,167,,142.52,32.61,37.68,0.954,1.235,2.079,4.269,facility_2013.xls
365738,HEARTLAND OF WOODRIDGE,OH,Healthpeak / HCR ManorCare,2009,-2,HEARTLAND OF WOODRIDGE,OH,112,,,44.33,22.68,0.6185567010309279,1.6201030927835052,2.003092783505154,4.241752577319587,facil2009new.xls
365738,HEARTLAND OF WOODRIDGE,OH,Healthpeak / HCR ManorCare,2010,-1,HEARTLAND OF WOODRIDGE,OH,112,,,50.0,27.55,0.5020408163265306,0.995408163265306,1.8775510204081631,3.3749999999999996,facil2010new.xls
365738,HEARTLAND OF WOODRIDGE,OH,Healthpeak / HCR ManorCare,2011,0,HEARTLAND OF WOODRIDGE,OH,112,,89.59,49.45,15.38,0.568,1.063,1.835,3.465,facility_2011.xls
365738,HEARTLAND OF WOODRIDGE,OH,Healthpeak / HCR ManorCare,2012,1,HEARTLAND OF WOODRIDGE,OH,112,,91.73,58.95,17.89,0.537,0.963,1.971,3.471,facility_2012.xls
365738,HEARTLAND OF WOODRIDGE,OH,Healthpeak / HCR ManorCare,2013,2,HEARTLAND OF WOODRIDGE,OH,112,,95.14,58.95,17.89,0.537,0.963,1.971,3.471,facility_2013.xls
365780,HEARTLAND OF MARIETTA,OH,Healthpeak / HCR ManorCare,2009,-2,HEARTLAND OF MARIETTA,OH,101,,,65.56,22.22,0.5738888888888889,0.5694444444444444,2.001666666666667,3.145,facil2009new.xls
365780,HEARTLAND OF MARIETTA,OH,Healthpeak / HCR ManorCare,2010,-1,HEARTLAND OF MARIETTA,OH,101,,,51.85,30.86,0.4969135802469135,0.5876543209876542,2.0555555555555554,3.1401234567901235,facil2010new.xls
365780,HEARTLAND OF MARIETTA,OH,Healthpeak / HCR ManorCare,2011,0,HEARTLAND OF MARIETTA,OH,101,,85.68,56.82,18.18,0.587,0.408,2.222,3.216,facility_2011.xls
365780,HEARTLAND OF MARIETTA,OH,Healthpeak / HCR ManorCare,2012,1,HEARTLAND OF MARIETTA,OH,101,,83.97,59.77,20.69,0.511,0.471,1.984,2.967,facility_2012.xls
365780,HEARTLAND OF MARIETTA,OH,Healthpeak / HCR ManorCare,2013,2,HEARTLAND OF MARIETTA,OH,101,,90.21,59.77,20.69,0.511,0.471,1.984,2.967,facility_2013.xls
365849,HEARTLAND - HOLLY GLEN,OH,Healthpeak / HCR ManorCare,2009,-2,HEARTLAND - HOLLY GLEN,OH,98,,,60.44,16.48,0.3642857142857142,0.876923076923077,1.652197802197802,2.893406593406593,facil2009new.xls
365849,HEARTLAND - HOLLY GLEN,OH,Healthpeak / HCR ManorCare,2010,-1,HEARTLAND - HOLLY GLEN,OH,98,,,66.29,14.61,0.4382022471910112,0.8612359550561799,2.02191011235955,3.321348314606742,facil2010new.xls
365849,HEARTLAND - HOLLY GLEN,OH,Healthpeak / HCR ManorCare,2011,0,HEARTLAND - HOLLY GLEN,OH,98,,81.92,68.29,15.85,0.524,0.935,2.092,3.551,facility_2011.xls
365849,HEARTLAND - HOLLY GLEN,OH,Healthpeak / HCR ManorCare,2012,1,HEARTLAND - HOLLY GLEN,OH,98,,83.12,60.49,16.05,0.543,0.773,1.958,3.275,facility_2012.xls
365849,HEARTLAND - HOLLY GLEN,OH,Healthpeak / HCR ManorCare,2013,2,HEARTLAND - HOLLY GLEN,OH,98,,80.17,64.2,12.35,0.485,0.754,1.891,3.13,facility_2013.xls
366100,HEARTLAND OF CENTERVILLE,OH,Healthpeak / HCR ManorCare,2009,-2,HEARTLAND OF CENTERVILLE,OH,140,,,39.32,25.64,0.7047008547008549,0.4961538461538461,2.0871794871794873,3.288034188034188,facil2009new.xls
366100,HEARTLAND OF CENTERVILLE,OH,Healthpeak / HCR ManorCare,2010,-1,HEARTLAND OF CENTERVILLE,OH,140,,,47.37,16.67,0.7118421052631579,0.674561403508772,2.2228070175438597,3.6092105263157888,facil2010new.xls
366100,HEARTLAND OF CENTERVILLE,OH,Healthpeak / HCR ManorCare,2011,0,HEARTLAND OF CENTERVILLE,OH,140,,118.33,47.37,16.67,0.712,0.675,2.223,3.609,facility_2011.xls
366100,HEARTLAND OF CENTERVILLE,OH,Healthpeak / HCR ManorCare,2012,1,HEARTLAND OF CENTERVILLE,OH,140,,118.55,43.8,19.83,0.594,0.562,2.183,3.339,facility_2012.xls
366100,HEARTLAND OF CENTERVILLE,OH,Healthpeak / HCR ManorCare,2013,2,HEARTLAND OF CENTERVILLE,OH,140,,102.68,54.46,11.88,0.756,0.582,2.116,3.454,facility_2013.xls
366199,HEARTLAND FAIRFIELD NURSING CENTER,OH,Healthpeak / HCR ManorCare,2009,-2,HEARTLAND FAIRFIELD NURSING CENTER,OH,99,,,57.33,10.67,0.5133333333333333,0.75,1.838666666666667,3.102,facil2009new.xls
366199,HEARTLAND-FAIRFIELD NURSING CENTER,OH,Healthpeak / HCR ManorCare,2010,-1,HEARTLAND-FAIRFIELD NURSING CENTER,OH,99,,,59.62,5.77,0.5384615384615384,0.8701923076923077,1.804807692307692,3.213461538461539,facil2010new.xls
366199,HEARTLAND-FAIRFIELD NURSING CENTER,OH,Healthpeak / HCR ManorCare,2011,0,HEARTLAND-FAIRFIELD NURSING CENTER,OH,99,,63.45,66.67,12.0,0.476,0.742,2.067,3.285,facility_2011.xls
366199,HEARTLAND-FAIRFIELD NURSING CENTER,OH,Healthpeak / HCR ManorCare,2012,1,HEARTLAND-FAIRFIELD NURSING CENTER,OH,99,,59.83,69.35,11.29,0.781,0.561,1.944,3.286,facility_2012.xls
366199,HEARTLAND-FAIRFIELD NURSING CENTER,OH,Healthpeak / HCR ManorCare,2013,2,HEARTLAND-FAIRFIELD NURSING CENTER,OH,99,,65.67,68.42,5.26,0.428,0.406,1.739,2.574,facility_2013.xls
366304,HEARTLAND OF MARION,OH,Healthpeak / HCR ManorCare,2009,-2,HEARTLAND OF MARION,OH,120,,,34.91,33.02,0.3976415094339622,1.024056603773585,2.5457547169811323,3.9674528301886793,facil2009new.xls
366304,HEARTLAND OF MARION,OH,Healthpeak / HCR ManorCare,2010,-1,HEARTLAND OF MARION,OH,120,,,39.64,29.73,0.554954954954955,0.8328828828828828,2.4085585585585587,3.796396396396396,facil2010new.xls
366304,HEARTLAND OF MARION,OH,Healthpeak / HCR ManorCare,2011,0,HEARTLAND OF MARION,OH,120,,113.43,48.72,27.35,0.576,0.871,2.125,3.572,facility_2011.xls
366304,HEARTLAND OF MARION,OH,Healthpeak / HCR ManorCare,2012,1,HEARTLAND OF MARION,OH,118,,113.6,55.56,24.07,0.39,1.005,2.499,3.894,facility_2012.xls
366304,HEARTLAND OF MARION,OH,Healthpeak / HCR ManorCare,2013,2,HEARTLAND OF MARION,OH,136,,114.37,51.97,33.86,0.574,0.851,2.265,3.69,facility_2013.xls
366343,MANORCARE HEALTH SERVICES -  PARMA,OH,Healthpeak / HCR ManorCare,2009,-2,MANORCARE HEALTH SERVICES -  PARMA,OH,120,,,33.33,37.25,0.8779411764705882,1.101470588235294,2.2862745098039214,4.265686274509804,facil2009new.xls
366343,MANORCARE HEALTH SERVICES -  PARMA,OH,Healthpeak / HCR ManorCare,2010,-1,MANORCARE HEALTH SERVICES -  PARMA,OH,120,,,27.93,27.93,0.8040540540540541,0.9954954954954957,1.899099099099099,3.698648648648649,facil2010new.xls
366343,MANORCARE HEALTH SERVICES -  PARMA,OH,Healthpeak / HCR ManorCare,2011,0,MANORCARE HEALTH SERVICES -  PARMA,OH,120,,106.66,31.0,40.0,0.514,1.002,1.932,3.448,facility_2011.xls
366343,MANORCARE HEALTH SERVICES -  PARMA,OH,Healthpeak / HCR ManorCare,2012,1,MANORCARE HEALTH SERVICES -  PARMA,OH,120,,97.06,31.0,40.0,0.514,1.002,1.932,3.448,facility_2012.xls
366343,MANORCARE HEALTH SERVICES -  PARMA,OH,Healthpeak / HCR ManorCare,2013,2,MANORCARE HEALTH SERVICES -  PARMA,OH,130,,108.56,42.86,33.93,0.869,0.825,1.996,3.69,facility_2013.xls
375042,MANORCARE HEALTH SERVICES-NORTHWEST,OK,Healthpeak / HCR ManorCare,2009,-2,MANORCARE HEALTH SERVICES-NORTHWEST,OK,132,,,71.13,7.22,0.3154639175257731,0.811340206185567,1.4809278350515465,2.6077319587628867,facil2009new.xls
375042,MANORCARE HEALTH SERVICES-NORTHWEST,OK,Healthpeak / HCR ManorCare,2010,-1,MANORCARE HEALTH SERVICES-NORTHWEST,OK,132,,,72.15,8.86,0.5145569620253165,1.112025316455696,2.020253164556962,3.646835443037975,facil2010new.xls
375042,MANORCARE HEALTH SERVICES-NORTHWEST,OK,Healthpeak / HCR ManorCare,2011,0,MANORCARE HEALTH SERVICES-NORTHWEST,OK,132,,69.76,65.38,20.51,0.308,1.222,2.115,3.645,facility_2011.xls
375042,MANORCARE HEALTH SERVICES-NORTHWEST,OK,Healthpeak / HCR ManorCare,2012,1,MANORCARE HEALTH SERVICES-NORTHWEST,OK,132,,64.51,70.0,8.57,0.437,1.124,2.052,3.614,facility_2012.xls
375042,MANORCARE HEALTH SERVICES-NORTHWEST,OK,Healthpeak / HCR ManorCare,2013,2,MANORCARE HEALTH SERVICES-NORTHWEST,OK,132,,71.23,59.72,20.83,0.541,1.222,2.063,3.826,facility_2013.xls
375094,MANORCARE HEALTH SERVICES-TULSA,OK,Healthpeak / HCR ManorCare,2009,-2,MANORCARE HEALTH SERVICES-TULSA,OK,118,,,45.16,19.35,0.3978494623655914,0.7473118279569892,1.9435483870967745,3.088709677419355,facil2009new.xls
375094,MANORCARE HEALTH SERVICES-TULSA,OK,Healthpeak / HCR ManorCare,2010,-1,MANORCARE HEALTH SERVICES-TULSA,OK,118,,,51.92,15.38,0.4798076923076922,0.7192307692307692,2.323076923076923,3.5221153846153843,facil2010new.xls
375094,MANORCARE HEALTH SERVICES-TULSA,OK,Healthpeak / HCR ManorCare,2011,0,MANORCARE HEALTH SERVICES-TULSA,OK,118,,81.2,57.3,17.98,0.648,0.813,2.089,3.551,facility_2011.xls
375094,MANORCARE HEALTH SERVICES-TULSA,OK,Healthpeak / HCR ManorCare,2012,1,MANORCARE HEALTH SERVICES-TULSA,OK,118,,86.91,54.46,16.83,0.619,0.713,1.897,3.229,facility_2012.xls
375094,MANORCARE HEALTH SERVICES-TULSA,OK,Healthpeak / HCR ManorCare,2013,2,MANORCARE HEALTH SERVICES-TULSA,OK,118,,76.98,57.53,16.44,0.46,0.725,2.258,3.442,facility_2013.xls
375098,MANORCARE HEALTH SERVICES-MIDWEST CITY,OK,Healthpeak / HCR ManorCare,2009,-2,MANORCARE HEALTH SERVICES-MIDWEST CITY,OK,116,,,40.43,21.28,0.200531914893617,1.377659574468085,2.033510638297872,3.6117021276595738,facil2009new.xls
375098,MANORCARE HEALTH SERVICES-MIDWEST CITY,OK,Healthpeak / HCR ManorCare,2010,-1,MANORCARE HEALTH SERVICES-MIDWEST CITY,OK,116,,,39.56,30.77,0.3736263736263736,1.3329670329670331,1.992307692307692,3.698901098901098,facil2010new.xls
375098,MANORCARE HEALTH SERVICES-MIDWEST CITY,OK,Healthpeak / HCR ManorCare,2011,0,MANORCARE HEALTH SERVICES-MIDWEST CITY,OK,116,,79.81,46.84,22.78,0.444,1.097,2.227,3.768,facility_2011.xls
375098,MANORCARE HEALTH SERVICES-MIDWEST CITY,OK,Healthpeak / HCR ManorCare,2012,1,MANORCARE HEALTH SERVICES-MIDWEST CITY,OK,112,,81.06,52.94,11.76,0.293,1.929,2.926,5.149,facility_2012.xls
375098,MANORCARE HEALTH SERVICES-MIDWEST CITY,OK,Healthpeak / HCR ManorCare,2013,2,MANORCARE HEALTH SERVICES-MIDWEST CITY,OK,112,,83.33,46.91,25.93,0.618,1.12,2.162,3.9,facility_2013.xls
375135,MANORCARE HEALTH SERVICES-SOUTHWEST,OK,Healthpeak / HCR ManorCare,2009,-2,MANORCARE HEALTH SERVICES-SOUTHWEST,OK,112,,,62.2,14.63,0.3225609756097561,1.2920731707317072,2.1896341463414632,3.8042682926829263,facil2009new.xls
375135,MANORCARE HEALTH SERVICES-SOUTHWEST,OK,Healthpeak / HCR ManorCare,2010,-1,MANORCARE HEALTH SERVICES-SOUTHWEST,OK,112,,,67.57,12.16,0.4621621621621622,0.8351351351351352,1.972972972972973,3.2702702702702706,facil2010new.xls
375135,MANORCARE HEALTH SERVICES-SOUTHWEST,OK,Healthpeak / HCR ManorCare,2011,0,MANORCARE HEALTH SERVICES-SOUTHWEST,OK,112,,64.07,58.82,14.71,0.512,0.932,2.208,3.652,facility_2011.xls
375135,MANORCARE HEALTH SERVICES-SOUTHWEST,OK,Healthpeak / HCR ManorCare,2012,1,MANORCARE HEALTH SERVICES-SOUTHWEST,OK,112,,75.78,50.65,19.48,0.325,1.132,2.253,3.71,facility_2012.xls
375135,MANORCARE HEALTH SERVICES-SOUTHWEST,OK,Healthpeak / HCR ManorCare,2013,2,MANORCARE HEALTH SERVICES-SOUTHWEST,OK,112,,72.38,41.67,31.94,0.492,0.999,2.099,3.59,facility_2013.xls
395037,MANORCARE HEALTH SERVICES-KINGSTON COU,PA,Healthpeak / HCR ManorCare,2009,-2,MANORCARE HEALTH SERVICES-KINGSTON COU,PA,151,,,50.35,26.24,0.3407801418439716,0.9851063829787234,2.0141843971631204,3.3400709219858156,facil2009new.xls
395037,MANORCARE HEALTH SERVICES-KINGSTON COU,PA,Healthpeak / HCR ManorCare,2010,-1,MANORCARE HEALTH SERVICES-KINGSTON COU,PA,151,,,54.11,26.03,0.3356164383561644,0.8657534246575342,1.9246575342465753,3.1260273972602737,facil2010new.xls
395037,MANORCARE HEALTH SERVICES-KINGSTON COURT,PA,Healthpeak / HCR ManorCare,2011,0,MANORCARE HEALTH SERVICES-KINGSTON COURT,PA,151,,137.9,53.47,17.36,0.474,0.808,1.96,3.241,facility_2011.xls
395037,MANORCARE HEALTH SERVICES-KINGSTON COURT,PA,Healthpeak / HCR ManorCare,2012,1,MANORCARE HEALTH SERVICES-KINGSTON COURT,PA,151,,138.15,53.85,27.97,0.412,0.767,1.844,3.023,facility_2012.xls
395037,MANORCARE HEALTH SERVICES-KINGSTON COURT,PA,Healthpeak / HCR ManorCare,2013,2,MANORCARE HEALTH SERVICES-KINGSTON COURT,PA,151,,135.93,56.12,19.42,0.482,0.855,1.809,3.146,facility_2013.xls
395068,HEARTLAND HEALTH CARE CENTER (PITTSBUR,PA,Healthpeak / HCR ManorCare,2009,-2,HEARTLAND HEALTH CARE CENTER (PITTSBUR,PA,224,,,84.44,8.33,0.5422222222222222,0.8008333333333332,1.9913888888888889,3.334444444444444,facil2009new.xls
395068,HEARTLAND HEALTH CARE CENTER (PITTSBUR,PA,Healthpeak / HCR ManorCare,2010,-1,HEARTLAND HEALTH CARE CENTER (PITTSBUR,PA,224,,,89.67,3.26,0.6654891304347825,0.6980978260869566,1.8565217391304345,3.220108695652174,facil2010new.xls
395068,HEARTLAND HEALTH CARE CENTER (PITTSBURGH),PA,Healthpeak / HCR ManorCare,2011,0,HEARTLAND HEALTH CARE CENTER (PITTSBURGH),PA,224,,176.71,78.95,6.43,0.631,0.62,1.974,3.224,facility_2011.xls
395068,MANORCARE HEALTH SERVICES-PITTSBURGH,PA,Healthpeak / HCR ManorCare,2012,1,MANORCARE HEALTH SERVICES-PITTSBURGH,PA,224,,172.76,80.22,7.69,0.571,0.774,1.895,3.24,facility_2012.xls
395068,MANORCARE HEALTH SERVICES-PITTSBURGH,PA,Healthpeak / HCR ManorCare,2013,2,MANORCARE HEALTH SERVICES-PITTSBURGH,PA,208,,174.53,76.37,10.44,0.688,0.652,1.817,3.157,facility_2013.xls
395199,MANORCARE HEALTH SERVICES-LANCASTER,PA,Healthpeak / HCR ManorCare,2009,-2,MANORCARE HEALTH SERVICES-LANCASTER,PA,172,,,56.58,19.74,0.2118421052631578,1.132236842105263,1.8358552631578944,3.1799342105263153,facil2009new.xls
395199,MANORCARE HEALTH SERVICES-LANCASTER,PA,Healthpeak / HCR ManorCare,2010,-1,MANORCARE HEALTH SERVICES-LANCASTER,PA,172,,,60.61,17.58,0.3375757575757575,1.086666666666667,1.9660606060606056,3.39030303030303,facil2010new.xls
395199,MANORCARE HEALTH SERVICES-LANCASTER,PA,Healthpeak / HCR ManorCare,2011,0,MANORCARE HEALTH SERVICES-LANCASTER,PA,172,,155.23,69.09,15.76,0.32,1.088,1.945,3.354,facility_2011.xls
395199,MANORCARE HEALTH SERVICES-LANCASTER,PA,Healthpeak / HCR ManorCare,2012,1,MANORCARE HEALTH SERVICES-LANCASTER,PA,172,,161.57,70.97,12.26,0.329,1.128,1.991,3.449,facility_2012.xls
395199,MANORCARE HEALTH SERVICES-LANCASTER,PA,Healthpeak / HCR ManorCare,2013,2,MANORCARE HEALTH SERVICES-LANCASTER,PA,172,,160.97,70.48,14.46,0.298,1.009,1.82,3.128,facility_2013.xls
395309,MANORCARE HEALTH SERVICES-YORK SOUTH,PA,Healthpeak / HCR ManorCare,2009,-2,MANORCARE HEALTH SERVICES-YORK SOUTH,PA,150,,,61.87,14.39,0.3100719424460431,0.9640287769784172,1.883093525179856,3.157194244604317,facil2009new.xls
395309,MANORCARE HEALTH SERVICES-YORK SOUTH,PA,Healthpeak / HCR ManorCare,2010,-1,MANORCARE HEALTH SERVICES-YORK SOUTH,PA,151,,,63.51,16.22,0.3483108108108108,0.9824324324324324,1.7760135135135138,3.106756756756757,facil2010new.xls
395309,MANORCARE HEALTH SERVICES-YORK SOUTH,PA,Healthpeak / HCR ManorCare,2011,0,MANORCARE HEALTH SERVICES-YORK SOUTH,PA,151,,143.63,67.12,13.7,0.406,0.644,1.009,2.059,facility_2011.xls
395309,MANORCARE HEALTH SERVICES-YORK SOUTH,PA,Healthpeak / HCR ManorCare,2012,1,MANORCARE HEALTH SERVICES-YORK SOUTH,PA,151,,142.55,63.27,18.37,0.435,0.902,1.941,3.278,facility_2012.xls
395309,MANORCARE HEALTH SERVICES-YORK SOUTH,PA,Healthpeak / HCR ManorCare,2013,2,MANORCARE HEALTH SERVICES-YORK SOUTH,PA,151,,140.6,66.43,11.89,0.515,0.805,1.829,3.149,facility_2013.xls
395344,MANORCARE HEALTH SERVICES-POTTSVILLE,PA,Healthpeak / HCR ManorCare,2009,-2,MANORCARE HEALTH SERVICES-POTTSVILLE,PA,179,,,67.47,17.47,0.2487951807228915,0.8108433734939761,1.8671686746987952,2.9268072289156626,facil2009new.xls
395344,MANORCARE HEALTH SERVICES-POTTSVILLE,PA,Healthpeak / HCR ManorCare,2010,-1,MANORCARE HEALTH SERVICES-POTTSVILLE,PA,179,,,71.86,16.17,0.482934131736527,0.7407185628742516,1.9832335329341315,3.20688622754491,facil2010new.xls
395344,MANORCARE HEALTH SERVICES-POTTSVILLE,PA,Healthpeak / HCR ManorCare,2011,0,MANORCARE HEALTH SERVICES-POTTSVILLE,PA,179,,163.74,77.78,10.53,0.349,0.806,1.895,3.049,facility_2011.xls
395344,MANORCARE HEALTH SERVICES-POTTSVILLE,PA,Healthpeak / HCR ManorCare,2012,1,MANORCARE HEALTH SERVICES-POTTSVILLE,PA,179,,162.97,77.78,10.53,0.349,0.806,1.895,3.049,facility_2012.xls
395344,MANORCARE HEALTH SERVICES-POTTSVILLE,PA,Healthpeak / HCR ManorCare,2013,2,MANORCARE HEALTH SERVICES-POTTSVILLE,PA,179,,158.41,74.84,16.98,0.394,0.804,1.962,3.16,facility_2013.xls
395348,MANORCARE HEALTH SERVICES-CHAMBERSBURG,PA,Healthpeak / HCR ManorCare,2009,-2,MANORCARE HEALTH SERVICES-CHAMBERSBURG,PA,210,,,70.95,16.2,0.3603351955307262,0.8466480446927374,2.1723463687150835,3.3793296089385474,facil2009new.xls
395348,MANORCARE HEALTH SERVICES-CHAMBERSBURG,PA,Healthpeak / HCR ManorCare,2010,-1,MANORCARE HEALTH SERVICES-CHAMBERSBURG,PA,210,,,68.66,20.9,0.4194029850746268,0.6271144278606966,1.9746268656716417,3.021144278606965,facil2010new.xls
395348,MANORCARE HEALTH SERVICES-CHAMBERSBURG,PA,Healthpeak / HCR ManorCare,2011,0,MANORCARE HEALTH SERVICES-CHAMBERSBURG,PA,210,,185.97,68.95,21.05,0.403,0.772,2.251,3.426,facility_2011.xls
395348,MANORCARE HEALTH SERVICES-CHAMBERSBURG,PA,Healthpeak / HCR ManorCare,2012,1,MANORCARE HEALTH SERVICES-CHAMBERSBURG,PA,210,,186.74,71.88,16.67,0.307,0.709,2.016,3.033,facility_2012.xls
395348,MANORCARE HEALTH SERVICES-CHAMBERSBURG,PA,Healthpeak / HCR ManorCare,2013,2,MANORCARE HEALTH SERVICES-CHAMBERSBURG,PA,210,,189.26,67.33,19.8,0.317,0.697,1.994,3.008,facility_2013.xls
395351,MANORCARE HEALTH SERVICES-WEST READING,PA,Healthpeak / HCR ManorCare,2009,-2,MANORCARE HEALTH SERVICES-WEST READING,PA,176,,,82.74,8.93,0.3461309523809523,0.8101190476190476,1.4205357142857142,2.576785714285714,facil2009new.xls
395351,MANORCARE HEALTH SERVICES-WEST READING,PA,Healthpeak / HCR ManorCare,2010,-1,MANORCARE HEALTH SERVICES-WEST READING,PA,176,,,84.21,11.11,0.4140350877192982,0.7084795321637427,1.9862573099415208,3.1087719298245617,facil2010new.xls
395351,MANORCARE HEALTH SERVICES-WEST READING NORTH,PA,Healthpeak / HCR ManorCare,2011,0,MANORCARE HEALTH SERVICES-WEST READING NORTH,PA,176,,160.17,86.31,7.14,0.41,0.752,1.977,3.139,facility_2011.xls
395351,MANORCARE HEALTH SERVICES-WEST READING NORTH,PA,Healthpeak / HCR ManorCare,2012,1,MANORCARE HEALTH SERVICES-WEST READING NORTH,PA,176,,161.66,88.34,7.98,0.394,0.812,2.063,3.269,facility_2012.xls
395351,MANORCARE HEALTH SERVICES-WEST READING NORTH,PA,Healthpeak / HCR ManorCare,2013,2,MANORCARE HEALTH SERVICES-WEST READING NORTH,PA,176,,160.25,89.94,3.77,0.342,0.842,2.065,3.249,facility_2013.xls
395359,MANORCARE HEALTH SERVICES-JERSEY SHORE,PA,Healthpeak / HCR ManorCare,2009,-2,MANORCARE HEALTH SERVICES-JERSEY SHORE,PA,120,,,65.0,17.0,0.411,0.974,2.1685,3.5534999999999997,facil2009new.xls
395359,MANORCARE HEALTH SERVICES-JERSEY SHORE,PA,Healthpeak / HCR ManorCare,2010,-1,MANORCARE HEALTH SERVICES-JERSEY SHORE,PA,120,,,80.21,5.21,0.2973958333333333,0.9093750000000002,2.1796875,3.3864583333333336,facil2010new.xls
395359,MANORCARE HEALTH SERVICES-JERSEY SHORE,PA,Healthpeak / HCR ManorCare,2011,0,MANORCARE HEALTH SERVICES-JERSEY SHORE,PA,120,,104.76,74.07,12.96,0.276,0.905,2.166,3.347,facility_2011.xls
395359,MANORCARE HEALTH SERVICES-JERSEY SHORE,PA,Healthpeak / HCR ManorCare,2012,1,MANORCARE HEALTH SERVICES-JERSEY SHORE,PA,120,,103.07,65.45,12.73,0.29,0.894,1.891,3.075,facility_2012.xls
395359,MANORCARE HEALTH SERVICES-JERSEY SHORE,PA,Healthpeak / HCR ManorCare,2013,2,MANORCARE HEALTH SERVICES-JERSEY SHORE,PA,120,,106.96,71.19,11.02,0.295,0.864,1.785,2.944,facility_2013.xls
395364,MANORCARE HEALTH SERVICES-WILLIAMSPORT,PA,Healthpeak / HCR ManorCare,2009,-2,MANORCARE HEALTH SERVICES-WILLIAMSPORT,PA,152,,,74.79,10.92,0.3663865546218487,0.9701680672268908,1.9340336134453784,3.270588235294118,facil2009new.xls
395364,MANORCARE HEALTH SERVICES-WILLIAMSPORT,PA,Healthpeak / HCR ManorCare,2010,-1,MANORCARE HEALTH SERVICES-WILLIAMSPORT,PA,152,,,69.77,13.18,0.3511627906976745,0.8841085271317829,1.9837209302325585,3.218992248062016,facil2010new.xls
395364,MANORCARE HEALTH SERVICES-WILLIAMSPORT NORTH,PA,Healthpeak / HCR ManorCare,2011,0,MANORCARE HEALTH SERVICES-WILLIAMSPORT NORTH,PA,152,,120.51,79.23,7.69,0.369,0.778,1.855,3.002,facility_2011.xls
395364,MANORCARE HEALTH SERVICES-WILLIAMSPORT NORTH,PA,Healthpeak / HCR ManorCare,2012,1,MANORCARE HEALTH SERVICES-WILLIAMSPORT NORTH,PA,152,,123.78,79.23,7.69,0.369,0.778,1.855,3.002,facility_2012.xls
395364,MANORCARE HEALTH SERVICES-WILLIAMSPORT NORTH,PA,Healthpeak / HCR ManorCare,2013,2,MANORCARE HEALTH SERVICES-WILLIAMSPORT NORTH,PA,152,,130.07,77.94,6.62,0.41,0.809,1.839,3.058,facility_2013.xls
395374,MANORCARE HEALTH SERVICES-YEADON,PA,Healthpeak / HCR ManorCare,2009,-2,MANORCARE HEALTH SERVICES-YEADON,PA,198,,,78.53,9.95,0.4856020942408377,0.7068062827225131,1.78586387434555,2.978272251308901,facil2009new.xls
395374,MANORCARE HEALTH SERVICES-YEADON,PA,Healthpeak / HCR ManorCare,2010,-1,MANORCARE HEALTH SERVICES-YEADON,PA,198,,,80.21,7.81,0.3645833333333333,1.1708333333333334,2.1950520833333336,3.73046875,facil2010new.xls
395374,MANORCARE HEALTH SERVICES-YEADON,PA,Healthpeak / HCR ManorCare,2011,0,MANORCARE HEALTH SERVICES-YEADON,PA,198,,182.99,78.72,8.51,0.419,0.966,1.89,3.275,facility_2011.xls
395374,MANORCARE HEALTH SERVICES-YEADON,PA,Healthpeak / HCR ManorCare,2012,1,MANORCARE HEALTH SERVICES-YEADON,PA,198,,183.59,83.08,4.1,0.518,0.894,1.846,3.258,facility_2012.xls
395374,MANORCARE HEALTH SERVICES-YEADON,PA,Healthpeak / HCR ManorCare,2013,2,MANORCARE HEALTH SERVICES-YEADON,PA,198,,184.54,86.77,5.29,0.607,0.854,1.852,3.313,facility_2013.xls
395396,MANORCARE HEALTH SERVICES-WILLIAMSPORT,PA,Healthpeak / HCR ManorCare,2009,-2,MANORCARE HEALTH SERVICES-WILLIAMSPORT,PA,116,,,82.8,6.45,0.2720430107526881,0.8354838709677418,1.7806451612903225,2.888172043010753,facil2009new.xls
395396,MANORCARE HEALTH SERVICES-WILLIAMSPORT,PA,Healthpeak / HCR ManorCare,2010,-1,MANORCARE HEALTH SERVICES-WILLIAMSPORT,PA,116,,,79.0,9.0,0.369,0.8045,2.1545,3.3280000000000003,facil2010new.xls
395396,MANORCARE HEALTH SERVICES-WILLIAMSPORT SOUTH,PA,Healthpeak / HCR ManorCare,2011,0,MANORCARE HEALTH SERVICES-WILLIAMSPORT SOUTH,PA,116,,93.78,82.65,8.16,0.264,0.797,1.93,2.991,facility_2011.xls
395396,MANORCARE HEALTH SERVICES-WILLIAMSPORT SOUTH,PA,Healthpeak / HCR ManorCare,2012,1,MANORCARE HEALTH SERVICES-WILLIAMSPORT SOUTH,PA,116,,94.6,86.02,3.23,0.409,0.873,2.038,3.319,facility_2012.xls
395396,MANORCARE HEALTH SERVICES-WILLIAMSPORT SOUTH,PA,Healthpeak / HCR ManorCare,2013,2,MANORCARE HEALTH SERVICES-WILLIAMSPORT SOUTH,PA,116,,98.78,82.65,6.12,0.397,0.85,1.87,3.118,facility_2013.xls
395397,MANORCARE HEALTH SERVICES-KINGSTON,PA,Healthpeak / HCR ManorCare,2009,-2,MANORCARE HEALTH SERVICES-KINGSTON,PA,176,,,67.26,20.24,0.331845238095238,0.7854166666666667,1.896130952380952,3.013392857142857,facil2009new.xls
395397,MANORCARE HEALTH SERVICES-KINGSTON,PA,Healthpeak / HCR ManorCare,2010,-1,MANORCARE HEALTH SERVICES-KINGSTON,PA,176,,,72.39,15.34,0.2739263803680981,0.7815950920245397,2.069631901840491,3.125153374233129,facil2010new.xls
395397,MANORCARE HEALTH SERVICES-KINGSTON,PA,Healthpeak / HCR ManorCare,2011,0,MANORCARE HEALTH SERVICES-KINGSTON,PA,176,,161.53,66.87,21.47,0.342,0.81,1.954,3.106,facility_2011.xls
395397,MANORCARE HEALTH SERVICES-KINGSTON,PA,Healthpeak / HCR ManorCare,2012,1,MANORCARE HEALTH SERVICES-KINGSTON,PA,176,,162.9,68.48,21.21,0.36,0.892,1.94,3.193,facility_2012.xls
395397,MANORCARE HEALTH SERVICES-KINGSTON,PA,Healthpeak / HCR ManorCare,2013,2,MANORCARE HEALTH SERVICES-KINGSTON,PA,176,,155.87,67.3,16.98,0.29,0.909,2.012,3.21,facility_2013.xls
395402,MANORCARE HEALTH SERVICES-POTTSTOWN,PA,Healthpeak / HCR ManorCare,2009,-2,MANORCARE HEALTH SERVICES-POTTSTOWN,PA,165,,,73.43,9.79,0.5164335664335664,0.6597902097902097,1.9293706293706292,3.105594405594405,facil2009new.xls
395402,MANORCARE HEALTH SERVICES-POTTSTOWN,PA,Healthpeak / HCR ManorCare,2010,-1,MANORCARE HEALTH SERVICES-POTTSTOWN,PA,165,,,71.33,14.69,0.6842657342657342,0.5517482517482517,1.9608391608391609,3.196853146853147,facil2010new.xls
395402,MANORCARE HEALTH SERVICES-POTTSTOWN,PA,Healthpeak / HCR ManorCare,2011,0,MANORCARE HEALTH SERVICES-POTTSTOWN,PA,165,,141.59,74.67,10.67,0.742,0.411,1.884,3.038,facility_2011.xls
395402,MANORCARE HEALTH SERVICES-POTTSTOWN,PA,Healthpeak / HCR ManorCare,2012,1,MANORCARE HEALTH SERVICES-POTTSTOWN,PA,165,,138.49,76.0,14.67,0.87,0.268,1.742,2.88,facility_2012.xls
395402,MANORCARE HEALTH SERVICES-POTTSTOWN,PA,Healthpeak / HCR ManorCare,2013,2,MANORCARE HEALTH SERVICES-POTTSTOWN,PA,165,,135.64,76.71,13.01,0.7,0.4,1.787,2.887,facility_2013.xls
395429,MANORCARE HEALTH SERVICES-BETHLEHEM (2,PA,Healthpeak / HCR ManorCare,2009,-2,MANORCARE HEALTH SERVICES-BETHLEHEM (2,PA,227,,,76.28,11.16,0.3623255813953488,0.6397674418604651,2.062790697674419,3.0648837209302324,facil2009new.xls
395429,MANORCARE HEALTH SERVICES-BETHLEHEM (2,PA,Healthpeak / HCR ManorCare,2010,-1,MANORCARE HEALTH SERVICES-BETHLEHEM (2,PA,227,,,80.49,11.22,0.3460975609756098,0.7065853658536586,2.0163414634146344,3.0690243902439027,facil2010new.xls
395429,MANORCARE HEALTH SERVICES-BETHLEHEM (2021),PA,Healthpeak / HCR ManorCare,2011,0,MANORCARE HEALTH SERVICES-BETHLEHEM (2021),PA,227,,204.57,79.13,10.19,0.588,0.584,1.958,3.13,facility_2011.xls
395429,MANORCARE HEALTH SERVICES-BETHLEHEM (2021),PA,Healthpeak / HCR ManorCare,2012,1,MANORCARE HEALTH SERVICES-BETHLEHEM (2021),PA,227,,207.86,78.4,12.21,0.465,0.63,1.957,3.052,facility_2012.xls
395429,MANORCARE HEALTH SERVICES-BETHLEHEM (2021),PA,Healthpeak / HCR ManorCare,2013,2,MANORCARE HEALTH SERVICES-BETHLEHEM (2021),PA,227,,205.28,79.33,7.69,0.442,0.651,1.965,3.058,facility_2013.xls
395440,MANORCARE HEALTH SERVICES-CAMP HILL,PA,Healthpeak / HCR ManorCare,2009,-2,MANORCARE HEALTH SERVICES-CAMP HILL,PA,123,,,30.09,35.4,0.3469026548672567,1.06283185840708,1.915929203539823,3.3256637168141587,facil2009new.xls
395440,MANORCARE HEALTH SERVICES-CAMP HILL,PA,Healthpeak / HCR ManorCare,2010,-1,MANORCARE HEALTH SERVICES-CAMP HILL,PA,123,,,45.45,19.01,0.2756198347107438,0.9855371900826446,1.7194214876033058,2.980578512396694,facil2010new.xls
395440,MANORCARE HEALTH SERVICES-CAMP HILL,PA,Healthpeak / HCR ManorCare,2011,0,MANORCARE HEALTH SERVICES-CAMP HILL,PA,123,,114.9,49.58,13.45,0.294,1.061,1.7,3.055,facility_2011.xls
395440,MANORCARE HEALTH SERVICES-CAMP HILL,PA,Healthpeak / HCR ManorCare,2012,1,MANORCARE HEALTH SERVICES-CAMP HILL,PA,123,,113.96,61.32,14.15,0.31,1.054,1.859,3.223,facility_2012.xls
395440,MANORCARE HEALTH SERVICES-CAMP HILL,PA,Healthpeak / HCR ManorCare,2013,2,MANORCARE HEALTH SERVICES-CAMP HILL,PA,123,,113.45,51.69,17.8,0.344,0.979,1.69,3.014,facility_2013.xls
395442,MANORCARE HEALTH SERVICES-YORK NORTH,PA,Healthpeak / HCR ManorCare,2009,-2,MANORCARE HEALTH SERVICES-YORK NORTH,PA,161,,,66.88,18.47,0.3366242038216561,0.8050955414012739,2.0633757961783443,3.205095541401274,facil2009new.xls
395442,MANORCARE HEALTH SERVICES-YORK NORTH,PA,Healthpeak / HCR ManorCare,2010,-1,MANORCARE HEALTH SERVICES-YORK NORTH,PA,161,,,71.22,9.35,0.383093525179856,0.8715827338129497,2.2402877697841723,3.494964028776978,facil2010new.xls
395442,MANORCARE HEALTH SERVICES-YORK NORTH,PA,Healthpeak / HCR ManorCare,2011,0,MANORCARE HEALTH SERVICES-YORK NORTH,PA,161,,149.22,76.19,12.93,0.427,0.837,2.089,3.353,facility_2011.xls
395442,MANORCARE HEALTH SERVICES-YORK NORTH,PA,Healthpeak / HCR ManorCare,2012,1,MANORCARE HEALTH SERVICES-YORK NORTH,PA,161,,151.26,68.59,16.67,0.332,0.871,2.187,3.391,facility_2012.xls
395442,MANORCARE HEALTH SERVICES-YORK NORTH,PA,Healthpeak / HCR ManorCare,2013,2,MANORCARE HEALTH SERVICES-YORK NORTH,PA,161,,150.44,68.67,17.33,0.426,0.666,2.019,3.11,facility_2013.xls
395451,MANORCARE HEALTH SERVICES-DALLASTOWN,PA,Healthpeak / HCR ManorCare,2009,-2,MANORCARE HEALTH SERVICES-DALLASTOWN,PA,202,,,68.75,15.63,0.2942708333333333,1.0122395833333335,1.99609375,3.302604166666667,facil2009new.xls
395451,MANORCARE HEALTH SERVICES-DALLASTOWN,PA,Healthpeak / HCR ManorCare,2010,-1,MANORCARE HEALTH SERVICES-DALLASTOWN,PA,202,,,71.51,16.13,0.3938172043010752,0.9991935483870968,1.887903225806452,3.2809139784946235,facil2010new.xls
395451,MANORCARE HEALTH SERVICES-DALLASTOWN,PA,Healthpeak / HCR ManorCare,2011,0,MANORCARE HEALTH SERVICES-DALLASTOWN,PA,202,,189.31,70.68,16.75,0.381,0.892,1.829,3.103,facility_2011.xls
395451,MANORCARE HEALTH SERVICES-DALLASTOWN,PA,Healthpeak / HCR ManorCare,2012,1,MANORCARE HEALTH SERVICES-DALLASTOWN,PA,202,,187.62,68.56,11.34,0.297,0.909,1.782,2.988,facility_2012.xls
395451,MANORCARE HEALTH SERVICES-DALLASTOWN,PA,Healthpeak / HCR ManorCare,2013,2,MANORCARE HEALTH SERVICES-DALLASTOWN,PA,202,,185.49,68.78,12.7,0.417,0.876,1.803,3.097,facility_2013.xls
395469,MANORCARE HEALTH SERVICES-ELIZABETHTOW,PA,Healthpeak / HCR ManorCare,2009,-2,MANORCARE HEALTH SERVICES-ELIZABETHTOW,PA,73,,,42.19,26.56,0.45703125,1.0554687500000002,1.86484375,3.3773437500000005,facil2009new.xls
395469,MANORCARE HEALTH SERVICES-ELIZABETHTOW,PA,Healthpeak / HCR ManorCare,2010,-1,MANORCARE HEALTH SERVICES-ELIZABETHTOW,PA,73,,,50.75,20.9,0.3962686567164178,0.8380597014925374,1.5716417910447762,2.805970149253731,facil2010new.xls
395469,MANORCARE HEALTH SERVICES-ELIZABETHTOWN,PA,Healthpeak / HCR ManorCare,2011,0,MANORCARE HEALTH SERVICES-ELIZABETHTOWN,PA,73,,65.8,55.38,18.46,0.509,1.092,1.759,3.361,facility_2011.xls
395469,MANORCARE HEALTH SERVICES-ELIZABETHTOWN,PA,Healthpeak / HCR ManorCare,2012,1,MANORCARE HEALTH SERVICES-ELIZABETHTOWN,PA,73,,61.14,58.73,15.87,0.529,1.044,1.921,3.494,facility_2012.xls
395469,MANORCARE HEALTH SERVICES-ELIZABETHTOWN,PA,Healthpeak / HCR ManorCare,2013,2,MANORCARE HEALTH SERVICES-ELIZABETHTOWN,PA,73,,63.54,50.72,23.19,0.483,0.953,1.754,3.191,facility_2013.xls
395472,MANORCARE HEALTH SERVICES-LEBANON,PA,Healthpeak / HCR ManorCare,2009,-2,MANORCARE HEALTH SERVICES-LEBANON,PA,159,,,60.39,12.99,0.288961038961039,0.9250000000000002,1.931168831168831,3.14512987012987,facil2009new.xls
395472,MANORCARE HEALTH SERVICES-LEBANON,PA,Healthpeak / HCR ManorCare,2010,-1,MANORCARE HEALTH SERVICES-LEBANON,PA,159,,,60.38,13.21,0.3364779874213836,0.8261006289308176,1.930503144654088,3.0930817610062893,facil2010new.xls
395472,MANORCARE HEALTH SERVICES-LEBANON,PA,Healthpeak / HCR ManorCare,2011,0,MANORCARE HEALTH SERVICES-LEBANON,PA,159,,146.53,61.18,15.13,0.338,0.811,1.924,3.072,facility_2011.xls
395472,MANORCARE HEALTH SERVICES-LEBANON,PA,Healthpeak / HCR ManorCare,2012,1,MANORCARE HEALTH SERVICES-LEBANON,PA,159,,142.71,59.72,18.75,0.384,0.845,2.005,3.234,facility_2012.xls
395472,MANORCARE HEALTH SERVICES-LEBANON,PA,Healthpeak / HCR ManorCare,2013,2,MANORCARE HEALTH SERVICES-LEBANON,PA,159,,144.95,61.74,14.09,0.371,0.816,1.938,3.126,facility_2013.xls
395477,MANORCARE HEALTH SERVICES-LAURELDALE,PA,Healthpeak / HCR ManorCare,2009,-2,MANORCARE HEALTH SERVICES-LAURELDALE,PA,198,,,60.0,17.37,0.3894736842105263,0.6815789473684211,2.162105263157895,3.2331578947368427,facil2009new.xls
395477,MANORCARE HEALTH SERVICES-LAURELDALE,PA,Healthpeak / HCR ManorCare,2010,-1,MANORCARE HEALTH SERVICES-LAURELDALE,PA,198,,,54.49,19.66,0.5646067415730337,0.5306179775280899,2.1050561797752807,3.200280898876405,facil2010new.xls
395477,MANORCARE HEALTH SERVICES-LAURELDALE,PA,Healthpeak / HCR ManorCare,2011,0,MANORCARE HEALTH SERVICES-LAURELDALE,PA,198,,184.14,59.67,19.34,0.535,0.622,2.091,3.248,facility_2011.xls
395477,MANORCARE HEALTH SERVICES-LAURELDALE,PA,Healthpeak / HCR ManorCare,2012,1,MANORCARE HEALTH SERVICES-LAURELDALE,PA,198,,187.37,57.81,18.23,0.523,0.492,1.952,2.967,facility_2012.xls
395477,MANORCARE HEALTH SERVICES-LAURELDALE,PA,Healthpeak / HCR ManorCare,2013,2,MANORCARE HEALTH SERVICES-LAURELDALE,PA,198,,188.03,67.03,15.38,0.532,0.618,2.08,3.23,facility_2013.xls
395527,MANORCARE HEALTH SERVICES-BETHLEHEM (2,PA,Healthpeak / HCR ManorCare,2009,-2,MANORCARE HEALTH SERVICES-BETHLEHEM (2,PA,217,,,81.41,13.07,0.3982412060301507,0.621356783919598,2.0886934673366837,3.1082914572864326,facil2009new.xls
395527,MANORCARE HEALTH SERVICES-BETHLEHEM (2,PA,Healthpeak / HCR ManorCare,2010,-1,MANORCARE HEALTH SERVICES-BETHLEHEM (2,PA,217,,,77.55,17.35,0.4624999999999999,0.6168367346938776,2.0043367346938776,3.083673469387755,facil2010new.xls
395527,MANORCARE HEALTH SERVICES-BETHLEHEM (2029),PA,Healthpeak / HCR ManorCare,2011,0,MANORCARE HEALTH SERVICES-BETHLEHEM (2029),PA,217,,189.67,78.64,15.53,0.505,0.627,1.9,3.032,facility_2011.xls
395527,MANORCARE HEALTH SERVICES-BETHLEHEM (2029),PA,Healthpeak / HCR ManorCare,2012,1,MANORCARE HEALTH SERVICES-BETHLEHEM (2029),PA,217,,192.23,78.28,14.65,0.51,0.61,1.897,3.016,facility_2012.xls
395527,MANORCARE HEALTH SERVICES-BETHLEHEM (2029),PA,Healthpeak / HCR ManorCare,2013,2,MANORCARE HEALTH SERVICES-BETHLEHEM (2029),PA,217,,191.56,79.51,12.2,0.467,0.658,1.941,3.066,facility_2013.xls
395540,MANORCARE HEALTH SERVICES-EASTON,PA,Healthpeak / HCR ManorCare,2009,-2,MANORCARE HEALTH SERVICES-EASTON,PA,227,,,62.44,21.95,0.5334146341463414,0.5892682926829268,1.9380487804878053,3.0607317073170734,facil2009new.xls
395540,MANORCARE HEALTH SERVICES-EASTON,PA,Healthpeak / HCR ManorCare,2010,-1,MANORCARE HEALTH SERVICES-EASTON,PA,227,,,69.95,20.69,0.633743842364532,0.4926108374384236,2.1108374384236455,3.2371921182266012,facil2010new.xls
395540,MANORCARE HEALTH SERVICES-EASTON,PA,Healthpeak / HCR ManorCare,2011,0,MANORCARE HEALTH SERVICES-EASTON,PA,227,,200.21,69.76,18.54,0.593,0.575,1.965,3.134,facility_2011.xls
395540,MANORCARE HEALTH SERVICES-EASTON,PA,Healthpeak / HCR ManorCare,2012,1,MANORCARE HEALTH SERVICES-EASTON,PA,227,,199.78,73.63,16.92,0.544,0.601,1.977,3.122,facility_2012.xls
395540,MANORCARE HEALTH SERVICES-EASTON,PA,Healthpeak / HCR ManorCare,2013,2,MANORCARE HEALTH SERVICES-EASTON,PA,227,,193.33,65.73,21.6,0.444,0.616,1.87,2.93,facility_2013.xls
395541,MANORCARE HEALTH SERVICES-SINKING SPRI,PA,Healthpeak / HCR ManorCare,2009,-2,MANORCARE HEALTH SERVICES-SINKING SPRI,PA,214,,,73.74,12.12,0.3722222222222222,0.7482323232323232,1.9883838383838384,3.1088383838383837,facil2009new.xls
395541,MANORCARE HEALTH SERVICES-SINKING SPRI,PA,Healthpeak / HCR ManorCare,2010,-1,MANORCARE HEALTH SERVICES-SINKING SPRI,PA,214,,,61.95,17.07,0.4853658536585366,0.5926829268292683,1.947560975609756,3.0256097560975608,facil2010new.xls
395541,MANORCARE HEALTH SERVICES-SINKING SPRING,PA,Healthpeak / HCR ManorCare,2011,0,MANORCARE HEALTH SERVICES-SINKING SPRING,PA,214,,203.9,69.52,14.29,0.434,0.679,1.852,2.965,facility_2011.xls
395541,MANORCARE HEALTH SERVICES-SINKING SPRING,PA,Healthpeak / HCR ManorCare,2012,1,MANORCARE HEALTH SERVICES-SINKING SPRING,PA,214,,202.57,71.98,14.01,0.404,0.72,1.86,2.983,facility_2012.xls
395541,MANORCARE HEALTH SERVICES-SINKING SPRING,PA,Healthpeak / HCR ManorCare,2013,2,MANORCARE HEALTH SERVICES-SINKING SPRING,PA,214,,202.51,74.13,12.94,0.411,0.701,1.967,3.079,facility_2013.xls
395731,MANORCARE HEALTH SERVICES-BETHEL PARK,PA,Healthpeak / HCR ManorCare,2009,-2,MANORCARE HEALTH SERVICES-BETHEL PARK,PA,160,,,62.41,12.77,0.648936170212766,0.5819148936170213,1.970567375886525,3.2014184397163117,facil2009new.xls
395731,MANORCARE HEALTH SERVICES-BETHEL PARK,PA,Healthpeak / HCR ManorCare,2010,-1,MANORCARE HEALTH SERVICES-BETHEL PARK,PA,160,,,60.71,13.57,0.7332142857142857,0.6017857142857143,1.8939285714285712,3.228928571428571,facil2010new.xls
395731,MANORCARE HEALTH SERVICES-BETHEL PARK,PA,Healthpeak / HCR ManorCare,2011,0,MANORCARE HEALTH SERVICES-BETHEL PARK,PA,160,,134.64,61.15,14.39,0.885,0.66,1.93,3.475,facility_2011.xls
395731,MANORCARE HEALTH SERVICES-BETHEL PARK,PA,Healthpeak / HCR ManorCare,2012,1,MANORCARE HEALTH SERVICES-BETHEL PARK,PA,160,,135.93,72.79,11.76,0.886,0.577,1.961,3.424,facility_2012.xls
395731,MANORCARE HEALTH SERVICES-BETHEL PARK,PA,Healthpeak / HCR ManorCare,2013,2,MANORCARE HEALTH SERVICES-BETHEL PARK,PA,160,,133.05,64.18,8.21,1.082,0.466,2.044,3.592,facility_2013.xls
395743,MANORCARE HEALTH SERVICES-GREEN TREE,PA,Healthpeak / HCR ManorCare,2009,-2,MANORCARE HEALTH SERVICES-GREEN TREE,PA,180,,,53.09,13.58,0.7206790123456789,0.8774691358024692,2.0737654320987655,3.6719135802469136,facil2009new.xls
395743,MANORCARE HEALTH SERVICES-GREEN TREE,PA,Healthpeak / HCR ManorCare,2010,-1,MANORCARE HEALTH SERVICES-GREEN TREE,PA,180,,,51.52,12.12,0.982121212121212,0.6963636363636364,1.919090909090909,3.5975757575757576,facil2010new.xls
395743,MANORCARE HEALTH SERVICES-GREEN TREE,PA,Healthpeak / HCR ManorCare,2011,0,MANORCARE HEALTH SERVICES-GREEN TREE,PA,180,,161.22,51.19,7.74,0.933,0.637,1.899,3.469,facility_2011.xls
395743,MANORCARE HEALTH SERVICES-GREEN TREE,PA,Healthpeak / HCR ManorCare,2012,1,MANORCARE HEALTH SERVICES-GREEN TREE,PA,180,,161.08,51.79,17.86,0.936,0.657,1.767,3.359,facility_2012.xls
395743,MANORCARE HEALTH SERVICES-GREEN TREE,PA,Healthpeak / HCR ManorCare,2013,2,MANORCARE HEALTH SERVICES-GREEN TREE,PA,180,,153.84,46.84,15.19,0.991,0.749,1.953,3.692,facility_2013.xls
395746,MANORCARE HEALTH SERVICES-CARLISLE,PA,Healthpeak / HCR ManorCare,2009,-2,MANORCARE HEALTH SERVICES-CARLISLE,PA,150,,,61.03,12.5,0.481985294117647,0.8709558823529412,1.8738970588235293,3.2268382352941174,facil2009new.xls
395746,MANORCARE HEALTH SERVICES-CARLISLE,PA,Healthpeak / HCR ManorCare,2010,-1,MANORCARE HEALTH SERVICES-CARLISLE,PA,150,,,65.07,13.01,0.3719178082191781,0.8726027397260274,1.7900684931506847,3.0345890410958907,facil2010new.xls
395746,MANORCARE HEALTH SERVICES-CARLISLE,PA,Healthpeak / HCR ManorCare,2011,0,MANORCARE HEALTH SERVICES-CARLISLE,PA,150,,132.39,63.19,14.58,0.303,0.977,1.866,3.147,facility_2011.xls
395746,MANORCARE HEALTH SERVICES-CARLISLE,PA,Healthpeak / HCR ManorCare,2012,1,MANORCARE HEALTH SERVICES-CARLISLE,PA,150,,136.4,64.79,9.86,0.423,0.934,1.867,3.223,facility_2012.xls
395746,MANORCARE HEALTH SERVICES-CARLISLE,PA,Healthpeak / HCR ManorCare,2013,2,MANORCARE HEALTH SERVICES-CARLISLE,PA,150,,138.36,65.03,14.69,0.388,0.93,1.841,3.158,facility_2013.xls
395760,MANORCARE HEALTH SERVICES-ALLENTOWN,PA,Healthpeak / HCR ManorCare,2009,-2,MANORCARE HEALTH SERVICES-ALLENTOWN,PA,166,,,71.97,15.92,0.5423566878980892,0.6464968152866242,2.126751592356688,3.315605095541401,facil2009new.xls
395760,MANORCARE HEALTH SERVICES-ALLENTOWN,PA,Healthpeak / HCR ManorCare,2010,-1,MANORCARE HEALTH SERVICES-ALLENTOWN,PA,166,,,72.73,14.29,0.5694805194805194,0.5584415584415584,2.0474025974025976,3.175324675324675,facil2010new.xls
395760,MANORCARE HEALTH SERVICES-ALLENTOWN,PA,Healthpeak / HCR ManorCare,2011,0,MANORCARE HEALTH SERVICES-ALLENTOWN,PA,166,,150.88,74.03,16.23,0.706,0.513,2.078,3.297,facility_2011.xls
395760,MANORCARE HEALTH SERVICES-ALLENTOWN,PA,Healthpeak / HCR ManorCare,2012,1,MANORCARE HEALTH SERVICES-ALLENTOWN,PA,166,,151.83,78.38,12.16,0.724,0.519,2.128,3.371,facility_2012.xls
395760,MANORCARE HEALTH SERVICES-ALLENTOWN,PA,Healthpeak / HCR ManorCare,2013,2,MANORCARE HEALTH SERVICES-ALLENTOWN,PA,166,,145.43,76.71,10.96,0.728,0.492,2.043,3.264,facility_2013.xls
395783,MANORCARE HEALTH SERVICES-MCMURRAY,PA,Healthpeak / HCR ManorCare,2009,-2,MANORCARE HEALTH SERVICES-MCMURRAY,PA,140,,,64.12,10.69,0.6125954198473281,0.8961832061068703,1.6629770992366413,3.1717557251908395,facil2009new.xls
395783,MANORCARE HEALTH SERVICES-MCMURRAY,PA,Healthpeak / HCR ManorCare,2010,-1,MANORCARE HEALTH SERVICES-MCMURRAY,PA,140,,,61.76,9.56,0.6584558823529412,0.8823529411764706,1.5683823529411764,3.109191176470588,facil2010new.xls
395783,MANORCARE HEALTH SERVICES-PETERS TOWNSHIP,PA,Healthpeak / HCR ManorCare,2011,0,MANORCARE HEALTH SERVICES-PETERS TOWNSHIP,PA,140,,121.25,63.49,12.7,0.683,0.828,1.786,3.296,facility_2011.xls
395783,MANORCARE HEALTH SERVICES-PETERS TOWNSHIP,PA,Healthpeak / HCR ManorCare,2012,1,MANORCARE HEALTH SERVICES-PETERS TOWNSHIP,PA,140,,123.7,69.23,10.77,0.632,0.778,1.831,3.24,facility_2012.xls
395783,MANORCARE HEALTH SERVICES-PETERS TOWNSHIP,PA,Healthpeak / HCR ManorCare,2013,2,MANORCARE HEALTH SERVICES-PETERS TOWNSHIP,PA,140,,117.08,65.81,11.11,0.732,0.774,1.847,3.353,facility_2013.xls
395796,MANORCARE HEALTH SERVICES-LANSDALE,PA,Healthpeak / HCR ManorCare,2009,-2,MANORCARE HEALTH SERVICES-LANSDALE,PA,170,,,71.43,12.14,0.5353571428571429,0.7164285714285715,1.7660714285714283,3.017857142857143,facil2009new.xls
395796,MANORCARE HEALTH SERVICES-LANSDALE,PA,Healthpeak / HCR ManorCare,2010,-1,MANORCARE HEALTH SERVICES-LANSDALE,PA,170,,,70.67,11.33,0.6336666666666667,0.7376666666666666,1.7816666666666667,3.1530000000000005,facil2010new.xls
395796,MANORCARE HEALTH SERVICES-LANSDALE,PA,Healthpeak / HCR ManorCare,2011,0,MANORCARE HEALTH SERVICES-LANSDALE,PA,170,,150.55,71.71,12.5,0.736,0.609,1.938,3.283,facility_2011.xls
395796,MANORCARE HEALTH SERVICES-LANSDALE,PA,Healthpeak / HCR ManorCare,2012,1,MANORCARE HEALTH SERVICES-LANSDALE,PA,170,,149.74,77.18,8.05,0.789,0.536,1.84,3.164,facility_2012.xls
395796,MANORCARE HEALTH SERVICES-LANSDALE,PA,Healthpeak / HCR ManorCare,2013,2,MANORCARE HEALTH SERVICES-LANSDALE,PA,170,,144.25,69.23,12.82,0.794,0.488,1.747,3.029,facility_2013.xls
395817,MANORCARE HEALTH SERVICES-YARDLEY,PA,Healthpeak / HCR ManorCare,2009,-2,MANORCARE HEALTH SERVICES-YARDLEY,PA,150,,,55.03,23.49,0.5953020134228187,0.6546979865771813,1.9365771812080537,3.1865771812080532,facil2009new.xls
395817,MANORCARE HEALTH SERVICES-YARDLEY,PA,Healthpeak / HCR ManorCare,2010,-1,MANORCARE HEALTH SERVICES-YARDLEY,PA,150,,,57.58,21.97,0.6924242424242425,0.8613636363636364,1.9268939393939393,3.480681818181818,facil2010new.xls
395817,MANORCARE HEALTH SERVICES-YARDLEY,PA,Healthpeak / HCR ManorCare,2011,0,MANORCARE HEALTH SERVICES-YARDLEY,PA,150,,134.51,57.46,20.15,0.794,0.834,2.069,3.697,facility_2011.xls
395817,MANORCARE HEALTH SERVICES-YARDLEY,PA,Healthpeak / HCR ManorCare,2012,1,MANORCARE HEALTH SERVICES-YARDLEY,PA,150,,136.46,62.41,13.53,1.049,0.603,2.107,3.759,facility_2012.xls
395817,MANORCARE HEALTH SERVICES-YARDLEY,PA,Healthpeak / HCR ManorCare,2013,2,MANORCARE HEALTH SERVICES-YARDLEY,PA,150,,137.63,64.06,14.06,1.152,0.564,2.248,3.964,facility_2013.xls
395826,MANORCARE HEALTH SERVICES-NORTH HILLS,PA,Healthpeak / HCR ManorCare,2009,-2,MANORCARE HEALTH SERVICES-NORTH HILLS,PA,200,,,58.43,15.17,0.3275280898876404,0.402808988764045,0.9918539325842696,1.722191011235955,facil2009new.xls
395826,MANORCARE HEALTH SERVICES-NORTH HILLS,PA,Healthpeak / HCR ManorCare,2010,-1,MANORCARE HEALTH SERVICES-NORTH HILLS,PA,200,,,58.12,10.47,0.6369109947643979,0.7397905759162304,1.952094240837696,3.3287958115183245,facil2010new.xls
395826,MANORCARE HEALTH SERVICES-NORTH HILLS,PA,Healthpeak / HCR ManorCare,2011,0,MANORCARE HEALTH SERVICES-NORTH HILLS,PA,200,,173.69,62.3,6.56,0.785,0.937,1.93,3.652,facility_2011.xls
395826,MANORCARE HEALTH SERVICES-NORTH HILLS,PA,Healthpeak / HCR ManorCare,2012,1,MANORCARE HEALTH SERVICES-NORTH HILLS,PA,200,,174.88,62.94,9.64,0.737,0.703,1.795,3.235,facility_2012.xls
395826,MANORCARE HEALTH SERVICES-NORTH HILLS,PA,Healthpeak / HCR ManorCare,2013,2,MANORCARE HEALTH SERVICES-NORTH HILLS,PA,200,,179.19,72.51,6.43,1.032,0.592,1.988,3.613,facility_2013.xls
395834,MANORCARE HEALTH SERVICES-KING OF PRUS,PA,Healthpeak / HCR ManorCare,2009,-2,MANORCARE HEALTH SERVICES-KING OF PRUS,PA,150,,,58.41,13.27,0.9800884955752212,0.6075221238938052,1.8597345132743364,3.4473451327433624,facil2009new.xls
395834,MANORCARE HEALTH SERVICES-KING OF PRUS,PA,Healthpeak / HCR ManorCare,2010,-1,MANORCARE HEALTH SERVICES-KING OF PRUS,PA,150,,,59.09,21.21,0.9640151515151516,0.5462121212121213,1.8132575757575755,3.3234848484848487,facil2010new.xls
395834,MANORCARE HEALTH SERVICES-KING OF PRUSSIA,PA,Healthpeak / HCR ManorCare,2011,0,MANORCARE HEALTH SERVICES-KING OF PRUSSIA,PA,150,,130.55,67.94,8.4,1.007,0.634,1.848,3.49,facility_2011.xls
395834,MANORCARE HEALTH SERVICES-KING OF PRUSSIA,PA,Healthpeak / HCR ManorCare,2012,1,MANORCARE HEALTH SERVICES-KING OF PRUSSIA,PA,150,,132.97,67.91,10.45,1.024,0.681,1.906,3.61,facility_2012.xls
395834,MANORCARE HEALTH SERVICES-KING OF PRUSSIA,PA,Healthpeak / HCR ManorCare,2013,2,MANORCARE HEALTH SERVICES-KING OF PRUSSIA,PA,150,,131.5,67.65,10.29,0.786,0.668,1.75,3.204,facility_2013.xls
395913,MANORCARE HEALTH SERVICES-HUNTINGDON V,PA,Healthpeak / HCR ManorCare,2009,-2,MANORCARE HEALTH SERVICES-HUNTINGDON V,PA,130,,,59.13,20.0,0.6013043478260869,0.7217391304347827,2.052173913043478,3.3752173913043477,facil2009new.xls
395913,MANORCARE HEALTH SERVICES-HUNTINGDON V,PA,Healthpeak / HCR ManorCare,2010,-1,MANORCARE HEALTH SERVICES-HUNTINGDON V,PA,130,,,62.81,19.83,0.8913223140495867,0.5520661157024793,1.9185950413223145,3.361983471074381,facil2010new.xls
395913,MANORCARE HEALTH SERVICES-HUNTINGDON VALLEY,PA,Healthpeak / HCR ManorCare,2011,0,MANORCARE HEALTH SERVICES-HUNTINGDON VALLEY,PA,130,,106.88,69.23,13.46,0.87,0.517,1.868,3.255,facility_2011.xls
395913,MANORCARE HEALTH SERVICES-HUNTINGDON VALLEY,PA,Healthpeak / HCR ManorCare,2012,1,MANORCARE HEALTH SERVICES-HUNTINGDON VALLEY,PA,130,,108.95,70.0,12.73,0.532,0.492,1.985,3.009,facility_2012.xls
395913,MANORCARE HEALTH SERVICES-HUNTINGDON VALLEY,PA,Healthpeak / HCR ManorCare,2013,2,MANORCARE HEALTH SERVICES-HUNTINGDON VALLEY,PA,130,,110.92,62.71,13.56,0.778,0.5,1.869,3.147,facility_2013.xls
395989,MANORCARE HEALTH SERVICES-MERCY FI,PA,Healthpeak / HCR ManorCare,2009,-2,MANORCARE HEALTH SERVICES-MERCY FI,PA,120,,,35.65,27.83,0.7421739130434782,0.8447826086956522,1.8691304347826083,3.456086956521739,facil2009new.xls
395989,MANORCARE HEALTH SERVICES-MERCY FI,PA,Healthpeak / HCR ManorCare,2010,-1,MANORCARE HEALTH SERVICES-MERCY FI,PA,120,,,45.95,23.42,0.7720720720720721,0.94009009009009,1.906306306306306,3.618468468468469,facil2010new.xls
395989,MANORCARE HEALTH SERVICES-MERCY FI,PA,Healthpeak / HCR ManorCare,2011,0,MANORCARE HEALTH SERVICES-MERCY FI,PA,120,,109.93,44.44,29.91,0.805,0.847,1.739,3.391,facility_2011.xls
395989,MANORCARE HEALTH SERVICES-MERCY FI,PA,Healthpeak / HCR ManorCare,2012,1,MANORCARE HEALTH SERVICES-MERCY FI,PA,129,,114.5,47.83,15.65,1.11,0.674,1.537,3.322,facility_2012.xls
395989,MANORCARE HEALTH SERVICES-MERCY FI,PA,Healthpeak / HCR ManorCare,2013,2,MANORCARE HEALTH SERVICES-MERCY FI,PA,129,,114.45,47.15,21.95,1.27,0.436,1.759,3.465,facility_2013.xls
396003,MANORCARE HEALTH SERVICES-MONROEVILLE,PA,Healthpeak / HCR ManorCare,2009,-2,MANORCARE HEALTH SERVICES-MONROEVILLE,PA,120,,,50.86,12.93,0.6211206896551724,0.746551724137931,1.7068965517241377,3.074568965517241,facil2009new.xls
396003,MANORCARE HEALTH SERVICES-MONROEVILLE,PA,Healthpeak / HCR ManorCare,2010,-1,MANORCARE HEALTH SERVICES-MONROEVILLE,PA,120,,,50.43,13.68,0.6675213675213676,0.7316239316239317,1.857264957264957,3.2564102564102564,facil2010new.xls
396003,MANORCARE HEALTH SERVICES-MONROEVILLE,PA,Healthpeak / HCR ManorCare,2011,0,MANORCARE HEALTH SERVICES-MONROEVILLE,PA,120,,110.94,57.14,17.86,0.666,0.858,1.854,3.379,facility_2011.xls
396003,MANORCARE HEALTH SERVICES-MONROEVILLE,PA,Healthpeak / HCR ManorCare,2012,1,MANORCARE HEALTH SERVICES-MONROEVILLE,PA,120,,109.41,50.43,14.78,0.752,0.772,1.536,3.06,facility_2012.xls
396003,MANORCARE HEALTH SERVICES-MONROEVILLE,PA,Healthpeak / HCR ManorCare,2013,2,MANORCARE HEALTH SERVICES-MONROEVILLE,PA,120,,109.46,47.71,11.93,0.826,0.819,1.768,3.412,facility_2013.xls
396066,MANORCARE HEALTH SERVICES-WHITEHALL BO,PA,Healthpeak / HCR ManorCare,2009,-2,MANORCARE HEALTH SERVICES-WHITEHALL BO,PA,150,,,46.15,21.68,0.8905594405594405,0.5744755244755245,1.8017482517482517,3.266783216783217,facil2009new.xls
396066,MANORCARE HEALTH SERVICES-WHITEHALL BO,PA,Healthpeak / HCR ManorCare,2010,-1,MANORCARE HEALTH SERVICES-WHITEHALL BO,PA,150,,,53.96,19.42,1.1949640287769785,0.452158273381295,1.9399280575539568,3.5870503597122303,facil2010new.xls
396066,MANORCARE HEALTH SERVICES-WHITEHALL BOROUGH,PA,Healthpeak / HCR ManorCare,2011,0,MANORCARE HEALTH SERVICES-WHITEHALL BOROUGH,PA,150,,134.34,40.58,20.29,1.177,0.39,1.979,3.546,facility_2011.xls
396066,MANORCARE HEALTH SERVICES-WHITEHALL BOROUGH,PA,Healthpeak / HCR ManorCare,2012,1,MANORCARE HEALTH SERVICES-WHITEHALL BOROUGH,PA,150,,137.19,41.84,19.86,1.161,0.362,1.871,3.394,facility_2012.xls
396066,MANORCARE HEALTH SERVICES-WHITEHALL BOROUGH,PA,Healthpeak / HCR ManorCare,2013,2,MANORCARE HEALTH SERVICES-WHITEHALL BOROUGH,PA,166,,137.61,37.5,24.22,1.268,0.463,2.314,4.045,facility_2013.xls
425008,HEARTLAND OF COLUMBIA REHAB AND NURSIN,SC,Healthpeak / HCR ManorCare,2009,-2,HEARTLAND OF COLUMBIA REHAB AND NURSIN,SC,132,,,56.36,24.55,0.5331818181818182,0.7327272727272727,2.1131818181818183,3.37909090909091,facil2009new.xls
425008,HEARTLAND OF COLUMBIA REHAB AND NURSIN,SC,Healthpeak / HCR ManorCare,2010,-1,HEARTLAND OF COLUMBIA REHAB AND NURSIN,SC,132,,,59.02,27.05,0.4069672131147541,0.8254098360655738,2.0545081967213115,3.286885245901639,facil2010new.xls
425008,HEARTLAND OF COLUMBIA REHAB AND NURSING CENTER,SC,Healthpeak / HCR ManorCare,2011,0,HEARTLAND OF COLUMBIA REHAB AND NURSING CENTER,SC,132,,107.32,63.64,16.36,0.314,1.162,2.245,3.722,facility_2011.xls
425008,HEARTLAND OF COLUMBIA REHAB AND NURSING CENTER,SC,Healthpeak / HCR ManorCare,2012,1,HEARTLAND OF COLUMBIA REHAB AND NURSING CENTER,SC,132,,89.54,71.58,18.95,0.999,0.737,2.274,4.009,facility_2012.xls
425008,HEARTLAND OF COLUMBIA REHAB AND NURSING CENTER,SC,Healthpeak / HCR ManorCare,2013,2,HEARTLAND OF COLUMBIA REHAB AND NURSING CENTER,SC,132,,91.37,64.29,20.41,0.802,0.59,2.1,3.492,facility_2013.xls
425105,HEARTLAND OF LEXINGTON REHAB AND NURSI,SC,Healthpeak / HCR ManorCare,2009,-2,HEARTLAND OF LEXINGTON REHAB AND NURSI,SC,132,,,65.05,18.45,0.1504854368932038,1.128155339805825,2.155339805825242,3.4339805825242715,facil2009new.xls
425105,HEARTLAND OF LEXINGTON REHAB AND NURSI,SC,Healthpeak / HCR ManorCare,2010,-1,HEARTLAND OF LEXINGTON REHAB AND NURSI,SC,132,,,53.7,25.93,0.3287037037037037,1.1143518518518518,2.0972222222222223,3.540277777777778,facil2010new.xls
425105,HEARTLAND OF LEXINGTON REHAB AND NURSING CENTER,SC,Healthpeak / HCR ManorCare,2011,0,HEARTLAND OF LEXINGTON REHAB AND NURSING CENTER,SC,132,,104.28,58.77,16.67,0.337,0.965,2.211,3.512,facility_2011.xls
425105,HEARTLAND OF LEXINGTON REHAB AND NURSING CENTER,SC,Healthpeak / HCR ManorCare,2012,1,HEARTLAND OF LEXINGTON REHAB AND NURSING CENTER,SC,132,,85.21,66.67,14.94,0.641,0.877,2.34,3.858,facility_2012.xls
425105,HEARTLAND OF LEXINGTON REHAB AND NURSING CENTER,SC,Healthpeak / HCR ManorCare,2013,2,HEARTLAND OF LEXINGTON REHAB AND NURSING CENTER,SC,132,,88.62,56.67,25.56,0.47,1.139,2.27,3.879,facility_2013.xls
425289,HEARTLAND HEALTHCARE CENTER- CHARLESTO,SC,Healthpeak / HCR ManorCare,2009,-2,HEARTLAND HEALTHCARE CENTER- CHARLESTO,SC,105,,,48.28,27.59,0.3281609195402299,0.8867816091954024,2.2045977011494253,3.4195402298850577,facil2009new.xls
425289,HEARTLAND HEALTHCARE CENTER- CHARLESTO,SC,Healthpeak / HCR ManorCare,2010,-1,HEARTLAND HEALTHCARE CENTER- CHARLESTO,SC,105,,,42.53,29.89,0.3362068965517241,0.8867816091954024,2.2045977011494253,3.4275862068965517,facil2010new.xls
425289,HEARTLAND HEALTHCARE CENTER- CHARLESTON,SC,Healthpeak / HCR ManorCare,2011,0,HEARTLAND HEALTHCARE CENTER- CHARLESTON,SC,105,,97.13,42.53,29.89,0.336,0.887,2.205,3.428,facility_2011.xls
425289,HEARTLAND HEALTHCARE CENTER- CHARLESTON,SC,Healthpeak / HCR ManorCare,2012,1,HEARTLAND HEALTHCARE CENTER- CHARLESTON,SC,135,,90.06,52.17,27.17,0.652,0.734,2.258,3.643,facility_2012.xls
425289,HEARTLAND HEALTHCARE CENTER- CHARLESTON,SC,Healthpeak / HCR ManorCare,2013,2,HEARTLAND HEALTHCARE CENTER- CHARLESTON,SC,135,,83.32,46.81,39.36,0.413,0.616,2.07,3.098,facility_2013.xls
425362,HEARTLAND OF WEST ASHLEY REHAB AND NUR,SC,Healthpeak / HCR ManorCare,2009,-2,HEARTLAND OF WEST ASHLEY REHAB AND NUR,SC,99,,,24.21,42.11,0.311578947368421,0.7947368421052632,1.9952631578947368,3.101578947368421,facil2009new.xls
425362,HEARTLAND OF WEST ASHLEY REHAB AND NUR,SC,Healthpeak / HCR ManorCare,2010,-1,HEARTLAND OF WEST ASHLEY REHAB AND NUR,SC,99,,,20.93,44.19,0.6255813953488372,0.7877906976744186,2.191860465116279,3.605232558139535,facil2010new.xls
425362,HEARTLAND OF WEST ASHLEY REHAB AND NURSING CENTER,SC,Healthpeak / HCR ManorCare,2011,0,HEARTLAND OF WEST ASHLEY REHAB AND NURSING CENTER,SC,99,,82.27,19.75,46.91,0.665,0.571,1.892,3.128,facility_2011.xls
425362,HEARTLAND OF WEST ASHLEY REHAB AND NURSING CENTER,SC,Healthpeak / HCR ManorCare,2012,1,HEARTLAND OF WEST ASHLEY REHAB AND NURSING CENTER,SC,121,,77.1,20.45,54.55,0.643,0.448,2.281,3.372,facility_2012.xls
425362,HEARTLAND OF WEST ASHLEY REHAB AND NURSING CENTER,SC,Healthpeak / HCR ManorCare,2013,2,HEARTLAND OF WEST ASHLEY REHAB AND NURSING CENTER,SC,125,,77.9,18.18,43.18,0.875,0.515,2.046,3.436,facility_2013.xls
435004,MANORCARE HEALTH SERVICES,SD,Healthpeak / HCR ManorCare,2009,-2,MANORCARE HEALTH SERVICES,SD,99,,,35.63,34.48,0.7103448275862069,0.5252873563218391,1.9764367816091952,3.212068965517241,facil2009new.xls
435004,MANORCARE HEALTH SERVICES,SD,Healthpeak / HCR ManorCare,2010,-1,MANORCARE HEALTH SERVICES,SD,99,,,40.96,25.3,0.7584337349397591,0.5120481927710844,2.110240963855422,3.3807228915662653,facil2010new.xls
435004,MANORCARE HEALTH SERVICES,SD,Healthpeak / HCR ManorCare,2011,0,MANORCARE HEALTH SERVICES,SD,99,,78.03,39.76,27.71,0.808,0.484,2.092,3.385,facility_2011.xls
435004,MANORCARE HEALTH SERVICES,SD,Healthpeak / HCR ManorCare,2012,1,MANORCARE HEALTH SERVICES,SD,99,,83.92,47.37,31.58,0.813,0.601,2.263,3.677,facility_2012.xls
435004,MANORCARE HEALTH SERVICES,SD,Healthpeak / HCR ManorCare,2013,2,MANORCARE HEALTH SERVICES,SD,99,,79.81,41.11,32.22,0.721,0.483,1.549,2.752,facility_2013.xls
455333,MANORCARE HEALTH SERVICES,TX,Healthpeak / HCR ManorCare,2009,-2,MANORCARE HEALTH SERVICES,TX,134,,,30.67,28.0,0.3353333333333333,1.2606666666666666,2.1466666666666665,3.7426666666666666,facil2009new.xls
455333,MANORCARE HEALTH SERVICES,TX,Healthpeak / HCR ManorCare,2010,-1,MANORCARE HEALTH SERVICES,TX,134,,,39.39,24.24,0.7515151515151516,0.9742424242424244,2.3431818181818183,4.068939393939394,facil2010new.xls
455333,MANORCARE HEALTH SERVICES,TX,Healthpeak / HCR ManorCare,2011,0,MANORCARE HEALTH SERVICES,TX,134,,64.23,39.39,24.24,0.752,0.974,2.343,4.069,facility_2011.xls
455333,MANORCARE HEALTH SERVICES,TX,Healthpeak / HCR ManorCare,2012,1,MANORCARE HEALTH SERVICES,TX,134,,63.77,33.33,29.33,1.029,0.582,2.089,3.699,facility_2012.xls
455333,MANORCARE HEALTH SERVICES,TX,Healthpeak / HCR ManorCare,2013,2,MANORCARE HEALTH SERVICES,TX,134,,58.11,40.38,25.0,0.671,1.24,2.103,4.014,facility_2013.xls
455457,MANORCARE HEALTH SERVICES,TX,Healthpeak / HCR ManorCare,2009,-2,MANORCARE HEALTH SERVICES,TX,104,,,59.78,10.87,0.1657608695652174,0.7875,1.9891304347826089,2.942391304347826,facil2009new.xls
455457,MANORCARE HEALTH SERVICES,TX,Healthpeak / HCR ManorCare,2010,-1,MANORCARE HEALTH SERVICES,TX,104,,,48.42,16.84,0.3815789473684211,0.9010526315789474,1.9157894736842105,3.1984210526315784,facil2010new.xls
455457,MANORCARE HEALTH SERVICES,TX,Healthpeak / HCR ManorCare,2011,0,MANORCARE HEALTH SERVICES,TX,88,,83.95,52.94,28.24,0.242,1.081,1.951,3.274,facility_2011.xls
455457,MANORCARE HEALTH SERVICES,TX,Healthpeak / HCR ManorCare,2012,1,MANORCARE HEALTH SERVICES,TX,104,,81.1,62.5,9.09,0.432,0.602,1.741,2.775,facility_2012.xls
455457,MANORCARE HEALTH SERVICES,TX,Healthpeak / HCR ManorCare,2013,2,MANORCARE HEALTH SERVICES,TX,104,,87.14,62.5,9.09,0.432,0.602,1.741,2.775,facility_2013.xls
455472,MANORCARE HEALTH SERVICES,TX,Healthpeak / HCR ManorCare,2009,-2,MANORCARE HEALTH SERVICES,TX,113,,,58.44,10.39,0.2155844155844155,1.0824675324675324,2.177922077922078,3.4759740259740255,facil2009new.xls
455472,MANORCARE HEALTH SERVICES,TX,Healthpeak / HCR ManorCare,2010,-1,MANORCARE HEALTH SERVICES,TX,113,,,64.0,10.67,0.6739999999999999,0.7066666666666667,1.988,3.368666666666667,facil2010new.xls
455472,MANORCARE HEALTH SERVICES,TX,Healthpeak / HCR ManorCare,2011,0,MANORCARE HEALTH SERVICES,TX,113,,78.11,61.8,22.47,0.551,0.898,2.147,3.596,facility_2011.xls
455472,MANORCARE HEALTH SERVICES,TX,Healthpeak / HCR ManorCare,2012,1,MANORCARE HEALTH SERVICES,TX,113,,84.06,67.47,18.07,0.825,0.792,2.419,4.036,facility_2012.xls
455472,MANORCARE HEALTH SERVICES,TX,Healthpeak / HCR ManorCare,2013,2,MANORCARE HEALTH SERVICES,TX,113,,72.02,65.06,18.07,0.627,0.677,2.001,3.304,facility_2013.xls
455494,MANORCARE HEALTH SERVICES,TX,Healthpeak / HCR ManorCare,2009,-2,MANORCARE HEALTH SERVICES,TX,163,,,33.02,13.21,0.5080188679245282,1.1608490566037737,2.350471698113207,4.019339622641509,facil2009new.xls
455494,MANORCARE HEALTH SERVICES,TX,Healthpeak / HCR ManorCare,2010,-1,MANORCARE HEALTH SERVICES,TX,163,,,38.1,10.48,0.4676190476190476,1.3004761904761903,2.355238095238095,4.123333333333334,facil2010new.xls
455494,MANORCARE HEALTH SERVICES,TX,Healthpeak / HCR ManorCare,2011,0,MANORCARE HEALTH SERVICES,TX,163,,102.76,37.0,9.0,0.41,1.212,2.094,3.715,facility_2011.xls
455494,MANORCARE HEALTH SERVICES,TX,Healthpeak / HCR ManorCare,2012,1,MANORCARE HEALTH SERVICES,TX,163,,100.14,46.0,10.0,0.486,1.158,2.112,3.756,facility_2012.xls
455494,MANORCARE HEALTH SERVICES,TX,Healthpeak / HCR ManorCare,2013,2,MANORCARE HEALTH SERVICES,TX,163,,100.06,41.58,18.81,0.626,1.09,2.033,3.749,facility_2013.xls
455653,MANORCARE HEALTH SERVICES,TX,Healthpeak / HCR ManorCare,2009,-2,MANORCARE HEALTH SERVICES,TX,204,,,87.79,3.49,0.2130813953488372,1.0319767441860466,2.0709302325581396,3.3159883720930226,facil2009new.xls
455653,MANORCARE HEALTH SERVICES,TX,Healthpeak / HCR ManorCare,2010,-1,MANORCARE HEALTH SERVICES,TX,204,,,77.65,9.41,0.2058823529411764,1.1658823529411764,2.0088235294117647,3.380588235294118,facil2010new.xls
455653,MANORCARE HEALTH SERVICES,TX,Healthpeak / HCR ManorCare,2011,0,MANORCARE HEALTH SERVICES,TX,204,,157.27,77.65,9.41,0.206,1.166,2.009,3.381,facility_2011.xls
455653,MANORCARE HEALTH SERVICES,TX,Healthpeak / HCR ManorCare,2012,1,MANORCARE HEALTH SERVICES,TX,204,,156.08,93.75,2.5,0.132,1.134,1.975,3.241,facility_2012.xls
455653,MANORCARE HEALTH SERVICES,TX,Healthpeak / HCR ManorCare,2013,2,MANORCARE HEALTH SERVICES,TX,204,,142.07,85.03,6.8,0.31,1.229,2.211,3.75,facility_2013.xls
455742,MANORCARE HEALTH SERVICES,TX,Healthpeak / HCR ManorCare,2009,-2,MANORCARE HEALTH SERVICES,TX,106,,,21.43,22.86,0.2478571428571429,1.2771428571428571,2.0721428571428575,3.5971428571428574,facil2009new.xls
455742,MANORCARE HEALTH SERVICES,TX,Healthpeak / HCR ManorCare,2010,-1,MANORCARE HEALTH SERVICES,TX,106,,,31.34,23.88,0.191044776119403,1.332089552238806,2.1141791044776115,3.6373134328358208,facil2010new.xls
455742,MANORCARE HEALTH SERVICES,TX,Healthpeak / HCR ManorCare,2011,0,MANORCARE HEALTH SERVICES,TX,106,,63.28,33.78,18.92,0.476,1.446,2.341,4.263,facility_2011.xls
455742,MANORCARE HEALTH SERVICES,TX,Healthpeak / HCR ManorCare,2012,1,MANORCARE HEALTH SERVICES,TX,106,,60.31,44.62,15.38,0.774,0.67,1.805,3.249,facility_2012.xls
455742,HEARTLAND CARE CENTER - SAN ANTONIO NORTH,TX,Healthpeak / HCR ManorCare,2013,2,HEARTLAND CARE CENTER - SAN ANTONIO NORTH,TX,52,,51.86,50.0,23.08,0.86,0.612,2.087,3.559,facility_2013.xls
455756,HEARTLAND HEALTH CARE CENTER OF WEST H,TX,Healthpeak / HCR ManorCare,2009,-2,HEARTLAND HEALTH CARE CENTER OF WEST H,TX,161,,,15.38,24.36,0.6435897435897435,0.8756410256410256,2.056410256410256,3.575641025641026,facil2009new.xls
455756,HEARTLAND HEALTH CARE CENTER OF WEST H,TX,Healthpeak / HCR ManorCare,2010,-1,HEARTLAND HEALTH CARE CENTER OF WEST H,TX,161,,,26.09,23.19,0.9637681159420288,0.8789855072463769,2.155072463768116,3.997826086956522,facil2010new.xls
455756,HEARTLAND HEALTH CARE CENTER OF WEST HOUSTON AT RO,TX,Healthpeak / HCR ManorCare,2011,0,HEARTLAND HEALTH CARE CENTER OF WEST HOUSTON AT RO,TX,161,,64.99,24.62,33.85,1.205,0.482,1.655,3.342,facility_2011.xls
455756,HEARTLAND HEALTH CARE CENTER OF WEST HOUSTON AT RO,TX,Healthpeak / HCR ManorCare,2012,1,HEARTLAND HEALTH CARE CENTER OF WEST HOUSTON AT RO,TX,161,,61.42,29.09,29.09,1.288,0.49,1.854,3.632,facility_2012.xls
455756,MANORCARE HEALTH SERVICES ? WEST HOUSTON,TX,Healthpeak / HCR ManorCare,2013,2,MANORCARE HEALTH SERVICES ? WEST HOUSTON,TX,161,,50.26,40.48,35.71,0.92,1.239,2.419,4.579,facility_2013.xls
455762,HEARTLAND OF SAN ANTONIO,TX,Healthpeak / HCR ManorCare,2009,-2,HEARTLAND OF SAN ANTONIO,TX,162,,,47.79,24.26,0.4125,0.8915441176470589,1.8897058823529411,3.19375,facil2009new.xls
455762,HEARTLAND OF SAN ANTONIO,TX,Healthpeak / HCR ManorCare,2010,-1,HEARTLAND OF SAN ANTONIO,TX,162,,,50.77,30.0,0.3719230769230769,0.7892307692307694,1.9196153846153845,3.080769230769231,facil2010new.xls
455762,HEARTLAND OF SAN ANTONIO,TX,Healthpeak / HCR ManorCare,2011,0,HEARTLAND OF SAN ANTONIO,TX,162,,122.1,54.81,27.41,0.435,0.725,1.734,2.894,facility_2011.xls
455762,HEARTLAND OF SAN ANTONIO,TX,Healthpeak / HCR ManorCare,2012,1,HEARTLAND OF SAN ANTONIO,TX,162,,119.79,51.28,23.93,0.547,0.735,1.836,3.118,facility_2012.xls
455762,HEARTLAND OF SAN ANTONIO,TX,Healthpeak / HCR ManorCare,2013,2,HEARTLAND OF SAN ANTONIO,TX,162,,122.61,53.97,25.4,0.594,0.747,1.91,3.25,facility_2013.xls
455794,HEARTLAND HEALTH CARE CENTER AT WILLOW,TX,Healthpeak / HCR ManorCare,2009,-2,HEARTLAND HEALTH CARE CENTER AT WILLOW,TX,120,,,16.67,24.07,0.3699074074074074,1.528703703703704,1.9800925925925927,3.878703703703703,facil2009new.xls
455794,HEARTLAND HEALTH CARE CENTER AT WILLOW,TX,Healthpeak / HCR ManorCare,2010,-1,HEARTLAND HEALTH CARE CENTER AT WILLOW,TX,120,,,19.28,31.33,0.3614457831325301,1.1957831325301205,1.986144578313253,3.543373493975904,facil2010new.xls
455794,HEARTLAND HEALTH CARE CENTER AT WILLOWBROOK,TX,Healthpeak / HCR ManorCare,2011,0,HEARTLAND HEALTH CARE CENTER AT WILLOWBROOK,TX,120,,62.55,34.92,15.87,1.081,0.577,1.948,3.606,facility_2011.xls
455794,HEARTLAND HEALTH CARE CENTER AT WILLOWBROOK,TX,Healthpeak / HCR ManorCare,2012,1,HEARTLAND HEALTH CARE CENTER AT WILLOWBROOK,TX,120,,62.06,43.75,17.19,1.23,0.313,1.993,3.536,facility_2012.xls
455794,HEARTLAND HEALTH CARE CENTER AT WILLOWBROOK,TX,Healthpeak / HCR ManorCare,2013,2,HEARTLAND HEALTH CARE CENTER AT WILLOWBROOK,TX,120,,63.35,35.48,29.03,1.465,0.331,2.108,3.903,facility_2013.xls
455798,HEARTLAND HEALTH CARE CENTER,TX,Healthpeak / HCR ManorCare,2009,-2,HEARTLAND HEALTH CARE CENTER,TX,120,,,28.21,29.49,0.3608974358974359,1.0564102564102564,1.8173076923076923,3.2346153846153847,facil2009new.xls
455798,HEARTLAND HEALTH CARE CENTER,TX,Healthpeak / HCR ManorCare,2010,-1,HEARTLAND HEALTH CARE CENTER,TX,120,,,25.61,15.85,0.1713414634146341,1.2719512195121951,2.124390243902439,3.5676829268292685,facil2010new.xls
455798,HEARTLAND HEALTH CARE CENTER,TX,Healthpeak / HCR ManorCare,2011,0,HEARTLAND HEALTH CARE CENTER,TX,120,,69.59,31.88,21.74,0.259,1.236,1.896,3.391,facility_2011.xls
455798,HEARTLAND HEALTH CARE CENTER,TX,Healthpeak / HCR ManorCare,2012,1,HEARTLAND HEALTH CARE CENTER,TX,120,,66.71,32.35,20.59,0.355,1.004,1.953,3.312,facility_2012.xls
455798,HEARTLAND HEALTH CARE CENTER,TX,Healthpeak / HCR ManorCare,2013,2,HEARTLAND HEALTH CARE CENTER,TX,120,,67.28,31.15,13.11,0.452,1.114,2.233,3.798,facility_2013.xls
455799,HEARTLAND HEALTHCARE CENTER,TX,Healthpeak / HCR ManorCare,2009,-2,HEARTLAND HEALTHCARE CENTER,TX,120,,,20.2,20.2,0.3368686868686869,0.9393939393939394,2.021717171717172,3.2979797979797985,facil2009new.xls
455799,HEARTLAND HEALTHCARE CENTER,TX,Healthpeak / HCR ManorCare,2010,-1,HEARTLAND HEALTHCARE CENTER,TX,120,,,18.89,32.22,0.3161111111111111,1.086666666666667,1.9705555555555552,3.3733333333333335,facil2010new.xls
455799,HEARTLAND HEALTHCARE CENTER,TX,Healthpeak / HCR ManorCare,2011,0,HEARTLAND HEALTHCARE CENTER,TX,120,,89.24,21.9,24.76,0.345,0.881,1.752,2.978,facility_2011.xls
455799,HEARTLAND HEALTHCARE CENTER,TX,Healthpeak / HCR ManorCare,2012,1,HEARTLAND HEALTHCARE CENTER,TX,120,,82.37,24.14,21.84,0.348,1.039,1.844,3.23,facility_2012.xls
455799,HEARTLAND HEALTHCARE CENTER,TX,Healthpeak / HCR ManorCare,2013,2,HEARTLAND HEALTHCARE CENTER,TX,120,,78.24,30.86,19.75,0.449,0.912,1.934,3.295,facility_2013.xls
495011,MANORCARE HEALTH SERVICES-ALEXANDRIA,VA,Healthpeak / HCR ManorCare,2009,-2,MANORCARE HEALTH SERVICES-ALEXANDRIA,VA,96,,,59.26,19.75,0.328395061728395,1.480246913580247,2.0067901234567898,3.815432098765432,facil2009new.xls
495011,MANORCARE HEALTH SERVICES-ALEXANDRIA,VA,Healthpeak / HCR ManorCare,2010,-1,MANORCARE HEALTH SERVICES-ALEXANDRIA,VA,96,,,66.23,19.48,0.6012987012987012,1.512337662337662,2.4045454545454548,4.518181818181818,facil2010new.xls
495011,MANORCARE HEALTH SERVICES-ALEXANDRIA,VA,Healthpeak / HCR ManorCare,2011,0,MANORCARE HEALTH SERVICES-ALEXANDRIA,VA,96,,76.97,64.71,23.53,0.504,1.092,1.994,3.589,facility_2011.xls
495011,MANORCARE HEALTH SERVICES-ALEXANDRIA,VA,Healthpeak / HCR ManorCare,2012,1,MANORCARE HEALTH SERVICES-ALEXANDRIA,VA,96,,78.74,66.23,23.38,0.721,0.891,2.339,3.951,facility_2012.xls
495011,MANORCARE HEALTH SERVICES-ALEXANDRIA,VA,Healthpeak / HCR ManorCare,2013,2,MANORCARE HEALTH SERVICES-ALEXANDRIA,VA,96,,77.85,67.11,18.42,0.581,0.989,2.189,3.759,facility_2013.xls
495045,MANORCARE HEALTH SERVICES-STRATFORD HA,VA,Healthpeak / HCR ManorCare,2009,-2,MANORCARE HEALTH SERVICES-STRATFORD HA,VA,194,,,61.27,19.65,0.3257225433526012,0.9450867052023122,1.8965317919075144,3.167341040462428,facil2009new.xls
495045,MANORCARE HEALTH SERVICES-STRATFORD HA,VA,Healthpeak / HCR ManorCare,2010,-1,MANORCARE HEALTH SERVICES-STRATFORD HA,VA,194,,,73.74,15.08,0.3974860335195531,0.8027932960893855,1.76536312849162,2.9656424581005587,facil2010new.xls
495045,MANORCARE HEALTH SERVICES-STRATFORD HALL,VA,Healthpeak / HCR ManorCare,2011,0,MANORCARE HEALTH SERVICES-STRATFORD HALL,VA,194,,164.27,70.76,14.62,0.606,0.692,1.919,3.217,facility_2011.xls
495045,MANORCARE HEALTH SERVICES-STRATFORD HALL,VA,Healthpeak / HCR ManorCare,2012,1,MANORCARE HEALTH SERVICES-STRATFORD HALL,VA,194,,163.21,72.46,13.77,0.545,0.735,1.867,3.147,facility_2012.xls
495045,MANORCARE HEALTH SERVICES-STRATFORD HALL,VA,Healthpeak / HCR ManorCare,2013,2,MANORCARE HEALTH SERVICES-STRATFORD HALL,VA,194,,140.89,69.94,18.4,0.752,0.644,1.899,3.296,facility_2013.xls
495102,MANORCARE HEALTH SERVICES-ARLINGTON,VA,Healthpeak / HCR ManorCare,2009,-2,MANORCARE HEALTH SERVICES-ARLINGTON,VA,171,,,53.46,22.01,0.2955974842767295,1.2814465408805031,2.020125786163522,3.597169811320754,facil2009new.xls
495102,MANORCARE HEALTH SERVICES-ARLINGTON,VA,Healthpeak / HCR ManorCare,2010,-1,MANORCARE HEALTH SERVICES-ARLINGTON,VA,171,,,69.87,12.82,0.4586538461538461,1.353205128205128,1.8429487179487176,3.654807692307692,facil2010new.xls
495102,MANORCARE HEALTH SERVICES-ARLINGTON,VA,Healthpeak / HCR ManorCare,2011,0,MANORCARE HEALTH SERVICES-ARLINGTON,VA,161,,137.48,64.47,19.74,0.419,1.222,1.685,3.326,facility_2011.xls
495102,MANORCARE HEALTH SERVICES-ARLINGTON,VA,Healthpeak / HCR ManorCare,2012,1,MANORCARE HEALTH SERVICES-ARLINGTON,VA,161,,129.32,60.14,28.99,0.556,1.239,1.665,3.461,facility_2012.xls
495102,MANORCARE HEALTH SERVICES-ARLINGTON,VA,Healthpeak / HCR ManorCare,2013,2,MANORCARE HEALTH SERVICES-ARLINGTON,VA,161,,126.21,63.08,23.85,0.502,0.989,1.743,3.233,facility_2013.xls
495217,MANORCARE HEALTH SERVICES-FAIR OAKS,VA,Healthpeak / HCR ManorCare,2009,-2,MANORCARE HEALTH SERVICES-FAIR OAKS,VA,145,,,46.04,30.22,0.3992805755395684,1.089568345323741,2.0205035971223024,3.5093525179856115,facil2009new.xls
495217,MANORCARE HEALTH SERVICES-FAIR OAKS,VA,Healthpeak / HCR ManorCare,2010,-1,MANORCARE HEALTH SERVICES-FAIR OAKS,VA,155,,,54.4,20.8,0.7176,1.0488000000000002,2.0196,3.786,facil2010new.xls
495217,MANORCARE HEALTH SERVICES-FAIR OAKS,VA,Healthpeak / HCR ManorCare,2011,0,MANORCARE HEALTH SERVICES-FAIR OAKS,VA,150,,129.63,46.62,33.08,0.715,0.961,2.023,3.699,facility_2011.xls
495217,MANORCARE HEALTH SERVICES-FAIR OAKS,VA,Healthpeak / HCR ManorCare,2012,1,MANORCARE HEALTH SERVICES-FAIR OAKS,VA,155,,133.83,54.41,26.47,0.752,0.872,1.946,3.57,facility_2012.xls
495217,MANORCARE HEALTH SERVICES-FAIR OAKS,VA,Healthpeak / HCR ManorCare,2013,2,MANORCARE HEALTH SERVICES-FAIR OAKS,VA,155,,135.04,60.28,26.24,0.761,1.023,1.991,3.776,facility_2013.xls
495283,MANORCARE HEALTH SERVICES-IMPERIAL,VA,Healthpeak / HCR ManorCare,2009,-2,MANORCARE HEALTH SERVICES-IMPERIAL,VA,128,,,37.9,31.45,0.3205645161290322,0.9786290322580644,1.6870967741935483,2.986290322580645,facil2009new.xls
495283,MANORCARE HEALTH SERVICES-IMPERIAL,VA,Healthpeak / HCR ManorCare,2010,-1,MANORCARE HEALTH SERVICES-IMPERIAL,VA,128,,,39.32,23.93,0.4316239316239316,0.984188034188034,1.7910256410256409,3.206837606837606,facil2010new.xls
495283,MANORCARE HEALTH SERVICES-IMPERIAL,VA,Healthpeak / HCR ManorCare,2011,0,MANORCARE HEALTH SERVICES-IMPERIAL,VA,128,,113.91,55.05,25.69,0.366,0.945,1.33,2.641,facility_2011.xls
495283,MANORCARE HEALTH SERVICES-IMPERIAL,VA,Healthpeak / HCR ManorCare,2012,1,MANORCARE HEALTH SERVICES-IMPERIAL,VA,128,,117.17,55.65,19.13,0.407,0.874,1.639,2.92,facility_2012.xls
495283,MANORCARE HEALTH SERVICES-IMPERIAL,VA,Healthpeak / HCR ManorCare,2013,2,MANORCARE HEALTH SERVICES-IMPERIAL,VA,128,,117.9,47.62,34.13,0.487,0.727,1.583,2.796,facility_2013.xls
515039,HEARTLAND OF MARTINSBURG,WV,Healthpeak / HCR ManorCare,2009,-2,HEARTLAND OF MARTINSBURG,WV,120,,,62.28,24.56,0.2710526315789474,0.6745614035087718,2.054824561403509,3.0004385964912275,facil2009new.xls
515039,HEARTLAND OF MARTINSBURG,WV,Healthpeak / HCR ManorCare,2010,-1,HEARTLAND OF MARTINSBURG,WV,120,,,62.28,24.56,0.2710526315789474,0.6745614035087718,2.054824561403509,3.0004385964912275,facil2010new.xls
515039,HEARTLAND OF MARTINSBURG,WV,Healthpeak / HCR ManorCare,2011,0,HEARTLAND OF MARTINSBURG,WV,120,,111.85,39.29,0.0,0.352,0.697,2.066,3.115,facility_2011.xls
515039,HEARTLAND OF MARTINSBURG,WV,Healthpeak / HCR ManorCare,2012,1,HEARTLAND OF MARTINSBURG,WV,120,,110.64,39.29,0.0,0.352,0.697,2.066,3.115,facility_2012.xls
515039,HEARTLAND OF MARTINSBURG,WV,Healthpeak / HCR ManorCare,2013,2,HEARTLAND OF MARTINSBURG,WV,120,,110.91,65.49,21.24,0.46,0.656,2.035,3.151,facility_2013.xls
515120,HEARTLAND OF CLARKSBURG,WV,Healthpeak / HCR ManorCare,2009,-2,HEARTLAND OF CLARKSBURG,WV,120,,,65.69,19.61,0.2803921568627451,0.919607843137255,2.0333333333333337,3.233333333333334,facil2009new.xls
515120,HEARTLAND OF CLARKSBURG,WV,Healthpeak / HCR ManorCare,2010,-1,HEARTLAND OF CLARKSBURG,WV,120,,,73.47,13.27,0.4693877551020409,0.7892857142857144,1.854591836734694,3.1132653061224493,facil2010new.xls
515120,HEARTLAND OF CLARKSBURG,WV,Healthpeak / HCR ManorCare,2011,0,HEARTLAND OF CLARKSBURG,WV,120,,105.08,68.81,13.76,0.223,0.867,1.616,2.706,facility_2011.xls
515120,HEARTLAND OF CLARKSBURG,WV,Healthpeak / HCR ManorCare,2012,1,HEARTLAND OF CLARKSBURG,WV,120,,99.81,68.81,13.76,0.223,0.867,1.616,2.706,facility_2012.xls
515120,HEARTLAND OF CLARKSBURG,WV,Healthpeak / HCR ManorCare,2013,2,HEARTLAND OF CLARKSBURG,WV,120,,98.18,75.0,11.0,0.466,0.844,1.91,3.219,facility_2013.xls
525009,MANORCARE HEALTH SERVICES-EAST,WI,Healthpeak / HCR ManorCare,2009,-2,MANORCARE HEALTH SERVICES-EAST,WI,79,,,46.51,20.93,0.9325581395348836,0.7755813953488372,2.3790697674418606,4.087209302325581,facil2009new.xls
525009,MANORCARE HEALTH SERVICES-EAST,WI,Healthpeak / HCR ManorCare,2010,-1,MANORCARE HEALTH SERVICES-EAST,WI,79,,,50.0,21.43,1.3416666666666666,0.4595238095238095,2.013095238095238,3.814285714285714,facil2010new.xls
525009,MANORCARE HEALTH SERVICES-EAST,WI,Healthpeak / HCR ManorCare,2011,0,MANORCARE HEALTH SERVICES-EAST,WI,79,,44.51,54.35,15.22,1.387,0.273,2.261,3.921,facility_2011.xls
525009,MANORCARE HEALTH SERVICES-EAST,WI,Healthpeak / HCR ManorCare,2012,1,MANORCARE HEALTH SERVICES-EAST,WI,79,,48.49,51.02,22.45,1.381,0.194,2.131,3.705,facility_2012.xls
525009,MANORCARE HEALTH SERVICES-EAST,WI,Healthpeak / HCR ManorCare,2013,2,MANORCARE HEALTH SERVICES-EAST,WI,79,,50.16,51.02,22.45,1.381,0.194,2.131,3.705,facility_2013.xls
525179,MANORCARE HEALTH SERVICES-KENOSHA,WI,Healthpeak / HCR ManorCare,2009,-2,MANORCARE HEALTH SERVICES-KENOSHA,WI,153,,,61.83,21.37,0.4244274809160305,0.5946564885496184,1.7889312977099237,2.808015267175572,facil2009new.xls
525179,MANORCARE HEALTH SERVICES-KENOSHA,WI,Healthpeak / HCR ManorCare,2010,-1,MANORCARE HEALTH SERVICES-KENOSHA,WI,153,,,52.59,17.78,0.3599999999999999,0.7174074074074075,1.9525925925925929,3.03,facil2010new.xls
525179,MANORCARE HEALTH SERVICES-KENOSHA,WI,Healthpeak / HCR ManorCare,2011,0,MANORCARE HEALTH SERVICES-KENOSHA,WI,153,,112.68,56.88,18.35,0.686,0.797,2.032,3.514,facility_2011.xls
525179,MANORCARE HEALTH SERVICES-KENOSHA,WI,Healthpeak / HCR ManorCare,2012,1,MANORCARE HEALTH SERVICES-KENOSHA,WI,153,,110.68,54.4,20.0,0.424,0.623,1.848,2.895,facility_2012.xls
525179,MANORCARE HEALTH SERVICES-KENOSHA,WI,Healthpeak / HCR ManorCare,2013,2,MANORCARE HEALTH SERVICES-KENOSHA,WI,153,,109.59,61.61,12.5,0.679,0.725,2.512,3.916,facility_2013.xls
525219,MANORCARE HEALTH SERVICES-PLATTEVILLE,WI,Healthpeak / HCR ManorCare,2009,-2,MANORCARE HEALTH SERVICES-PLATTEVILLE,WI,99,,,67.61,14.08,0.321830985915493,0.7507042253521127,2.0246478873239435,3.09718309859155,facil2009new.xls
525219,MANORCARE HEALTH SERVICES-PLATTEVILLE,WI,Healthpeak / HCR ManorCare,2010,-1,MANORCARE HEALTH SERVICES-PLATTEVILLE,WI,99,,,67.61,14.08,0.321830985915493,0.7507042253521127,2.0246478873239435,3.09718309859155,facil2010new.xls
525219,MANORCARE HEALTH SERVICES-PLATTEVILLE,WI,Healthpeak / HCR ManorCare,2011,0,MANORCARE HEALTH SERVICES-PLATTEVILLE,WI,99,,60.07,63.08,12.31,0.645,0.818,2.359,3.822,facility_2011.xls
525219,MANORCARE HEALTH SERVICES-PLATTEVILLE,WI,Healthpeak / HCR ManorCare,2012,1,MANORCARE HEALTH SERVICES-PLATTEVILLE,WI,99,,53.25,62.96,12.96,0.738,0.641,2.319,3.698,facility_2012.xls
525219,MANORCARE HEALTH SERVICES-PLATTEVILLE,WI,Healthpeak / HCR ManorCare,2013,2,MANORCARE HEALTH SERVICES-PLATTEVILLE,WI,99,,57.77,61.29,8.06,0.635,0.721,2.419,3.776,facility_2013.xls
525232,MANORCARE HEALTH SERVICES-WEST,WI,Healthpeak / HCR ManorCare,2009,-2,MANORCARE HEALTH SERVICES-WEST,WI,105,,,41.94,24.73,0.610752688172043,0.5645161290322581,2.150537634408602,3.3258064516129036,facil2009new.xls
525232,MANORCARE HEALTH SERVICES-WEST,WI,Healthpeak / HCR ManorCare,2010,-1,MANORCARE HEALTH SERVICES-WEST,WI,105,,,50.53,18.95,0.7478947368421054,0.4610526315789473,1.763157894736842,2.972105263157895,facil2010new.xls
525232,MANORCARE HEALTH SERVICES-WEST,WI,Healthpeak / HCR ManorCare,2011,0,MANORCARE HEALTH SERVICES-WEST,WI,105,,86.39,53.01,16.87,0.804,0.576,2.299,3.679,facility_2011.xls
525232,MANORCARE HEALTH SERVICES-WEST,WI,Healthpeak / HCR ManorCare,2012,1,MANORCARE HEALTH SERVICES-WEST,WI,105,,90.95,62.35,12.94,0.79,0.563,2.202,3.555,facility_2012.xls
525232,MANORCARE HEALTH SERVICES-WEST,WI,Healthpeak / HCR ManorCare,2013,2,MANORCARE HEALTH SERVICES-WEST,WI,105,,81.47,62.35,12.94,0.79,0.563,2.202,3.555,facility_2013.xls
525264,MANORCARE HEALTH SERVICES,WI,Healthpeak / HCR ManorCare,2009,-2,MANORCARE HEALTH SERVICES,WI,104,,,54.22,20.48,0.2987951807228916,0.4819277108433735,2.371084337349398,3.151807228915663,facil2009new.xls
525264,MANORCARE HEALTH SERVICES,WI,Healthpeak / HCR ManorCare,2010,-1,MANORCARE HEALTH SERVICES,WI,104,,,63.38,8.45,0.7816901408450704,0.5577464788732395,2.211267605633803,3.550704225352113,facil2010new.xls
525264,MANORCARE HEALTH SERVICES,WI,Healthpeak / HCR ManorCare,2011,0,MANORCARE HEALTH SERVICES,WI,104,,62.81,64.91,10.53,1.108,0.187,2.553,3.847,facility_2011.xls
525264,MANORCARE HEALTH SERVICES,WI,Healthpeak / HCR ManorCare,2012,1,MANORCARE HEALTH SERVICES,WI,104,,66.0,45.33,17.33,0.997,0.235,2.011,3.244,facility_2012.xls
525264,MANORCARE HEALTH SERVICES,WI,Healthpeak / HCR ManorCare,2013,2,MANORCARE HEALTH SERVICES,WI,104,,67.52,47.62,9.52,1.183,0.301,2.532,4.016,facility_2013.xls
525274,MANORCARE HEALTH SERVICES,WI,Healthpeak / HCR ManorCare,2009,-2,MANORCARE HEALTH SERVICES,WI,108,,,51.39,16.67,0.8479166666666668,0.4624999999999999,2.047916666666667,3.3583333333333334,facil2009new.xls
525274,MANORCARE HEALTH SERVICES,WI,Healthpeak / HCR ManorCare,2010,-1,MANORCARE HEALTH SERVICES,WI,108,,,43.48,11.59,1.0173913043478262,0.2847826086956522,2.1028985507246376,3.405072463768116,facil2010new.xls
525274,MANORCARE HEALTH SERVICES,WI,Healthpeak / HCR ManorCare,2011,0,MANORCARE HEALTH SERVICES,WI,108,,64.55,43.48,11.59,1.017,0.285,2.103,3.405,facility_2011.xls
525274,MANORCARE HEALTH SERVICES,WI,Healthpeak / HCR ManorCare,2012,1,MANORCARE HEALTH SERVICES,WI,108,,61.54,45.61,10.53,1.197,0.164,1.819,3.181,facility_2012.xls
525274,MANORCARE HEALTH SERVICES,WI,Healthpeak / HCR ManorCare,2013,2,MANORCARE HEALTH SERVICES,WI,108,,72.01,39.44,14.08,1.144,0.296,2.496,3.936,facility_2013.xls
525335,MANORCARE HEALTH SERVICES-SHAWANO,WI,Healthpeak / HCR ManorCare,2009,-2,MANORCARE HEALTH SERVICES-SHAWANO,WI,100,,,60.94,10.94,0.55390625,0.6515625,2.1867187500000003,3.3921875000000004,facil2009new.xls
525335,MANORCARE HEALTH SERVICES-SHAWANO,WI,Healthpeak / HCR ManorCare,2010,-1,MANORCARE HEALTH SERVICES-SHAWANO,WI,100,,,51.25,12.5,0.51375,0.4162499999999999,2.01375,2.94375,facil2010new.xls
525335,MANORCARE HEALTH SERVICES-SHAWANO,WI,Healthpeak / HCR ManorCare,2011,0,MANORCARE HEALTH SERVICES-SHAWANO,WI,100,,61.74,42.37,20.34,0.57,0.69,2.459,3.719,facility_2011.xls
525335,MANORCARE HEALTH SERVICES-SHAWANO,WI,Healthpeak / HCR ManorCare,2012,1,MANORCARE HEALTH SERVICES-SHAWANO,WI,100,,60.16,43.75,15.63,0.677,0.544,2.19,3.411,facility_2012.xls
525335,MANORCARE HEALTH SERVICES-SHAWANO,WI,Healthpeak / HCR ManorCare,2013,2,MANORCARE HEALTH SERVICES-SHAWANO,WI,100,,61.18,66.1,10.17,0.834,0.484,2.258,3.575,facility_2013.xls
525521,HEARTLAND COUNTRY VILLAGE,WI,Healthpeak / HCR ManorCare,2009,-2,HEARTLAND COUNTRY VILLAGE,WI,50,,,38.64,9.09,0.1761363636363636,0.803409090909091,2.123863636363636,3.1034090909090906,facil2009new.xls
525521,HEARTLAND COUNTRY VILLAGE,WI,Healthpeak / HCR ManorCare,2010,-1,HEARTLAND COUNTRY VILLAGE,WI,50,,,39.53,4.65,0.163953488372093,0.905813953488372,2.363953488372093,3.433720930232558,facil2010new.xls
525521,HEARTLAND COUNTRY VILLAGE,WI,Healthpeak / HCR ManorCare,2011,0,HEARTLAND COUNTRY VILLAGE,WI,50,,41.59,30.77,7.69,0.167,0.869,2.492,3.528,facility_2011.xls
525521,HEARTLAND COUNTRY VILLAGE,WI,Healthpeak / HCR ManorCare,2012,1,HEARTLAND COUNTRY VILLAGE,WI,50,,41.17,37.5,7.5,0.288,0.671,2.426,3.385,facility_2012.xls
525521,HEARTLAND COUNTRY VILLAGE,WI,Healthpeak / HCR ManorCare,2013,2,HEARTLAND COUNTRY VILLAGE,WI,50,,42.07,47.62,11.9,0.569,0.568,2.505,3.642,facility_2013.xls
525646,MANORCARE HEALTH SERVICES-PEWAUKEE,WI,Healthpeak / HCR ManorCare,2009,-2,MANORCARE HEALTH SERVICES-PEWAUKEE,WI,120,,,51.38,12.84,0.5830275229357798,0.7270642201834863,1.9862385321100915,3.2963302752293577,facil2009new.xls
525646,MANORCARE HEALTH SERVICES-PEWAUKEE,WI,Healthpeak / HCR ManorCare,2010,-1,MANORCARE HEALTH SERVICES-PEWAUKEE,WI,120,,,69.66,10.11,0.843258426966292,0.7213483146067416,2.101123595505618,3.665730337078651,facil2010new.xls
525646,MANORCARE HEALTH SERVICES-PEWAUKEE,WI,Healthpeak / HCR ManorCare,2011,0,MANORCARE HEALTH SERVICES-PEWAUKEE,WI,120,,85.47,44.94,26.97,0.822,0.626,2.149,3.598,facility_2011.xls
525646,MANORCARE HEALTH SERVICES-WAUKESHA,WI,Healthpeak / HCR ManorCare,2012,1,MANORCARE HEALTH SERVICES-WAUKESHA,WI,120,,98.96,28.43,18.63,0.916,0.0,2.181,3.097,facility_2012.xls
525646,MANORCARE HEALTH SERVICES-PEWAUKEE,WI,Healthpeak / HCR ManorCare,2013,2,MANORCARE HEALTH SERVICES-PEWAUKEE,WI,120,,94.84,54.08,6.12,1.032,0.464,2.272,3.768,facility_2013.xls
555297,MANORCARE HEALTH SERVICES-HEMET,CA,Healthpeak / HCR ManorCare,2009,-2,MANORCARE HEALTH SERVICES-HEMET,CA,178,,,35.53,28.29,0.4585526315789474,1.267763157894737,2.359539473684211,4.085855263157895,facil2009new.xls
555297,MANORCARE HEALTH SERVICES-HEMET,CA,Healthpeak / HCR ManorCare,2010,-1,MANORCARE HEALTH SERVICES-HEMET,CA,178,,,33.76,22.93,0.5834394904458599,0.918152866242038,2.2636942675159233,3.7652866242038217,facil2010new.xls
555297,MANORCARE HEALTH SERVICES-HEMET,CA,Healthpeak / HCR ManorCare,2011,0,MANORCARE HEALTH SERVICES-HEMET,CA,178,,156.6,43.31,23.57,0.694,0.992,2.265,3.95,facility_2011.xls
555297,MANORCARE HEALTH SERVICES-HEMET,CA,Healthpeak / HCR ManorCare,2012,1,MANORCARE HEALTH SERVICES-HEMET,CA,178,,158.56,36.3,26.71,0.714,1.056,2.514,4.283,facility_2012.xls
555297,MANORCARE HEALTH SERVICES-HEMET,CA,Healthpeak / HCR ManorCare,2013,2,MANORCARE HEALTH SERVICES-HEMET,CA,178,,159.62,33.33,18.67,0.701,1.074,2.502,4.277,facility_2013.xls
555328,MANORCARE HEALTH SERVICES (FOUNTAIN VA,CA,Healthpeak / HCR ManorCare,2009,-2,MANORCARE HEALTH SERVICES (FOUNTAIN VA,CA,151,,,31.03,28.97,0.4110344827586207,1.0224137931034485,2.279310344827586,3.7127586206896543,facil2009new.xls
555328,MANORCARE HEALTH SERVICES (FOUNTAIN VA,CA,Healthpeak / HCR ManorCare,2010,-1,MANORCARE HEALTH SERVICES (FOUNTAIN VA,CA,151,,,32.64,27.78,0.5972222222222222,1.078472222222222,2.4565972222222223,4.132291666666666,facil2010new.xls
555328,MANORCARE HEALTH SERVICES (FOUNTAIN VALLEY),CA,Healthpeak / HCR ManorCare,2011,0,MANORCARE HEALTH SERVICES (FOUNTAIN VALLEY),CA,151,,119.81,36.36,26.45,0.703,1.032,2.64,4.376,facility_2011.xls
555328,MANORCARE HEALTH SERVICES (FOUNTAIN VALLEY),CA,Healthpeak / HCR ManorCare,2012,1,MANORCARE HEALTH SERVICES (FOUNTAIN VALLEY),CA,151,,126.33,44.53,21.09,0.746,0.846,2.519,4.112,facility_2012.xls
555328,MANORCARE HEALTH SERVICES (FOUNTAIN VALLEY),CA,Healthpeak / HCR ManorCare,2013,2,MANORCARE HEALTH SERVICES (FOUNTAIN VALLEY),CA,151,,128.01,38.52,23.7,0.799,0.746,2.255,3.8,facility_2013.xls
555337,MANORCARE  HEALTH SERVICES (CITRUS HEI,CA,Healthpeak / HCR ManorCare,2009,-2,MANORCARE  HEALTH SERVICES (CITRUS HEI,CA,148,,,37.31,32.84,0.844776119402985,0.9029850746268656,2.248134328358209,3.99589552238806,facil2009new.xls
555337,MANORCARE  HEALTH SERVICES (CITRUS HEI,CA,Healthpeak / HCR ManorCare,2010,-1,MANORCARE  HEALTH SERVICES (CITRUS HEI,CA,148,,,34.35,38.17,0.8377862595419847,1.0068702290076337,2.3064885496183205,4.151145038167939,facil2010new.xls
555337,MANORCARE  HEALTH SERVICES (CITRUS HEIGHTS),CA,Healthpeak / HCR ManorCare,2011,0,MANORCARE  HEALTH SERVICES (CITRUS HEIGHTS),CA,148,,124.83,32.03,43.75,1.11,0.77,2.187,4.068,facility_2011.xls
555337,MANORCARE  HEALTH SERVICES (CITRUS HEIGHTS),CA,Healthpeak / HCR ManorCare,2012,1,MANORCARE  HEALTH SERVICES (CITRUS HEIGHTS),CA,148,,123.22,33.05,30.51,1.355,0.0,2.174,3.529,facility_2012.xls
555337,MANORCARE  HEALTH SERVICES (CITRUS HEIGHTS),CA,Healthpeak / HCR ManorCare,2013,2,MANORCARE  HEALTH SERVICES (CITRUS HEIGHTS),CA,162,,132.12,39.55,41.79,1.403,0.0,1.875,3.278,facility_2013.xls
555339,MANORCARE HEALTH SERVICES,CA,Healthpeak / HCR ManorCare,2009,-2,MANORCARE HEALTH SERVICES,CA,178,,,46.15,20.28,0.4968531468531469,0.6143356643356642,0.9814685314685314,2.0926573426573425,facil2009new.xls
555339,MANORCARE HEALTH SERVICES,CA,Healthpeak / HCR ManorCare,2010,-1,MANORCARE HEALTH SERVICES,CA,178,,,48.76,24.79,0.7223140495867769,1.1822314049586775,2.634297520661157,4.538842975206612,facil2010new.xls
555339,MANORCARE HEALTH SERVICES,CA,Healthpeak / HCR ManorCare,2011,0,MANORCARE HEALTH SERVICES,CA,178,,137.55,36.08,31.65,0.45,0.888,2.143,3.481,facility_2011.xls
555339,MANORCARE HEALTH SERVICES,CA,Healthpeak / HCR ManorCare,2012,1,MANORCARE HEALTH SERVICES,CA,178,,116.88,40.15,29.93,0.8,0.858,2.033,3.691,facility_2012.xls
555339,MANORCARE HEALTH SERVICES,CA,Healthpeak / HCR ManorCare,2013,2,MANORCARE HEALTH SERVICES,CA,178,,128.3,34.51,28.17,0.5,0.988,3.081,4.57,facility_2013.xls
555444,MANORCARE HEALTH SERVICES (SUNNYVALE),CA,Healthpeak / HCR ManorCare,2009,-2,MANORCARE HEALTH SERVICES (SUNNYVALE),CA,140,,,1.67,21.67,0.8216666666666667,0.5541666666666667,2.41375,3.789583333333333,facil2009new.xls
555444,MANORCARE HEALTH SERVICES (SUNNYVALE),CA,Healthpeak / HCR ManorCare,2010,-1,MANORCARE HEALTH SERVICES (SUNNYVALE),CA,140,,,0.97,15.53,0.9024271844660194,0.4970873786407767,2.3966019417475732,3.796116504854369,facil2010new.xls
555444,MANORCARE HEALTH SERVICES (SUNNYVALE),CA,Healthpeak / HCR ManorCare,2011,0,MANORCARE HEALTH SERVICES (SUNNYVALE),CA,140,,100.38,9.9,34.65,1.007,0.533,2.49,4.03,facility_2011.xls
555444,MANORCARE HEALTH SERVICES (SUNNYVALE),CA,Healthpeak / HCR ManorCare,2012,1,MANORCARE HEALTH SERVICES (SUNNYVALE),CA,140,,103.95,14.16,38.94,0.983,0.453,2.247,3.683,facility_2012.xls
555444,MANORCARE HEALTH SERVICES (SUNNYVALE),CA,Healthpeak / HCR ManorCare,2013,2,MANORCARE HEALTH SERVICES (SUNNYVALE),CA,140,,99.98,18.18,34.34,1.248,0.327,2.571,4.146,facility_2013.xls
555446,MANORCARE HEALTH SERVICES-WALNUT CREEK,CA,Healthpeak / HCR ManorCare,2009,-2,MANORCARE HEALTH SERVICES-WALNUT CREEK,CA,155,,,15.7,32.23,0.6933884297520662,0.8768595041322313,2.581404958677686,4.151652892561984,facil2009new.xls
555446,MANORCARE HEALTH SERVICES-WALNUT CREEK,CA,Healthpeak / HCR ManorCare,2010,-1,MANORCARE HEALTH SERVICES-WALNUT CREEK,CA,155,,,16.79,38.17,0.8408396946564886,0.8396946564885496,2.5011450381679388,4.181679389312976,facil2010new.xls
555446,MANORCARE HEALTH SERVICES-WALNUT CREEK,CA,Healthpeak / HCR ManorCare,2011,0,MANORCARE HEALTH SERVICES-WALNUT CREEK,CA,155,,132.6,17.29,39.85,1.204,0.57,2.51,4.284,facility_2011.xls
555446,MANORCARE HEALTH SERVICES-WALNUT CREEK,CA,Healthpeak / HCR ManorCare,2012,1,MANORCARE HEALTH SERVICES-WALNUT CREEK,CA,155,,131.56,17.56,43.51,1.081,0.548,2.295,3.924,facility_2012.xls
555446,MANORCARE HEALTH SERVICES-WALNUT CREEK,CA,Healthpeak / HCR ManorCare,2013,2,MANORCARE HEALTH SERVICES-WALNUT CREEK,CA,155,,130.05,17.56,43.51,1.081,0.548,2.295,3.924,facility_2013.xls
555710,MANORCARE HEALTH SERVICES - TICE VALLE,CA,Healthpeak / HCR ManorCare,2009,-2,MANORCARE HEALTH SERVICES - TICE VALLE,CA,120,,,24.76,25.71,1.2095238095238094,0.68,2.4314285714285715,4.320952380952382,facil2009new.xls
555710,MANORCARE HEALTH SERVICES - TICE VALLE,CA,Healthpeak / HCR ManorCare,2010,-1,MANORCARE HEALTH SERVICES - TICE VALLE,CA,120,,,22.86,30.48,1.2261904761904765,0.6909523809523809,2.192857142857143,4.11,facil2010new.xls
555710,MANORCARE HEALTH SERVICES - TICE VALLEY,CA,Healthpeak / HCR ManorCare,2011,0,MANORCARE HEALTH SERVICES - TICE VALLEY,CA,120,,109.16,17.86,28.57,1.589,0.632,2.205,4.427,facility_2011.xls
555710,MANORCARE HEALTH SERVICES - TICE VALLEY,CA,Healthpeak / HCR ManorCare,2012,1,MANORCARE HEALTH SERVICES - TICE VALLEY,CA,120,,108.01,17.86,28.57,1.589,0.632,2.205,4.427,facility_2012.xls
555710,MANORCARE HEALTH SERVICES - TICE VALLEY,CA,Healthpeak / HCR ManorCare,2013,2,MANORCARE HEALTH SERVICES - TICE VALLEY,CA,120,,106.07,20.69,20.69,1.169,0.453,2.102,3.724,facility_2013.xls
